label,frame,realtime,preview_elapsed,preview_total,preview_active,curtain_active,curtain_phase,outcome,far,mid,near,legacy_drawable,owned_drawable,camera_x,camera_y,camera_z,orthographic_size,body_simulated,mover_enabled,rope_enabled,player_x,player_y,unscaled_dt
Menu_Contract,3,17.1185474,0,0,False,False,None,WaitingToStart,False,False,False,6,0,-4,0,-10,8.7,False,False,False,-4,0.919999957,13.2895508
Frame,3,0.0105209351,0,0,False,True,Thread,WaitingToStart,False,False,False,6,0,-4,0,-10,8.7,False,False,False,-4,0.919999957,13.2895508
Frame,4,0.04261589,0,0,False,True,Closing,WaitingToStart,False,False,False,6,0,-4,0,-10,8.7,False,False,False,-4,0.919999957,0.3055863
Frame,5,0.138414383,0,0,False,True,Closing,WaitingToStart,False,False,False,6,0,-4,0,-10,8.7,False,False,False,-4,0.919999957,0.096599
Frame,6,0.1594181,0,0,False,True,Closing,WaitingToStart,False,False,False,6,0,-4,0,-10,8.7,False,False,False,-4,0.919999957,0.021228401
Frame,7,0.16324234,0,0,False,True,Closing,WaitingToStart,False,False,False,6,0,-4,0,-10,8.7,False,False,False,-4,0.919999957,0.00399749866
Frame,8,0.167081833,0,0,False,True,Closing,WaitingToStart,False,False,False,6,0,-4,0,-10,8.7,False,False,False,-4,0.919999957,0.004014498
Frame,9,0.170730591,0,0,False,True,Closing,WaitingToStart,False,False,False,6,0,-4,0,-10,8.7,False,False,False,-4,0.919999957,0.00365340128
Frame,10,0.174196243,0,0,False,True,Closing,WaitingToStart,False,False,False,6,0,-4,0,-10,8.7,False,False,False,-4,0.919999957,0.00336220232
Frame,11,0.177827835,0,0,False,True,Closing,WaitingToStart,False,False,False,6,0,-4,0,-10,8.7,False,False,False,-4,0.919999957,0.003480499
Frame,12,0.183940887,0,0,False,True,Closing,WaitingToStart,False,False,False,6,0,-4,0,-10,8.7,False,False,False,-4,0.919999957,0.006422598
Frame,13,0.189434052,0,0,False,True,Closing,WaitingToStart,False,False,False,6,0,-4,0,-10,8.7,False,False,False,-4,0.919999957,0.004406803
Frame,14,0.1943264,0,0,False,True,Closing,WaitingToStart,False,False,False,6,0,-4,0,-10,8.7,False,False,False,-4,0.919999957,0.006079096
Frame,15,0.197097778,0,0,False,True,Closing,WaitingToStart,False,False,False,6,0,-4,0,-10,8.7,False,False,False,-4,0.919999957,0.00288340426
Frame,16,0.2002163,0,0,False,True,Closing,WaitingToStart,False,False,False,6,0,-4,0,-10,8.7,False,False,False,-4,0.919999957,0.00309559959
Frame,17,0.203165054,0,0,False,True,Closing,WaitingToStart,False,False,False,6,0,-4,0,-10,8.7,False,False,False,-4,0.919999957,0.002765795
Frame,18,0.206615448,0,0,False,True,Closing,WaitingToStart,False,False,False,6,0,-4,0,-10,8.7,False,False,False,-4,0.919999957,0.00295719947
Frame,19,0.210504532,0,0,False,True,Closing,WaitingToStart,False,False,False,6,0,-4,0,-10,8.7,False,False,False,-4,0.919999957,0.004358206
Frame,20,0.214448929,0,0,False,True,Closing,WaitingToStart,False,False,False,6,0,-4,0,-10,8.7,False,False,False,-4,0.919999957,0.0037151007
Frame,21,0.2183342,0,0,False,True,Closing,WaitingToStart,False,False,False,6,0,-4,0,-10,8.7,False,False,False,-4,0.919999957,0.0040741
Frame,22,0.222913742,0,0,False,True,Closing,WaitingToStart,False,False,False,6,0,-4,0,-10,8.7,False,False,False,-4,0.919999957,0.004122194
Frame,23,0.22644043,0,0,False,True,Closing,WaitingToStart,False,False,False,6,0,-4,0,-10,8.7,False,False,False,-4,0.919999957,0.004071705
Frame,24,0.229747772,0,0,False,True,Closing,WaitingToStart,False,False,False,6,0,-4,0,-10,8.7,False,False,False,-4,0.919999957,0.00325620035
Frame,25,0.233736038,0,0,False,True,Closing,WaitingToStart,False,False,False,6,0,-4,0,-10,8.7,False,False,False,-4,0.919999957,0.00395440031
Frame,26,0.238285065,0,0,False,True,Closing,WaitingToStart,False,False,False,6,0,-4,0,-10,8.7,False,False,False,-4,0.919999957,0.004085197
Frame,27,0.241516113,0,0,False,True,Closing,WaitingToStart,False,False,False,6,0,-4,0,-10,8.7,False,False,False,-4,0.919999957,0.00384289958
Frame,28,0.244377136,0,0,False,True,Closing,WaitingToStart,False,False,False,6,0,-4,0,-10,8.7,False,False,False,-4,0.919999957,0.002729103
Frame,29,0.247213364,0,0,False,True,Closing,WaitingToStart,False,False,False,6,0,-4,0,-10,8.7,False,False,False,-4,0.919999957,0.00301699969
Frame,30,0.249769211,0,0,False,True,Closing,WaitingToStart,False,False,False,6,0,-4,0,-10,8.7,False,False,False,-4,0.919999957,0.00267699827
Frame,31,0.252370834,0,0,False,True,Closing,WaitingToStart,False,False,False,6,0,-4,0,-10,8.7,False,False,False,-4,0.919999957,0.00253709615
Frame,32,0.255674362,0,0,False,True,Closing,WaitingToStart,False,False,False,6,0,-4,0,-10,8.7,False,False,False,-4,0.919999957,0.00306730438
Frame,33,0.258764267,0,0,False,True,Closing,WaitingToStart,False,False,False,6,0,-4,0,-10,8.7,False,False,False,-4,0.919999957,0.00327539677
Frame,34,0.261306763,0,0,False,True,Closing,WaitingToStart,False,False,False,6,0,-4,0,-10,8.7,False,False,False,-4,0.919999957,0.00258660014
Frame,35,0.267917633,0,0,False,True,Closing,WaitingToStart,False,False,False,6,0,-4,0,-10,8.7,False,False,False,-4,0.919999957,0.00653309934
Frame,36,0.270853043,0,0,False,True,Closing,WaitingToStart,False,False,False,6,0,-4,0,-10,8.7,False,False,False,-4,0.919999957,0.00292940042
Frame,37,0.274332047,0,0,False,True,Closing,WaitingToStart,False,False,False,6,0,-4,0,-10,8.7,False,False,False,-4,0.919999957,0.003480102
Frame,38,0.276977539,0,0,False,True,Closing,WaitingToStart,False,False,False,6,0,-4,0,-10,8.7,False,False,False,-4,0.919999957,0.00271140155
Frame,39,0.279714584,0,0,False,True,Closing,WaitingToStart,False,False,False,6,0,-4,0,-10,8.7,False,False,False,-4,0.919999957,0.002759198
Frame,40,0.282295227,0,0,False,True,Closing,WaitingToStart,False,False,False,6,0,-4,0,-10,8.7,False,False,False,-4,0.919999957,0.00254600332
Frame,41,0.285215378,0,0,False,True,Closing,WaitingToStart,False,False,False,6,0,-4,0,-10,8.7,False,False,False,-4,0.919999957,0.00278639444
Frame,42,0.287885666,0,0,False,True,Closing,WaitingToStart,False,False,False,6,0,-4,0,-10,8.7,False,False,False,-4,0.919999957,0.00282480149
Frame,43,0.2905197,0,0,False,True,Closing,WaitingToStart,False,False,False,6,0,-4,0,-10,8.7,False,False,False,-4,0.919999957,0.00264579779
Frame,44,0.293226242,0,0,False,True,Closing,WaitingToStart,False,False,False,6,0,-4,0,-10,8.7,False,False,False,-4,0.919999957,0.00271000573
Frame,45,0.296072,0,0,False,True,Closing,WaitingToStart,False,False,False,6,0,-4,0,-10,8.7,False,False,False,-4,0.919999957,0.00288869767
Frame,46,0.2986946,0,0,False,True,Closing,WaitingToStart,False,False,False,6,0,-4,0,-10,8.7,False,False,False,-4,0.919999957,0.00250800024
Frame,47,0.301225662,0,0,False,True,Closing,WaitingToStart,False,False,False,6,0,-4,0,-10,8.7,False,False,False,-4,0.919999957,0.00256359833
Frame,48,0.304346085,0,0,False,True,Closing,WaitingToStart,False,False,False,6,0,-4,0,-10,8.7,False,False,False,-4,0.919999957,0.00286629819
Frame,49,0.3076687,0,0,False,True,Closing,WaitingToStart,False,False,False,6,0,-4,0,-10,8.7,False,False,False,-4,0.919999957,0.00341310236
Frame,50,0.310850143,0,0,False,True,Closing,WaitingToStart,False,False,False,6,0,-4,0,-10,8.7,False,False,False,-4,0.919999957,0.00329330354
Frame,51,0.3135624,0,0,False,True,Closing,WaitingToStart,False,False,False,6,0,-4,0,-10,8.7,False,False,False,-4,0.919999957,0.00281479582
Frame,52,0.318246841,0,0,False,True,Closing,WaitingToStart,False,False,False,6,0,-4,0,-10,8.7,False,False,False,-4,0.919999957,0.004598101
Frame,53,0.321027756,0,0,False,True,Closing,WaitingToStart,False,False,False,6,0,-4,0,-10,8.7,False,False,False,-4,0.919999957,0.00280700112
Frame,54,0.324131,0,0,False,True,Closing,WaitingToStart,False,False,False,6,0,-4,0,-10,8.7,False,False,False,-4,0.919999957,0.00300749717
Frame,55,0.326580048,0,0,False,True,Closing,WaitingToStart,False,False,False,6,0,-4,0,-10,8.7,False,False,False,-4,0.919999957,0.00263139885
Frame,56,0.3291149,0,0,False,True,Closing,WaitingToStart,False,False,False,6,0,-4,0,-10,8.7,False,False,False,-4,0.919999957,0.0025224064
Frame,57,0.332315445,0,0,False,True,Closing,WaitingToStart,False,False,False,6,0,-4,0,-10,8.7,False,False,False,-4,0.919999957,0.00305899954
Frame,58,0.335409164,0,0,False,True,Closing,WaitingToStart,False,False,False,6,0,-4,0,-10,8.7,False,False,False,-4,0.919999957,0.003167595
Frame,59,0.338434219,0,0,False,True,Closing,WaitingToStart,False,False,False,6,0,-4,0,-10,8.7,False,False,False,-4,0.919999957,0.00292400084
Frame,60,0.341850281,0,0,False,True,Closing,WaitingToStart,False,False,False,6,0,-4,0,-10,8.7,False,False,False,-4,0.919999957,0.0033438988
Frame,61,0.3448887,0,0,False,True,Closing,WaitingToStart,False,False,False,6,0,-4,0,-10,8.7,False,False,False,-4,0.919999957,0.00318650086
Frame,62,0.347480774,0,0,False,True,Closing,WaitingToStart,False,False,False,6,0,-4,0,-10,8.7,False,False,False,-4,0.919999957,0.00269360119
Frame,63,0.3500557,0,0,False,True,Closing,WaitingToStart,False,False,False,6,0,-4,0,-10,8.7,False,False,False,-4,0.919999957,0.00253599766
Frame,64,0.352537155,0,0,False,True,Closing,WaitingToStart,False,False,False,6,0,-4,0,-10,8.7,False,False,False,-4,0.919999957,0.00256830361
Frame,65,0.355548859,0,0,False,True,Closing,WaitingToStart,False,False,False,6,0,-4,0,-10,8.7,False,False,False,-4,0.919999957,0.00276279752
Frame,66,0.358812332,0,0,False,True,Closing,WaitingToStart,False,False,False,6,0,-4,0,-10,8.7,False,False,False,-4,0.919999957,0.00334990071
Frame,67,0.361484528,0,0,False,True,Closing,WaitingToStart,False,False,False,6,0,-4,0,-10,8.7,False,False,False,-4,0.919999957,0.00272879819
Frame,68,0.3641777,0,0,False,True,Closing,WaitingToStart,False,False,False,6,0,-4,0,-10,8.7,False,False,False,-4,0.919999957,0.00256259926
Frame,69,0.366733551,0,0,False,True,Closing,WaitingToStart,False,False,False,6,0,-4,0,-10,8.7,False,False,False,-4,0.919999957,0.00270790118
Frame,70,0.369247437,0,0,False,True,Closing,WaitingToStart,False,False,False,6,0,-4,0,-10,8.7,False,False,False,-4,0.919999957,0.00252900366
Frame,71,0.372289658,0,0,False,True,Closing,WaitingToStart,False,False,False,6,0,-4,0,-10,8.7,False,False,False,-4,0.919999957,0.00293599768
Frame,72,0.3752079,0,0,False,True,Closing,WaitingToStart,False,False,False,6,0,-4,0,-10,8.7,False,False,False,-4,0.919999957,0.00292490073
Frame,73,0.377849579,0,0,False,True,Closing,WaitingToStart,False,False,False,6,0,-4,0,-10,8.7,False,False,False,-4,0.919999957,0.00268090283
Frame,74,0.380260468,0,0,False,True,Closing,WaitingToStart,False,False,False,6,0,-4,0,-10,8.7,False,False,False,-4,0.919999957,0.00246070023
Frame,75,0.382699966,0,0,False,True,Closing,WaitingToStart,False,False,False,6,0,-4,0,-10,8.7,False,False,False,-4,0.919999957,0.00241049472
Frame,76,0.385320663,0,0,False,True,Closing,WaitingToStart,False,False,False,6,0,-4,0,-10,8.7,False,False,False,-4,0.919999957,0.00265370612
Frame,77,0.3883667,0,0,False,True,Closing,WaitingToStart,False,False,False,6,0,-4,0,-10,8.7,False,False,False,-4,0.919999957,0.00286489516
Frame,78,0.391204834,0,0,False,True,Closing,WaitingToStart,False,False,False,6,0,-4,0,-10,8.7,False,False,False,-4,0.919999957,0.00304710167
Frame,79,0.393888474,0,0,False,True,Closing,WaitingToStart,False,False,False,6,0,-4,0,-10,8.7,False,False,False,-4,0.919999957,0.0026528982
Frame,80,0.396402359,0,0,False,True,Closing,WaitingToStart,False,False,False,6,0,-4,0,-10,8.7,False,False,False,-4,0.919999957,0.00248129969
Frame,81,0.398815155,0,0,False,True,Closing,WaitingToStart,False,False,False,6,0,-4,0,-10,8.7,False,False,False,-4,0.919999957,0.00249130535
Frame,82,0.417579651,0,0,False,True,Closing,WaitingToStart,False,False,False,6,0,-4,0,-10,8.7,False,False,False,-4,0.919999957,0.0183547977
Frame,83,0.420482635,0,0,False,True,Closing,WaitingToStart,False,False,False,6,0,-4,0,-10,8.7,False,False,False,-4,0.919999957,0.00316649652
Frame,84,0.423446655,0,0,False,True,Closing,WaitingToStart,False,False,False,6,0,-4,0,-10,8.7,False,False,False,-4,0.919999957,0.0028962018
Frame,85,0.426113129,0,0,False,True,Closing,WaitingToStart,False,False,False,6,0,-4,0,-10,8.7,False,False,False,-4,0.919999957,0.00278570014
Frame,86,0.4286213,0,0,False,True,Closing,WaitingToStart,False,False,False,6,0,-4,0,-10,8.7,False,False,False,-4,0.919999957,0.00250960165
Frame,87,0.430997849,0,0,False,True,Closing,WaitingToStart,False,False,False,6,0,-4,0,-10,8.7,False,False,False,-4,0.919999957,0.00244190055
Frame,88,0.433492661,0,0,False,True,Closing,WaitingToStart,False,False,False,6,0,-4,0,-10,8.7,False,False,False,-4,0.919999957,0.002452296
Frame,89,0.436502457,0,0,False,True,Closing,WaitingToStart,False,False,False,6,0,-4,0,-10,8.7,False,False,False,-4,0.919999957,0.00292700529
Frame,90,0.439828873,0,0,False,True,Closing,WaitingToStart,False,False,False,6,0,-4,0,-10,8.7,False,False,False,-4,0.919999957,0.003167198
Frame,91,0.442884445,0,0,False,True,Closing,WaitingToStart,False,False,False,6,0,-4,0,-10,8.7,False,False,False,-4,0.919999957,0.003194402
Frame,92,0.445892334,0,0,False,True,Closing,WaitingToStart,False,False,False,6,0,-4,0,-10,8.7,False,False,False,-4,0.919999957,0.003037897
Frame,93,0.4488144,0,0,False,True,Closing,WaitingToStart,False,False,False,6,0,-4,0,-10,8.7,False,False,False,-4,0.919999957,0.002991603
Frame,94,0.451795578,0,0,False,True,Closing,WaitingToStart,False,False,False,6,0,-4,0,-10,8.7,False,False,False,-4,0.919999957,0.00280849636
Frame,95,0.454999924,0,0,False,True,Closing,WaitingToStart,False,False,False,6,0,-4,0,-10,8.7,False,False,False,-4,0.919999957,0.00320520136
Frame,96,0.457788467,0,0,False,True,Closing,WaitingToStart,False,False,False,6,0,-4,0,-10,8.7,False,False,False,-4,0.919999957,0.0029393
Frame,97,0.460588455,0,0,False,True,Closing,WaitingToStart,False,False,False,6,0,-4,0,-10,8.7,False,False,False,-4,0.919999957,0.00286040246
Frame,98,0.4630413,0,0,False,True,Closing,WaitingToStart,False,False,False,6,0,-4,0,-10,8.7,False,False,False,-4,0.919999957,0.00245749718
Frame,99,0.4654827,0,0,False,True,Closing,WaitingToStart,False,False,False,6,0,-4,0,-10,8.7,False,False,False,-4,0.919999957,0.002494997
Frame,100,0.4679184,0,0,False,True,Closing,WaitingToStart,False,False,False,6,0,-4,0,-10,8.7,False,False,False,-4,0.919999957,0.00243160431
Frame,101,0.470441818,0,0,False,True,Closing,WaitingToStart,False,False,False,6,0,-4,0,-10,8.7,False,False,False,-4,0.919999957,0.0024893
Frame,102,0.4734993,0,0,False,True,Closing,WaitingToStart,False,False,False,6,0,-4,0,-10,8.7,False,False,False,-4,0.919999957,0.003002799
Frame,103,0.476064682,0,0,False,True,Closing,WaitingToStart,False,False,False,6,0,-4,0,-10,8.7,False,False,False,-4,0.919999957,0.00255999854
Frame,104,0.478570938,0,0,False,True,Closing,WaitingToStart,False,False,False,6,0,-4,0,-10,8.7,False,False,False,-4,0.919999957,0.00261130254
Frame,105,0.481039047,0,0,False,True,Closing,WaitingToStart,False,False,False,6,0,-4,0,-10,8.7,False,False,False,-4,0.919999957,0.00237570144
Frame,106,0.483419418,0,0,False,True,Closing,WaitingToStart,False,False,False,6,0,-4,0,-10,8.7,False,False,False,-4,0.919999957,0.002462096
Frame,107,0.4861126,0,0,False,True,Closing,WaitingToStart,False,False,False,6,0,-4,0,-10,8.7,False,False,False,-4,0.919999957,0.00249919924
Frame,108,0.489339828,0,0,False,True,Closing,WaitingToStart,False,False,False,6,0,-4,0,-10,8.7,False,False,False,-4,0.919999957,0.00318309944
Frame,109,0.492425919,0,0,False,True,Closing,WaitingToStart,False,False,False,6,0,-4,0,-10,8.7,False,False,False,-4,0.919999957,0.003116199
Frame,110,0.4955082,0,0,False,True,Closing,WaitingToStart,False,False,False,6,0,-4,0,-10,8.7,False,False,False,-4,0.919999957,0.003106902
Frame,111,0.498537064,0,0,False,True,Closing,WaitingToStart,False,False,False,6,0,-4,0,-10,8.7,False,False,False,-4,0.919999957,0.003039803
Frame,112,0.501289368,0,0,False,True,Closing,WaitingToStart,False,False,False,6,0,-4,0,-10,8.7,False,False,False,-4,0.919999957,0.00281029614
Frame,113,0.503952,0,0,False,True,Closing,WaitingToStart,False,False,False,6,0,-4,0,-10,8.7,False,False,False,-4,0.919999957,0.0025375993
Frame,114,0.5071182,0,0,False,True,Closing,WaitingToStart,False,False,False,6,0,-4,0,-10,8.7,False,False,False,-4,0.919999957,0.00312990369
Frame,115,0.5128403,0,0,False,True,Closing,WaitingToStart,False,False,False,6,0,-4,0,-10,8.7,False,False,False,-4,0.919999957,0.005918098
Frame,116,0.515535355,0,0,False,True,Closing,WaitingToStart,False,False,False,6,0,-4,0,-10,8.7,False,False,False,-4,0.919999957,0.00269890158
Frame,117,0.5183697,0,0,False,True,Closing,WaitingToStart,False,False,False,6,0,-4,0,-10,8.7,False,False,False,-4,0.919999957,0.002792099
Frame,118,0.52189827,0,0,False,True,Closing,WaitingToStart,False,False,False,6,0,-4,0,-10,8.7,False,False,False,-4,0.919999957,0.00294489786
Frame,119,0.525472641,0,0,False,True,Closing,WaitingToStart,False,False,False,6,0,-4,0,-10,8.7,False,False,False,-4,0.919999957,0.0039536
Frame,120,0.528484344,0,0,False,True,Closing,WaitingToStart,False,False,False,6,0,-4,0,-10,8.7,False,False,False,-4,0.919999957,0.00325380522
Frame,121,0.5314045,0,0,False,True,Closing,WaitingToStart,False,False,False,6,0,-4,0,-10,8.7,False,False,False,-4,0.919999957,0.00290289824
Frame,122,0.53414917,0,0,False,True,Closing,WaitingToStart,False,False,False,6,0,-4,0,-10,8.7,False,False,False,-4,0.919999957,0.00260330224
Frame,123,0.5370674,0,0,False,True,Closing,WaitingToStart,False,False,False,6,0,-4,0,-10,8.7,False,False,False,-4,0.919999957,0.00290959468
Frame,124,0.5399723,0,0,False,True,Closing,WaitingToStart,False,False,False,6,0,-4,0,-10,8.7,False,False,False,-4,0.919999957,0.00296650361
Frame,125,0.5427551,0,0,False,True,Closing,WaitingToStart,False,False,False,6,0,-4,0,-10,8.7,False,False,False,-4,0.919999957,0.002818998
Frame,126,0.545352936,0,0,False,True,Closing,WaitingToStart,False,False,False,6,0,-4,0,-10,8.7,False,False,False,-4,0.919999957,0.002654599
Frame,127,0.5478687,0,0,False,True,Closing,WaitingToStart,False,False,False,6,0,-4,0,-10,8.7,False,False,False,-4,0.919999957,0.00259000133
Frame,128,0.550231934,0,0,False,True,Closing,WaitingToStart,False,False,False,6,0,-4,0,-10,8.7,False,False,False,-4,0.919999957,0.00236590137
Frame,129,0.552618,0,0,False,True,Closing,WaitingToStart,False,False,False,6,0,-4,0,-10,8.7,False,False,False,-4,0.919999957,0.00234469958
Frame,130,0.5557709,0,0,False,True,Closing,WaitingToStart,False,False,False,6,0,-4,0,-10,8.7,False,False,False,-4,0.919999957,0.00305950246
Frame,131,0.5584221,0,0,False,True,Closing,WaitingToStart,False,False,False,6,0,-4,0,-10,8.7,False,False,False,-4,0.919999957,0.0027224985
Frame,132,0.5611286,0,0,False,True,Closing,WaitingToStart,False,False,False,6,0,-4,0,-10,8.7,False,False,False,-4,0.919999957,0.00266559655
Frame,133,0.563550949,0,0,False,True,Closing,WaitingToStart,False,False,False,6,0,-4,0,-10,8.7,False,False,False,-4,0.919999957,0.00255030463
Frame,134,0.566015244,0,0,False,True,Closing,WaitingToStart,False,False,False,6,0,-4,0,-10,8.7,False,False,False,-4,0.919999957,0.00245399657
Frame,135,0.5684395,0,0,False,True,Closing,WaitingToStart,False,False,False,6,0,-4,0,-10,8.7,False,False,False,-4,0.919999957,0.0023778982
Frame,136,0.5707817,0,0,False,True,Closing,WaitingToStart,False,False,False,6,0,-4,0,-10,8.7,False,False,False,-4,0.919999957,0.00236470369
Frame,137,0.5730648,0,0,False,True,Closing,WaitingToStart,False,False,False,6,0,-4,0,-10,8.7,False,False,False,-4,0.919999957,0.00234550028
Frame,138,0.5755615,0,0,False,True,Closing,WaitingToStart,False,False,False,6,0,-4,0,-10,8.7,False,False,False,-4,0.919999957,0.00242889742
Frame,139,0.578241348,0,0,False,True,Closing,WaitingToStart,False,False,False,6,0,-4,0,-10,8.7,False,False,False,-4,0.919999957,0.002628203
Frame,140,0.58083725,0,0,False,True,Closing,WaitingToStart,False,False,False,6,0,-4,0,-10,8.7,False,False,False,-4,0.919999957,0.00259339577
Frame,141,0.5833893,0,0,False,True,Closing,WaitingToStart,False,False,False,6,0,-4,0,-10,8.7,False,False,False,-4,0.919999957,0.00257760054
Frame,142,0.586135864,0,0,False,True,Closing,WaitingToStart,False,False,False,6,0,-4,0,-10,8.7,False,False,False,-4,0.919999957,0.00262020272
Frame,143,0.589792252,0,0,False,True,Closing,WaitingToStart,False,False,False,6,0,-4,0,-10,8.7,False,False,False,-4,0.919999957,0.00354609545
Frame,144,0.5924492,0,0,False,True,Closing,WaitingToStart,False,False,False,6,0,-4,0,-10,8.7,False,False,False,-4,0.919999957,0.00283920066
Frame,145,0.5950279,0,0,False,True,Closing,WaitingToStart,False,False,False,6,0,-4,0,-10,8.7,False,False,False,-4,0.919999957,0.00267030182
Frame,146,0.5976944,0,0,False,True,Closing,WaitingToStart,False,False,False,6,0,-4,0,-10,8.7,False,False,False,-4,0.919999957,0.00257239933
Frame,147,0.601003647,0,0,False,True,Closing,WaitingToStart,False,False,False,6,0,-4,0,-10,8.7,False,False,False,-4,0.919999957,0.0033482993
Frame,148,0.6049137,0,0,False,True,Closing,WaitingToStart,False,False,False,6,0,-4,0,-10,8.7,False,False,False,-4,0.919999957,0.0038649023
Frame,149,0.607954,0,0,False,True,Closing,WaitingToStart,False,False,False,6,0,-4,0,-10,8.7,False,False,False,-4,0.919999957,0.00294829928
Frame,150,0.610836,0,0,False,True,Closing,WaitingToStart,False,False,False,6,0,-4,0,-10,8.7,False,False,False,-4,0.919999957,0.002978699
Frame,151,0.6135292,0,0,False,True,Closing,WaitingToStart,False,False,False,6,0,-4,0,-10,8.7,False,False,False,-4,0.919999957,0.00271960045
Frame,152,0.617019653,0,0,False,True,Closing,WaitingToStart,False,False,False,6,0,-4,0,-10,8.7,False,False,False,-4,0.919999957,0.00293650082
Frame,153,0.620756149,0,0,False,True,Closing,WaitingToStart,False,False,False,6,0,-4,0,-10,8.7,False,False,False,-4,0.919999957,0.00404829951
Frame,154,0.624155045,0,0,False,True,Covered,WaitingToStart,False,False,False,6,0,-4,0,-10,8.7,False,False,False,-4,0.919999957,0.003564902
Frame,155,0.6272259,0,0,False,True,Covered,WaitingToStart,False,False,False,6,0,-4,0,-10,8.7,False,False,False,-4,0.919999957,0.00308820163
Frame,156,0.637210846,0,7.2833333,True,True,Opening,Playing,False,False,False,6,0,63,0,-10,8.7,False,False,False,-4,0.92,0.00321409432
A_TutorialCommitted,156,0.639600754,0,7.2833333,True,True,Opening,Playing,False,False,False,6,0,63,0,-10,8.7,False,False,False,-4,0.92,0.00321409432
Sequence_000,156,0.744379044,0,7.2833333,True,True,Opening,Playing,False,False,False,6,0,63,0,-10,8.7,False,False,False,-4,0.92,0.00321409432
Frame,157,0.7567768,0,7.2833333,True,True,Opening,Playing,False,False,False,6,0,63,0,-10,8.7,False,False,False,-4,0.92,0.124482505
Frame,158,0.7639313,0,7.2833333,True,True,Opening,Playing,False,False,False,6,0,63,0,-10,8.7,False,False,False,-4,0.92,0.0083143
Frame,159,0.768131256,0,7.2833333,True,True,Opening,Playing,False,False,False,6,0,63,0,-10,8.7,False,False,False,-4,0.92,0.00457099639
Frame,160,0.7721348,0,7.2833333,True,True,Opening,Playing,False,False,False,6,0,63,0,-10,8.7,False,False,False,-4,0.92,0.00363710313
Frame,161,0.775629044,0,7.2833333,True,True,Opening,Playing,False,False,False,6,0,63,0,-10,8.7,False,False,False,-4,0.92,0.00394090125
Frame,162,0.778694153,0,7.2833333,True,True,Opening,Playing,False,False,False,6,0,63,0,-10,8.7,False,False,False,-4,0.92,0.0030982
Frame,163,0.7822418,0,7.2833333,True,True,Opening,Playing,False,False,False,6,0,63,0,-10,8.7,False,False,False,-4,0.92,0.00327310083
Frame,164,0.786764145,0,7.2833333,True,True,Opening,Playing,False,False,False,6,0,63,0,-10,8.7,False,False,False,-4,0.92,0.004156796
Frame,165,0.7923355,0,7.2833333,True,True,Opening,Playing,False,False,False,6,0,63,0,-10,8.7,False,False,False,-4,0.92,0.0062375
Frame,166,0.7955799,0,7.2833333,True,True,Opening,Playing,False,False,False,6,0,63,0,-10,8.7,False,False,False,-4,0.92,0.00332620461
Frame,167,0.799175262,0,7.2833333,True,True,Opening,Playing,False,False,False,6,0,63,0,-10,8.7,False,False,False,-4,0.92,0.003284694
Frame,168,0.8084698,0,7.2833333,True,True,Opening,Playing,False,False,False,6,0,63,0,-10,8.7,False,False,False,-4,0.92,0.008868601
Frame,169,0.8119602,0,7.2833333,True,True,Opening,Playing,False,False,False,6,0,63,0,-10,8.7,False,False,False,-4,0.92,0.00423460174
Frame,170,0.814661,0,7.2833333,True,True,Opening,Playing,False,False,False,6,0,63,0,-10,8.7,False,False,False,-4,0.92,0.002756101
Frame,171,0.8181915,0,7.2833333,True,True,Opening,Playing,False,False,False,6,0,63,0,-10,8.7,False,False,False,-4,0.92,0.00317279622
Frame,172,0.822731,0,7.2833333,True,True,Opening,Playing,False,False,False,6,0,63,0,-10,8.7,False,False,False,-4,0.92,0.003787401
Frame,173,0.8260174,0,7.2833333,True,True,Opening,Playing,False,False,False,6,0,63,0,-10,8.7,False,False,False,-4,0.92,0.00424739951
Frame,174,0.829278946,0,7.2833333,True,True,Opening,Playing,False,False,False,6,0,63,0,-10,8.7,False,False,False,-4,0.92,0.00311050168
Frame,175,0.8333397,0,7.2833333,True,True,Opening,Playing,False,False,False,6,0,63,0,-10,8.7,False,False,False,-4,0.92,0.00367390155
Frame,176,0.836317062,0,7.2833333,True,True,Opening,Playing,False,False,False,6,0,63,0,-10,8.7,False,False,False,-4,0.92,0.00362110254
Frame,177,0.839920044,0,7.2833333,True,True,Opening,Playing,False,False,False,6,0,63,0,-10,8.7,False,False,False,-4,0.92,0.00328949839
Frame,178,0.8440132,0,7.2833333,True,True,Opening,Playing,False,False,False,6,0,63,0,-10,8.7,False,False,False,-4,0.92,0.00391269848
Frame,179,0.8484535,0,7.2833333,True,True,Opening,Playing,False,False,False,6,0,63,0,-10,8.7,False,False,False,-4,0.92,0.00456179865
Frame,180,0.8525009,0,7.2833333,True,True,Opening,Playing,False,False,False,6,0,63,0,-10,8.7,False,False,False,-4,0.92,0.004081101
Frame,181,0.856304169,0,7.2833333,True,True,Opening,Playing,False,False,False,6,0,63,0,-10,8.7,False,False,False,-4,0.92,0.00379039813
Frame,182,0.8605499,0,7.2833333,True,True,Opening,Playing,False,False,False,6,0,63,0,-10,8.7,False,False,False,-4,0.92,0.004302501
Frame,183,0.8645725,0,7.2833333,True,True,Opening,Playing,False,False,False,6,0,63,0,-10,8.7,False,False,False,-4,0.92,0.00376009778
Frame,184,0.8682308,0,7.2833333,True,True,Opening,Playing,False,False,False,6,0,63,0,-10,8.7,False,False,False,-4,0.92,0.003928706
Frame,185,0.8714733,0,7.2833333,True,True,Opening,Playing,False,False,False,6,0,63,0,-10,8.7,False,False,False,-4,0.92,0.003172194
Frame,186,0.8750458,0,7.2833333,True,True,Opening,Playing,False,False,False,6,0,63,0,-10,8.7,False,False,False,-4,0.92,0.00361220236
Frame,187,0.878417969,0,7.2833333,True,True,Opening,Playing,False,False,False,6,0,63,0,-10,8.7,False,False,False,-4,0.92,0.00341600063
Frame,188,0.8827381,0,7.2833333,True,True,Opening,Playing,False,False,False,6,0,63,0,-10,8.7,False,False,False,-4,0.92,0.00457159849
Frame,189,0.8855667,0,7.2833333,True,True,Opening,Playing,False,False,False,6,0,63,0,-10,8.7,False,False,False,-4,0.92,0.00289550028
Frame,190,0.8889866,0,7.2833333,True,True,Opening,Playing,False,False,False,6,0,63,0,-10,8.7,False,False,False,-4,0.92,0.003367503
Frame,191,0.8915901,0,7.2833333,True,True,Opening,Playing,False,False,False,6,0,63,0,-10,8.7,False,False,False,-4,0.92,0.00262259785
Frame,192,0.8942013,0,7.2833333,True,True,Opening,Playing,False,False,False,6,0,63,0,-10,8.7,False,False,False,-4,0.92,0.00252789818
Frame,193,0.8972416,0,7.2833333,True,True,Opening,Playing,False,False,False,6,0,63,0,-10,8.7,False,False,False,-4,0.92,0.002908801
Frame,194,0.9005184,0,7.2833333,True,True,Opening,Playing,False,False,False,6,0,63,0,-10,8.7,False,False,False,-4,0.92,0.0032751984
Sequence_001,194,0.9282818,0,7.2833333,True,True,Opening,Playing,False,False,False,6,0,63,0,-10,8.7,False,False,False,-4,0.92,0.0032751984
Frame,195,0.936502457,0,7.2833333,True,True,Opening,Playing,False,False,False,6,0,63,0,-10,8.7,False,False,False,-4,0.92,0.0357623026
Frame,196,0.9445267,0,7.2833333,True,True,Opening,Playing,False,False,False,6,0,63,0,-10,8.7,False,False,False,-4,0.92,0.0082322
Frame,197,0.947423935,0,7.2833333,True,True,Opening,Playing,False,False,False,6,0,63,0,-10,8.7,False,False,False,-4,0.92,0.002976403
Frame,198,0.949920654,0,7.2833333,True,True,Opening,Playing,False,False,False,6,0,63,0,-10,8.7,False,False,False,-4,0.92,0.00270299753
Frame,199,0.9529724,0,7.2833333,True,True,Opening,Playing,False,False,False,6,0,63,0,-10,8.7,False,False,False,-4,0.92,0.00271179853
Frame,200,0.95615387,0,7.2833333,True,True,Opening,Playing,False,False,False,6,0,63,0,-10,8.7,False,False,False,-4,0.92,0.00342679978
Frame,201,0.958898544,0,7.2833333,True,True,Opening,Playing,False,False,False,6,0,63,0,-10,8.7,False,False,False,-4,0.92,0.00283780461
Frame,202,0.9617119,0,7.2833333,True,True,Opening,Playing,False,False,False,6,0,63,0,-10,8.7,False,False,False,-4,0.92,0.002602799
Frame,203,0.965549469,0,7.2833333,True,True,Opening,Playing,False,False,False,6,0,63,0,-10,8.7,False,False,False,-4,0.92,0.003984099
Frame,204,0.96842,0,7.2833333,True,True,Opening,Playing,False,False,False,6,0,63,0,-10,8.7,False,False,False,-4,0.92,0.00289340271
Frame,205,0.971595764,0,7.2833333,True,True,Opening,Playing,False,False,False,6,0,63,0,-10,8.7,False,False,False,-4,0.92,0.00318069733
Frame,206,0.9742794,0,7.2833333,True,True,Opening,Playing,False,False,False,6,0,63,0,-10,8.7,False,False,False,-4,0.92,0.0026369968
Frame,207,0.9773102,0,7.2833333,True,True,Opening,Playing,False,False,False,6,0,63,0,-10,8.7,False,False,False,-4,0.92,0.00306609971
Frame,208,0.9801254,0,7.2833333,True,True,Opening,Playing,False,False,False,6,0,63,0,-10,8.7,False,False,False,-4,0.92,0.00279430277
Frame,209,0.982673645,0,7.2833333,True,True,Opening,Playing,False,False,False,6,0,63,0,-10,8.7,False,False,False,-4,0.92,0.00259849778
Frame,210,0.9854107,0,7.2833333,True,True,Opening,Playing,False,False,False,6,0,63,0,-10,8.7,False,False,False,-4,0.92,0.00276840269
Frame,211,0.9884701,0,7.2833333,True,True,Opening,Playing,False,False,False,6,0,63,0,-10,8.7,False,False,False,-4,0.92,0.00295469817
Frame,212,0.991447449,0,7.2833333,True,True,Opening,Playing,False,False,False,6,0,63,0,-10,8.7,False,False,False,-4,0.92,0.003021301
Frame,213,0.9940777,0,7.2833333,True,True,Opening,Playing,False,False,False,6,0,63,0,-10,8.7,False,False,False,-4,0.92,0.00265850336
Frame,214,0.996713638,0,7.2833333,True,True,Opening,Playing,False,False,False,6,0,63,0,-10,8.7,False,False,False,-4,0.92,0.002626396
Frame,215,0.999218,0,7.2833333,True,True,Opening,Playing,False,False,False,6,0,63,0,-10,8.7,False,False,False,-4,0.92,0.00255170069
Frame,216,1.00243187,0,7.2833333,True,True,Opening,Playing,False,False,False,6,0,63,0,-10,8.7,False,False,False,-4,0.92,0.00317750149
Frame,217,1.00599861,0,7.2833333,True,True,Opening,Playing,False,False,False,6,0,63,0,-10,8.7,False,False,False,-4,0.92,0.0032038975
Frame,218,1.00914764,0,7.2833333,True,True,Opening,Playing,False,False,False,6,0,63,0,-10,8.7,False,False,False,-4,0.92,0.00351360533
Frame,219,1.012064,0,7.2833333,True,True,Opening,Playing,False,False,False,6,0,63,0,-10,8.7,False,False,False,-4,0.92,0.00291179842
Frame,220,1.01461411,0,7.2833333,True,True,Opening,Playing,False,False,False,6,0,63,0,-10,8.7,False,False,False,-4,0.92,0.00254649948
Frame,221,1.01745224,0,7.2833333,True,True,Opening,Playing,False,False,False,6,0,63,0,-10,8.7,False,False,False,-4,0.92,0.00267599919
Frame,222,1.02098274,0,7.2833333,True,True,Opening,Playing,False,False,False,6,0,63,0,-10,8.7,False,False,False,-4,0.92,0.003405102
Frame,223,1.02416611,0,7.2833333,True,True,Opening,Playing,False,False,False,6,0,63,0,-10,8.7,False,False,False,-4,0.92,0.003158801
Frame,224,1.02706528,0,7.2833333,True,True,Opening,Playing,False,False,False,6,0,63,0,-10,8.7,False,False,False,-4,0.92,0.00322349765
Frame,225,1.02980042,0,7.2833333,True,True,Opening,Playing,False,False,False,6,0,63,0,-10,8.7,False,False,False,-4,0.92,0.00271469681
Frame,226,1.03369331,0,7.2833333,True,True,Opening,Playing,False,False,False,6,0,63,0,-10,8.7,False,False,False,-4,0.92,0.0039142007
Frame,227,1.03665161,0,7.2833333,True,True,Opening,Playing,False,False,False,6,0,63,0,-10,8.7,False,False,False,-4,0.92,0.00300670345
Frame,228,1.04022217,0,7.2833333,True,True,Opening,Playing,False,False,False,6,0,63,0,-10,8.7,False,False,False,-4,0.92,0.00319360127
Frame,229,1.04297066,0,7.2833333,True,True,Opening,Playing,False,False,False,6,0,63,0,-10,8.7,False,False,False,-4,0.92,0.003056094
Frame,230,1.045805,0,7.2833333,True,True,Opening,Playing,False,False,False,6,0,63,0,-10,8.7,False,False,False,-4,0.92,0.002839803
Frame,231,1.04865646,0,7.2833333,True,True,Opening,Playing,False,False,False,6,0,63,0,-10,8.7,False,False,False,-4,0.92,0.00285680266
Frame,232,1.05143547,0,7.2833333,True,True,Opening,Playing,False,False,False,6,0,63,0,-10,8.7,False,False,False,-4,0.92,0.00282189623
Frame,233,1.05529976,0,7.2833333,True,True,Opening,Playing,False,False,False,6,0,63,0,-10,8.7,False,False,False,-4,0.92,0.00370890019
Frame,234,1.05843163,0,7.2833333,True,True,Opening,Playing,False,False,False,6,0,63,0,-10,8.7,False,False,False,-4,0.92,0.0031942036
Frame,235,1.06125832,0,7.2833333,True,True,Opening,Playing,False,False,False,6,0,63,0,-10,8.7,False,False,False,-4,0.92,0.00281789969
Frame,236,1.06430435,0,7.2833333,True,True,Opening,Playing,False,False,False,6,0,63,0,-10,8.7,False,False,False,-4,0.92,0.003132398
Frame,237,1.06695175,0,7.2833333,True,True,Opening,Playing,False,False,False,6,0,63,0,-10,8.7,False,False,False,-4,0.92,0.00257570157
Frame,238,1.07021141,0,7.2833333,True,True,Opening,Playing,False,False,False,6,0,63,0,-10,8.7,False,False,False,-4,0.92,0.00305779488
Frame,239,1.07325554,0,7.2833333,True,True,Opening,Playing,False,False,False,6,0,63,0,-10,8.7,False,False,False,-4,0.92,0.00318680564
Frame,240,1.0760479,0,7.2833333,True,True,Opening,Playing,False,False,False,6,0,63,0,-10,8.7,False,False,False,-4,0.92,0.0028299957
Frame,241,1.07873344,0,7.2833333,True,True,Opening,Playing,False,False,False,6,0,63,0,-10,8.7,False,False,False,-4,0.92,0.002710204
Frame,242,1.081461,0,7.2833333,True,True,Opening,Playing,False,False,False,6,0,63,0,-10,8.7,False,False,False,-4,0.92,0.00272329943
Frame,243,1.08434868,0,7.2833333,True,True,Opening,Playing,False,False,False,6,0,63,0,-10,8.7,False,False,False,-4,0.92,0.00293030054
Frame,244,1.0875473,0,7.2833333,True,True,Opening,Playing,False,False,False,6,0,63,0,-10,8.7,False,False,False,-4,0.92,0.00287709758
Frame,245,1.0904007,0,7.2833333,True,True,Opening,Playing,False,False,False,6,0,63,0,-10,8.7,False,False,False,-4,0.92,0.00310440059
Frame,246,1.09326172,0,7.2833333,True,True,Opening,Playing,False,False,False,6,0,63,0,-10,8.7,False,False,False,-4,0.92,0.0027562005
Frame,247,1.09620285,0,7.2833333,True,True,Opening,Playing,False,False,False,6,0,63,0,-10,8.7,False,False,False,-4,0.92,0.00286079943
Frame,248,1.09932137,0,7.2833333,True,True,Opening,Playing,False,False,False,6,0,63,0,-10,8.7,False,False,False,-4,0.92,0.00278219953
Frame,249,1.10207367,0,7.2833333,True,True,Opening,Playing,False,False,False,6,0,63,0,-10,8.7,False,False,False,-4,0.92,0.00319649954
Sequence_002,249,1.12784958,0,7.2833333,True,True,Opening,Playing,False,False,False,6,0,63,0,-10,8.7,False,False,False,-4,0.92,0.00319649954
Frame,250,1.13283157,0,7.2833333,True,True,Opening,Playing,False,False,False,6,0,63,0,-10,8.7,False,False,False,-4,0.92,0.0307572987
Frame,251,1.13774109,0,7.2833333,True,True,Opening,Playing,False,False,False,6,0,63,0,-10,8.7,False,False,False,-4,0.92,0.004621804
Frame,252,1.14166641,0,7.2833333,True,True,Opening,Playing,False,False,False,6,0,63,0,-10,8.7,False,False,False,-4,0.92,0.00387490075
Frame,253,1.14499664,0,7.2833333,True,True,Opening,Playing,False,False,False,6,0,63,0,-10,8.7,False,False,False,-4,0.92,0.003723696
Frame,254,1.147892,0,7.2833333,True,True,Opening,Playing,False,False,False,6,0,63,0,-10,8.7,False,False,False,-4,0.92,0.00293070427
Frame,255,1.15080452,0,7.2833333,True,True,Opening,Playing,False,False,False,6,0,63,0,-10,8.7,False,False,False,-4,0.92,0.002982398
Frame,256,1.153574,0,7.2833333,True,True,Opening,Playing,False,False,False,6,0,63,0,-10,8.7,False,False,False,-4,0.92,0.00279370043
Frame,257,1.15663147,0,7.2833333,True,True,Opening,Playing,False,False,False,6,0,63,0,-10,8.7,False,False,False,-4,0.92,0.00280119758
Frame,258,1.16019249,0,7.2833333,True,True,Opening,Playing,False,False,False,6,0,63,0,-10,8.7,False,False,False,-4,0.92,0.00365960179
Frame,259,1.16307068,0,7.2833333,True,True,Opening,Playing,False,False,False,6,0,63,0,-10,8.7,False,False,False,-4,0.92,0.00285489648
Frame,260,1.16585541,0,7.2833333,True,True,Opening,Playing,False,False,False,6,0,63,0,-10,8.7,False,False,False,-4,0.92,0.00290670362
Frame,261,1.16846085,0,7.2833333,True,True,Opening,Playing,False,False,False,6,0,63,0,-10,8.7,False,False,False,-4,0.92,0.00260440051
Frame,262,1.17159271,0,7.2833333,True,True,Opening,Playing,False,False,False,6,0,63,0,-10,8.7,False,False,False,-4,0.92,0.00305019831
Frame,263,1.17477989,0,7.2833333,True,True,Opening,Playing,False,False,False,6,0,63,0,-10,8.7,False,False,False,-4,0.92,0.00321130245
Frame,264,1.1777,0,7.2833333,True,True,Opening,Playing,False,False,False,6,0,63,0,-10,8.7,False,False,False,-4,0.92,0.002961097
Frame,265,1.18165779,0,7.2833333,True,True,Opening,Playing,False,False,False,6,0,63,0,-10,8.7,False,False,False,-4,0.92,0.00348280184
Frame,266,1.18514252,0,7.2833333,True,True,Opening,Playing,False,False,False,6,0,63,0,-10,8.7,False,False,False,-4,0.92,0.00373859843
Frame,267,1.18891907,0,7.2833333,True,True,Opening,Playing,False,False,False,6,0,63,0,-10,8.7,False,False,False,-4,0.92,0.0039268
Frame,268,1.1918354,0,7.2833333,True,True,Opening,Playing,False,False,False,6,0,63,0,-10,8.7,False,False,False,-4,0.92,0.00299810083
Frame,269,1.19488907,0,7.2833333,True,True,Opening,Playing,False,False,False,6,0,63,0,-10,8.7,False,False,False,-4,0.92,0.00293480023
Frame,270,1.197546,0,7.2833333,True,True,Opening,Playing,False,False,False,6,0,63,0,-10,8.7,False,False,False,-4,0.92,0.00283339713
Frame,271,1.20043945,0,7.2833333,True,True,Opening,Playing,False,False,False,6,0,63,0,-10,8.7,False,False,False,-4,0.92,0.002888903
Frame,272,1.20706749,0,7.2833333,True,True,Opening,Playing,False,False,False,6,0,63,0,-10,8.7,False,False,False,-4,0.92,0.006177997
Frame,273,1.21086693,0,7.2833333,True,True,Opening,Playing,False,False,False,6,0,63,0,-10,8.7,False,False,False,-4,0.92,0.00379199977
Frame,274,1.21379471,0,7.2833333,True,True,Opening,Playing,False,False,False,6,0,63,0,-10,8.7,False,False,False,-4,0.92,0.003362004
Frame,275,1.21666718,0,7.2833333,True,True,Opening,Playing,False,False,False,6,0,63,0,-10,8.7,False,False,False,-4,0.92,0.00292320014
Frame,276,1.21949577,0,7.2833333,True,True,Opening,Playing,False,False,False,6,0,63,0,-10,8.7,False,False,False,-4,0.92,0.00266410154
Frame,277,1.22301483,0,7.2833333,True,True,Opening,Playing,False,False,False,6,0,63,0,-10,8.7,False,False,False,-4,0.92,0.00331259915
Frame,278,1.22614479,0,7.2833333,True,True,Opening,Playing,False,False,False,6,0,63,0,-10,8.7,False,False,False,-4,0.92,0.00329299876
Frame,279,1.229065,0,7.2833333,True,True,Opening,Playing,False,False,False,6,0,63,0,-10,8.7,False,False,False,-4,0.92,0.00303969672
Frame,280,1.23187447,0,7.2833333,True,True,Opening,Playing,False,False,False,6,0,63,0,-10,8.7,False,False,False,-4,0.92,0.00287660141
Frame,281,1.23608208,0,7.2833333,True,True,Opening,Playing,False,False,False,6,0,63,0,-10,8.7,False,False,False,-4,0.92,0.00409820024
Frame,282,1.2393837,0,7.2833333,True,True,Opening,Playing,False,False,False,6,0,63,0,-10,8.7,False,False,False,-4,0.92,0.003165703
Frame,283,1.242445,0,7.2833333,True,True,Opening,Playing,False,False,False,6,0,63,0,-10,8.7,False,False,False,-4,0.92,0.0031225977
Frame,284,1.24584961,0,7.2833333,True,True,Opening,Playing,False,False,False,6,0,63,0,-10,8.7,False,False,False,-4,0.92,0.00347419921
Frame,285,1.24882507,0,7.2833333,True,True,Opening,Playing,False,False,False,6,0,63,0,-10,8.7,False,False,False,-4,0.92,0.00298669934
Frame,286,1.25909042,0,7.2833333,True,False,None,Playing,False,False,False,6,0,63,0,-10,8.7,False,False,False,-4,0.92,0.00294430275
B_IntroStart,286,1.26053047,0,7.2833333,True,False,None,Playing,False,False,False,6,0,63,0,-10,8.7,False,False,False,-4,0.92,0.00294430275
Sequence_003,286,1.35442543,0,7.2833333,True,False,None,Playing,False,False,False,6,0,63,0,-10,8.7,False,False,False,-4,0.92,0.00294430275
Frame,287,1.362978,0.1098146,7.2833333,True,False,None,Playing,False,False,False,6,0,63,0,-10,8.7,False,False,False,-4,0.92,0.1098146
Frame,288,1.36806488,0.1160409,7.2833333,True,False,None,Playing,False,False,False,6,0,63,0,-10,8.7,False,False,False,-4,0.92,0.006226304
Frame,289,1.37166977,0.119695894,7.2833333,True,False,None,Playing,False,False,False,6,0,63,0,-10,8.7,False,False,False,-4,0.92,0.0036549957
Frame,290,1.37595367,0.1236413,7.2833333,True,False,None,Playing,False,False,False,6,0,63,0,-10,8.7,False,False,False,-4,0.92,0.003945401
Frame,291,1.37932587,0.1275919,7.2833333,True,False,None,Playing,False,False,False,6,0,63,0,-10,8.7,False,False,False,-4,0.92,0.00395060237
Frame,292,1.38240242,0.1305814,7.2833333,True,False,None,Playing,False,False,False,6,0,63,0,-10,8.7,False,False,False,-4,0.92,0.0029894982
Frame,293,1.38551712,0.133659288,7.2833333,True,False,None,Playing,False,False,False,6,0,63,0,-10,8.7,False,False,False,-4,0.92,0.00307789817
Frame,294,1.38890648,0.136938885,7.2833333,True,False,None,Playing,False,False,False,6,0,63,0,-10,8.7,False,False,False,-4,0.92,0.003279599
Frame,295,1.39562416,0.143306687,7.2833333,True,False,None,Playing,False,False,False,6,0,63,0,-10,8.7,False,False,False,-4,0.92,0.00636780029
Frame,296,1.399046,0.147233382,7.2833333,True,False,None,Playing,False,False,False,6,0,63,0,-10,8.7,False,False,False,-4,0.92,0.003926701
Frame,297,1.40208817,0.149987683,7.2833333,True,False,None,Playing,False,False,False,6,0,63,0,-10,8.7,False,False,False,-4,0.92,0.0027543013
Frame,298,1.40582085,0.153740376,7.2833333,True,False,None,Playing,False,False,False,6,0,63,0,-10,8.7,False,False,False,-4,0.92,0.00375269982
Frame,299,1.40897369,0.156800672,7.2833333,True,False,None,Playing,False,False,False,6,0,63,0,-10,8.7,False,False,False,-4,0.92,0.0030603034
Frame,300,1.41283226,0.161013067,7.2833333,True,False,None,Playing,False,False,False,6,0,63,0,-10,8.7,False,False,False,-4,0.92,0.004212394
Frame,301,1.4158783,0.164189175,7.2833333,True,False,None,Playing,False,False,False,6,0,63,0,-10,8.7,False,False,False,-4,0.92,0.00317610544
Frame,302,1.41878128,0.167043075,7.2833333,True,False,None,Playing,False,False,False,6,0,63,0,-10,8.7,False,False,False,-4,0.92,0.0028538974
Frame,303,1.42182159,0.17005457,7.2833333,True,False,None,Playing,False,False,False,6,0,63,0,-10,8.7,False,False,False,-4,0.92,0.003011501
Frame,304,1.42462349,0.172830567,7.2833333,True,False,None,Playing,False,False,False,6,0,63,0,-10,8.7,False,False,False,-4,0.92,0.00277599925
Frame,305,1.4273777,0.175744474,7.2833333,True,False,None,Playing,False,False,False,6,0,63,0,-10,8.7,False,False,False,-4,0.92,0.002913903
Frame,306,1.43001175,0.178373575,7.2833333,True,False,None,Playing,False,False,False,6,0,63,0,-10,8.7,False,False,False,-4,0.92,0.002629096
Frame,307,1.4328804,0.18119207,7.2833333,True,False,None,Playing,False,False,False,6,0,63,0,-10,8.7,False,False,False,-4,0.92,0.002818502
Frame,308,1.43574524,0.184047863,7.2833333,True,False,None,Playing,False,False,False,6,0,63,0,-10,8.7,False,False,False,-4,0.92,0.0028557966
Frame,309,1.43893433,0.18713057,7.2833333,True,False,None,Playing,False,False,False,6,0,63,0,-10,8.7,False,False,False,-4,0.92,0.00308270263
Frame,310,1.44199753,0.190219566,7.2833333,True,False,None,Playing,False,False,False,6,0,63,0,-10,8.7,False,False,False,-4,0.92,0.00308900233
Frame,311,1.44506264,0.193309858,7.2833333,True,False,None,Playing,False,False,False,6,0,63,0,-10,8.7,False,False,False,-4,0.92,0.003090299
Frame,312,1.44771957,0.196004957,7.2833333,True,False,None,Playing,False,False,False,6,0,63,0,-10,8.7,False,False,False,-4,0.92,0.00269509642
Frame,313,1.45039368,0.198689863,7.2833333,True,False,None,Playing,False,False,False,6,0,63,0,-10,8.7,False,False,False,-4,0.92,0.00268489937
Frame,314,1.45313644,0.201332569,7.2833333,True,False,None,Playing,False,False,False,6,0,63,0,-10,8.7,False,False,False,-4,0.92,0.00264270115
Frame,315,1.45615,0.204188868,7.2833333,True,False,None,Playing,False,False,False,6,0,63,0,-10,8.7,False,False,False,-4,0.92,0.00285629951
Frame,316,1.45892715,0.207185864,7.2833333,True,False,None,Playing,False,False,False,6,0,63,0,-10,8.7,False,False,False,-4,0.92,0.00299700256
Frame,317,1.46157646,0.209833458,7.2833333,True,False,None,Playing,False,False,False,6,0,63,0,-10,8.7,False,False,False,-4,0.92,0.00264759781
Frame,318,1.46608543,0.214295566,7.2833333,True,False,None,Playing,False,False,False,6,0,63,0,-10,8.7,False,False,False,-4,0.92,0.00446210336
Frame,319,1.46909714,0.217222363,7.2833333,True,False,None,Playing,False,False,False,6,0,63,0,-10,8.7,False,False,False,-4,0.92,0.0029268
Frame,320,1.472456,0.220573455,7.2833333,True,False,None,Playing,False,False,False,6,0,63,0,-10,8.7,False,False,False,-4,0.92,0.00335109839
Frame,321,1.47581673,0.224064961,7.2833333,True,False,None,Playing,False,False,False,6,0,63,0,-10,8.7,False,False,False,-4,0.92,0.00349150365
Frame,322,1.47846222,0.226766557,7.2833333,True,False,None,Playing,False,False,False,6,0,63,0,-10,8.7,False,False,False,-4,0.92,0.00270159449
Frame,323,1.4812355,0.229531065,7.2833333,True,False,None,Playing,False,False,False,6,0,63,0,-10,8.7,False,False,False,-4,0.92,0.00276450533
Frame,324,1.48391533,0.232173562,7.2833333,True,False,None,Playing,False,False,False,6,0,63,0,-10,8.7,False,False,False,-4,0.92,0.00264249579
Frame,325,1.4871788,0.235050261,7.2833333,True,False,None,Playing,False,False,False,6,0,63,0,-10,8.7,False,False,False,-4,0.92,0.0028767006
Frame,326,1.48998451,0.238252357,7.2833333,True,False,None,Playing,False,False,False,6,0,63,0,-10,8.7,False,False,False,-4,0.92,0.00320209749
Frame,327,1.49285507,0.241140753,7.2833333,True,False,None,Playing,False,False,False,6,0,63,0,-10,8.7,False,False,False,-4,0.92,0.00288839987
Frame,328,1.49562836,0.243815958,7.2833333,True,False,None,Playing,False,False,False,6,0,63,0,-10,8.7,False,False,False,-4,0.92,0.00267520547
Frame,329,1.49860191,0.246834964,7.2833333,True,False,None,Playing,False,False,False,6,0,63,0,-10,8.7,False,False,False,-4,0.92,0.003018998
Frame,330,1.50131607,0.249505967,7.2833333,True,False,None,Playing,False,False,False,6,0,63,0,-10,8.7,False,False,False,-4,0.92,0.00267100334
Frame,331,1.50480652,0.252954572,7.2833333,True,False,None,Playing,False,False,False,6,0,63,0,-10,8.7,False,False,False,-4,0.92,0.003448597
Frame,332,1.5075531,0.25579536,7.2833333,True,False,None,Playing,False,False,False,6,0,63,0,-10,8.7,False,False,False,-4,0.92,0.002840802
Frame,333,1.51096725,0.258930355,7.2833333,True,False,None,Playing,False,False,False,6,0,63,0,-10,8.7,False,False,False,-4,0.92,0.00313499849
Frame,334,1.51460457,0.262556553,7.2833333,True,False,None,Playing,False,False,False,6,0,63,0,-10,8.7,False,False,False,-4,0.92,0.00362619758
Frame,335,1.51779366,0.266103446,7.2833333,True,False,None,Playing,False,False,False,6,0,63,0,-10,8.7,False,False,False,-4,0.92,0.00354690338
Frame,336,1.52146339,0.269393355,7.2833333,True,False,None,Playing,False,False,False,6,0,63,0,-10,8.7,False,False,False,-4,0.92,0.00328989513
Sequence_004,336,1.55016518,0.269393355,7.2833333,True,False,None,Playing,False,False,False,6,0,63,0,-10,8.7,False,False,False,-4,0.92,0.00328989513
Frame,337,1.55992508,0.307843953,7.2833333,True,False,None,Playing,False,False,False,6,0,63,0,-10,8.7,False,False,False,-4,0.92,0.0384506024
Frame,338,1.56906509,0.316720366,7.2833333,True,False,None,Playing,False,False,False,6,0,63,0,-10,8.7,False,False,False,-4,0.92,0.008876403
Frame,339,1.57289124,0.32090807,7.2833333,True,False,None,Playing,False,False,False,6,0,63,0,-10,8.7,False,False,False,-4,0.92,0.00418769848
Frame,340,1.57632065,0.324476063,7.2833333,True,False,None,Playing,False,False,False,6,0,63,0,-10,8.7,False,False,False,-4,0.92,0.00356799876
Frame,341,1.57949829,0.327702463,7.2833333,True,False,None,Playing,False,False,False,6,0,63,0,-10,8.7,False,False,False,-4,0.92,0.00322640315
Frame,342,1.58269691,0.330787152,7.2833333,True,False,None,Playing,False,False,False,6,0,63,0,-10,8.7,False,False,False,-4,0.92,0.0030846938
Frame,343,1.58548737,0.333677143,7.2833333,True,False,None,Playing,False,False,False,6,0,63,0,-10,8.7,False,False,False,-4,0.92,0.00289000152
Frame,344,1.5884819,0.336702853,7.2833333,True,False,None,Playing,False,False,False,6,0,63,0,-10,8.7,False,False,False,-4,0.92,0.0030257015
Frame,345,1.59238243,0.340616047,7.2833333,True,False,None,Playing,False,False,False,6,0,63,0,-10,8.7,False,False,False,-4,0.92,0.00391320139
Frame,346,1.5953598,0.343592942,7.2833333,True,False,None,Playing,False,False,False,6,0,63,0,-10,8.7,False,False,False,-4,0.92,0.002976899
Frame,347,1.59818459,0.346378356,7.2833333,True,False,None,Playing,False,False,False,6,0,63,0,-10,8.7,False,False,False,-4,0.92,0.00278540258
Frame,348,1.60095215,0.349222153,7.2833333,True,False,None,Playing,False,False,False,6,0,63,0,-10,8.7,False,False,False,-4,0.92,0.00284379954
Frame,349,1.60377121,0.352053344,7.2833333,True,False,None,Playing,False,False,False,6,0,63,0,-10,8.7,False,False,False,-4,0.92,0.00283120037
Frame,350,1.60646629,0.354765743,7.2833333,True,False,None,Playing,False,False,False,6,0,63,0,-10,8.7,False,False,False,-4,0.92,0.00271239365
Frame,351,1.60922623,0.357508153,7.2833333,True,False,None,Playing,False,False,False,6,0,63,0,-10,8.7,False,False,False,-4,0.92,0.00274240365
Frame,352,1.61212921,0.360310048,7.2833333,True,False,None,Playing,False,False,False,6,0,63,0,-10,8.7,False,False,False,-4,0.92,0.002801899
Frame,353,1.61513519,0.363223255,7.2833333,True,False,None,Playing,False,False,False,6,0,63,0,-10,8.7,False,False,False,-4,0.92,0.00291320146
Frame,354,1.61865425,0.366626561,7.2833333,True,False,None,Playing,False,False,False,6,0,63,0,-10,8.7,False,False,False,-4,0.92,0.003403302
Frame,355,1.621872,0.36987716,7.2833333,True,False,None,Playing,False,False,False,6,0,63,0,-10,8.7,False,False,False,-4,0.92,0.00325059518
Frame,356,1.62511826,0.373204172,7.2833333,True,False,None,Playing,False,False,False,6,0,63,0,-10,8.7,False,False,False,-4,0.92,0.00332699833
Frame,357,1.6284523,0.37650317,7.2833333,True,False,None,Playing,False,False,False,6,0,63,0,-10,8.7,False,False,False,-4,0.92,0.003299001
Frame,358,1.631216,0.379444867,7.2833333,True,False,None,Playing,False,False,False,6,0,63,0,-10,8.7,False,False,False,-4,0.92,0.002941702
Frame,359,1.63371086,0.382082254,7.2833333,True,False,None,Playing,False,False,False,6,0,63,0,-10,8.7,False,False,False,-4,0.92,0.00263740076
Frame,360,1.63638115,0.384694248,7.2833333,True,False,None,Playing,False,False,False,6,0,63,0,-10,8.7,False,False,False,-4,0.92,0.00261199684
Frame,361,1.63917542,0.38750574,7.2833333,True,False,None,Playing,False,False,False,6,0,63,0,-10,8.7,False,False,False,-4,0.92,0.0028115008
Frame,362,1.64209747,0.39038834,7.2833333,True,False,None,Playing,False,False,False,6,0,63,0,-10,8.7,False,False,False,-4,0.92,0.00288260356
Frame,363,1.64534378,0.393280953,7.2833333,True,False,None,Playing,False,False,False,6,0,63,0,-10,8.7,False,False,False,-4,0.92,0.002892602
Frame,364,1.64850616,0.396806061,7.2833333,True,False,None,Playing,False,False,False,6,0,63,0,-10,8.7,False,False,False,-4,0.92,0.00352509925
Frame,365,1.6511898,0.399423271,7.2833333,True,False,None,Playing,False,False,False,6,0,63,0,-10,8.7,False,False,False,-4,0.92,0.002617198
Frame,366,1.65380478,0.402071178,7.2833333,True,False,None,Playing,False,False,False,6,0,63,0,-10,8.7,False,False,False,-4,0.92,0.00264790258
Frame,367,1.65643883,0.404697269,7.2833333,True,False,None,Playing,False,False,False,6,0,63,0,-10,8.7,False,False,False,-4,0.92,0.00262609846
Frame,368,1.66062164,0.40882206,7.2833333,True,False,None,Playing,False,False,False,6,0,63,0,-10,8.7,False,False,False,-4,0.92,0.00412480161
Frame,369,1.66367149,0.411738068,7.2833333,True,False,None,Playing,False,False,False,6,0,63,0,-10,8.7,False,False,False,-4,0.92,0.00291599357
Frame,370,1.66677475,0.414830178,7.2833333,True,False,None,Playing,False,False,False,6,0,63,0,-10,8.7,False,False,False,-4,0.92,0.003092106
Frame,371,1.67046547,0.4183741,7.2833333,True,False,None,Playing,False,False,False,6,0,63,0,-10,8.7,False,False,False,-4,0.92,0.0035438987
Frame,372,1.67376709,0.422083378,7.2833333,True,False,None,Playing,False,False,False,6,0,63,0,-10,8.7,False,False,False,-4,0.92,0.00370929716
Frame,373,1.67708588,0.425384969,7.2833333,True,False,None,Playing,False,False,False,6,0,63,0,-10,8.7,False,False,False,-4,0.92,0.00330160139
Frame,374,1.68018913,0.428504974,7.2833333,True,False,None,Playing,False,False,False,6,0,63,0,-10,8.7,False,False,False,-4,0.92,0.00311999721
Frame,375,1.68304825,0.431383669,7.2833333,True,False,None,Playing,False,False,False,6,0,63,0,-10,8.7,False,False,False,-4,0.92,0.002878706
Frame,376,1.68596077,0.434264272,7.2833333,True,False,None,Playing,False,False,False,6,0,63,0,-10,8.7,False,False,False,-4,0.92,0.00288059819
Frame,377,1.68948174,0.437618375,7.2833333,True,False,None,Playing,False,False,False,6,0,63,0,-10,8.7,False,False,False,-4,0.92,0.00335409585
Frame,378,1.69324684,0.440705985,7.2833333,True,False,None,Playing,False,False,False,6,0,63,0,-10,8.7,False,False,False,-4,0.92,0.00308760628
Frame,379,1.696764,0.4448124,7.2833333,True,False,None,Playing,False,False,False,6,0,63,0,-10,8.7,False,False,False,-4,0.92,0.00410639867
Frame,380,1.69974518,0.447980672,7.2833333,True,False,None,Playing,False,False,False,6,0,63,0,-10,8.7,False,False,False,-4,0.92,0.00316829653
Frame,381,1.70286179,0.450778157,7.2833333,True,False,None,Playing,False,False,False,6,0,63,0,-10,8.7,False,False,False,-4,0.92,0.0027974986
Frame,382,1.70686722,0.454794556,7.2833333,True,False,None,Playing,False,False,False,6,0,63,0,-10,8.7,False,False,False,-4,0.92,0.00401640451
Frame,383,1.71019363,0.458406359,7.2833333,True,False,None,Playing,False,False,False,6,0,63,0,-10,8.7,False,False,False,-4,0.92,0.0036117984
Frame,384,1.71343422,0.461478144,7.2833333,True,False,None,Playing,False,False,False,6,0,63,0,-10,8.7,False,False,False,-4,0.92,0.003071797
Frame,385,1.71646881,0.464756459,7.2833333,True,False,None,Playing,False,False,False,6,0,63,0,-10,8.7,False,False,False,-4,0.92,0.00327830226
Frame,386,1.71917152,0.467435449,7.2833333,True,False,None,Playing,False,False,False,6,0,63,0,-10,8.7,False,False,False,-4,0.92,0.00267900364
Frame,387,1.72217369,0.470361859,7.2833333,True,False,None,Playing,False,False,False,6,0,63,0,-10,8.7,False,False,False,-4,0.92,0.002926396
Sequence_005,387,1.76315308,0.470361859,7.2833333,True,False,None,Playing,False,False,False,6,0,63,0,-10,8.7,False,False,False,-4,0.92,0.002926396
Frame,388,1.77050018,0.51831615,7.2833333,True,False,None,Playing,False,False,False,6,0,63,0,-10,8.7,False,False,False,-4,0.92,0.0479543023
Frame,389,1.77617264,0.5240064,7.2833333,True,False,None,Playing,False,False,False,6,0,63,0,-10,8.7,False,False,False,-4,0.92,0.005690299
Frame,390,1.78028488,0.5280433,7.2833333,True,False,None,Playing,False,False,False,6,0,63,0,-10,8.7,False,False,False,-4,0.92,0.004036898
Frame,391,1.78336143,0.5314596,7.2833333,True,False,None,Playing,False,False,False,6,0,63,0,-10,8.7,False,False,False,-4,0.92,0.00341630518
Frame,392,1.78648949,0.534407735,7.2833333,True,False,None,Playing,False,False,False,6,0,63,0,-10,8.7,False,False,False,-4,0.92,0.002948101
Frame,393,1.78972435,0.5379788,7.2833333,True,False,None,Playing,False,False,False,6,0,63,0,-10,8.7,False,False,False,-4,0.92,0.00357109541
Frame,394,1.79247475,0.540759742,7.2833333,True,False,None,Playing,False,False,False,6,0,63,0,-10,8.7,False,False,False,-4,0.92,0.00278090267
Frame,395,1.79527855,0.543476939,7.2833333,True,False,None,Playing,False,False,False,6,0,63,0,-10,8.7,False,False,False,-4,0.92,0.002717198
Frame,396,1.79965591,0.54792285,7.2833333,True,False,None,Playing,False,False,False,6,0,63,0,-10,8.7,False,False,False,-4,0.92,0.004445897
Frame,397,1.80294037,0.5510371,7.2833333,True,False,None,Playing,False,False,False,6,0,63,0,-10,8.7,False,False,False,-4,0.92,0.00311420066
Frame,398,1.806593,0.5547309,7.2833333,True,False,None,Playing,False,False,False,6,0,63,0,-10,8.7,False,False,False,-4,0.92,0.00369379949
Frame,399,1.80950356,0.5577114,7.2833333,True,False,None,Playing,False,False,False,6,0,63,0,-10,8.7,False,False,False,-4,0.92,0.002980506
Frame,400,1.81225586,0.5605471,7.2833333,True,False,None,Playing,False,False,False,6,0,63,0,-10,8.7,False,False,False,-4,0.92,0.0028357
Frame,401,1.81488609,0.5632208,7.2833333,True,False,None,Playing,False,False,False,6,0,63,0,-10,8.7,False,False,False,-4,0.92,0.00267369626
Frame,402,1.8178997,0.566078,7.2833333,True,False,None,Playing,False,False,False,6,0,63,0,-10,8.7,False,False,False,-4,0.92,0.00285719964
Frame,403,1.82091331,0.5691878,7.2833333,True,False,None,Playing,False,False,False,6,0,63,0,-10,8.7,False,False,False,-4,0.92,0.00310980016
Frame,404,1.82382393,0.5720896,7.2833333,True,False,None,Playing,False,False,False,6,0,63,0,-10,8.7,False,False,False,-4,0.92,0.0029018
Frame,405,1.82671547,0.5749497,7.2833333,True,False,None,Playing,False,False,False,6,0,63,0,-10,8.7,False,False,False,-4,0.92,0.00286009768
Frame,406,1.82951546,0.5778397,7.2833333,True,False,None,Playing,False,False,False,6,0,63,0,-10,8.7,False,False,False,-4,0.92,0.00289000152
Frame,407,1.832613,0.580567956,7.2833333,True,False,None,Playing,False,False,False,6,0,63,0,-10,8.7,False,False,False,-4,0.92,0.00272830226
Frame,408,1.83619308,0.584208369,7.2833333,True,False,None,Playing,False,False,False,6,0,63,0,-10,8.7,False,False,False,-4,0.92,0.00364039815
Frame,409,1.84191513,0.587811053,7.2833333,True,False,None,Playing,False,False,False,6,0,63,0,-10,8.7,False,False,False,-4,0.92,0.00360269984
Frame,410,1.8452034,0.593355656,7.2833333,True,False,None,Playing,False,False,False,6,0,63,0,-10,8.7,False,False,False,-4,0.92,0.00554460054
Frame,411,1.8479023,0.596178651,7.2833333,True,False,None,Playing,False,False,False,6,0,63,0,-10,8.7,False,False,False,-4,0.92,0.00282300171
Frame,412,1.85084724,0.599056065,7.2833333,True,False,None,Playing,False,False,False,6,0,63,0,-10,8.7,False,False,False,-4,0.92,0.00287740212
Frame,413,1.85357285,0.601859868,7.2833333,True,False,None,Playing,False,False,False,6,0,63,0,-10,8.7,False,False,False,-4,0.92,0.0028037983
Frame,414,1.85634232,0.6046219,7.2833333,True,False,None,Playing,False,False,False,6,0,63,0,-10,8.7,False,False,False,-4,0.92,0.00276199682
Frame,415,1.85891533,0.6072952,7.2833333,True,False,None,Playing,False,False,False,6,0,63,0,-10,8.7,False,False,False,-4,0.92,0.00267329928
Frame,416,1.86148643,0.609772444,7.2833333,True,False,None,Playing,False,False,False,6,0,63,0,-10,8.7,False,False,False,-4,0.92,0.00247720373
Frame,417,1.86457062,0.612767339,7.2833333,True,False,None,Playing,False,False,False,6,0,63,0,-10,8.7,False,False,False,-4,0.92,0.002994898
Frame,418,1.86768913,0.6159998,7.2833333,True,False,None,Playing,False,False,False,6,0,63,0,-10,8.7,False,False,False,-4,0.92,0.00323250424
Frame,419,1.87322617,0.621481836,7.2833333,True,False,None,Playing,False,False,False,6,0,63,0,-10,8.7,False,False,False,-4,0.92,0.00548199425
Frame,420,1.87620926,0.624407947,7.2833333,True,False,None,Playing,False,False,False,6,0,63,0,-10,8.7,False,False,False,-4,0.92,0.0029261054
Frame,421,1.87940979,0.627423644,7.2833333,True,False,None,Playing,False,False,False,6,0,63,0,-10,8.7,False,False,False,-4,0.92,0.00301569584
Frame,422,1.88248062,0.630439639,7.2833333,True,False,None,Playing,False,False,False,6,0,63,0,-10,8.7,False,False,False,-4,0.92,0.00301600061
Frame,423,1.88584709,0.633959234,7.2833333,True,False,None,Playing,False,False,False,6,0,63,0,-10,8.7,False,False,False,-4,0.92,0.00351960026
Frame,424,1.88926506,0.637456238,7.2833333,True,False,None,Playing,False,False,False,6,0,63,0,-10,8.7,False,False,False,-4,0.92,0.00349700265
Frame,425,1.891962,0.640273035,7.2833333,True,False,None,Playing,False,False,False,6,0,63,0,-10,8.7,False,False,False,-4,0.92,0.00281680119
Frame,426,1.89501,0.643151939,7.2833333,True,False,None,Playing,False,False,False,6,0,63,0,-10,8.7,False,False,False,-4,0.92,0.00287889736
Frame,427,1.89777374,0.646111965,7.2833333,True,False,None,Playing,False,False,False,6,0,63,0,-10,8.7,False,False,False,-4,0.92,0.00295999856
Frame,428,1.90079117,0.6490928,7.2833333,True,False,None,Playing,False,False,False,6,0,63,0,-10,8.7,False,False,False,-4,0.92,0.00298080361
Frame,429,1.90453339,0.6522977,7.2833333,True,False,None,Playing,False,False,False,6,0,63,0,-10,8.7,False,False,False,-4,0.92,0.00320489658
Frame,430,1.90745163,0.6557134,7.2833333,True,False,None,Playing,False,False,False,6,0,63,0,-10,8.7,False,False,False,-4,0.92,0.00341570284
Frame,431,1.9105854,0.6588754,7.2833333,True,False,None,Playing,False,False,False,6,0,63,0,-10,8.7,False,False,False,-4,0.92,0.00316199684
Frame,432,1.91360283,0.6618052,7.2833333,True,False,None,Playing,False,False,False,6,0,63,0,-10,8.7,False,False,False,-4,0.92,0.0029297974
Frame,433,1.91653252,0.6647666,7.2833333,True,False,None,Playing,False,False,False,6,0,63,0,-10,8.7,False,False,False,-4,0.92,0.00296140159
Frame,434,1.91996574,0.6678462,7.2833333,True,False,None,Playing,False,False,False,6,0,63,0,-10,8.7,False,False,False,-4,0.92,0.003079599
Frame,435,1.92373848,0.6717942,7.2833333,True,False,None,Playing,False,False,False,6,0,63,0,-10,8.7,False,False,False,-4,0.92,0.00394800166
Sequence_006,435,1.96470451,0.6717942,7.2833333,True,False,None,Playing,False,False,False,6,0,63,0,-10,8.7,False,False,False,-4,0.92,0.00394800166
Frame,436,1.97078514,0.7184697,7.2833333,True,False,None,Playing,False,False,False,6,0,62.99994,0,-10,8.7,False,False,False,-4,0.92,0.0466755033
Frame,437,1.97537613,0.7234924,7.2833333,True,False,None,Playing,False,False,False,6,0,62.99987,0,-10,8.7,False,False,False,-4,0.92,0.005022697
Frame,438,1.97882271,0.7266807,7.2833333,True,False,None,Playing,False,False,False,6,0,62.9998131,0,-10,8.7,False,False,False,-4,0.92,0.00318830064
Frame,439,1.98284721,0.7305602,7.2833333,True,False,None,Playing,False,False,False,6,0,62.9997177,0,-10,8.7,False,False,False,-4,0.92,0.00387949962
Frame,440,1.98683548,0.7346254,7.2833333,True,False,None,Playing,False,False,False,6,0,62.99959,0,-10,8.7,False,False,False,-4,0.92,0.00406519976
Frame,441,1.99077225,0.7386075,7.2833333,True,False,None,Playing,False,False,False,6,0,62.99943,0,-10,8.7,False,False,False,-4,0.92,0.0039821
Frame,442,1.99461555,0.7424587,7.2833333,True,False,None,Playing,False,False,False,6,0,62.9992447,0,-10,8.7,False,False,False,-4,0.92,0.00385119766
Frame,443,2.00028419,0.7479913,7.2833333,True,False,None,Playing,False,False,False,6,0,62.99891,0,-10,8.7,False,False,False,-4,0.92,0.00553260325
Frame,444,2.01067734,0.758692145,7.2833333,True,False,None,Playing,False,False,False,6,0,62.99801,0,-10,8.7,False,False,False,-4,0.92,0.0107008
Frame,445,2.01425171,0.7622675,7.2833333,True,False,None,Playing,False,False,False,6,0,62.9976234,0,-10,8.7,False,False,False,-4,0.92,0.00357529754
Frame,446,2.01748657,0.765687764,7.2833333,True,False,None,Playing,False,False,False,6,0,62.9972076,0,-10,8.7,False,False,False,-4,0.92,0.003420302
Frame,447,2.02135277,0.769496143,7.2833333,True,False,None,Playing,False,False,False,6,0,62.9966965,0,-10,8.7,False,False,False,-4,0.92,0.003808397
Frame,448,2.0245533,0.772785246,7.2833333,True,False,None,Playing,False,False,False,6,0,62.9962044,0,-10,8.7,False,False,False,-4,0.92,0.00328910141
Frame,449,2.027649,0.7759153,7.2833333,True,False,None,Playing,False,False,False,6,0,62.9956932,0,-10,8.7,False,False,False,-4,0.92,0.003130102
Frame,450,2.03105736,0.7790135,7.2833333,True,False,None,Playing,False,False,False,6,0,62.9951477,0,-10,8.7,False,False,False,-4,0.92,0.0030982
Frame,451,2.034237,0.7824849,7.2833333,True,False,None,Playing,False,False,False,6,0,62.99448,0,-10,8.7,False,False,False,-4,0.92,0.00347140012
Frame,452,2.03768349,0.785796165,7.2833333,True,False,None,Playing,False,False,False,6,0,62.99379,0,-10,8.7,False,False,False,-4,0.92,0.0033112953
Frame,453,2.04152679,0.789408267,7.2833333,True,False,None,Playing,False,False,False,6,0,62.9929733,0,-10,8.7,False,False,False,-4,0.92,0.00361210317
Frame,454,2.04501343,0.793120146,7.2833333,True,False,None,Playing,False,False,False,6,0,62.9920654,0,-10,8.7,False,False,False,-4,0.92,0.00371189765
Frame,455,2.04776955,0.796000361,7.2833333,True,False,None,Playing,False,False,False,6,0,62.9913063,0,-10,8.7,False,False,False,-4,0.92,0.00288020121
Frame,456,2.05064964,0.79884094,7.2833333,True,False,None,Playing,False,False,False,6,0,62.9905167,0,-10,8.7,False,False,False,-4,0.92,0.0028406037
Frame,457,2.05390358,0.801864564,7.2833333,True,False,None,Playing,False,False,False,6,0,62.98962,0,-10,8.7,False,False,False,-4,0.92,0.003023597
Frame,458,2.057602,0.805586934,7.2833333,True,False,None,Playing,False,False,False,6,0,62.9884453,0,-10,8.7,False,False,False,-4,0.92,0.00372239947
Frame,459,2.0611496,0.809170842,7.2833333,True,False,None,Playing,False,False,False,6,0,62.9872322,0,-10,8.7,False,False,False,-4,0.92,0.00358390016
Frame,460,2.06785,0.8125637,7.2833333,True,False,None,Playing,False,False,False,6,0,62.98601,0,-10,8.7,False,False,False,-4,0.92,0.00339289964
Frame,461,2.07448387,0.8224917,7.2833333,True,False,None,Playing,False,False,False,6,0,62.9819946,0,-10,8.7,False,False,False,-4,0.92,0.009927997
Frame,462,2.08171082,0.8297519,7.2833333,True,False,None,Playing,False,False,False,6,0,62.97862,0,-10,8.7,False,False,False,-4,0.92,0.00726020429
Frame,463,2.08499527,0.8330781,7.2833333,True,False,None,Playing,False,False,False,6,0,62.97694,0,-10,8.7,False,False,False,-4,0.92,0.00332619762
Frame,464,2.08816147,0.8362583,7.2833333,True,False,None,Playing,False,False,False,6,0,62.9752579,0,-10,8.7,False,False,False,-4,0.92,0.00318020117
Frame,465,2.09098244,0.8391821,7.2833333,True,False,None,Playing,False,False,False,6,0,62.9736443,0,-10,8.7,False,False,False,-4,0.92,0.00292380247
Frame,466,2.0937233,0.8419578,7.2833333,True,False,None,Playing,False,False,False,6,0,62.9720459,0,-10,8.7,False,False,False,-4,0.92,0.00277570146
Frame,467,2.09837341,0.846389,7.2833333,True,False,None,Playing,False,False,False,6,0,62.9693642,0,-10,8.7,False,False,False,-4,0.92,0.004431193
Frame,468,2.101387,0.8495694,7.2833333,True,False,None,Playing,False,False,False,6,0,62.96734,0,-10,8.7,False,False,False,-4,0.92,0.00318040675
Frame,469,2.10489655,0.8530741,7.2833333,True,False,None,Playing,False,False,False,6,0,62.9650078,0,-10,8.7,False,False,False,-4,0.92,0.00350469816
Frame,470,2.10792351,0.856065154,7.2833333,True,False,None,Playing,False,False,False,6,0,62.9629326,0,-10,8.7,False,False,False,-4,0.92,0.00299109984
Frame,471,2.110796,0.8590031,7.2833333,True,False,None,Playing,False,False,False,6,0,62.9608154,0,-10,8.7,False,False,False,-4,0.92,0.002937996
Frame,472,2.11358833,0.8617696,7.2833333,True,False,None,Playing,False,False,False,6,0,62.9587555,0,-10,8.7,False,False,False,-4,0.92,0.00276650372
Frame,473,2.116291,0.864535332,7.2833333,True,False,None,Playing,False,False,False,6,0,62.9566231,0,-10,8.7,False,False,False,-4,0.92,0.0027656958
Frame,474,2.1194706,0.867729545,7.2833333,True,False,None,Playing,False,False,False,6,0,62.95407,0,-10,8.7,False,False,False,-4,0.92,0.0031942036
Frame,475,2.12225914,0.870485365,7.2833333,True,False,None,Playing,False,False,False,6,0,62.95179,0,-10,8.7,False,False,False,-4,0.92,0.00275579654
Frame,476,2.12536621,0.8736132,7.2833333,True,False,None,Playing,False,False,False,6,0,62.9491158,0,-10,8.7,False,False,False,-4,0.92,0.00312780612
Sequence_007,476,2.16671753,0.8736132,7.2833333,True,False,None,Playing,False,False,False,6,0,62.9491158,0,-10,8.7,False,False,False,-4,0.92,0.00312780612
Frame,477,2.1728096,0.9207569,7.2833333,True,False,None,Playing,False,False,False,6,0,62.8963432,0,-10,8.7,False,False,False,-4,0.92,0.0471437
Frame,478,2.177473,0.925450444,7.2833333,True,False,None,Playing,False,False,False,6,0,62.8897057,0,-10,8.7,False,False,False,-4,0.92,0.0046935943
Frame,479,2.18092346,0.9290367,7.2833333,True,False,None,Playing,False,False,False,6,0,62.8844528,0,-10,8.7,False,False,False,-4,0.92,0.00358620333
Frame,480,2.184229,0.932068,7.2833333,True,False,None,Playing,False,False,False,6,0,62.8798866,0,-10,8.7,False,False,False,-4,0.92,0.00303129968
Frame,481,2.18890572,0.9358122,7.2833333,True,False,None,Playing,False,False,False,6,0,62.8740845,0,-10,8.7,False,False,False,-4,0.92,0.00374419638
Frame,482,2.1929512,0.9407099,7.2833333,True,False,None,Playing,False,False,False,6,0,62.86623,0,-10,8.7,False,False,False,-4,0.92,0.004897704
Frame,483,2.19620514,0.9443241,7.2833333,True,False,None,Playing,False,False,False,6,0,62.8602371,0,-10,8.7,False,False,False,-4,0.92,0.00361420074
Frame,484,2.199379,0.947242558,7.2833333,True,False,None,Playing,False,False,False,6,0,62.85527,0,-10,8.7,False,False,False,-4,0.92,0.00291849487
Frame,485,2.204565,0.952482939,7.2833333,True,False,None,Playing,False,False,False,6,0,62.84607,0,-10,8.7,False,False,False,-4,0.92,0.00524040544
Frame,486,2.20806313,0.9562023,7.2833333,True,False,None,Playing,False,False,False,6,0,62.8393173,0,-10,8.7,False,False,False,-4,0.92,0.00371939479
Frame,487,2.21091843,0.9591795,7.2833333,True,False,None,Playing,False,False,False,6,0,62.8337746,0,-10,8.7,False,False,False,-4,0.92,0.00297720381
Frame,488,2.214056,0.9620965,7.2833333,True,False,None,Playing,False,False,False,6,0,62.828228,0,-10,8.7,False,False,False,-4,0.92,0.00291699963
Frame,489,2.21731949,0.9654148,7.2833333,True,False,None,Playing,False,False,False,6,0,62.8217773,0,-10,8.7,False,False,False,-4,0.92,0.00331829651
Frame,490,2.22039413,0.9685942,7.2833333,True,False,None,Playing,False,False,False,6,0,62.81545,0,-10,8.7,False,False,False,-4,0.92,0.00317940046
Frame,491,2.22372818,0.9718475,7.2833333,True,False,None,Playing,False,False,False,6,0,62.8088264,0,-10,8.7,False,False,False,-4,0.92,0.003253302
Frame,492,2.22668457,0.974960566,7.2833333,True,False,None,Playing,False,False,False,6,0,62.8023529,0,-10,8.7,False,False,False,-4,0.92,0.0031131024
Frame,493,2.22991943,0.97809577,7.2833333,True,False,None,Playing,False,False,False,6,0,62.79569,0,-10,8.7,False,False,False,-4,0.92,0.003135197
Frame,494,2.23287964,0.980967164,7.2833333,True,False,None,Playing,False,False,False,6,0,62.78946,0,-10,8.7,False,False,False,-4,0.92,0.00287140021
Frame,495,2.23856735,0.986681163,7.2833333,True,False,None,Playing,False,False,False,6,0,62.77671,0,-10,8.7,False,False,False,-4,0.92,0.005714002
Frame,496,2.24165154,0.98981297,7.2833333,True,False,None,Playing,False,False,False,6,0,62.76952,0,-10,8.7,False,False,False,-4,0.92,0.00313179567
Frame,497,2.24434471,0.992687166,7.2833333,True,False,None,Playing,False,False,False,6,0,62.76279,0,-10,8.7,False,False,False,-4,0.92,0.00287420629
Frame,498,2.24722862,0.9954188,7.2833333,True,False,None,Playing,False,False,False,6,0,62.75628,0,-10,8.7,False,False,False,-4,0.92,0.00273159728
Frame,499,2.24996185,0.9982205,7.2833333,True,False,None,Playing,False,False,False,6,0,62.749485,0,-10,8.7,False,False,False,-4,0.92,0.00280170073
Frame,500,2.252798,1.00102162,7.2833333,True,False,None,Playing,False,False,False,6,0,62.7425728,0,-10,8.7,False,False,False,-4,0.92,0.0028010984
Frame,501,2.25643921,1.00430143,7.2833333,True,False,None,Playing,False,False,False,6,0,62.73433,0,-10,8.7,False,False,False,-4,0.92,0.00327979727
Frame,502,2.25989342,1.008166,7.2833333,True,False,None,Playing,False,False,False,6,0,62.7244,0,-10,8.7,False,False,False,-4,0.92,0.00386450533
Frame,503,2.263031,1.011015,7.2833333,True,False,None,Playing,False,False,False,6,0,62.7169342,0,-10,8.7,False,False,False,-4,0.92,0.00284910016
Frame,504,2.2663002,1.014271,7.2833333,True,False,None,Playing,False,False,False,6,0,62.7082443,0,-10,8.7,False,False,False,-4,0.92,0.003255995
Frame,505,2.26974487,1.01785362,7.2833333,True,False,None,Playing,False,False,False,6,0,62.69849,0,-10,8.7,False,False,False,-4,0.92,0.00358260353
Frame,506,2.272623,1.02081621,7.2833333,True,False,None,Playing,False,False,False,6,0,62.69027,0,-10,8.7,False,False,False,-4,0.92,0.00296259928
Frame,507,2.27565575,1.02396572,7.2833333,True,False,None,Playing,False,False,False,6,0,62.6813774,0,-10,8.7,False,False,False,-4,0.92,0.00314949686
Frame,508,2.280405,1.02871513,7.2833333,True,False,None,Playing,False,False,False,6,0,62.6676674,0,-10,8.7,False,False,False,-4,0.92,0.00474940473
Frame,509,2.28314018,1.03140843,7.2833333,True,False,None,Playing,False,False,False,6,0,62.6597328,0,-10,8.7,False,False,False,-4,0.92,0.00269329641
Frame,510,2.28586769,1.03411984,7.2833333,True,False,None,Playing,False,False,False,6,0,62.6516228,0,-10,8.7,False,False,False,-4,0.92,0.00271140155
Frame,511,2.28860283,1.03687751,7.2833333,True,False,None,Playing,False,False,False,6,0,62.64325,0,-10,8.7,False,False,False,-4,0.92,0.00275770272
Frame,512,2.29155922,1.03979123,7.2833333,True,False,None,Playing,False,False,False,6,0,62.63427,0,-10,8.7,False,False,False,-4,0.92,0.00291369762
Frame,513,2.29459763,1.042832,7.2833333,True,False,None,Playing,False,False,False,6,0,62.62475,0,-10,8.7,False,False,False,-4,0.92,0.0030408022
Frame,514,2.297369,1.04568207,7.2833333,True,False,None,Playing,False,False,False,6,0,62.61569,0,-10,8.7,False,False,False,-4,0.92,0.00285
Frame,515,2.30006218,1.0483706,7.2833333,True,False,None,Playing,False,False,False,6,0,62.6070137,0,-10,8.7,False,False,False,-4,0.92,0.00268849917
Frame,516,2.302927,1.05103028,7.2833333,True,False,None,Playing,False,False,False,6,0,62.5983124,0,-10,8.7,False,False,False,-4,0.92,0.002659701
Frame,517,2.30612,1.05425262,7.2833333,True,False,None,Playing,False,False,False,6,0,62.5876122,0,-10,8.7,False,False,False,-4,0.92,0.00322230021
Frame,518,2.30957413,1.05754256,7.2833333,True,False,None,Playing,False,False,False,6,0,62.5765076,0,-10,8.7,False,False,False,-4,0.92,0.00328999432
Frame,519,2.31283569,1.06111991,7.2833333,True,False,None,Playing,False,False,False,6,0,62.5642242,0,-10,8.7,False,False,False,-4,0.92,0.00357740233
Frame,520,2.3162117,1.06442881,7.2833333,True,False,None,Playing,False,False,False,6,0,62.5526657,0,-10,8.7,False,False,False,-4,0.92,0.00330890017
Frame,521,2.31889534,1.06722224,7.2833333,True,False,None,Playing,False,False,False,6,0,62.5427628,0,-10,8.7,False,False,False,-4,0.92,0.00279340288
Frame,522,2.32173157,1.0699234,7.2833333,True,False,None,Playing,False,False,False,6,0,62.53306,0,-10,8.7,False,False,False,-4,0.92,0.00270119752
Frame,523,2.32486343,1.07320869,7.2833333,True,False,None,Playing,False,False,False,6,0,62.5210876,0,-10,8.7,False,False,False,-4,0.92,0.00328530325
Frame,524,2.32823181,1.07634389,7.2833333,True,False,None,Playing,False,False,False,6,0,62.5094872,0,-10,8.7,False,False,False,-4,0.92,0.003135197
Sequence_008,524,2.371254,1.07634389,7.2833333,True,False,None,Playing,False,False,False,6,0,62.5094872,0,-10,8.7,False,False,False,-4,0.92,0.003135197
Frame,525,2.38064766,1.12833738,7.2833333,True,False,None,Playing,False,False,False,6,0,62.2916374,0,-10,8.7,False,False,False,-4,0.92,0.0519935
Frame,526,2.38892555,1.13684332,7.2833333,True,False,None,Playing,False,False,False,6,0,62.2513275,0,-10,8.7,False,False,False,-4,0.92,0.008505896
Frame,527,2.39505386,1.14311254,7.2833333,True,False,None,Playing,False,False,False,6,0,62.2207642,0,-10,8.7,False,False,False,-4,0.92,0.0062692035
Frame,528,2.39814568,1.14639211,7.2833333,True,False,None,Playing,False,False,False,6,0,62.2044868,0,-10,8.7,False,False,False,-4,0.92,0.003279599
Frame,529,2.4015007,1.14963865,7.2833333,True,False,None,Playing,False,False,False,6,0,62.1881752,0,-10,8.7,False,False,False,-4,0.92,0.00324649946
Frame,530,2.40899277,1.15585649,7.2833333,True,False,None,Playing,False,False,False,6,0,62.1563835,0,-10,8.7,False,False,False,-4,0.92,0.00621780055
Frame,531,2.413643,1.1615293,7.2833333,True,False,None,Playing,False,False,False,6,0,62.12675,0,-10,8.7,False,False,False,-4,0.92,0.005672803
Frame,532,2.41759682,1.16530812,7.2833333,True,False,None,Playing,False,False,False,6,0,62.106678,0,-10,8.7,False,False,False,-4,0.92,0.00377879827
Frame,533,2.42375,1.17113948,7.2833333,True,False,None,Playing,False,False,False,6,0,62.0751762,0,-10,8.7,False,False,False,-4,0.92,0.005831399
Frame,534,2.42820168,1.17586446,7.2833333,True,False,None,Playing,False,False,False,6,0,62.0491867,0,-10,8.7,False,False,False,-4,0.92,0.004725
Frame,535,2.43222046,1.1801511,7.2833333,True,False,None,Playing,False,False,False,6,0,62.02524,0,-10,8.7,False,False,False,-4,0.92,0.00428669946
Frame,536,2.436535,1.18433869,7.2833333,True,False,None,Playing,False,False,False,6,0,62.0015144,0,-10,8.7,False,False,False,-4,0.92,0.00418759929
Frame,537,2.44078255,1.18859923,7.2833333,True,False,None,Playing,False,False,False,6,0,61.97704,0,-10,8.7,False,False,False,-4,0.92,0.004260502
Frame,538,2.44912148,1.19681811,7.2833333,True,False,None,Playing,False,False,False,6,0,61.9288559,0,-10,8.7,False,False,False,-4,0.92,0.008218898
Frame,539,2.45600319,1.20210147,7.2833333,True,False,None,Playing,False,False,False,6,0,61.89721,0,-10,8.7,False,False,False,-4,0.92,0.005283404
Frame,540,2.45998955,1.20783854,7.2833333,True,False,None,Playing,False,False,False,6,0,61.8622475,0,-10,8.7,False,False,False,-4,0.92,0.005737096
Frame,541,2.46295547,1.21115685,7.2833333,True,False,None,Playing,False,False,False,6,0,61.8417435,0,-10,8.7,False,False,False,-4,0.92,0.0033183035
Frame,542,2.46677971,1.2147826,7.2833333,True,False,None,Playing,False,False,False,6,0,61.8191032,0,-10,8.7,False,False,False,-4,0.92,0.00362569443
Frame,543,2.47067261,1.2182405,7.2833333,True,False,None,Playing,False,False,False,6,0,61.7972832,0,-10,8.7,False,False,False,-4,0.92,0.003457901
Frame,544,2.47423935,1.22248209,7.2833333,True,False,None,Playing,False,False,False,6,0,61.7702065,0,-10,8.7,False,False,False,-4,0.92,0.004241603
Frame,545,2.477253,1.225506,7.2833333,True,False,None,Playing,False,False,False,6,0,61.7506943,0,-10,8.7,False,False,False,-4,0.92,0.00302390172
Frame,546,2.47997475,1.22828376,7.2833333,True,False,None,Playing,False,False,False,6,0,61.73262,0,-10,8.7,False,False,False,-4,0.92,0.002777799
Frame,547,2.482767,1.23095572,7.2833333,True,False,None,Playing,False,False,False,6,0,61.7151,0,-10,8.7,False,False,False,-4,0.92,0.00267199543
Frame,548,2.48581123,1.23402607,7.2833333,True,False,None,Playing,False,False,False,6,0,61.6948,0,-10,8.7,False,False,False,-4,0.92,0.00307030184
Frame,549,2.48869324,1.23696327,7.2833333,True,False,None,Playing,False,False,False,6,0,61.6752167,0,-10,8.7,False,False,False,-4,0.92,0.00293720234
Frame,550,2.49170876,1.23988724,7.2833333,True,False,None,Playing,False,False,False,6,0,61.65556,0,-10,8.7,False,False,False,-4,0.92,0.00292400084
Frame,551,2.49477959,1.24304783,7.2833333,True,False,None,Playing,False,False,False,6,0,61.6341324,0,-10,8.7,False,False,False,-4,0.92,0.003160601
Frame,552,2.49751854,1.24573815,7.2833333,True,False,None,Playing,False,False,False,6,0,61.61575,0,-10,8.7,False,False,False,-4,0.92,0.002690299
Frame,553,2.50019073,1.24843013,7.2833333,True,False,None,Playing,False,False,False,6,0,61.5972137,0,-10,8.7,False,False,False,-4,0.92,0.00269199978
Frame,554,2.50387383,1.25152087,7.2833333,True,False,None,Playing,False,False,False,6,0,61.57577,0,-10,8.7,False,False,False,-4,0.92,0.00309079513
Frame,555,2.50729942,1.25549912,7.2833333,True,False,None,Playing,False,False,False,6,0,61.54791,0,-10,8.7,False,False,False,-4,0.92,0.003978203
Frame,556,2.51177788,1.25995827,7.2833333,True,False,None,Playing,False,False,False,6,0,61.5163269,0,-10,8.7,False,False,False,-4,0.92,0.00445919763
Frame,557,2.514946,1.26293862,7.2833333,True,False,None,Playing,False,False,False,6,0,61.4950142,0,-10,8.7,False,False,False,-4,0.92,0.00298030046
Frame,558,2.51840973,1.26632619,7.2833333,True,False,None,Playing,False,False,False,6,0,61.4705925,0,-10,8.7,False,False,False,-4,0.92,0.00338759925
Frame,559,2.52218819,1.27033782,7.2833333,True,False,None,Playing,False,False,False,6,0,61.4413948,0,-10,8.7,False,False,False,-4,0.92,0.00401160028
Frame,560,2.5254612,1.27370274,7.2833333,True,False,None,Playing,False,False,False,6,0,61.4166756,0,-10,8.7,False,False,False,-4,0.92,0.00336490222
Frame,561,2.52856636,1.276783,7.2833333,True,False,None,Playing,False,False,False,6,0,61.3938637,0,-10,8.7,False,False,False,-4,0.92,0.00308030052
Sequence_009,561,2.56909943,1.276783,7.2833333,True,False,None,Playing,False,False,False,6,0,61.3938637,0,-10,8.7,False,False,False,-4,0.92,0.00308030052
Frame,562,2.57723236,1.32514715,7.2833333,True,False,None,Playing,False,False,False,6,0,61.01326,0,-10,8.7,False,False,False,-4,0.92,0.0483642
Frame,563,2.58169556,1.3295716,7.2833333,True,False,None,Playing,False,False,False,6,0,60.97637,0,-10,8.7,False,False,False,-4,0.92,0.004424497
Frame,564,2.584671,1.33288181,7.2833333,True,False,None,Playing,False,False,False,6,0,60.94855,0,-10,8.7,False,False,False,-4,0.92,0.003310204
Frame,565,2.58808136,1.336131,7.2833333,True,False,None,Playing,False,False,False,6,0,60.9210625,0,-10,8.7,False,False,False,-4,0.92,0.00324919936
Frame,566,2.59088516,1.33915532,7.2833333,True,False,None,Playing,False,False,False,6,0,60.8953133,0,-10,8.7,False,False,False,-4,0.92,0.00302439765
Frame,567,2.59389877,1.3419193,7.2833333,True,False,None,Playing,False,False,False,6,0,60.8716431,0,-10,8.7,False,False,False,-4,0.92,0.00276400219
Frame,568,2.59686279,1.34504974,7.2833333,True,False,None,Playing,False,False,False,6,0,60.844677,0,-10,8.7,False,False,False,-4,0.92,0.00313039962
Frame,569,2.59997559,1.34814429,7.2833333,True,False,None,Playing,False,False,False,6,0,60.8178558,0,-10,8.7,False,False,False,-4,0.92,0.003094501
Frame,570,2.60415077,1.3521657,7.2833333,True,False,None,Playing,False,False,False,6,0,60.7827644,0,-10,8.7,False,False,False,-4,0.92,0.0040214
Frame,571,2.60787773,1.35560381,7.2833333,True,False,None,Playing,False,False,False,6,0,60.75255,0,-10,8.7,False,False,False,-4,0.92,0.00343809533
Frame,572,2.611271,1.35941076,7.2833333,True,False,None,Playing,False,False,False,6,0,60.7188568,0,-10,8.7,False,False,False,-4,0.92,0.00380690186
Frame,573,2.61430359,1.36232626,7.2833333,True,False,None,Playing,False,False,False,6,0,60.6928978,0,-10,8.7,False,False,False,-4,0.92,0.0029154974
Frame,574,2.61714935,1.36533165,7.2833333,True,False,None,Playing,False,False,False,6,0,60.66599,0,-10,8.7,False,False,False,-4,0.92,0.00300540682
Frame,575,2.61988258,1.36806428,7.2833333,True,False,None,Playing,False,False,False,6,0,60.64139,0,-10,8.7,False,False,False,-4,0.92,0.00273259636
Frame,576,2.622633,1.37078869,7.2833333,True,False,None,Playing,False,False,False,6,0,60.61675,0,-10,8.7,False,False,False,-4,0.92,0.00272439769
Frame,577,2.62528038,1.37357473,7.2833333,True,False,None,Playing,False,False,False,6,0,60.5914268,0,-10,8.7,False,False,False,-4,0.92,0.002786005
Frame,578,2.62802124,1.37633681,7.2833333,True,False,None,Playing,False,False,False,6,0,60.5661964,0,-10,8.7,False,False,False,-4,0.92,0.002762096
Frame,579,2.6307106,1.37894,7.2833333,True,False,None,Playing,False,False,False,6,0,60.542305,0,-10,8.7,False,False,False,-4,0.92,0.002603203
Frame,580,2.633934,1.3820051,7.2833333,True,False,None,Playing,False,False,False,6,0,60.5140381,0,-10,8.7,False,False,False,-4,0.92,0.00306510064
Frame,581,2.63728523,1.38543034,7.2833333,True,False,None,Playing,False,False,False,6,0,60.4822731,0,-10,8.7,False,False,False,-4,0.92,0.00342529756
Frame,582,2.64242363,1.39036417,7.2833333,True,False,None,Playing,False,False,False,6,0,60.43619,0,-10,8.7,False,False,False,-4,0.92,0.004933801
Frame,583,2.64962,1.39495146,7.2833333,True,False,None,Playing,False,False,False,6,0,60.39301,0,-10,8.7,False,False,False,-4,0.92,0.00458730152
Frame,584,2.65311432,1.40098333,7.2833333,True,False,None,Playing,False,False,False,6,0,60.33573,0,-10,8.7,False,False,False,-4,0.92,0.006031895
Frame,585,2.65673637,1.40475309,7.2833333,True,False,None,Playing,False,False,False,6,0,60.2996559,0,-10,8.7,False,False,False,-4,0.92,0.003769806
Frame,586,2.67647552,1.42412257,7.2833333,True,False,None,Playing,False,False,False,6,0,60.1109467,0,-10,8.7,False,False,False,-4,0.92,0.0193694942
Frame,587,2.67947,1.42764533,7.2833333,True,False,None,Playing,False,False,False,6,0,60.07604,0,-10,8.7,False,False,False,-4,0.92,0.00352270412
Frame,588,2.68220139,1.4303844,7.2833333,True,False,None,Playing,False,False,False,6,0,60.0487747,0,-10,8.7,False,False,False,-4,0.92,0.00273910142
Frame,589,2.68509865,1.433229,7.2833333,True,False,None,Playing,False,False,False,6,0,60.0203476,0,-10,8.7,False,False,False,-4,0.92,0.00284460024
Frame,590,2.6883564,1.43656087,7.2833333,True,False,None,Playing,False,False,False,6,0,59.9869041,0,-10,8.7,False,False,False,-4,0.92,0.00333189475
Frame,591,2.69162178,1.4395504,7.2833333,True,False,None,Playing,False,False,False,6,0,59.95677,0,-10,8.7,False,False,False,-4,0.92,0.00298950542
Frame,592,2.69438553,1.44263625,7.2833333,True,False,None,Playing,False,False,False,6,0,59.9255333,0,-10,8.7,False,False,False,-4,0.92,0.00308579928
Frame,593,2.69868279,1.44687772,7.2833333,True,False,None,Playing,False,False,False,6,0,59.88239,0,-10,8.7,False,False,False,-4,0.92,0.004241497
Frame,594,2.70166969,1.44985819,7.2833333,True,False,None,Playing,False,False,False,6,0,59.8519249,0,-10,8.7,False,False,False,-4,0.92,0.00298049883
Frame,595,2.704752,1.452763,7.2833333,True,False,None,Playing,False,False,False,6,0,59.8221245,0,-10,8.7,False,False,False,-4,0.92,0.00290480442
Frame,596,2.70845222,1.45646322,7.2833333,True,False,None,Playing,False,False,False,6,0,59.7839966,0,-10,8.7,False,False,False,-4,0.92,0.00370019837
Frame,597,2.711628,1.4594841,7.2833333,True,False,None,Playing,False,False,False,6,0,59.75274,0,-10,8.7,False,False,False,-4,0.92,0.003020897
Frame,598,2.715252,1.46339583,7.2833333,True,False,None,Playing,False,False,False,6,0,59.7120857,0,-10,8.7,False,False,False,-4,0.92,0.003911699
Frame,599,2.7183075,1.46629739,7.2833333,True,False,None,Playing,False,False,False,6,0,59.6818047,0,-10,8.7,False,False,False,-4,0.92,0.00290150219
Frame,600,2.72157288,1.46956265,7.2833333,True,False,None,Playing,False,False,False,6,0,59.6476021,0,-10,8.7,False,False,False,-4,0.92,0.00326529914
Frame,601,2.725418,1.47317636,7.2833333,True,False,None,Playing,False,False,False,6,0,59.6095963,0,-10,8.7,False,False,False,-4,0.92,0.00361370458
Frame,602,2.72908974,1.47692931,7.2833333,True,False,None,Playing,False,False,False,6,0,59.5699539,0,-10,8.7,False,False,False,-4,0.92,0.00375299738
Sequence_010,602,2.76877213,1.47692931,7.2833333,True,False,None,Playing,False,False,False,6,0,59.5699539,0,-10,8.7,False,False,False,-4,0.92,0.00375299738
Frame,603,2.77554512,1.52331626,7.2833333,True,False,None,Playing,False,False,False,6,0,59.0666,0,-10,8.7,False,False,False,-4,0.92,0.046387
Frame,604,2.78090286,1.52893078,7.2833333,True,False,None,Playing,False,False,False,6,0,59.0041275,0,-10,8.7,False,False,False,-4,0.92,0.00561450562
Frame,605,2.78442574,1.53232837,7.2833333,True,False,None,Playing,False,False,False,6,0,58.9661751,0,-10,8.7,False,False,False,-4,0.92,0.0033975977
Frame,606,2.788042,1.536108,7.2833333,True,False,None,Playing,False,False,False,6,0,58.92383,0,-10,8.7,False,False,False,-4,0.92,0.00377969816
Frame,607,2.7912178,1.53937483,7.2833333,True,False,None,Playing,False,False,False,6,0,58.88712,0,-10,8.7,False,False,False,-4,0.92,0.00326680136
Frame,608,2.79457664,1.54268765,7.2833333,True,False,None,Playing,False,False,False,6,0,58.8497925,0,-10,8.7,False,False,False,-4,0.92,0.00331279752
Frame,609,2.79805183,1.54590058,7.2833333,True,False,None,Playing,False,False,False,6,0,58.8134956,0,-10,8.7,False,False,False,-4,0.92,0.00321290386
Frame,610,2.80232239,1.54992592,7.2833333,True,False,None,Playing,False,False,False,6,0,58.7679,0,-10,8.7,False,False,False,-4,0.92,0.00402529771
Frame,611,2.80727959,1.55545664,7.2833333,True,False,None,Playing,False,False,False,6,0,58.70502,0,-10,8.7,False,False,False,-4,0.92,0.00553070428
Frame,612,2.81077,1.5587734,7.2833333,True,False,None,Playing,False,False,False,6,0,58.66719,0,-10,8.7,False,False,False,-4,0.92,0.00331679429
Frame,613,2.81393051,1.56191516,7.2833333,True,False,None,Playing,False,False,False,6,0,58.6312752,0,-10,8.7,False,False,False,-4,0.92,0.00314170215
Frame,614,2.81740952,1.56514657,7.2833333,True,False,None,Playing,False,False,False,6,0,58.5942535,0,-10,8.7,False,False,False,-4,0.92,0.00323139876
Frame,615,2.82144737,1.56940389,7.2833333,True,False,None,Playing,False,False,False,6,0,58.5453529,0,-10,8.7,False,False,False,-4,0.92,0.00425729854
Frame,616,2.82496262,1.57271576,7.2833333,True,False,None,Playing,False,False,False,6,0,58.50722,0,-10,8.7,False,False,False,-4,0.92,0.00331190485
Frame,617,2.82823181,1.57615757,7.2833333,True,False,None,Playing,False,False,False,6,0,58.4675064,0,-10,8.7,False,False,False,-4,0.92,0.00344180129
Frame,618,2.8315773,1.57947981,7.2833333,True,False,None,Playing,False,False,False,6,0,58.42909,0,-10,8.7,False,False,False,-4,0.92,0.00332230027
Frame,619,2.83468056,1.58260012,7.2833333,True,False,None,Playing,False,False,False,6,0,58.3929367,0,-10,8.7,False,False,False,-4,0.92,0.00312029477
Frame,620,2.83834457,1.58628273,7.2833333,True,False,None,Playing,False,False,False,6,0,58.3501854,0,-10,8.7,False,False,False,-4,0.92,0.00368260336
Frame,621,2.841898,1.5900569,7.2833333,True,False,None,Playing,False,False,False,6,0,58.30628,0,-10,8.7,False,False,False,-4,0.92,0.00377419917
Frame,622,2.84501648,1.59327221,7.2833333,True,False,None,Playing,False,False,False,6,0,58.2688026,0,-10,8.7,False,False,False,-4,0.92,0.003215299
Frame,623,2.848116,1.59615982,7.2833333,True,False,None,Playing,False,False,False,6,0,58.23509,0,-10,8.7,False,False,False,-4,0.92,0.00288759917
Frame,624,2.85108,1.59928155,7.2833333,True,False,None,Playing,False,False,False,6,0,58.19859,0,-10,8.7,False,False,False,-4,0.92,0.00312169781
Frame,625,2.8543663,1.6022799,7.2833333,True,False,None,Playing,False,False,False,6,0,58.163475,0,-10,8.7,False,False,False,-4,0.92,0.0029984056
Frame,626,2.857504,1.605496,7.2833333,True,False,None,Playing,False,False,False,6,0,58.1257553,0,-10,8.7,False,False,False,-4,0.92,0.00321619888
Frame,627,2.86401558,1.60897911,7.2833333,True,False,None,Playing,False,False,False,6,0,58.08484,0,-10,8.7,False,False,False,-4,0.92,0.0034830994
Frame,628,2.870348,1.618223,7.2833333,True,False,None,Playing,False,False,False,6,0,57.9759445,0,-10,8.7,False,False,False,-4,0.92,0.009243899
Frame,629,2.87717438,1.6252569,7.2833333,True,False,None,Playing,False,False,False,6,0,57.892807,0,-10,8.7,False,False,False,-4,0.92,0.00703390036
Frame,630,2.88378716,1.63124478,7.2833333,True,False,None,Playing,False,False,False,6,0,57.82186,0,-10,8.7,False,False,False,-4,0.92,0.005987897
Frame,631,2.887764,1.63559949,7.2833333,True,False,None,Playing,False,False,False,6,0,57.7701759,0,-10,8.7,False,False,False,-4,0.92,0.004354705
Frame,632,2.8913765,1.63937473,7.2833333,True,False,None,Playing,False,False,False,6,0,57.7253075,0,-10,8.7,False,False,False,-4,0.92,0.00377519848
Frame,633,2.89452553,1.64247787,7.2833333,True,False,None,Playing,False,False,False,6,0,57.68839,0,-10,8.7,False,False,False,-4,0.92,0.003103196
Frame,634,2.89910126,1.64729464,7.2833333,True,False,None,Playing,False,False,False,6,0,57.63102,0,-10,8.7,False,False,False,-4,0.92,0.00481680129
Frame,635,2.902052,1.65017843,7.2833333,True,False,None,Playing,False,False,False,6,0,57.5966377,0,-10,8.7,False,False,False,-4,0.92,0.002883801
Frame,636,2.905756,1.65382528,7.2833333,True,False,None,Playing,False,False,False,6,0,57.5531273,0,-10,8.7,False,False,False,-4,0.92,0.00364680425
Frame,637,2.90883827,1.65697026,7.2833333,True,False,None,Playing,False,False,False,6,0,57.51557,0,-10,8.7,False,False,False,-4,0.92,0.00314499717
Frame,638,2.91181374,1.660089,7.2833333,True,False,None,Playing,False,False,False,6,0,57.4783058,0,-10,8.7,False,False,False,-4,0.92,0.00311870035
Frame,639,2.91469955,1.66290021,7.2833333,True,False,None,Playing,False,False,False,6,0,57.4446945,0,-10,8.7,False,False,False,-4,0.92,0.00281119626
Frame,640,2.91754723,1.66582561,7.2833333,True,False,None,Playing,False,False,False,6,0,57.4097,0,-10,8.7,False,False,False,-4,0.92,0.00292540388
Frame,641,2.92105865,1.66926956,7.2833333,True,False,None,Playing,False,False,False,6,0,57.36848,0,-10,8.7,False,False,False,-4,0.92,0.003443998
Frame,642,2.924656,1.67263877,7.2833333,True,False,None,Playing,False,False,False,6,0,57.3281326,0,-10,8.7,False,False,False,-4,0.92,0.00336920354
Frame,643,2.927971,1.6760031,7.2833333,True,False,None,Playing,False,False,False,6,0,57.2878265,0,-10,8.7,False,False,False,-4,0.92,0.0033643
Frame,644,2.93153954,1.67963922,7.2833333,True,False,None,Playing,False,False,False,6,0,57.2442474,0,-10,8.7,False,False,False,-4,0.92,0.00363609684
Sequence_011,644,2.95988655,1.67963922,7.2833333,True,False,None,Playing,False,False,False,6,0,57.2442474,0,-10,8.7,False,False,False,-4,0.92,0.00363609684
Frame,645,2.96541786,1.71346915,7.2833333,True,False,None,Playing,False,False,False,6,0,56.83837,0,-10,8.7,False,False,False,-4,0.92,0.0338299051
Frame,646,2.96938133,1.71741486,7.2833333,True,False,None,Playing,False,False,False,6,0,56.7910233,0,-10,8.7,False,False,False,-4,0.92,0.0039456985
Frame,647,2.97238922,1.72059226,7.2833333,True,False,None,Playing,False,False,False,6,0,56.7528954,0,-10,8.7,False,False,False,-4,0.92,0.00317740231
Frame,648,2.97517967,1.72338521,7.2833333,True,False,None,Playing,False,False,False,6,0,56.7193756,0,-10,8.7,False,False,False,-4,0.92,0.00279289973
Frame,649,2.97794342,1.72616708,7.2833333,True,False,None,Playing,False,False,False,6,0,56.6859932,0,-10,8.7,False,False,False,-4,0.92,0.00278189476
Frame,650,2.98065376,1.72887683,7.2833333,True,False,None,Playing,False,False,False,6,0,56.6534767,0,-10,8.7,False,False,False,-4,0.92,0.002709701
Frame,651,2.98426247,1.73203111,7.2833333,True,False,None,Playing,False,False,False,6,0,56.6156273,0,-10,8.7,False,False,False,-4,0.92,0.00315430132
Frame,652,2.98858643,1.73619366,7.2833333,True,False,None,Playing,False,False,False,6,0,56.5656776,0,-10,8.7,False,False,False,-4,0.92,0.0041625
Frame,653,2.99359512,1.74159,7.2833333,True,False,None,Playing,False,False,False,6,0,56.50092,0,-10,8.7,False,False,False,-4,0.92,0.0053964
Frame,654,2.997118,1.74523723,7.2833333,True,False,None,Playing,False,False,False,6,0,56.4571533,0,-10,8.7,False,False,False,-4,0.92,0.003647201
Frame,655,3.00075722,1.748649,7.2833333,True,False,None,Playing,False,False,False,6,0,56.41621,0,-10,8.7,False,False,False,-4,0.92,0.00341179851
Frame,656,3.0049572,1.75260925,7.2833333,True,False,None,Playing,False,False,False,6,0,56.36869,0,-10,8.7,False,False,False,-4,0.92,0.003960197
Frame,657,3.00815964,1.7563535,7.2833333,True,False,None,Playing,False,False,False,6,0,56.3237572,0,-10,8.7,False,False,False,-4,0.92,0.0037442036
Frame,658,3.01164246,1.75954258,7.2833333,True,False,None,Playing,False,False,False,6,0,56.28549,0,-10,8.7,False,False,False,-4,0.92,0.00318910158
Frame,659,3.01524734,1.76343477,7.2833333,True,False,None,Playing,False,False,False,6,0,56.23878,0,-10,8.7,False,False,False,-4,0.92,0.0038921982
Frame,660,3.01862717,1.766587,7.2833333,True,False,None,Playing,False,False,False,6,0,56.2009544,0,-10,8.7,False,False,False,-4,0.92,0.00315219676
Frame,661,3.02214241,1.77017343,7.2833333,True,False,None,Playing,False,False,False,6,0,56.157917,0,-10,8.7,False,False,False,-4,0.92,0.0035864017
Frame,662,3.02531433,1.77349043,7.2833333,True,False,None,Playing,False,False,False,6,0,56.1181145,0,-10,8.7,False,False,False,-4,0.92,0.00331699965
Frame,663,3.03154,1.779426,7.2833333,True,False,None,Playing,False,False,False,6,0,56.0468864,0,-10,8.7,False,False,False,-4,0.92,0.005935502
Frame,664,3.03495026,1.78306615,7.2833333,True,False,None,Playing,False,False,False,6,0,56.0032043,0,-10,8.7,False,False,False,-4,0.92,0.00364019978
Frame,665,3.03802872,1.78611541,7.2833333,True,False,None,Playing,False,False,False,6,0,55.9666176,0,-10,8.7,False,False,False,-4,0.92,0.00304929842
Frame,666,3.04080963,1.788947,7.2833333,True,False,None,Playing,False,False,False,6,0,55.9326363,0,-10,8.7,False,False,False,-4,0.92,0.00283160433
Frame,667,3.043785,1.7918793,7.2833333,True,False,None,Playing,False,False,False,6,0,55.89745,0,-10,8.7,False,False,False,-4,0.92,0.0029322987
Frame,668,3.046671,1.79490221,7.2833333,True,False,None,Playing,False,False,False,6,0,55.86117,0,-10,8.7,False,False,False,-4,0.92,0.00302289543
Frame,669,3.04944229,1.79769433,7.2833333,True,False,None,Playing,False,False,False,6,0,55.8276672,0,-10,8.7,False,False,False,-4,0.92,0.002792106
Frame,670,3.052866,1.80104685,7.2833333,True,False,None,Playing,False,False,False,6,0,55.7874374,0,-10,8.7,False,False,False,-4,0.92,0.00335249444
Frame,671,3.05623817,1.80446422,7.2833333,True,False,None,Playing,False,False,False,6,0,55.74643,0,-10,8.7,False,False,False,-4,0.92,0.00341740367
Frame,672,3.05985451,1.80771327,7.2833333,True,False,None,Playing,False,False,False,6,0,55.7074432,0,-10,8.7,False,False,False,-4,0.92,0.00324900076
Frame,673,3.06333923,1.811519,7.2833333,True,False,None,Playing,False,False,False,6,0,55.66177,0,-10,8.7,False,False,False,-4,0.92,0.0038056972
Frame,674,3.066204,1.81437314,7.2833333,True,False,None,Playing,False,False,False,6,0,55.62752,0,-10,8.7,False,False,False,-4,0.92,0.002854103
Frame,675,3.06917,1.81716335,7.2833333,True,False,None,Playing,False,False,False,6,0,55.59404,0,-10,8.7,False,False,False,-4,0.92,0.00279019983
Frame,676,3.07460022,1.8222636,7.2833333,True,False,None,Playing,False,False,False,6,0,55.5328369,0,-10,8.7,False,False,False,-4,0.92,0.00510019856
Frame,677,3.07770348,1.82588959,7.2833333,True,False,None,Playing,False,False,False,6,0,55.4893265,0,-10,8.7,False,False,False,-4,0.92,0.0036259992
Frame,678,3.08052254,1.82870138,7.2833333,True,False,None,Playing,False,False,False,6,0,55.45558,0,-10,8.7,False,False,False,-4,0.92,0.00281179836
Frame,679,3.08361244,1.83174884,7.2833333,True,False,None,Playing,False,False,False,6,0,55.419014,0,-10,8.7,False,False,False,-4,0.92,0.00304750563
Frame,680,3.08690453,1.834793,7.2833333,True,False,None,Playing,False,False,False,6,0,55.3824844,0,-10,8.7,False,False,False,-4,0.92,0.00304409722
Frame,681,3.090145,1.83838212,7.2833333,True,False,None,Playing,False,False,False,6,0,55.3394127,0,-10,8.7,False,False,False,-4,0.92,0.00358920079
Frame,682,3.09328079,1.84148777,7.2833333,True,False,None,Playing,False,False,False,6,0,55.3021469,0,-10,8.7,False,False,False,-4,0.92,0.003105598
Frame,683,3.09651,1.84472334,7.2833333,True,False,None,Playing,False,False,False,6,0,55.26332,0,-10,8.7,False,False,False,-4,0.92,0.003235601
Frame,684,3.09976578,1.84792125,7.2833333,True,False,None,Playing,False,False,False,6,0,55.2249451,0,-10,8.7,False,False,False,-4,0.92,0.00319790258
Frame,685,3.10321426,1.8510468,7.2833333,True,False,None,Playing,False,False,False,6,0,55.18744,0,-10,8.7,False,False,False,-4,0.92,0.003125496
Frame,686,3.10635567,1.85455763,7.2833333,True,False,None,Playing,False,False,False,6,0,55.14531,0,-10,8.7,False,False,False,-4,0.92,0.00351079926
Frame,687,3.10921669,1.85746157,7.2833333,True,False,None,Playing,False,False,False,6,0,55.1104622,0,-10,8.7,False,False,False,-4,0.92,0.00290390453
Frame,688,3.111946,1.86018574,7.2833333,True,False,None,Playing,False,False,False,6,0,55.07777,0,-10,8.7,False,False,False,-4,0.92,0.00272419932
Frame,689,3.11483574,1.86301839,7.2833333,True,False,None,Playing,False,False,False,6,0,55.0437775,0,-10,8.7,False,False,False,-4,0.92,0.00283269561
Frame,690,3.11766434,1.86572385,7.2833333,True,False,None,Playing,False,False,False,6,0,55.0113144,0,-10,8.7,False,False,False,-4,0.92,0.002705506
Frame,691,3.12130165,1.86912513,7.2833333,True,False,None,Playing,False,False,False,6,0,54.9705,0,-10,8.7,False,False,False,-4,0.92,0.00340129668
Frame,692,3.12471771,1.87247968,7.2833333,True,False,None,Playing,False,False,False,6,0,54.9302444,0,-10,8.7,False,False,False,-4,0.92,0.00335449982
Frame,693,3.128109,1.876003,7.2833333,True,False,None,Playing,False,False,False,6,0,54.8879662,0,-10,8.7,False,False,False,-4,0.92,0.00352339842
Frame,694,3.1309433,1.87919009,7.2833333,True,False,None,Playing,False,False,False,6,0,54.84972,0,-10,8.7,False,False,False,-4,0.92,0.0031871032
Frame,695,3.13392258,1.88222539,7.2833333,True,False,None,Playing,False,False,False,6,0,54.8132935,0,-10,8.7,False,False,False,-4,0.92,0.00303529622
Sequence_012,695,3.167345,1.88222539,7.2833333,True,False,None,Playing,False,False,False,6,0,54.8132935,0,-10,8.7,False,False,False,-4,0.92,0.00303529622
Frame,696,3.18787575,1.93502247,7.2833333,True,False,None,Playing,False,False,False,6,0,54.17973,0,-10,8.7,False,False,False,-4,0.92,0.0527971
Frame,697,3.19678116,1.94459486,7.2833333,True,False,None,Playing,False,False,False,6,0,54.06486,0,-10,8.7,False,False,False,-4,0.92,0.0095724
Frame,698,3.204546,1.952305,7.2833333,True,False,None,Playing,False,False,False,6,0,53.97234,0,-10,8.7,False,False,False,-4,0.92,0.007710105
Frame,699,3.20821953,1.95616281,7.2833333,True,False,None,Playing,False,False,False,6,0,53.9260445,0,-10,8.7,False,False,False,-4,0.92,0.00385779468
Frame,700,3.21145058,1.95957756,7.2833333,True,False,None,Playing,False,False,False,6,0,53.88507,0,-10,8.7,False,False,False,-4,0.92,0.00341470377
Frame,701,3.214676,1.96274078,7.2833333,True,False,None,Playing,False,False,False,6,0,53.84711,0,-10,8.7,False,False,False,-4,0.92,0.00316319452
Frame,702,3.21790886,1.96595967,7.2833333,True,False,None,Playing,False,False,False,6,0,53.8084831,0,-10,8.7,False,False,False,-4,0.92,0.003218906
Frame,703,3.22153664,1.96958506,7.2833333,True,False,None,Playing,False,False,False,6,0,53.7649765,0,-10,8.7,False,False,False,-4,0.92,0.00362539687
Frame,704,3.22571373,1.97382581,7.2833333,True,False,None,Playing,False,False,False,6,0,53.71409,0,-10,8.7,False,False,False,-4,0.92,0.004240703
Frame,705,3.22892,1.97713709,7.2833333,True,False,None,Playing,False,False,False,6,0,53.6743546,0,-10,8.7,False,False,False,-4,0.92,0.0033112953
Frame,706,3.23212433,1.980261,7.2833333,True,False,None,Playing,False,False,False,6,0,53.6368675,0,-10,8.7,False,False,False,-4,0.92,0.00312390155
Frame,707,3.23571777,1.983668,7.2833333,True,False,None,Playing,False,False,False,6,0,53.5959854,0,-10,8.7,False,False,False,-4,0.92,0.003407001
Frame,708,3.241394,1.98728454,7.2833333,True,False,None,Playing,False,False,False,6,0,53.5525856,0,-10,8.7,False,False,False,-4,0.92,0.00361660286
Frame,709,3.24481,1.99283659,7.2833333,True,False,None,Playing,False,False,False,6,0,53.4859619,0,-10,8.7,False,False,False,-4,0.92,0.0055519985
Frame,710,3.24768639,1.99580133,7.2833333,True,False,None,Playing,False,False,False,6,0,53.4503822,0,-10,8.7,False,False,False,-4,0.92,0.00296469661
Frame,711,3.25072861,1.99879539,7.2833333,True,False,None,Playing,False,False,False,6,0,53.4144554,0,-10,8.7,False,False,False,-4,0.92,0.00299410429
Frame,712,3.25435257,2.0025115,7.2833333,True,False,None,Playing,False,False,False,6,0,53.36986,0,-10,8.7,False,False,False,-4,0.92,0.003716199
Frame,713,3.25727654,2.00541878,7.2833333,True,False,None,Playing,False,False,False,6,0,53.3349762,0,-10,8.7,False,False,False,-4,0.92,0.00290729874
Frame,714,3.26008987,2.00839162,7.2833333,True,False,None,Playing,False,False,False,6,0,53.2993,0,-10,8.7,False,False,False,-4,0.92,0.0029729025
Frame,715,3.26311684,2.01123261,7.2833333,True,False,None,Playing,False,False,False,6,0,53.26521,0,-10,8.7,False,False,False,-4,0.92,0.00284109986
Frame,716,3.2659874,2.01423073,7.2833333,True,False,None,Playing,False,False,False,6,0,53.2292328,0,-10,8.7,False,False,False,-4,0.92,0.00299810083
Frame,717,3.26944923,2.017375,7.2833333,True,False,None,Playing,False,False,False,6,0,53.1915,0,-10,8.7,False,False,False,-4,0.92,0.00314419647
Frame,718,3.27326965,2.021467,7.2833333,True,False,None,Playing,False,False,False,6,0,53.1424,0,-10,8.7,False,False,False,-4,0.92,0.00409199949
Frame,719,3.27641869,2.02463937,7.2833333,True,False,None,Playing,False,False,False,6,0,53.10433,0,-10,8.7,False,False,False,-4,0.92,0.0031723
Frame,720,3.27985382,2.0281713,7.2833333,True,False,None,Playing,False,False,False,6,0,53.0619469,0,-10,8.7,False,False,False,-4,0.92,0.00353190186
Frame,721,3.283554,2.03158355,7.2833333,True,False,None,Playing,False,False,False,6,0,53.021,0,-10,8.7,False,False,False,-4,0.92,0.00341230165
Frame,722,3.28707886,2.03503466,7.2833333,True,False,None,Playing,False,False,False,6,0,52.9795837,0,-10,8.7,False,False,False,-4,0.92,0.00345109846
Frame,723,3.29057121,2.03852153,7.2833333,True,False,None,Playing,False,False,False,6,0,52.9377441,0,-10,8.7,False,False,False,-4,0.92,0.00348679838
Frame,724,3.29384422,2.04193068,7.2833333,True,False,None,Playing,False,False,False,6,0,52.89683,0,-10,8.7,False,False,False,-4,0.92,0.0034090986
Frame,725,3.29705048,2.04533076,7.2833333,True,False,None,Playing,False,False,False,6,0,52.85603,0,-10,8.7,False,False,False,-4,0.92,0.0034
Frame,726,3.30039024,2.04859948,7.2833333,True,False,None,Playing,False,False,False,6,0,52.8168068,0,-10,8.7,False,False,False,-4,0.92,0.00326860114
Frame,727,3.30594063,2.05387735,7.2833333,True,False,None,Playing,False,False,False,6,0,52.75347,0,-10,8.7,False,False,False,-4,0.92,0.005277799
Frame,728,3.30922127,2.05722642,7.2833333,True,False,None,Playing,False,False,False,6,0,52.7132835,0,-10,8.7,False,False,False,-4,0.92,0.00334900082
Frame,729,3.31242561,2.0603807,7.2833333,True,False,None,Playing,False,False,False,6,0,52.6754341,0,-10,8.7,False,False,False,-4,0.92,0.00315430132
Frame,730,3.31587982,2.06396461,7.2833333,True,False,None,Playing,False,False,False,6,0,52.6324272,0,-10,8.7,False,False,False,-4,0.92,0.00358390016
Frame,731,3.31926155,2.06746459,7.2833333,True,False,None,Playing,False,False,False,6,0,52.5904274,0,-10,8.7,False,False,False,-4,0.92,0.00349990069
Frame,732,3.32239914,2.070574,7.2833333,True,False,None,Playing,False,False,False,6,0,52.553112,0,-10,8.7,False,False,False,-4,0.92,0.00310949539
Frame,733,3.32543945,2.073652,7.2833333,True,False,None,Playing,False,False,False,6,0,52.51618,0,-10,8.7,False,False,False,-4,0.92,0.00307800458
Frame,734,3.32845116,2.076738,7.2833333,True,False,None,Playing,False,False,False,6,0,52.4791451,0,-10,8.7,False,False,False,-4,0.92,0.00308599765
Frame,735,3.33128929,2.0795567,7.2833333,True,False,None,Playing,False,False,False,6,0,52.44532,0,-10,8.7,False,False,False,-4,0.92,0.002818502
Frame,736,3.33421135,2.0824542,7.2833333,True,False,None,Playing,False,False,False,6,0,52.41055,0,-10,8.7,False,False,False,-4,0.92,0.00289739948
Frame,737,3.33721161,2.08544612,7.2833333,True,False,None,Playing,False,False,False,6,0,52.37465,0,-10,8.7,False,False,False,-4,0.92,0.00299190055
Sequence_013,737,3.37946129,2.08544612,7.2833333,True,False,None,Playing,False,False,False,6,0,52.37465,0,-10,8.7,False,False,False,-4,0.92,0.00299190055
Frame,738,3.38558388,2.13340378,7.2833333,True,False,None,Playing,False,False,False,6,0,51.7991562,0,-10,8.7,False,False,False,-4,0.92,0.0479575954
Frame,739,3.390728,2.13867474,7.2833333,True,False,None,Playing,False,False,False,6,0,51.7359047,0,-10,8.7,False,False,False,-4,0.92,0.00527100358
Frame,740,3.39416885,2.142262,7.2833333,True,False,None,Playing,False,False,False,6,0,51.6928558,0,-10,8.7,False,False,False,-4,0.92,0.00358730159
Frame,741,3.39781761,2.14592457,7.2833333,True,False,None,Playing,False,False,False,6,0,51.6489067,0,-10,8.7,False,False,False,-4,0.92,0.00366259925
Frame,742,3.40105438,2.14917731,7.2833333,True,False,None,Playing,False,False,False,6,0,51.6098747,0,-10,8.7,False,False,False,-4,0.92,0.00325269974
Frame,743,3.40434647,2.15237284,7.2833333,True,False,None,Playing,False,False,False,6,0,51.5715256,0,-10,8.7,False,False,False,-4,0.92,0.00319550023
Frame,744,3.407322,2.15551424,7.2833333,True,False,None,Playing,False,False,False,6,0,51.53383,0,-10,8.7,False,False,False,-4,0.92,0.00314129819
Frame,745,3.41087914,2.15899944,7.2833333,True,False,None,Playing,False,False,False,6,0,51.49201,0,-10,8.7,False,False,False,-4,0.92,0.00348529615
Frame,746,3.414545,2.162658,7.2833333,True,False,None,Playing,False,False,False,6,0,51.4481049,0,-10,8.7,False,False,False,-4,0.92,0.00365850329
Frame,747,3.41877174,2.16643,7.2833333,True,False,None,Playing,False,False,False,6,0,51.40284,0,-10,8.7,False,False,False,-4,0.92,0.00377210183
Frame,748,3.422966,2.17104316,7.2833333,True,False,None,Playing,False,False,False,6,0,51.3474846,0,-10,8.7,False,False,False,-4,0.92,0.00461319461
Frame,749,3.426014,2.17432475,7.2833333,True,False,None,Playing,False,False,False,6,0,51.3081,0,-10,8.7,False,False,False,-4,0.92,0.003281505
Frame,750,3.42924118,2.17753744,7.2833333,True,False,None,Playing,False,False,False,6,0,51.26955,0,-10,8.7,False,False,False,-4,0.92,0.0032126985
Frame,751,3.43229485,2.180534,7.2833333,True,False,None,Playing,False,False,False,6,0,51.233593,0,-10,8.7,False,False,False,-4,0.92,0.00299649942
Frame,752,3.43520164,2.18344879,7.2833333,True,False,None,Playing,False,False,False,6,0,51.198616,0,-10,8.7,False,False,False,-4,0.92,0.00291490229
Frame,753,3.43817139,2.18635941,7.2833333,True,False,None,Playing,False,False,False,6,0,51.16369,0,-10,8.7,False,False,False,-4,0.92,0.002910601
Frame,754,3.44139671,2.18964434,7.2833333,True,False,None,Playing,False,False,False,6,0,51.1242676,0,-10,8.7,False,False,False,-4,0.92,0.00328499847
Frame,755,3.44430733,2.19257927,7.2833333,True,False,None,Playing,False,False,False,6,0,51.08905,0,-10,8.7,False,False,False,-4,0.92,0.00293489941
Frame,756,3.44721985,2.19539046,7.2833333,True,False,None,Playing,False,False,False,6,0,51.0553169,0,-10,8.7,False,False,False,-4,0.92,0.00281119626
Frame,757,3.450531,2.19848418,7.2833333,True,False,None,Playing,False,False,False,6,0,51.0181923,0,-10,8.7,False,False,False,-4,0.92,0.0030936012
Frame,758,3.45381165,2.20200086,7.2833333,True,False,None,Playing,False,False,False,6,0,50.97599,0,-10,8.7,False,False,False,-4,0.92,0.0035166028
Frame,759,3.458973,2.20486832,7.2833333,True,False,None,Playing,False,False,False,6,0,50.94158,0,-10,8.7,False,False,False,-4,0.92,0.00286739646
Frame,760,3.461855,2.21012282,7.2833333,True,False,None,Playing,False,False,False,6,0,50.87853,0,-10,8.7,False,False,False,-4,0.92,0.00525440043
Frame,761,3.46466255,2.21299267,7.2833333,True,False,None,Playing,False,False,False,6,0,50.84409,0,-10,8.7,False,False,False,-4,0.92,0.0028697988
Frame,762,3.467371,2.215672,7.2833333,True,False,None,Playing,False,False,False,6,0,50.8119354,0,-10,8.7,False,False,False,-4,0.92,0.00267940061
Frame,763,3.47016716,2.21849751,7.2833333,True,False,None,Playing,False,False,False,6,0,50.77803,0,-10,8.7,False,False,False,-4,0.92,0.00282540382
Frame,764,3.47339439,2.221382,7.2833333,True,False,None,Playing,False,False,False,6,0,50.74342,0,-10,8.7,False,False,False,-4,0.92,0.00288429717
Frame,765,3.47684479,2.2248528,7.2833333,True,False,None,Playing,False,False,False,6,0,50.701767,0,-10,8.7,False,False,False,-4,0.92,0.00347100338
Frame,766,3.48012924,2.22834563,7.2833333,True,False,None,Playing,False,False,False,6,0,50.6598549,0,-10,8.7,False,False,False,-4,0.92,0.0034928997
Frame,767,3.48319817,2.23140764,7.2833333,True,False,None,Playing,False,False,False,6,0,50.6231079,0,-10,8.7,False,False,False,-4,0.92,0.00306189759
Frame,768,3.48656464,2.23448539,7.2833333,True,False,None,Playing,False,False,False,6,0,50.5861778,0,-10,8.7,False,False,False,-4,0.92,0.003077799
Frame,769,3.49126625,2.2395668,7.2833333,True,False,None,Playing,False,False,False,6,0,50.5252,0,-10,8.7,False,False,False,-4,0.92,0.005081399
Frame,770,3.494339,2.24262071,7.2833333,True,False,None,Playing,False,False,False,6,0,50.4885521,0,-10,8.7,False,False,False,-4,0.92,0.0030540037
Frame,771,3.49749374,2.24574757,7.2833333,True,False,None,Playing,False,False,False,6,0,50.45103,0,-10,8.7,False,False,False,-4,0.92,0.00312679983
Frame,772,3.50045013,2.24869537,7.2833333,True,False,None,Playing,False,False,False,6,0,50.415657,0,-10,8.7,False,False,False,-4,0.92,0.00294780335
Frame,773,3.504036,2.25182748,7.2833333,True,False,None,Playing,False,False,False,6,0,50.37807,0,-10,8.7,False,False,False,-4,0.92,0.003131994
Frame,774,3.50842285,2.256132,7.2833333,True,False,None,Playing,False,False,False,6,0,50.32642,0,-10,8.7,False,False,False,-4,0.92,0.00430440065
Frame,775,3.51217651,2.26012969,7.2833333,True,False,None,Playing,False,False,False,6,0,50.2784462,0,-10,8.7,False,False,False,-4,0.92,0.003997704
Frame,776,3.51559067,2.2638402,7.2833333,True,False,None,Playing,False,False,False,6,0,50.2339172,0,-10,8.7,False,False,False,-4,0.92,0.00371049461
Frame,777,3.51887131,2.26685524,7.2833333,True,False,None,Playing,False,False,False,6,0,50.19774,0,-10,8.7,False,False,False,-4,0.92,0.0030150013
Frame,778,3.52209854,2.27030349,7.2833333,True,False,None,Playing,False,False,False,6,0,50.15636,0,-10,8.7,False,False,False,-4,0.92,0.00344829937
Frame,779,3.5253334,2.27345252,7.2833333,True,False,None,Playing,False,False,False,6,0,50.11857,0,-10,8.7,False,False,False,-4,0.92,0.0031491
Frame,780,3.52819443,2.27644014,7.2833333,True,False,None,Playing,False,False,False,6,0,50.0827179,0,-10,8.7,False,False,False,-4,0.92,0.0029877054
Frame,781,3.5310173,2.279327,7.2833333,True,False,None,Playing,False,False,False,6,0,50.0480766,0,-10,8.7,False,False,False,-4,0.92,0.00288679847
Frame,782,3.53376961,2.282076,7.2833333,True,False,None,Playing,False,False,False,6,0,50.01509,0,-10,8.7,False,False,False,-4,0.92,0.002749001
Frame,783,3.537014,2.28524971,7.2833333,True,False,None,Playing,False,False,False,6,0,49.977005,0,-10,8.7,False,False,False,-4,0.92,0.00317389448
Frame,784,3.54019547,2.28836942,7.2833333,True,False,None,Playing,False,False,False,6,0,49.9395676,0,-10,8.7,False,False,False,-4,0.92,0.00311980583
Sequence_014,784,3.57519913,2.28836942,7.2833333,True,False,None,Playing,False,False,False,6,0,49.9395676,0,-10,8.7,False,False,False,-4,0.92,0.00311980583
Frame,785,3.5815506,2.329257,7.2833333,True,False,None,Playing,False,False,False,6,0,49.4489174,0,-10,8.7,False,False,False,-4,0.92,0.0408875
Frame,786,3.58750916,2.3352325,7.2833333,True,False,None,Playing,False,False,False,6,0,49.3772125,0,-10,8.7,False,False,False,-4,0.92,0.005975496
Frame,787,3.59120369,2.33930826,7.2833333,True,False,None,Playing,False,False,False,6,0,49.3283,0,-10,8.7,False,False,False,-4,0.92,0.00407580053
Frame,788,3.59467125,2.342786,7.2833333,True,False,None,Playing,False,False,False,6,0,49.2865677,0,-10,8.7,False,False,False,-4,0.92,0.003477799
Frame,789,3.59782028,2.346058,7.2833333,True,False,None,Playing,False,False,False,6,0,49.2473068,0,-10,8.7,False,False,False,-4,0.92,0.00327190338
Frame,790,3.60124588,2.349376,7.2833333,True,False,None,Playing,False,False,False,6,0,49.20749,0,-10,8.7,False,False,False,-4,0.92,0.00331809814
Frame,791,3.605114,2.35317445,7.2833333,True,False,None,Playing,False,False,False,6,0,49.1619072,0,-10,8.7,False,False,False,-4,0.92,0.00379839842
Frame,792,3.608612,2.35664177,7.2833333,True,False,None,Playing,False,False,False,6,0,49.1203,0,-10,8.7,False,False,False,-4,0.92,0.0034673044
Frame,793,3.61259079,2.36081338,7.2833333,True,False,None,Playing,False,False,False,6,0,49.07024,0,-10,8.7,False,False,False,-4,0.92,0.004171698
Frame,794,3.61641884,2.36458778,7.2833333,True,False,None,Playing,False,False,False,6,0,49.02495,0,-10,8.7,False,False,False,-4,0.92,0.003774497
Frame,795,3.619917,2.36797047,7.2833333,True,False,None,Playing,False,False,False,6,0,48.9843559,0,-10,8.7,False,False,False,-4,0.92,0.00338270259
Frame,796,3.623661,2.37142658,7.2833333,True,False,None,Playing,False,False,False,6,0,48.9428825,0,-10,8.7,False,False,False,-4,0.92,0.00345620047
Frame,797,3.62693787,2.37513018,7.2833333,True,False,None,Playing,False,False,False,6,0,48.8984375,0,-10,8.7,False,False,False,-4,0.92,0.0037035998
Frame,798,3.63007545,2.37821722,7.2833333,True,False,None,Playing,False,False,False,6,0,48.861393,0,-10,8.7,False,False,False,-4,0.92,0.003086997
Frame,799,3.63344765,2.381695,7.2833333,True,False,None,Playing,False,False,False,6,0,48.81966,0,-10,8.7,False,False,False,-4,0.92,0.00347790541
Frame,800,3.63741875,2.38499737,7.2833333,True,False,None,Playing,False,False,False,6,0,48.7800331,0,-10,8.7,False,False,False,-4,0.92,0.003302296
Frame,801,3.6407814,2.38874865,7.2833333,True,False,None,Playing,False,False,False,6,0,48.7350159,0,-10,8.7,False,False,False,-4,0.92,0.00375130377
Frame,802,3.644312,2.39246964,7.2833333,True,False,None,Playing,False,False,False,6,0,48.6903648,0,-10,8.7,False,False,False,-4,0.92,0.003720897
Frame,803,3.64788246,2.396171,7.2833333,True,False,None,Playing,False,False,False,6,0,48.6459465,0,-10,8.7,False,False,False,-4,0.92,0.003701403
Frame,804,3.65106,2.399325,7.2833333,True,False,None,Playing,False,False,False,6,0,48.6081,0,-10,8.7,False,False,False,-4,0.92,0.00315389736
Frame,805,3.6550045,2.40320063,7.2833333,True,False,None,Playing,False,False,False,6,0,48.5615921,0,-10,8.7,False,False,False,-4,0.92,0.00387580064
Frame,806,3.658453,2.40667868,7.2833333,True,False,None,Playing,False,False,False,6,0,48.5198555,0,-10,8.7,False,False,False,-4,0.92,0.00347799738
Frame,807,3.661583,2.40977383,7.2833333,True,False,None,Playing,False,False,False,6,0,48.4827156,0,-10,8.7,False,False,False,-4,0.92,0.00309510343
Frame,808,3.66470528,2.41289449,7.2833333,True,False,None,Playing,False,False,False,6,0,48.4452667,0,-10,8.7,False,False,False,-4,0.92,0.00312069873
Frame,809,3.670864,2.41574478,7.2833333,True,False,None,Playing,False,False,False,6,0,48.4110641,0,-10,8.7,False,False,False,-4,0.92,0.00285029761
Frame,810,3.67782021,2.42582917,7.2833333,True,False,None,Playing,False,False,False,6,0,48.29005,0,-10,8.7,False,False,False,-4,0.92,0.010084304
Frame,811,3.68524361,2.432972,7.2833333,True,False,None,Playing,False,False,False,6,0,48.2043381,0,-10,8.7,False,False,False,-4,0.92,0.00714280037
Frame,812,3.68884468,2.43684936,7.2833333,True,False,None,Playing,False,False,False,6,0,48.15781,0,-10,8.7,False,False,False,-4,0.92,0.00387729588
Frame,813,3.69179726,2.43999624,7.2833333,True,False,None,Playing,False,False,False,6,0,48.1200447,0,-10,8.7,False,False,False,-4,0.92,0.00314680417
Frame,814,3.69515038,2.44340181,7.2833333,True,False,None,Playing,False,False,False,6,0,48.0791779,0,-10,8.7,False,False,False,-4,0.92,0.00340549881
Frame,815,3.6979847,2.44616175,7.2833333,True,False,None,Playing,False,False,False,6,0,48.04606,0,-10,8.7,False,False,False,-4,0.92,0.00275989948
Frame,816,3.70309258,2.45086837,7.2833333,True,False,None,Playing,False,False,False,6,0,47.9895821,0,-10,8.7,False,False,False,-4,0.92,0.00470659742
Frame,817,3.7060833,2.45434618,7.2833333,True,False,None,Playing,False,False,False,6,0,47.9478455,0,-10,8.7,False,False,False,-4,0.92,0.00347769982
Frame,818,3.70943832,2.45769548,7.2833333,True,False,None,Playing,False,False,False,6,0,47.9076538,0,-10,8.7,False,False,False,-4,0.92,0.00334940478
Frame,819,3.71278381,2.46108079,7.2833333,True,False,None,Playing,False,False,False,6,0,47.86703,0,-10,8.7,False,False,False,-4,0.92,0.003385197
Frame,820,3.71653938,2.46473622,7.2833333,True,False,None,Playing,False,False,False,6,0,47.8231659,0,-10,8.7,False,False,False,-4,0.92,0.00365539966
Frame,821,3.720745,2.468608,7.2833333,True,False,None,Playing,False,False,False,6,0,47.7767067,0,-10,8.7,False,False,False,-4,0.92,0.00387159875
Frame,822,3.724865,2.472938,7.2833333,True,False,None,Playing,False,False,False,6,0,47.7247429,0,-10,8.7,False,False,False,-4,0.92,0.004330102
Frame,823,3.72769356,2.47591877,7.2833333,True,False,None,Playing,False,False,False,6,0,47.6889763,0,-10,8.7,False,False,False,-4,0.92,0.00298080361
Frame,824,3.73065758,2.47885346,7.2833333,True,False,None,Playing,False,False,False,6,0,47.65376,0,-10,8.7,False,False,False,-4,0.92,0.00293459464
Frame,825,3.73419,2.482204,7.2833333,True,False,None,Playing,False,False,False,6,0,47.6135521,0,-10,8.7,False,False,False,-4,0.92,0.00335040386
Frame,826,3.73751068,2.48569632,7.2833333,True,False,None,Playing,False,False,False,6,0,47.5716438,0,-10,8.7,False,False,False,-4,0.92,0.00349239656
Frame,827,3.74115181,2.48924255,7.2833333,True,False,None,Playing,False,False,False,6,0,47.52909,0,-10,8.7,False,False,False,-4,0.92,0.003546301
Sequence_015,827,3.771286,2.48924255,7.2833333,True,False,None,Playing,False,False,False,6,0,47.52909,0,-10,8.7,False,False,False,-4,0.92,0.003546301
Frame,828,3.77839851,2.52621174,7.2833333,True,False,None,Playing,False,False,False,6,0,47.08546,0,-10,8.7,False,False,False,-4,0.92,0.0369693041
Frame,829,3.78268242,2.53078222,7.2833333,True,False,None,Playing,False,False,False,6,0,47.0306129,0,-10,8.7,False,False,False,-4,0.92,0.00457040127
Frame,830,3.78662872,2.53461576,7.2833333,True,False,None,Playing,False,False,False,6,0,46.98461,0,-10,8.7,False,False,False,-4,0.92,0.00383359543
Frame,831,3.790081,2.53801417,7.2833333,True,False,None,Playing,False,False,False,6,0,46.9438324,0,-10,8.7,False,False,False,-4,0.92,0.00339839864
Frame,832,3.79331779,2.54157019,7.2833333,True,False,None,Playing,False,False,False,6,0,46.9011574,0,-10,8.7,False,False,False,-4,0.92,0.00355610112
Frame,833,3.79611588,2.5444243,7.2833333,True,False,None,Playing,False,False,False,6,0,46.86691,0,-10,8.7,False,False,False,-4,0.92,0.002854103
Frame,834,3.79909134,2.547331,7.2833333,True,False,None,Playing,False,False,False,6,0,46.8320274,0,-10,8.7,False,False,False,-4,0.92,0.00290679559
Frame,835,3.80298615,2.55054522,7.2833333,True,False,None,Playing,False,False,False,6,0,46.793457,0,-10,8.7,False,False,False,-4,0.92,0.00321410154
Frame,836,3.80666924,2.554868,7.2833333,True,False,None,Playing,False,False,False,6,0,46.7415848,0,-10,8.7,False,False,False,-4,0.92,0.004322803
Frame,837,3.81003952,2.55813646,7.2833333,True,False,None,Playing,False,False,False,6,0,46.7023621,0,-10,8.7,False,False,False,-4,0.92,0.00326839578
Frame,838,3.813282,2.56141543,7.2833333,True,False,None,Playing,False,False,False,6,0,46.6630173,0,-10,8.7,False,False,False,-4,0.92,0.00327890459
Frame,839,3.81737328,2.56506419,7.2833333,True,False,None,Playing,False,False,False,6,0,46.6192322,0,-10,8.7,False,False,False,-4,0.92,0.00364869623
Frame,840,3.82146835,2.569358,7.2833333,True,False,None,Playing,False,False,False,6,0,46.5677032,0,-10,8.7,False,False,False,-4,0.92,0.004294005
Frame,841,3.82535362,2.57318258,7.2833333,True,False,None,Playing,False,False,False,6,0,46.52181,0,-10,8.7,False,False,False,-4,0.92,0.00382449687
Frame,842,3.82828712,2.57656074,7.2833333,True,False,None,Playing,False,False,False,6,0,46.4812737,0,-10,8.7,False,False,False,-4,0.92,0.003378203
Frame,843,3.831026,2.579354,7.2833333,True,False,None,Playing,False,False,False,6,0,46.4477539,0,-10,8.7,False,False,False,-4,0.92,0.00279339566
Frame,844,3.83432,2.582139,7.2833333,True,False,None,Playing,False,False,False,6,0,46.4143333,0,-10,8.7,False,False,False,-4,0.92,0.00278499862
Frame,845,3.8373394,2.58553123,7.2833333,True,False,None,Playing,False,False,False,6,0,46.3736267,0,-10,8.7,False,False,False,-4,0.92,0.003392106
Frame,846,3.84271812,2.590809,7.2833333,True,False,None,Playing,False,False,False,6,0,46.31029,0,-10,8.7,False,False,False,-4,0.92,0.005277799
Frame,847,3.84581947,2.594119,7.2833333,True,False,None,Playing,False,False,False,6,0,46.2705727,0,-10,8.7,False,False,False,-4,0.92,0.00330999866
Frame,848,3.84871483,2.59696937,7.2833333,True,False,None,Playing,False,False,False,6,0,46.2363663,0,-10,8.7,False,False,False,-4,0.92,0.00285019842
Frame,849,3.85186577,2.600039,7.2833333,True,False,None,Playing,False,False,False,6,0,46.19953,0,-10,8.7,False,False,False,-4,0.92,0.00306969951
Frame,850,3.856371,2.604289,7.2833333,True,False,None,Playing,False,False,False,6,0,46.1485329,0,-10,8.7,False,False,False,-4,0.92,0.00425009942
Frame,851,3.859621,2.60791135,7.2833333,True,False,None,Playing,False,False,False,6,0,46.1050644,0,-10,8.7,False,False,False,-4,0.92,0.00362230022
Frame,852,3.86261559,2.610805,7.2833333,True,False,None,Playing,False,False,False,6,0,46.07034,0,-10,8.7,False,False,False,-4,0.92,0.00289379968
Frame,853,3.86549759,2.61361885,7.2833333,True,False,None,Playing,False,False,False,6,0,46.0365753,0,-10,8.7,False,False,False,-4,0.92,0.00281390315
Frame,854,3.86864853,2.61677432,7.2833333,True,False,None,Playing,False,False,False,6,0,45.9987068,0,-10,8.7,False,False,False,-4,0.92,0.00315539958
Frame,855,3.873024,2.62031651,7.2833333,True,False,None,Playing,False,False,False,6,0,45.9562035,0,-10,8.7,False,False,False,-4,0.92,0.003542099
Frame,856,3.876318,2.62449861,7.2833333,True,False,None,Playing,False,False,False,6,0,45.9060173,0,-10,8.7,False,False,False,-4,0.92,0.004182001
Frame,857,3.87925148,2.62741137,7.2833333,True,False,None,Playing,False,False,False,6,0,45.8710632,0,-10,8.7,False,False,False,-4,0.92,0.00291279773
Frame,858,3.88217354,2.6303463,7.2833333,True,False,None,Playing,False,False,False,6,0,45.8358459,0,-10,8.7,False,False,False,-4,0.92,0.00293489941
Frame,859,3.88718987,2.635324,7.2833333,True,False,None,Playing,False,False,False,6,0,45.7761154,0,-10,8.7,False,False,False,-4,0.92,0.00497760065
Frame,860,3.89017677,2.63844824,7.2833333,True,False,None,Playing,False,False,False,6,0,45.7386246,0,-10,8.7,False,False,False,-4,0.92,0.00312429853
Frame,861,3.89296341,2.641272,7.2833333,True,False,None,Playing,False,False,False,6,0,45.7047348,0,-10,8.7,False,False,False,-4,0.92,0.0028239016
Frame,862,3.8960247,2.644366,7.2833333,True,False,None,Playing,False,False,False,6,0,45.66761,0,-10,8.7,False,False,False,-4,0.92,0.003093998
Frame,863,3.8990593,2.64726067,7.2833333,True,False,None,Playing,False,False,False,6,0,45.6328735,0,-10,8.7,False,False,False,-4,0.92,0.00289470656
Frame,864,3.90201378,2.65015435,7.2833333,True,False,None,Playing,False,False,False,6,0,45.59815,0,-10,8.7,False,False,False,-4,0.92,0.00289369328
Frame,865,3.9056263,2.65381241,7.2833333,True,False,None,Playing,False,False,False,6,0,45.5542526,0,-10,8.7,False,False,False,-4,0.92,0.00365800038
Frame,866,3.908802,2.6569798,7.2833333,True,False,None,Playing,False,False,False,6,0,45.516243,0,-10,8.7,False,False,False,-4,0.92,0.00316740363
Frame,867,3.91194916,2.66014361,7.2833333,True,False,None,Playing,False,False,False,6,0,45.47828,0,-10,8.7,False,False,False,-4,0.92,0.003163903
Frame,868,3.91484451,2.663008,7.2833333,True,False,None,Playing,False,False,False,6,0,45.4439049,0,-10,8.7,False,False,False,-4,0.92,0.002864399
Frame,869,3.9182148,2.66599846,7.2833333,True,False,None,Playing,False,False,False,6,0,45.40802,0,-10,8.7,False,False,False,-4,0.92,0.00299059669
Frame,870,3.922186,2.67007732,7.2833333,True,False,None,Playing,False,False,False,6,0,45.3590736,0,-10,8.7,False,False,False,-4,0.92,0.004078897
Frame,871,3.92570877,2.67368221,7.2833333,True,False,None,Playing,False,False,False,6,0,45.315815,0,-10,8.7,False,False,False,-4,0.92,0.0036048044
Frame,872,3.9291687,2.67734647,7.2833333,True,False,None,Playing,False,False,False,6,0,45.271843,0,-10,8.7,False,False,False,-4,0.92,0.00366429985
Frame,873,3.93223,2.68038583,7.2833333,True,False,None,Playing,False,False,False,6,0,45.23537,0,-10,8.7,False,False,False,-4,0.92,0.00303939916
Frame,874,3.93557167,2.68376231,7.2833333,True,False,None,Playing,False,False,False,6,0,45.19485,0,-10,8.7,False,False,False,-4,0.92,0.00337640313
Frame,875,3.93876266,2.68698645,7.2833333,True,False,None,Playing,False,False,False,6,0,45.1561623,0,-10,8.7,False,False,False,-4,0.92,0.00322419917
Frame,876,3.9418602,2.690033,7.2833333,True,False,None,Playing,False,False,False,6,0,45.119606,0,-10,8.7,False,False,False,-4,0.92,0.00304649933
Sequence_016,876,3.97357178,2.690033,7.2833333,True,False,None,Playing,False,False,False,6,0,45.119606,0,-10,8.7,False,False,False,-4,0.92,0.00304649933
Frame,877,3.98274231,2.730528,7.2833333,True,False,None,Playing,False,False,False,6,0,44.6336632,0,-10,8.7,False,False,False,-4,0.92,0.0404950976
Frame,878,3.991623,2.73957753,7.2833333,True,False,None,Playing,False,False,False,6,0,44.52507,0,-10,8.7,False,False,False,-4,0.92,0.009049404
Frame,879,3.99749565,2.74563479,7.2833333,True,False,None,Playing,False,False,False,6,0,44.45238,0,-10,8.7,False,False,False,-4,0.92,0.00605719956
Frame,880,4.000435,2.74868226,7.2833333,True,False,None,Playing,False,False,False,6,0,44.4158134,0,-10,8.7,False,False,False,-4,0.92,0.00304739946
Frame,881,4.003647,2.75170255,7.2833333,True,False,None,Playing,False,False,False,6,0,44.37957,0,-10,8.7,False,False,False,-4,0.92,0.00302029471
Frame,882,4.007204,2.755266,7.2833333,True,False,None,Playing,False,False,False,6,0,44.33681,0,-10,8.7,False,False,False,-4,0.92,0.0035635063
Frame,883,4.010298,2.75855255,7.2833333,True,False,None,Playing,False,False,False,6,0,44.29737,0,-10,8.7,False,False,False,-4,0.92,0.00328649371
Frame,884,4.013321,2.76147079,7.2833333,True,False,None,Playing,False,False,False,6,0,44.262352,0,-10,8.7,False,False,False,-4,0.92,0.00291820429
Frame,885,4.017187,2.76538467,7.2833333,True,False,None,Playing,False,False,False,6,0,44.2153854,0,-10,8.7,False,False,False,-4,0.92,0.003913797
Frame,886,4.020941,2.7688067,7.2833333,True,False,None,Playing,False,False,False,6,0,44.17432,0,-10,8.7,False,False,False,-4,0.92,0.00342190336
Frame,887,4.024025,2.77213335,7.2833333,True,False,None,Playing,False,False,False,6,0,44.1344032,0,-10,8.7,False,False,False,-4,0.92,0.00332670077
Frame,888,4.02725029,2.77548027,7.2833333,True,False,None,Playing,False,False,False,6,0,44.09424,0,-10,8.7,False,False,False,-4,0.92,0.00334699545
Frame,889,4.03047943,2.7787,7.2833333,True,False,None,Playing,False,False,False,6,0,44.0556,0,-10,8.7,False,False,False,-4,0.92,0.003219905
Frame,890,4.033928,2.78188252,7.2833333,True,False,None,Playing,False,False,False,6,0,44.01741,0,-10,8.7,False,False,False,-4,0.92,0.00318229874
Frame,891,4.037508,2.78539014,7.2833333,True,False,None,Playing,False,False,False,6,0,43.97532,0,-10,8.7,False,False,False,-4,0.92,0.00350759644
Frame,892,4.04089546,2.789009,7.2833333,True,False,None,Playing,False,False,False,6,0,43.9318924,0,-10,8.7,False,False,False,-4,0.92,0.00361900521
Frame,893,4.044029,2.79219866,7.2833333,True,False,None,Playing,False,False,False,6,0,43.8936157,0,-10,8.7,False,False,False,-4,0.92,0.00318959751
Frame,894,4.0471077,2.795279,7.2833333,True,False,None,Playing,False,False,False,6,0,43.85665,0,-10,8.7,False,False,False,-4,0.92,0.00308039971
Frame,895,4.05005264,2.79819155,7.2833333,True,False,None,Playing,False,False,False,6,0,43.8217,0,-10,8.7,False,False,False,-4,0.92,0.00291259913
Frame,896,4.05312157,2.801257,7.2833333,True,False,None,Playing,False,False,False,6,0,43.78492,0,-10,8.7,False,False,False,-4,0.92,0.003065299
Frame,897,4.056408,2.8043313,7.2833333,True,False,None,Playing,False,False,False,6,0,43.748024,0,-10,8.7,False,False,False,-4,0.92,0.0030743056
Frame,898,4.060093,2.80807924,7.2833333,True,False,None,Playing,False,False,False,6,0,43.70305,0,-10,8.7,False,False,False,-4,0.92,0.00374789536
Frame,899,4.06382751,2.81156874,7.2833333,True,False,None,Playing,False,False,False,6,0,43.6611748,0,-10,8.7,False,False,False,-4,0.92,0.00348960469
Frame,900,4.067341,2.815627,7.2833333,True,False,None,Playing,False,False,False,6,0,43.6124763,0,-10,8.7,False,False,False,-4,0.92,0.004058397
Frame,901,4.07025146,2.81858253,7.2833333,True,False,None,Playing,False,False,False,6,0,43.57701,0,-10,8.7,False,False,False,-4,0.92,0.00295549887
Frame,902,4.07345,2.821625,7.2833333,True,False,None,Playing,False,False,False,6,0,43.5405,0,-10,8.7,False,False,False,-4,0.92,0.00304250279
Frame,903,4.07694244,2.8248384,7.2833333,True,False,None,Playing,False,False,False,6,0,43.50194,0,-10,8.7,False,False,False,-4,0.92,0.0032134
Frame,904,4.080717,2.8286438,7.2833333,True,False,None,Playing,False,False,False,6,0,43.4562759,0,-10,8.7,False,False,False,-4,0.92,0.00380539964
Frame,905,4.08390045,2.83219934,7.2833333,True,False,None,Playing,False,False,False,6,0,43.41361,0,-10,8.7,False,False,False,-4,0.92,0.003555598
Frame,906,4.08721542,2.83537626,7.2833333,True,False,None,Playing,False,False,False,6,0,43.37549,0,-10,8.7,False,False,False,-4,0.92,0.00317689916
Frame,907,4.09016228,2.8382864,7.2833333,True,False,None,Playing,False,False,False,6,0,43.3405647,0,-10,8.7,False,False,False,-4,0.92,0.00291009783
Frame,908,4.09494972,2.84309173,7.2833333,True,False,None,Playing,False,False,False,6,0,43.2829,0,-10,8.7,False,False,False,-4,0.92,0.00480539957
Frame,909,4.098194,2.846528,7.2833333,True,False,None,Playing,False,False,False,6,0,43.2416649,0,-10,8.7,False,False,False,-4,0.92,0.00343630253
Frame,910,4.10232544,2.850071,7.2833333,True,False,None,Playing,False,False,False,6,0,43.19915,0,-10,8.7,False,False,False,-4,0.92,0.00354299881
Frame,911,4.10590172,2.85398912,7.2833333,True,False,None,Playing,False,False,False,6,0,43.15213,0,-10,8.7,False,False,False,-4,0.92,0.00391810527
Frame,912,4.10911369,2.857288,7.2833333,True,False,None,Playing,False,False,False,6,0,43.112545,0,-10,8.7,False,False,False,-4,0.92,0.00329869613
Frame,913,4.11224,2.86038136,7.2833333,True,False,None,Playing,False,False,False,6,0,43.0754242,0,-10,8.7,False,False,False,-4,0.92,0.00309340283
Frame,914,4.115345,2.863506,7.2833333,True,False,None,Playing,False,False,False,6,0,43.03793,0,-10,8.7,False,False,False,-4,0.92,0.00312469527
Frame,915,4.118208,2.86640429,7.2833333,True,False,None,Playing,False,False,False,6,0,43.00315,0,-10,8.7,False,False,False,-4,0.92,0.002898101
Frame,916,4.121063,2.869298,7.2833333,True,False,None,Playing,False,False,False,6,0,42.9684258,0,-10,8.7,False,False,False,-4,0.92,0.00289379968
Frame,917,4.123991,2.872203,7.2833333,True,False,None,Playing,False,False,False,6,0,42.9335632,0,-10,8.7,False,False,False,-4,0.92,0.00290520117
Frame,918,4.12672234,2.87499118,7.2833333,True,False,None,Playing,False,False,False,6,0,42.90011,0,-10,8.7,False,False,False,-4,0.92,0.00278810225
Frame,919,4.13009834,2.8780427,7.2833333,True,False,None,Playing,False,False,False,6,0,42.8634872,0,-10,8.7,False,False,False,-4,0.92,0.00305160158
Frame,920,4.134243,2.8817668,7.2833333,True,False,None,Playing,False,False,False,6,0,42.8187981,0,-10,8.7,False,False,False,-4,0.92,0.00372419925
Frame,921,4.13832664,2.88609767,7.2833333,True,False,None,Playing,False,False,False,6,0,42.76683,0,-10,8.7,False,False,False,-4,0.92,0.00433079666
Frame,922,4.1422596,2.89033532,7.2833333,True,False,None,Playing,False,False,False,6,0,42.7159767,0,-10,8.7,False,False,False,-4,0.92,0.004237599
Sequence_017,922,4.17099762,2.89033532,7.2833333,True,False,None,Playing,False,False,False,6,0,42.7159767,0,-10,8.7,False,False,False,-4,0.92,0.004237599
Frame,923,4.17765236,2.925629,7.2833333,True,False,None,Playing,False,False,False,6,0,42.2924538,0,-10,8.7,False,False,False,-4,0.92,0.0352936
Frame,924,4.182474,2.93050313,7.2833333,True,False,None,Playing,False,False,False,6,0,42.233963,0,-10,8.7,False,False,False,-4,0.92,0.00487429835
Frame,925,4.186632,2.934424,7.2833333,True,False,None,Playing,False,False,False,6,0,42.1869125,0,-10,8.7,False,False,False,-4,0.92,0.00392090436
Frame,926,4.1901226,2.938298,7.2833333,True,False,None,Playing,False,False,False,6,0,42.1404266,0,-10,8.7,False,False,False,-4,0.92,0.0038741
Frame,927,4.19316673,2.94137526,7.2833333,True,False,None,Playing,False,False,False,6,0,42.1034966,0,-10,8.7,False,False,False,-4,0.92,0.00307729584
Frame,928,4.19665337,2.94464469,7.2833333,True,False,None,Playing,False,False,False,6,0,42.0642662,0,-10,8.7,False,False,False,-4,0.92,0.003269501
Frame,929,4.199991,2.94813514,7.2833333,True,False,None,Playing,False,False,False,6,0,42.02238,0,-10,8.7,False,False,False,-4,0.92,0.00349050458
Frame,930,4.204172,2.95180345,7.2833333,True,False,None,Playing,False,False,False,6,0,41.97836,0,-10,8.7,False,False,False,-4,0.92,0.0036681972
Frame,931,4.20879745,2.95699143,7.2833333,True,False,None,Playing,False,False,False,6,0,41.9161034,0,-10,8.7,False,False,False,-4,0.92,0.005187996
Frame,932,4.21211243,2.960172,7.2833333,True,False,None,Playing,False,False,False,6,0,41.8779373,0,-10,8.7,False,False,False,-4,0.92,0.00318040675
Frame,933,4.21513557,2.96329331,7.2833333,True,False,None,Playing,False,False,False,6,0,41.84048,0,-10,8.7,False,False,False,-4,0.92,0.00312140025
Frame,934,4.218109,2.96626449,7.2833333,True,False,None,Playing,False,False,False,6,0,41.8048248,0,-10,8.7,False,False,False,-4,0.92,0.00297119468
Frame,935,4.22108459,2.96929717,7.2833333,True,False,None,Playing,False,False,False,6,0,41.7684364,0,-10,8.7,False,False,False,-4,0.92,0.00303270272
Frame,936,4.22456551,2.972576,7.2833333,True,False,None,Playing,False,False,False,6,0,41.7290878,0,-10,8.7,False,False,False,-4,0.92,0.00327879819
Frame,937,4.22750664,2.97573352,7.2833333,True,False,None,Playing,False,False,False,6,0,41.6912,0,-10,8.7,False,False,False,-4,0.92,0.00315750414
Frame,938,4.23047447,2.978701,7.2833333,True,False,None,Playing,False,False,False,6,0,41.6555862,0,-10,8.7,False,False,False,-4,0.92,0.0029674957
Frame,939,4.23321724,2.98153329,7.2833333,True,False,None,Playing,False,False,False,6,0,41.6216,0,-10,8.7,False,False,False,-4,0.92,0.00283210026
Frame,940,4.236355,2.984512,7.2833333,True,False,None,Playing,False,False,False,6,0,41.5858574,0,-10,8.7,False,False,False,-4,0.92,0.00297889742
Frame,941,4.240446,2.98851228,7.2833333,True,False,None,Playing,False,False,False,6,0,41.5378532,0,-10,8.7,False,False,False,-4,0.92,0.00400020555
Frame,942,4.24490738,2.99268866,7.2833333,True,False,None,Playing,False,False,False,6,0,41.48774,0,-10,8.7,False,False,False,-4,0.92,0.00417629676
Frame,943,4.248558,2.99627757,7.2833333,True,False,None,Playing,False,False,False,6,0,41.44467,0,-10,8.7,False,False,False,-4,0.92,0.00358900218
Frame,944,4.25587845,3.000452,7.2833333,True,False,None,Playing,False,False,False,6,0,41.394577,0,-10,8.7,False,False,False,-4,0.92,0.004174398
Frame,945,4.26022148,3.007956,7.2833333,True,False,None,Playing,False,False,False,6,0,41.30453,0,-10,8.7,False,False,False,-4,0.92,0.00750400359
Frame,946,4.26510429,3.012125,7.2833333,True,False,None,Playing,False,False,False,6,0,41.2545,0,-10,8.7,False,False,False,-4,0.92,0.004168998
Frame,947,4.27100945,3.0175,7.2833333,True,False,None,Playing,False,False,False,6,0,41.1900024,0,-10,8.7,False,False,False,-4,0.92,0.005374802
Frame,948,4.275234,3.02340579,7.2833333,True,False,None,Playing,False,False,False,6,0,41.11913,0,-10,8.7,False,False,False,-4,0.92,0.00590589549
Frame,949,4.27924156,3.02714658,7.2833333,True,False,None,Playing,False,False,False,6,0,41.07424,0,-10,8.7,False,False,False,-4,0.92,0.00374080217
Frame,950,4.28261375,3.03082156,7.2833333,True,False,None,Playing,False,False,False,6,0,41.0301437,0,-10,8.7,False,False,False,-4,0.92,0.00367509923
Frame,951,4.287163,3.03524852,7.2833333,True,False,None,Playing,False,False,False,6,0,40.97702,0,-10,8.7,False,False,False,-4,0.92,0.004426998
Frame,952,4.291031,3.0389576,7.2833333,True,False,None,Playing,False,False,False,6,0,40.93251,0,-10,8.7,False,False,False,-4,0.92,0.00370899937
Frame,953,4.29508972,3.04300141,7.2833333,True,False,None,Playing,False,False,False,6,0,40.8839836,0,-10,8.7,False,False,False,-4,0.92,0.0040438
Frame,954,4.30014229,3.048387,7.2833333,True,False,None,Playing,False,False,False,6,0,40.819355,0,-10,8.7,False,False,False,-4,0.92,0.0053857
Frame,955,4.304302,3.05208278,7.2833333,True,False,None,Playing,False,False,False,6,0,40.77501,0,-10,8.7,False,False,False,-4,0.92,0.00369570567
Frame,956,4.308056,3.05611658,7.2833333,True,False,None,Playing,False,False,False,6,0,40.7266045,0,-10,8.7,False,False,False,-4,0.92,0.004033794
Frame,957,4.311468,3.05930448,7.2833333,True,False,None,Playing,False,False,False,6,0,40.6883469,0,-10,8.7,False,False,False,-4,0.92,0.003188003
Frame,958,4.315468,3.06317472,7.2833333,True,False,None,Playing,False,False,False,6,0,40.6419029,0,-10,8.7,False,False,False,-4,0.92,0.00387020269
Frame,959,4.319296,3.066911,7.2833333,True,False,None,Playing,False,False,False,6,0,40.59707,0,-10,8.7,False,False,False,-4,0.92,0.00373629527
Frame,960,4.32296753,3.070878,7.2833333,True,False,None,Playing,False,False,False,6,0,40.5494652,0,-10,8.7,False,False,False,-4,0.92,0.003967099
Frame,961,4.326475,3.07437778,7.2833333,True,False,None,Playing,False,False,False,6,0,40.50747,0,-10,8.7,False,False,False,-4,0.92,0.00349970232
Frame,962,4.329912,3.077741,7.2833333,True,False,None,Playing,False,False,False,6,0,40.46711,0,-10,8.7,False,False,False,-4,0.92,0.00336320163
Frame,963,4.33322144,3.08112288,7.2833333,True,False,None,Playing,False,False,False,6,0,40.4265251,0,-10,8.7,False,False,False,-4,0.92,0.003381902
Frame,964,4.33758926,3.0850997,7.2833333,True,False,None,Playing,False,False,False,6,0,40.3788071,0,-10,8.7,False,False,False,-4,0.92,0.0039768
Frame,965,4.34134865,3.08953547,7.2833333,True,False,None,Playing,False,False,False,6,0,40.3255768,0,-10,8.7,False,False,False,-4,0.92,0.0044357
Frame,966,4.344843,3.09261727,7.2833333,True,False,None,Playing,False,False,False,6,0,40.2885933,0,-10,8.7,False,False,False,-4,0.92,0.003081895
Sequence_018,966,4.3727684,3.09261727,7.2833333,True,False,None,Playing,False,False,False,6,0,40.2885933,0,-10,8.7,False,False,False,-4,0.92,0.003081895
Frame,967,4.379717,3.12728167,7.2833333,True,False,None,Playing,False,False,False,6,0,39.8726234,0,-10,8.7,False,False,False,-4,0.92,0.0346644074
Frame,968,4.38513,3.132909,7.2833333,True,False,None,Playing,False,False,False,6,0,39.80509,0,-10,8.7,False,False,False,-4,0.92,0.005627296
Frame,969,4.38904953,3.13664484,7.2833333,True,False,None,Playing,False,False,False,6,0,39.76026,0,-10,8.7,False,False,False,-4,0.92,0.00373589853
Frame,970,4.39209175,3.1402247,7.2833333,True,False,None,Playing,False,False,False,6,0,39.7173042,0,-10,8.7,False,False,False,-4,0.92,0.00357980444
Frame,971,4.395273,3.14351916,7.2833333,True,False,None,Playing,False,False,False,6,0,39.6777725,0,-10,8.7,False,False,False,-4,0.92,0.00329450122
Frame,972,4.39860344,3.146791,7.2833333,True,False,None,Playing,False,False,False,6,0,39.6385078,0,-10,8.7,False,False,False,-4,0.92,0.003271797
Frame,973,4.40193939,3.14994264,7.2833333,True,False,None,Playing,False,False,False,6,0,39.60069,0,-10,8.7,False,False,False,-4,0.92,0.0031517006
Frame,974,4.406103,3.154141,7.2833333,True,False,None,Playing,False,False,False,6,0,39.55031,0,-10,8.7,False,False,False,-4,0.92,0.00419839844
Frame,975,4.41039658,3.15856075,7.2833333,True,False,None,Playing,False,False,False,6,0,39.4972725,0,-10,8.7,False,False,False,-4,0.92,0.0044197
Frame,976,4.414034,3.16217756,7.2833333,True,False,None,Playing,False,False,False,6,0,39.45387,0,-10,8.7,False,False,False,-4,0.92,0.00361680123
Frame,977,4.41727066,3.16536331,7.2833333,True,False,None,Playing,False,False,False,6,0,39.41564,0,-10,8.7,False,False,False,-4,0.92,0.00318579935
Frame,978,4.420765,3.168852,7.2833333,True,False,None,Playing,False,False,False,6,0,39.3737755,0,-10,8.7,False,False,False,-4,0.92,0.00348879676
Frame,979,4.424366,3.17239857,7.2833333,True,False,None,Playing,False,False,False,6,0,39.33122,0,-10,8.7,False,False,False,-4,0.92,0.00354650663
Frame,980,4.427765,3.17586517,7.2833333,True,False,None,Playing,False,False,False,6,0,39.28962,0,-10,8.7,False,False,False,-4,0.92,0.00346649671
Frame,981,4.431017,3.179246,7.2833333,True,False,None,Playing,False,False,False,6,0,39.24905,0,-10,8.7,False,False,False,-4,0.92,0.00338080362
Frame,982,4.43423843,3.18230486,7.2833333,True,False,None,Playing,False,False,False,6,0,39.21234,0,-10,8.7,False,False,False,-4,0.92,0.003058794
Frame,983,4.43832,3.186191,7.2833333,True,False,None,Playing,False,False,False,6,0,39.16571,0,-10,8.7,False,False,False,-4,0.92,0.00388630247
Frame,984,4.442133,3.18982482,7.2833333,True,False,None,Playing,False,False,False,6,0,39.1221046,0,-10,8.7,False,False,False,-4,0.92,0.00363380113
Frame,985,4.445957,3.19413233,7.2833333,True,False,None,Playing,False,False,False,6,0,39.0704155,0,-10,8.7,False,False,False,-4,0.92,0.00430759648
Frame,986,4.449232,3.197371,7.2833333,True,False,None,Playing,False,False,False,6,0,39.0315475,0,-10,8.7,False,False,False,-4,0.92,0.00323870475
Frame,987,4.45253754,3.20056915,7.2833333,True,False,None,Playing,False,False,False,6,0,38.99317,0,-10,8.7,False,False,False,-4,0.92,0.00319820014
Frame,988,4.455965,3.204076,7.2833333,True,False,None,Playing,False,False,False,6,0,38.951088,0,-10,8.7,False,False,False,-4,0.92,0.003506895
Frame,989,4.45932,3.20723844,7.2833333,True,False,None,Playing,False,False,False,6,0,38.91314,0,-10,8.7,False,False,False,-4,0.92,0.0031624008
Frame,990,4.4624157,3.2105093,7.2833333,True,False,None,Playing,False,False,False,6,0,38.87389,0,-10,8.7,False,False,False,-4,0.92,0.0032709043
Frame,991,4.466156,3.21409941,7.2833333,True,False,None,Playing,False,False,False,6,0,38.83081,0,-10,8.7,False,False,False,-4,0.92,0.00359000149
Frame,992,4.47600555,3.2239728,7.2833333,True,False,None,Playing,False,False,False,6,0,38.712326,0,-10,8.7,False,False,False,-4,0.92,0.009873299
Frame,993,4.48278046,3.23080945,7.2833333,True,False,None,Playing,False,False,False,6,0,38.6302872,0,-10,8.7,False,False,False,-4,0.92,0.0068366
Frame,994,4.489069,3.23695254,7.2833333,True,False,None,Playing,False,False,False,6,0,38.556572,0,-10,8.7,False,False,False,-4,0.92,0.006143098
Frame,995,4.493046,3.24089575,7.2833333,True,False,None,Playing,False,False,False,6,0,38.50925,0,-10,8.7,False,False,False,-4,0.92,0.00394329662
Frame,996,4.49690056,3.24489069,7.2833333,True,False,None,Playing,False,False,False,6,0,38.4613152,0,-10,8.7,False,False,False,-4,0.92,0.003995004
Frame,997,4.50011253,3.24811888,7.2833333,True,False,None,Playing,False,False,False,6,0,38.4225731,0,-10,8.7,False,False,False,-4,0.92,0.003228302
Frame,998,4.50527763,3.25337148,7.2833333,True,False,None,Playing,False,False,False,6,0,38.3595428,0,-10,8.7,False,False,False,-4,0.92,0.00525249448
Frame,999,4.50829124,3.25651121,7.2833333,True,False,None,Playing,False,False,False,6,0,38.3218651,0,-10,8.7,False,False,False,-4,0.92,0.003139803
Frame,1000,4.51116943,3.259423,7.2833333,True,False,None,Playing,False,False,False,6,0,38.2869263,0,-10,8.7,False,False,False,-4,0.92,0.00291179842
Frame,1001,4.514076,3.26221561,7.2833333,True,False,None,Playing,False,False,False,6,0,38.2534142,0,-10,8.7,False,False,False,-4,0.92,0.00279270136
Frame,1002,4.51738548,3.26539326,7.2833333,True,False,None,Playing,False,False,False,6,0,38.2152824,0,-10,8.7,False,False,False,-4,0.92,0.00317760068
Frame,1003,4.520876,3.26885056,7.2833333,True,False,None,Playing,False,False,False,6,0,38.1737938,0,-10,8.7,False,False,False,-4,0.92,0.00345729874
Frame,1004,4.52440071,3.27251434,7.2833333,True,False,None,Playing,False,False,False,6,0,38.12983,0,-10,8.7,False,False,False,-4,0.92,0.00366369751
Frame,1005,4.52860832,3.276395,7.2833333,True,False,None,Playing,False,False,False,6,0,38.08326,0,-10,8.7,False,False,False,-4,0.92,0.00388080347
Frame,1006,4.53198242,3.27988648,7.2833333,True,False,None,Playing,False,False,False,6,0,38.0413628,0,-10,8.7,False,False,False,-4,0.92,0.0034912983
Frame,1007,4.53632927,3.284254,7.2833333,True,False,None,Playing,False,False,False,6,0,37.9889526,0,-10,8.7,False,False,False,-4,0.92,0.004367503
Frame,1008,4.54110527,3.2892766,7.2833333,True,False,None,Playing,False,False,False,6,0,37.9286842,0,-10,8.7,False,False,False,-4,0.92,0.005022598
Frame,1009,4.54498672,3.29306936,7.2833333,True,False,None,Playing,False,False,False,6,0,37.8831673,0,-10,8.7,False,False,False,-4,0.92,0.00379270129
Sequence_019,1009,4.57319069,3.29306936,7.2833333,True,False,None,Playing,False,False,False,6,0,37.8831673,0,-10,8.7,False,False,False,-4,0.92,0.00379270129
Frame,1010,4.57903862,3.32708526,7.2833333,True,False,None,Playing,False,False,False,6,0,37.47498,0,-10,8.7,False,False,False,-4,0.92,0.0340159
Frame,1011,4.583317,3.33132577,7.2833333,True,False,None,Playing,False,False,False,6,0,37.42409,0,-10,8.7,False,False,False,-4,0.92,0.0042403983
Frame,1012,4.586788,3.33488774,7.2833333,True,False,None,Playing,False,False,False,6,0,37.3813477,0,-10,8.7,False,False,False,-4,0.92,0.00356189767
Frame,1013,4.590412,3.33828926,7.2833333,True,False,None,Playing,False,False,False,6,0,37.34053,0,-10,8.7,False,False,False,-4,0.92,0.00340160145
Frame,1014,4.59405327,3.34199452,7.2833333,True,False,None,Playing,False,False,False,6,0,37.2960663,0,-10,8.7,False,False,False,-4,0.92,0.0037052012
Frame,1015,4.597864,3.345808,7.2833333,True,False,None,Playing,False,False,False,6,0,37.2503052,0,-10,8.7,False,False,False,-4,0.92,0.0038134
Frame,1016,4.60145,3.349606,7.2833333,True,False,None,Playing,False,False,False,6,0,37.2047272,0,-10,8.7,False,False,False,-4,0.92,0.00379810086
Frame,1017,4.605158,3.35316586,7.2833333,True,False,None,Playing,False,False,False,6,0,37.16201,0,-10,8.7,False,False,False,-4,0.92,0.00355989928
Frame,1018,4.60930634,3.35759068,7.2833333,True,False,None,Playing,False,False,False,6,0,37.1089134,0,-10,8.7,False,False,False,-4,0.92,0.00442469539
Frame,1019,4.612835,3.36084461,7.2833333,True,False,None,Playing,False,False,False,6,0,37.0698662,0,-10,8.7,False,False,False,-4,0.92,0.0032539044
Frame,1020,4.616131,3.36427617,7.2833333,True,False,None,Playing,False,False,False,6,0,37.0286865,0,-10,8.7,False,False,False,-4,0.92,0.003431498
Frame,1021,4.61922455,3.36743855,7.2833333,True,False,None,Playing,False,False,False,6,0,36.9907379,0,-10,8.7,False,False,False,-4,0.92,0.0031625
Frame,1022,4.622694,3.3707974,7.2833333,True,False,None,Playing,False,False,False,6,0,36.95043,0,-10,8.7,False,False,False,-4,0.92,0.00335890031
Frame,1023,4.62559128,3.373818,7.2833333,True,False,None,Playing,False,False,False,6,0,36.91419,0,-10,8.7,False,False,False,-4,0.92,0.0030205003
Frame,1024,4.62830925,3.37659025,7.2833333,True,False,None,Playing,False,False,False,6,0,36.88092,0,-10,8.7,False,False,False,-4,0.92,0.00277230027
Frame,1025,4.631485,3.37969041,7.2833333,True,False,None,Playing,False,False,False,6,0,36.8437157,0,-10,8.7,False,False,False,-4,0.92,0.00310019846
Frame,1026,4.634842,3.38287258,7.2833333,True,False,None,Playing,False,False,False,6,0,36.80553,0,-10,8.7,False,False,False,-4,0.92,0.00318219955
Frame,1027,4.63842773,3.38659978,7.2833333,True,False,None,Playing,False,False,False,6,0,36.7608032,0,-10,8.7,False,False,False,-4,0.92,0.00372730312
Frame,1028,4.643965,3.392096,7.2833333,True,False,None,Playing,False,False,False,6,0,36.69485,0,-10,8.7,False,False,False,-4,0.92,0.005496202
Frame,1029,4.64685631,3.39510512,7.2833333,True,False,None,Playing,False,False,False,6,0,36.65874,0,-10,8.7,False,False,False,-4,0.92,0.00300919777
Frame,1030,4.64968872,3.398018,7.2833333,True,False,None,Playing,False,False,False,6,0,36.6237869,0,-10,8.7,False,False,False,-4,0.92,0.00291269831
Frame,1031,4.65267754,3.400895,7.2833333,True,False,None,Playing,False,False,False,6,0,36.58926,0,-10,8.7,False,False,False,-4,0.92,0.00287720375
Frame,1032,4.655815,3.404004,7.2833333,True,False,None,Playing,False,False,False,6,0,36.5519524,0,-10,8.7,False,False,False,-4,0.92,0.00310899946
Frame,1033,4.658846,3.406984,7.2833333,True,False,None,Playing,False,False,False,6,0,36.5161934,0,-10,8.7,False,False,False,-4,0.92,0.0029798965
Frame,1034,4.66192055,3.4100275,7.2833333,True,False,None,Playing,False,False,False,6,0,36.47967,0,-10,8.7,False,False,False,-4,0.92,0.0030433035
Frame,1035,4.66539764,3.413627,7.2833333,True,False,None,Playing,False,False,False,6,0,36.4364777,0,-10,8.7,False,False,False,-4,0.92,0.00359929842
Frame,1036,4.668476,3.41649055,7.2833333,True,False,None,Playing,False,False,False,6,0,36.4021149,0,-10,8.7,False,False,False,-4,0.92,0.00286359829
Frame,1037,4.67196465,3.42012548,7.2833333,True,False,None,Playing,False,False,False,6,0,36.3584976,0,-10,8.7,False,False,False,-4,0.92,0.00363499857
Frame,1038,4.67524338,3.423489,7.2833333,True,False,None,Playing,False,False,False,6,0,36.31813,0,-10,8.7,False,False,False,-4,0.92,0.00336349919
Frame,1039,4.67832,3.42646027,7.2833333,True,False,None,Playing,False,False,False,6,0,36.28248,0,-10,8.7,False,False,False,-4,0.92,0.00297110272
Frame,1040,4.68106651,3.42938375,7.2833333,True,False,None,Playing,False,False,False,6,0,36.2474,0,-10,8.7,False,False,False,-4,0.92,0.002923604
Frame,1041,4.68597031,3.43392873,7.2833333,True,False,None,Playing,False,False,False,6,0,36.1928558,0,-10,8.7,False,False,False,-4,0.92,0.004544997
Frame,1042,4.688923,3.43712163,7.2833333,True,False,None,Playing,False,False,False,6,0,36.15454,0,-10,8.7,False,False,False,-4,0.92,0.003192999
Frame,1043,4.69222641,3.44041,7.2833333,True,False,None,Playing,False,False,False,6,0,36.11508,0,-10,8.7,False,False,False,-4,0.92,0.00328820152
Frame,1044,4.69549561,3.443505,7.2833333,True,False,None,Playing,False,False,False,6,0,36.0779381,0,-10,8.7,False,False,False,-4,0.92,0.00309509644
Frame,1045,4.6989193,3.446927,7.2833333,True,False,None,Playing,False,False,False,6,0,36.0368767,0,-10,8.7,False,False,False,-4,0.92,0.00342210173
Frame,1046,4.70262146,3.4505434,7.2833333,True,False,None,Playing,False,False,False,6,0,35.99348,0,-10,8.7,False,False,False,-4,0.92,0.003616298
Frame,1047,4.70574951,3.454024,7.2833333,True,False,None,Playing,False,False,False,6,0,35.9517136,0,-10,8.7,False,False,False,-4,0.92,0.003480605
Frame,1048,4.709587,3.457809,7.2833333,True,False,None,Playing,False,False,False,6,0,35.906292,0,-10,8.7,False,False,False,-4,0.92,0.00378480018
Frame,1049,4.71224,3.460565,7.2833333,True,False,None,Playing,False,False,False,6,0,35.8732224,0,-10,8.7,False,False,False,-4,0.92,0.002756094
Frame,1050,4.715122,3.463426,7.2833333,True,False,None,Playing,False,False,False,6,0,35.83889,0,-10,8.7,False,False,False,-4,0.92,0.00286100479
Frame,1051,4.718239,3.46648026,7.2833333,True,False,None,Playing,False,False,False,6,0,35.80224,0,-10,8.7,False,False,False,-4,0.92,0.003054195
Frame,1052,4.72126961,3.46946836,7.2833333,True,False,None,Playing,False,False,False,6,0,35.76638,0,-10,8.7,False,False,False,-4,0.92,0.00298800319
Frame,1053,4.72390175,3.47216249,7.2833333,True,False,None,Playing,False,False,False,6,0,35.73405,0,-10,8.7,False,False,False,-4,0.92,0.00269420352
Frame,1054,4.72730637,3.47526121,7.2833333,True,False,None,Playing,False,False,False,6,0,35.69687,0,-10,8.7,False,False,False,-4,0.92,0.00309879542
Frame,1055,4.730713,3.47898173,7.2833333,True,False,None,Playing,False,False,False,6,0,35.6522179,0,-10,8.7,False,False,False,-4,0.92,0.00372050027
Frame,1056,4.734968,3.48281884,7.2833333,True,False,None,Playing,False,False,False,6,0,35.6061745,0,-10,8.7,False,False,False,-4,0.92,0.00383720244
Frame,1057,4.73979,3.48748636,7.2833333,True,False,None,Playing,False,False,False,6,0,35.5501671,0,-10,8.7,False,False,False,-4,0.92,0.004667496
Frame,1058,4.74292564,3.491071,7.2833333,True,False,None,Playing,False,False,False,6,0,35.50715,0,-10,8.7,False,False,False,-4,0.92,0.00358460168
Frame,1059,4.745859,3.494052,7.2833333,True,False,None,Playing,False,False,False,6,0,35.47138,0,-10,8.7,False,False,False,-4,0.92,0.00298090279
Sequence_020,1059,4.786358,3.494052,7.2833333,True,False,None,Playing,False,False,False,6,0,35.47138,0,-10,8.7,False,False,False,-4,0.92,0.00298090279
Frame,1060,4.79144669,3.5395093,7.2833333,True,False,None,Playing,False,False,False,6,0,34.9258881,0,-10,8.7,False,False,False,-4,0.92,0.0454573
Frame,1061,4.795746,3.54389453,7.2833333,True,False,None,Playing,False,False,False,6,0,34.87327,0,-10,8.7,False,False,False,-4,0.92,0.00438530324
Frame,1062,4.79871,3.54690814,7.2833333,True,False,None,Playing,False,False,False,6,0,34.8371048,0,-10,8.7,False,False,False,-4,0.92,0.00301359827
Frame,1063,4.801712,3.54983854,7.2833333,True,False,None,Playing,False,False,False,6,0,34.80194,0,-10,8.7,False,False,False,-4,0.92,0.00293039973
Frame,1064,4.80502129,3.55324,7.2833333,True,False,None,Playing,False,False,False,6,0,34.76112,0,-10,8.7,False,False,False,-4,0.92,0.00340160145
Frame,1065,4.80801773,3.55618048,7.2833333,True,False,None,Playing,False,False,False,6,0,34.7258339,0,-10,8.7,False,False,False,-4,0.92,0.00294039818
Frame,1066,4.81097031,3.559293,7.2833333,True,False,None,Playing,False,False,False,6,0,34.6884842,0,-10,8.7,False,False,False,-4,0.92,0.00311259925
Frame,1067,4.81399727,3.56211138,7.2833333,True,False,None,Playing,False,False,False,6,0,34.6546631,0,-10,8.7,False,False,False,-4,0.92,0.00281840283
Frame,1068,4.81765938,3.56584573,7.2833333,True,False,None,Playing,False,False,False,6,0,34.60985,0,-10,8.7,False,False,False,-4,0.92,0.0037343963
Frame,1069,4.820755,3.56892467,7.2833333,True,False,None,Playing,False,False,False,6,0,34.5729065,0,-10,8.7,False,False,False,-4,0.92,0.00307889748
Frame,1070,4.82399,3.57206249,7.2833333,True,False,None,Playing,False,False,False,6,0,34.53525,0,-10,8.7,False,False,False,-4,0.92,0.003137904
Frame,1071,4.82692146,3.57517076,7.2833333,True,False,None,Playing,False,False,False,6,0,34.49795,0,-10,8.7,False,False,False,-4,0.92,0.00310819875
Frame,1072,4.829628,3.57794213,7.2833333,True,False,None,Playing,False,False,False,6,0,34.464695,0,-10,8.7,False,False,False,-4,0.92,0.002771301
Frame,1073,4.832752,3.580793,7.2833333,True,False,None,Playing,False,False,False,6,0,34.43049,0,-10,8.7,False,False,False,-4,0.92,0.00285080075
Frame,1074,4.83659554,3.58446836,7.2833333,True,False,None,Playing,False,False,False,6,0,34.38638,0,-10,8.7,False,False,False,-4,0.92,0.003675496
Frame,1075,4.839939,3.58814478,7.2833333,True,False,None,Playing,False,False,False,6,0,34.3422623,0,-10,8.7,False,False,False,-4,0.92,0.003676403
Frame,1076,4.843054,3.591287,7.2833333,True,False,None,Playing,False,False,False,6,0,34.3045578,0,-10,8.7,False,False,False,-4,0.92,0.00314199971
Frame,1077,4.84631157,3.59452748,7.2833333,True,False,None,Playing,False,False,False,6,0,34.26567,0,-10,8.7,False,False,False,-4,0.92,0.00324059674
Frame,1078,4.84898567,3.59731054,7.2833333,True,False,None,Playing,False,False,False,6,0,34.2322731,0,-10,8.7,False,False,False,-4,0.92,0.00278310664
Frame,1079,4.85203362,3.60017467,7.2833333,True,False,None,Playing,False,False,False,6,0,34.1979065,0,-10,8.7,False,False,False,-4,0.92,0.00286409445
Frame,1080,4.85520172,3.60346246,7.2833333,True,False,None,Playing,False,False,False,6,0,34.15845,0,-10,8.7,False,False,False,-4,0.92,0.003287904
Frame,1081,4.862013,3.60673547,7.2833333,True,False,None,Playing,False,False,False,6,0,34.119175,0,-10,8.7,False,False,False,-4,0.92,0.00327289547
Frame,1082,4.868988,3.61668277,7.2833333,True,False,None,Playing,False,False,False,6,0,33.99981,0,-10,8.7,False,False,False,-4,0.92,0.009947406
Frame,1083,4.8758564,3.62394929,7.2833333,True,False,None,Playing,False,False,False,6,0,33.91261,0,-10,8.7,False,False,False,-4,0.92,0.007266596
Frame,1084,4.881983,3.6300323,7.2833333,True,False,None,Playing,False,False,False,6,0,33.83961,0,-10,8.7,False,False,False,-4,0.92,0.00608309964
Frame,1085,4.88525,3.633213,7.2833333,True,False,None,Playing,False,False,False,6,0,33.801445,0,-10,8.7,False,False,False,-4,0.92,0.0031808035
Frame,1086,4.888792,3.63687563,7.2833333,True,False,None,Playing,False,False,False,6,0,33.7574959,0,-10,8.7,False,False,False,-4,0.92,0.00366269844
Frame,1087,4.89191628,3.6400795,7.2833333,True,False,None,Playing,False,False,False,6,0,33.7190475,0,-10,8.7,False,False,False,-4,0.92,0.0032038975
Frame,1088,4.90875244,3.656683,7.2833333,True,False,None,Playing,False,False,False,6,0,33.5198059,0,-10,8.7,False,False,False,-4,0.92,0.0166034
C_IntroMiddle,1088,4.910202,3.656683,7.2833333,True,False,None,Playing,False,False,False,6,0,33.5198059,0,-10,8.7,False,False,False,-4,0.92,0.0166034
Sequence_021,1088,5.006548,3.656683,7.2833333,True,False,None,Playing,False,False,False,6,0,33.5198059,0,-10,8.7,False,False,False,-4,0.92,0.0166034
Frame,1089,5.01392555,3.76150155,7.2833333,True,False,None,Playing,False,False,False,6,0,32.261982,0,-10,8.7,False,False,False,-4,0.92,0.104818605
Frame,1090,5.018818,3.76671767,7.2833333,True,False,None,Playing,False,False,False,6,0,32.19939,0,-10,8.7,False,False,False,-4,0.92,0.005216199
Frame,1091,5.02255249,3.77011776,7.2833333,True,False,None,Playing,False,False,False,6,0,32.15859,0,-10,8.7,False,False,False,-4,0.92,0.0034
Frame,1092,5.02693748,3.77456236,7.2833333,True,False,None,Playing,False,False,False,6,0,32.10525,0,-10,8.7,False,False,False,-4,0.92,0.00444469973
Frame,1093,5.03074074,3.7788856,7.2833333,True,False,None,Playing,False,False,False,6,0,32.0533752,0,-10,8.7,False,False,False,-4,0.92,0.00432329951
Frame,1094,5.03442,3.78214073,7.2833333,True,False,None,Playing,False,False,False,6,0,32.0143127,0,-10,8.7,False,False,False,-4,0.92,0.00325520127
Frame,1095,5.037798,3.78602982,7.2833333,True,False,None,Playing,False,False,False,6,0,31.9676437,0,-10,8.7,False,False,False,-4,0.92,0.00388900237
Frame,1096,5.041233,3.78940272,7.2833333,True,False,None,Playing,False,False,False,6,0,31.9271679,0,-10,8.7,False,False,False,-4,0.92,0.0033728953
Frame,1097,5.046753,3.794425,7.2833333,True,False,None,Playing,False,False,False,6,0,31.8669014,0,-10,8.7,False,False,False,-4,0.92,0.0050223
Frame,1098,5.050169,3.79787,7.2833333,True,False,None,Playing,False,False,False,6,0,31.8255634,0,-10,8.7,False,False,False,-4,0.92,0.00344490516
Frame,1099,5.053257,3.80142379,7.2833333,True,False,None,Playing,False,False,False,6,0,31.782917,0,-10,8.7,False,False,False,-4,0.92,0.00355389738
Frame,1100,5.0572567,3.80512643,7.2833333,True,False,None,Playing,False,False,False,6,0,31.7384853,0,-10,8.7,False,False,False,-4,0.92,0.00370260072
Frame,1101,5.06108856,3.809067,7.2833333,True,False,None,Playing,False,False,False,6,0,31.6911983,0,-10,8.7,False,False,False,-4,0.92,0.003940696
Frame,1102,5.064337,3.81231451,7.2833333,True,False,None,Playing,False,False,False,6,0,31.6522274,0,-10,8.7,False,False,False,-4,0.92,0.00324740657
Frame,1103,5.067791,3.81602144,7.2833333,True,False,None,Playing,False,False,False,6,0,31.6077423,0,-10,8.7,False,False,False,-4,0.92,0.00370689481
Frame,1104,5.071659,3.81992435,7.2833333,True,False,None,Playing,False,False,False,6,0,31.56091,0,-10,8.7,False,False,False,-4,0.92,0.00390290539
Frame,1105,5.07519341,3.82340431,7.2833333,True,False,None,Playing,False,False,False,6,0,31.51915,0,-10,8.7,False,False,False,-4,0.92,0.00347989658
Frame,1106,5.0788,3.82672572,7.2833333,True,False,None,Playing,False,False,False,6,0,31.4792919,0,-10,8.7,False,False,False,-4,0.92,0.00332140015
Frame,1107,5.08218956,3.830384,7.2833333,True,False,None,Playing,False,False,False,6,0,31.4353924,0,-10,8.7,False,False,False,-4,0.92,0.003658298
Frame,1108,5.085705,3.83391523,7.2833333,True,False,None,Playing,False,False,False,6,0,31.3930187,0,-10,8.7,False,False,False,-4,0.92,0.00353110116
Frame,1109,5.08896065,3.837264,7.2833333,True,False,None,Playing,False,False,False,6,0,31.3528328,0,-10,8.7,False,False,False,-4,0.92,0.00334880245
Frame,1110,5.09197235,3.840206,7.2833333,True,False,None,Playing,False,False,False,6,0,31.3175316,0,-10,8.7,False,False,False,-4,0.92,0.00294180121
Frame,1111,5.095001,3.843304,7.2833333,True,False,None,Playing,False,False,False,6,0,31.2803555,0,-10,8.7,False,False,False,-4,0.92,0.003098094
Frame,1112,5.09783173,3.84608316,7.2833333,True,False,None,Playing,False,False,False,6,0,31.2470036,0,-10,8.7,False,False,False,-4,0.92,0.00277930126
Frame,1113,5.100918,3.8491807,7.2833333,True,False,None,Playing,False,False,False,6,0,31.2098331,0,-10,8.7,False,False,False,-4,0.92,0.00309750577
Frame,1114,5.104067,3.85220885,7.2833333,True,False,None,Playing,False,False,False,6,0,31.1734943,0,-10,8.7,False,False,False,-4,0.92,0.00302809663
Frame,1115,5.10713,3.855295,7.2833333,True,False,None,Playing,False,False,False,6,0,31.1364632,0,-10,8.7,False,False,False,-4,0.92,0.00308620324
Frame,1116,5.110111,3.85838985,7.2833333,True,False,None,Playing,False,False,False,6,0,31.0993233,0,-10,8.7,False,False,False,-4,0.92,0.003094898
Frame,1117,5.1133194,3.86120439,7.2833333,True,False,None,Playing,False,False,False,6,0,31.0655479,0,-10,8.7,False,False,False,-4,0.92,0.00281459745
Frame,1118,5.11648,3.86469579,7.2833333,True,False,None,Playing,False,False,False,6,0,31.023653,0,-10,8.7,False,False,False,-4,0.92,0.00349140447
Frame,1119,5.11957,3.867765,7.2833333,True,False,None,Playing,False,False,False,6,0,30.9868221,0,-10,8.7,False,False,False,-4,0.92,0.00306909718
Frame,1120,5.12482071,3.87297821,7.2833333,True,False,None,Playing,False,False,False,6,0,30.924263,0,-10,8.7,False,False,False,-4,0.92,0.00521320151
Frame,1121,5.12779236,3.87594366,7.2833333,True,False,None,Playing,False,False,False,6,0,30.8886776,0,-10,8.7,False,False,False,-4,0.92,0.00296549755
Frame,1122,5.131235,3.879216,7.2833333,True,False,None,Playing,False,False,False,6,0,30.84941,0,-10,8.7,False,False,False,-4,0.92,0.003272201
Frame,1123,5.134945,3.88313365,7.2833333,True,False,None,Playing,False,False,False,6,0,30.8023987,0,-10,8.7,False,False,False,-4,0.92,0.003917701
Frame,1124,5.13861275,3.88653374,7.2833333,True,False,None,Playing,False,False,False,6,0,30.7615967,0,-10,8.7,False,False,False,-4,0.92,0.00340019842
Frame,1125,5.141781,3.88993573,7.2833333,True,False,None,Playing,False,False,False,6,0,30.7207718,0,-10,8.7,False,False,False,-4,0.92,0.003401899
Frame,1126,5.145895,3.89321542,7.2833333,True,False,None,Playing,False,False,False,6,0,30.6814156,0,-10,8.7,False,False,False,-4,0.92,0.003279698
Frame,1127,5.14925766,3.89740372,7.2833333,True,False,None,Playing,False,False,False,6,0,30.6311569,0,-10,8.7,False,False,False,-4,0.92,0.00418830058
Frame,1128,5.15229225,3.90050364,7.2833333,True,False,None,Playing,False,False,False,6,0,30.5939579,0,-10,8.7,False,False,False,-4,0.92,0.00309980148
Frame,1129,5.15539551,3.903603,7.2833333,True,False,None,Playing,False,False,False,6,0,30.5567646,0,-10,8.7,False,False,False,-4,0.92,0.00309939776
Frame,1130,5.158491,3.90664124,7.2833333,True,False,None,Playing,False,False,False,6,0,30.5203056,0,-10,8.7,False,False,False,-4,0.92,0.00303820148
Frame,1131,5.16180038,3.90961528,7.2833333,True,False,None,Playing,False,False,False,6,0,30.4846172,0,-10,8.7,False,False,False,-4,0.92,0.0029741
Frame,1132,5.16558075,3.91352868,7.2833333,True,False,None,Playing,False,False,False,6,0,30.4376564,0,-10,8.7,False,False,False,-4,0.92,0.00391330058
Frame,1133,5.169138,3.91738343,7.2833333,True,False,None,Playing,False,False,False,6,0,30.3914,0,-10,8.7,False,False,False,-4,0.92,0.00385479722
Frame,1134,5.172167,3.92040658,7.2833333,True,False,None,Playing,False,False,False,6,0,30.3551216,0,-10,8.7,False,False,False,-4,0.92,0.0030232002
Sequence_022,1134,5.202074,3.92040658,7.2833333,True,False,None,Playing,False,False,False,6,0,30.3551216,0,-10,8.7,False,False,False,-4,0.92,0.0030232002
Frame,1135,5.211273,3.95907712,7.2833333,True,False,None,Playing,False,False,False,6,0,29.891077,0,-10,8.7,False,False,False,-4,0.92,0.0386706
Frame,1136,5.21933174,3.96724916,7.2833333,True,False,None,Playing,False,False,False,6,0,29.7930126,0,-10,8.7,False,False,False,-4,0.92,0.008172101
Frame,1137,5.225601,3.97355,7.2833333,True,False,None,Playing,False,False,False,6,0,29.7174015,0,-10,8.7,False,False,False,-4,0.92,0.00630099932
Frame,1138,5.22868156,3.97689819,7.2833333,True,False,None,Playing,False,False,False,6,0,29.6772232,0,-10,8.7,False,False,False,-4,0.92,0.003348101
Frame,1139,5.231798,3.97999477,7.2833333,True,False,None,Playing,False,False,False,6,0,29.6400642,0,-10,8.7,False,False,False,-4,0.92,0.00309649948
Frame,1140,5.23500252,3.98296857,7.2833333,True,False,None,Playing,False,False,False,6,0,29.6043777,0,-10,8.7,False,False,False,-4,0.92,0.00297390157
Frame,1141,5.23856926,3.98663568,7.2833333,True,False,None,Playing,False,False,False,6,0,29.5603733,0,-10,8.7,False,False,False,-4,0.92,0.003667099
Frame,1142,5.24243736,3.990345,7.2833333,True,False,None,Playing,False,False,False,6,0,29.5158615,0,-10,8.7,False,False,False,-4,0.92,0.00370930415
Frame,1143,5.246065,3.99433565,7.2833333,True,False,None,Playing,False,False,False,6,0,29.4679718,0,-10,8.7,False,False,False,-4,0.92,0.003990696
Frame,1144,5.24893951,3.99718881,7.2833333,True,False,None,Playing,False,False,False,6,0,29.4337349,0,-10,8.7,False,False,False,-4,0.92,0.00285310368
Frame,1145,5.2521553,4.00017738,7.2833333,True,False,None,Playing,False,False,False,6,0,29.3978748,0,-10,8.7,False,False,False,-4,0.92,0.0029886975
Frame,1146,5.255596,4.00365639,7.2833333,True,False,None,Playing,False,False,False,6,0,29.3561249,0,-10,8.7,False,False,False,-4,0.92,0.0034788975
Frame,1147,5.258499,4.00677872,7.2833333,True,False,None,Playing,False,False,False,6,0,29.3186588,0,-10,8.7,False,False,False,-4,0.92,0.00312250573
Frame,1148,5.261652,4.00979662,7.2833333,True,False,None,Playing,False,False,False,6,0,29.2824421,0,-10,8.7,False,False,False,-4,0.92,0.00301789958
Frame,1149,5.26485062,4.01293039,7.2833333,True,False,None,Playing,False,False,False,6,0,29.2448387,0,-10,8.7,False,False,False,-4,0.92,0.00313359546
Frame,1150,5.26810265,4.015984,7.2833333,True,False,None,Playing,False,False,False,6,0,29.2081947,0,-10,8.7,False,False,False,-4,0.92,0.00305359974
Frame,1151,5.27198029,4.01990032,7.2833333,True,False,None,Playing,False,False,False,6,0,29.1611977,0,-10,8.7,False,False,False,-4,0.92,0.00391630549
Frame,1152,5.275461,4.02369452,7.2833333,True,False,None,Playing,False,False,False,6,0,29.11567,0,-10,8.7,False,False,False,-4,0.92,0.00379419653
Frame,1153,5.27856636,4.02657461,7.2833333,True,False,None,Playing,False,False,False,6,0,29.0811043,0,-10,8.7,False,False,False,-4,0.92,0.002880102
Frame,1154,5.281906,4.030089,7.2833333,True,False,None,Playing,False,False,False,6,0,29.0389328,0,-10,8.7,False,False,False,-4,0.92,0.00351420068
Frame,1155,5.28490448,4.032954,7.2833333,True,False,None,Playing,False,False,False,6,0,29.004549,0,-10,8.7,False,False,False,-4,0.92,0.00286510051
Frame,1156,5.289114,4.037313,7.2833333,True,False,None,Playing,False,False,False,6,0,28.9522457,0,-10,8.7,False,False,False,-4,0.92,0.0043585957
Frame,1157,5.292103,4.040286,7.2833333,True,False,None,Playing,False,False,False,6,0,28.9165688,0,-10,8.7,False,False,False,-4,0.92,0.00297310087
Frame,1158,5.29532242,4.043317,7.2833333,True,False,None,Playing,False,False,False,6,0,28.8802,0,-10,8.7,False,False,False,-4,0.92,0.003031002
Frame,1159,5.29841232,4.046679,7.2833333,True,False,None,Playing,False,False,False,6,0,28.8398533,0,-10,8.7,False,False,False,-4,0.92,0.00336240069
Frame,1160,5.301779,4.049694,7.2833333,True,False,None,Playing,False,False,False,6,0,28.80367,0,-10,8.7,False,False,False,-4,0.92,0.0030150013
Frame,1161,5.30545235,4.053308,7.2833333,True,False,None,Playing,False,False,False,6,0,28.7603054,0,-10,8.7,False,False,False,-4,0.92,0.00361379678
Frame,1162,5.308672,4.05683041,7.2833333,True,False,None,Playing,False,False,False,6,0,28.7180386,0,-10,8.7,False,False,False,-4,0.92,0.00352259772
Frame,1163,5.31170845,4.05998373,7.2833333,True,False,None,Playing,False,False,False,6,0,28.6801968,0,-10,8.7,False,False,False,-4,0.92,0.00315330224
Frame,1164,5.31452942,4.06273365,7.2833333,True,False,None,Playing,False,False,False,6,0,28.6471977,0,-10,8.7,False,False,False,-4,0.92,0.00274970243
Frame,1165,5.317478,4.06552649,7.2833333,True,False,None,Playing,False,False,False,6,0,28.6136837,0,-10,8.7,False,False,False,-4,0.92,0.00279280054
Frame,1166,5.32251549,4.070698,7.2833333,True,False,None,Playing,False,False,False,6,0,28.5516281,0,-10,8.7,False,False,False,-4,0.92,0.00517119467
Frame,1167,5.3261795,4.074098,7.2833333,True,False,None,Playing,False,False,False,6,0,28.5108223,0,-10,8.7,False,False,False,-4,0.92,0.00340050319
Frame,1168,5.32932663,4.07763863,7.2833333,True,False,None,Playing,False,False,False,6,0,28.4683361,0,-10,8.7,False,False,False,-4,0.92,0.00354039832
Frame,1169,5.33243942,4.0805974,7.2833333,True,False,None,Playing,False,False,False,6,0,28.4328346,0,-10,8.7,False,False,False,-4,0.92,0.0029589003
Frame,1170,5.335596,4.08378458,7.2833333,True,False,None,Playing,False,False,False,6,0,28.3945885,0,-10,8.7,False,False,False,-4,0.92,0.00318740075
Frame,1171,5.339035,4.087207,7.2833333,True,False,None,Playing,False,False,False,6,0,28.35352,0,-10,8.7,False,False,False,-4,0.92,0.00342239928
Frame,1172,5.34221649,4.09026051,7.2833333,True,False,None,Playing,False,False,False,6,0,28.3168736,0,-10,8.7,False,False,False,-4,0.92,0.00305350055
Frame,1173,5.345791,4.09369755,7.2833333,True,False,None,Playing,False,False,False,6,0,28.275629,0,-10,8.7,False,False,False,-4,0.92,0.00343710324
Frame,1174,5.348749,4.0968914,7.2833333,True,False,None,Playing,False,False,False,6,0,28.2373028,0,-10,8.7,False,False,False,-4,0.92,0.00319379964
Frame,1175,5.351593,4.099802,7.2833333,True,False,None,Playing,False,False,False,6,0,28.2023773,0,-10,8.7,False,False,False,-4,0.92,0.00291039539
Frame,1176,5.354311,4.10253859,7.2833333,True,False,None,Playing,False,False,False,6,0,28.1695385,0,-10,8.7,False,False,False,-4,0.92,0.00273679849
Frame,1177,5.35700226,4.10521841,7.2833333,True,False,None,Playing,False,False,False,6,0,28.1373825,0,-10,8.7,False,False,False,-4,0.92,0.00267990353
Frame,1178,5.359911,4.10811,7.2833333,True,False,None,Playing,False,False,False,6,0,28.1026821,0,-10,8.7,False,False,False,-4,0.92,0.00289149652
Frame,1179,5.36279869,4.110967,7.2833333,True,False,None,Playing,False,False,False,6,0,28.0683937,0,-10,8.7,False,False,False,-4,0.92,0.00285719964
Frame,1180,5.366045,4.114226,7.2833333,True,False,None,Playing,False,False,False,6,0,28.02929,0,-10,8.7,False,False,False,-4,0.92,0.003258801
Frame,1181,5.369005,4.117278,7.2833333,True,False,None,Playing,False,False,False,6,0,27.9926643,0,-10,8.7,False,False,False,-4,0.92,0.00305220368
Frame,1182,5.372429,4.1206975,7.2833333,True,False,None,Playing,False,False,False,6,0,27.9516315,0,-10,8.7,False,False,False,-4,0.92,0.00341919647
Sequence_023,1182,5.4164257,4.1206975,7.2833333,True,False,None,Playing,False,False,False,6,0,27.9516315,0,-10,8.7,False,False,False,-4,0.92,0.00341919647
Frame,1183,5.422304,4.1701026,7.2833333,True,False,None,Playing,False,False,False,6,0,27.35877,0,-10,8.7,False,False,False,-4,0.92,0.049405
Frame,1184,5.42672729,4.17469931,7.2833333,True,False,None,Playing,False,False,False,6,0,27.3036079,0,-10,8.7,False,False,False,-4,0.92,0.00459649926
Frame,1185,5.43046951,4.17848349,7.2833333,True,False,None,Playing,False,False,False,6,0,27.2581978,0,-10,8.7,False,False,False,-4,0.92,0.00378419785
Frame,1186,5.433546,4.181815,7.2833333,True,False,None,Playing,False,False,False,6,0,27.21822,0,-10,8.7,False,False,False,-4,0.92,0.00333180279
Frame,1187,5.437292,4.18520832,7.2833333,True,False,None,Playing,False,False,False,6,0,27.1775017,0,-10,8.7,False,False,False,-4,0.92,0.00339329639
Frame,1188,5.44018745,4.18843842,7.2833333,True,False,None,Playing,False,False,False,6,0,27.13874,0,-10,8.7,False,False,False,-4,0.92,0.0032303005
Frame,1189,5.44309235,4.1913085,7.2833333,True,False,None,Playing,False,False,False,6,0,27.1043015,0,-10,8.7,False,False,False,-4,0.92,0.00287020276
Frame,1190,5.44597244,4.194192,7.2833333,True,False,None,Playing,False,False,False,6,0,27.0696964,0,-10,8.7,False,False,False,-4,0.92,0.00288349623
Frame,1191,5.449774,4.19794035,7.2833333,True,False,None,Playing,False,False,False,6,0,27.0247173,0,-10,8.7,False,False,False,-4,0.92,0.003748604
Frame,1192,5.45315933,4.201439,7.2833333,True,False,None,Playing,False,False,False,6,0,26.9827347,0,-10,8.7,False,False,False,-4,0.92,0.00349849765
Frame,1193,5.45685768,4.20509672,7.2833333,True,False,None,Playing,False,False,False,6,0,26.93884,0,-10,8.7,False,False,False,-4,0.92,0.003657901
Frame,1194,5.4596653,4.207985,7.2833333,True,False,None,Playing,False,False,False,6,0,26.9041824,0,-10,8.7,False,False,False,-4,0.92,0.0028882015
Frame,1195,5.462721,4.21096039,7.2833333,True,False,None,Playing,False,False,False,6,0,26.868475,0,-10,8.7,False,False,False,-4,0.92,0.002975496
Frame,1196,5.466215,4.214206,7.2833333,True,False,None,Playing,False,False,False,6,0,26.8295269,0,-10,8.7,False,False,False,-4,0.92,0.00324570574
Frame,1197,5.47005463,4.21807,7.2833333,True,False,None,Playing,False,False,False,6,0,26.7831631,0,-10,8.7,False,False,False,-4,0.92,0.00386369764
Frame,1198,5.47407532,4.22191429,7.2833333,True,False,None,Playing,False,False,False,6,0,26.73703,0,-10,8.7,False,False,False,-4,0.92,0.00384430261
Frame,1199,5.47704124,4.225359,7.2833333,True,False,None,Playing,False,False,False,6,0,26.6956921,0,-10,8.7,False,False,False,-4,0.92,0.003444898
Frame,1200,5.47985268,4.22806263,7.2833333,True,False,None,Playing,False,False,False,6,0,26.66325,0,-10,8.7,False,False,False,-4,0.92,0.00270359986
Frame,1201,5.48329735,4.231288,7.2833333,True,False,None,Playing,False,False,False,6,0,26.6245441,0,-10,8.7,False,False,False,-4,0.92,0.0032250993
Frame,1202,5.48691368,4.23515368,7.2833333,True,False,None,Playing,False,False,False,6,0,26.5781555,0,-10,8.7,False,False,False,-4,0.92,0.003865703
Frame,1203,5.489996,4.23813725,7.2833333,True,False,None,Playing,False,False,False,6,0,26.5423546,0,-10,8.7,False,False,False,-4,0.92,0.00298349629
Frame,1204,5.49551,4.24100161,7.2833333,True,False,None,Playing,False,False,False,6,0,26.5079823,0,-10,8.7,False,False,False,-4,0.92,0.002864399
Frame,1205,5.498667,4.24683571,7.2833333,True,False,None,Playing,False,False,False,6,0,26.4379711,0,-10,8.7,False,False,False,-4,0.92,0.00583399925
Frame,1206,5.50222969,4.249859,7.2833333,True,False,None,Playing,False,False,False,6,0,26.4016933,0,-10,8.7,False,False,False,-4,0.92,0.0030232002
Frame,1207,5.50609,4.254058,7.2833333,True,False,None,Playing,False,False,False,6,0,26.3513088,0,-10,8.7,False,False,False,-4,0.92,0.00419880264
Frame,1208,5.5090313,4.257329,7.2833333,True,False,None,Playing,False,False,False,6,0,26.3120518,0,-10,8.7,False,False,False,-4,0.92,0.003271301
Frame,1209,5.511997,4.260289,7.2833333,True,False,None,Playing,False,False,False,6,0,26.27653,0,-10,8.7,False,False,False,-4,0.92,0.00295999856
Frame,1210,5.514843,4.26315832,7.2833333,True,False,None,Playing,False,False,False,6,0,26.2421017,0,-10,8.7,False,False,False,-4,0.92,0.002868998
Frame,1211,5.517704,4.265901,7.2833333,True,False,None,Playing,False,False,False,6,0,26.2091866,0,-10,8.7,False,False,False,-4,0.92,0.00274270121
Frame,1212,5.5212307,4.26918125,7.2833333,True,False,None,Playing,False,False,False,6,0,26.1698265,0,-10,8.7,False,False,False,-4,0.92,0.00328030041
Frame,1213,5.5247345,4.27300739,7.2833333,True,False,None,Playing,False,False,False,6,0,26.1239128,0,-10,8.7,False,False,False,-4,0.92,0.00382619747
Frame,1214,5.52912331,4.277354,7.2833333,True,False,None,Playing,False,False,False,6,0,26.0717583,0,-10,8.7,False,False,False,-4,0.92,0.004346606
Frame,1215,5.53203964,4.280263,7.2833333,True,False,None,Playing,False,False,False,6,0,26.0368462,0,-10,8.7,False,False,False,-4,0.92,0.00290939631
Frame,1216,5.53535843,4.28363276,7.2833333,True,False,None,Playing,False,False,False,6,0,25.9964085,0,-10,8.7,False,False,False,-4,0.92,0.00337000424
Frame,1217,5.53853035,4.2866807,7.2833333,True,False,None,Playing,False,False,False,6,0,25.9598312,0,-10,8.7,False,False,False,-4,0.92,0.00304789538
Frame,1218,5.54166031,4.2898,7.2833333,True,False,None,Playing,False,False,False,6,0,25.9224014,0,-10,8.7,False,False,False,-4,0.92,0.00311930268
Frame,1219,5.54472733,4.292807,7.2833333,True,False,None,Playing,False,False,False,6,0,25.8863163,0,-10,8.7,False,False,False,-4,0.92,0.00300690182
Frame,1220,5.547968,4.295839,7.2833333,True,False,None,Playing,False,False,False,6,0,25.8499355,0,-10,8.7,False,False,False,-4,0.92,0.0030318948
Frame,1221,5.55259132,4.30021954,7.2833333,True,False,None,Playing,False,False,False,6,0,25.797369,0,-10,8.7,False,False,False,-4,0.92,0.00438080356
Frame,1222,5.556322,4.304444,7.2833333,True,False,None,Playing,False,False,False,6,0,25.7466736,0,-10,8.7,False,False,False,-4,0.92,0.00422439771
Frame,1223,5.55931473,4.307491,7.2833333,True,False,None,Playing,False,False,False,6,0,25.71011,0,-10,8.7,False,False,False,-4,0.92,0.00304700248
Frame,1224,5.56238,4.310503,7.2833333,True,False,None,Playing,False,False,False,6,0,25.6739655,0,-10,8.7,False,False,False,-4,0.92,0.00301229442
Frame,1225,5.56625366,4.314054,7.2833333,True,False,None,Playing,False,False,False,6,0,25.6313534,0,-10,8.7,False,False,False,-4,0.92,0.0035511055
Frame,1226,5.571829,4.31952429,7.2833333,True,False,None,Playing,False,False,False,6,0,25.5657082,0,-10,8.7,False,False,False,-4,0.92,0.005470295
Sequence_024,1226,5.602543,4.31952429,7.2833333,True,False,None,Playing,False,False,False,6,0,25.5657082,0,-10,8.7,False,False,False,-4,0.92,0.005470295
Frame,1227,5.608856,4.35696268,7.2833333,True,False,None,Playing,False,False,False,6,0,25.1164513,0,-10,8.7,False,False,False,-4,0.92,0.0374384
Frame,1228,5.61309433,4.361095,7.2833333,True,False,None,Playing,False,False,False,6,0,25.066864,0,-10,8.7,False,False,False,-4,0.92,0.004132405
Frame,1229,5.61613846,4.364331,7.2833333,True,False,None,Playing,False,False,False,6,0,25.0280342,0,-10,8.7,False,False,False,-4,0.92,0.003235601
Frame,1230,5.61910248,4.36736631,7.2833333,True,False,None,Playing,False,False,False,6,0,24.9916058,0,-10,8.7,False,False,False,-4,0.92,0.00303559378
Frame,1231,5.62210274,4.3702383,7.2833333,True,False,None,Playing,False,False,False,6,0,24.9571419,0,-10,8.7,False,False,False,-4,0.92,0.00287210173
Frame,1232,5.624857,4.373116,7.2833333,True,False,None,Playing,False,False,False,6,0,24.92261,0,-10,8.7,False,False,False,-4,0.92,0.00287750131
Frame,1233,5.62756538,4.37583256,7.2833333,True,False,None,Playing,False,False,False,6,0,24.89001,0,-10,8.7,False,False,False,-4,0.92,0.00271670218
Frame,1234,5.63057327,4.378789,7.2833333,True,False,None,Playing,False,False,False,6,0,24.8545361,0,-10,8.7,False,False,False,-4,0.92,0.00295629958
Frame,1235,5.634512,4.382454,7.2833333,True,False,None,Playing,False,False,False,6,0,24.8105564,0,-10,8.7,False,False,False,-4,0.92,0.00366519974
Frame,1236,5.63785,4.386006,7.2833333,True,False,None,Playing,False,False,False,6,0,24.7679329,0,-10,8.7,False,False,False,-4,0.92,0.00355199841
Frame,1237,5.64110374,4.38928461,7.2833333,True,False,None,Playing,False,False,False,6,0,24.7285843,0,-10,8.7,False,False,False,-4,0.92,0.00327889738
Frame,1238,5.64421654,4.39225054,7.2833333,True,False,None,Playing,False,False,False,6,0,24.6929951,0,-10,8.7,False,False,False,-4,0.92,0.00296600047
Frame,1239,5.64728928,4.39529562,7.2833333,True,False,None,Playing,False,False,False,6,0,24.6564541,0,-10,8.7,False,False,False,-4,0.92,0.00304510351
Frame,1240,5.650524,4.398622,7.2833333,True,False,None,Playing,False,False,False,6,0,24.616539,0,-10,8.7,False,False,False,-4,0.92,0.00332629681
Frame,1241,5.653675,4.401885,7.2833333,True,False,None,Playing,False,False,False,6,0,24.577383,0,-10,8.7,False,False,False,-4,0.92,0.00326280482
Frame,1242,5.656555,4.40469456,7.2833333,True,False,None,Playing,False,False,False,6,0,24.5436649,0,-10,8.7,False,False,False,-4,0.92,0.002809297
Frame,1243,5.659195,4.40746069,7.2833333,True,False,None,Playing,False,False,False,6,0,24.5104752,0,-10,8.7,False,False,False,-4,0.92,0.002766199
Frame,1244,5.66288948,4.41039467,7.2833333,True,False,None,Playing,False,False,False,6,0,24.4752636,0,-10,8.7,False,False,False,-4,0.92,0.00293409871
Frame,1245,5.66698647,4.414995,7.2833333,True,False,None,Playing,False,False,False,6,0,24.4200573,0,-10,8.7,False,False,False,-4,0.92,0.004600602
Frame,1246,5.67048645,4.418569,7.2833333,True,False,None,Playing,False,False,False,6,0,24.3771725,0,-10,8.7,False,False,False,-4,0.92,0.0035741
Frame,1247,5.67347336,4.421634,7.2833333,True,False,None,Playing,False,False,False,6,0,24.3403912,0,-10,8.7,False,False,False,-4,0.92,0.00306490227
Frame,1248,5.67618942,4.42443466,7.2833333,True,False,None,Playing,False,False,False,6,0,24.3067856,0,-10,8.7,False,False,False,-4,0.92,0.002800496
Frame,1249,5.6789856,4.427183,7.2833333,True,False,None,Playing,False,False,False,6,0,24.2738037,0,-10,8.7,False,False,False,-4,0.92,0.002748604
Frame,1250,5.68181038,4.430011,7.2833333,True,False,None,Playing,False,False,False,6,0,24.23987,0,-10,8.7,False,False,False,-4,0.92,0.00282769976
Frame,1251,5.68463326,4.43288,7.2833333,True,False,None,Playing,False,False,False,6,0,24.2054424,0,-10,8.7,False,False,False,-4,0.92,0.002868998
Frame,1252,5.69453049,4.4422493,7.2833333,True,False,None,Playing,False,False,False,6,0,24.09301,0,-10,8.7,False,False,False,-4,0.92,0.009369501
Frame,1253,5.70208359,4.44984055,7.2833333,True,False,None,Playing,False,False,False,6,0,24.0019131,0,-10,8.7,False,False,False,-4,0.92,0.00759129832
Frame,1254,5.709547,4.45757437,7.2833333,True,False,None,Playing,False,False,False,6,0,23.90911,0,-10,8.7,False,False,False,-4,0.92,0.00773370173
Frame,1255,5.71266,4.4608016,7.2833333,True,False,None,Playing,False,False,False,6,0,23.8703823,0,-10,8.7,False,False,False,-4,0.92,0.00322719663
Frame,1256,5.7155304,4.46377754,7.2833333,True,False,None,Playing,False,False,False,6,0,23.83467,0,-10,8.7,False,False,False,-4,0.92,0.00297580077
Frame,1257,5.71832275,4.46656466,7.2833333,True,False,None,Playing,False,False,False,6,0,23.8012276,0,-10,8.7,False,False,False,-4,0.92,0.002787004
Frame,1258,5.72277832,4.47099447,7.2833333,True,False,None,Playing,False,False,False,6,0,23.74807,0,-10,8.7,False,False,False,-4,0.92,0.004429797
Frame,1259,5.72559166,4.47386026,7.2833333,True,False,None,Playing,False,False,False,6,0,23.7136784,0,-10,8.7,False,False,False,-4,0.92,0.00286570285
Frame,1260,5.728403,4.47666073,7.2833333,True,False,None,Playing,False,False,False,6,0,23.6800728,0,-10,8.7,False,False,False,-4,0.92,0.00280069443
Frame,1261,5.73142242,4.47970533,7.2833333,True,False,None,Playing,False,False,False,6,0,23.6435356,0,-10,8.7,False,False,False,-4,0.92,0.00304460037
Frame,1262,5.73446655,4.482679,7.2833333,True,False,None,Playing,False,False,False,6,0,23.6078529,0,-10,8.7,False,False,False,-4,0.92,0.00297350483
Frame,1263,5.73792839,4.48617029,7.2833333,True,False,None,Playing,False,False,False,6,0,23.565958,0,-10,8.7,False,False,False,-4,0.92,0.00349159585
Frame,1264,5.74102974,4.48926,7.2833333,True,False,None,Playing,False,False,False,6,0,23.5288773,0,-10,8.7,False,False,False,-4,0.92,0.00308990222
Frame,1265,5.744034,4.492249,7.2833333,True,False,None,Playing,False,False,False,6,0,23.4930115,0,-10,8.7,False,False,False,-4,0.92,0.002988903
Frame,1266,5.746956,4.4952116,7.2833333,True,False,None,Playing,False,False,False,6,0,23.4574623,0,-10,8.7,False,False,False,-4,0.92,0.00296259928
Frame,1267,5.749958,4.498107,7.2833333,True,False,None,Playing,False,False,False,6,0,23.422718,0,-10,8.7,False,False,False,-4,0.92,0.00289529469
Frame,1268,5.7533226,4.501271,7.2833333,True,False,None,Playing,False,False,False,6,0,23.3847523,0,-10,8.7,False,False,False,-4,0.92,0.003163903
Frame,1269,5.756336,4.50461,7.2833333,True,False,None,Playing,False,False,False,6,0,23.34468,0,-10,8.7,False,False,False,-4,0.92,0.00333939912
Frame,1270,5.759409,4.50768137,7.2833333,True,False,None,Playing,False,False,False,6,0,23.3078251,0,-10,8.7,False,False,False,-4,0.92,0.00307140034
Frame,1271,5.762514,4.51081276,7.2833333,True,False,None,Playing,False,False,False,6,0,23.27025,0,-10,8.7,False,False,False,-4,0.92,0.00313149812
Frame,1272,5.76622772,4.514353,7.2833333,True,False,None,Playing,False,False,False,6,0,23.2277679,0,-10,8.7,False,False,False,-4,0.92,0.00353990216
Frame,1273,5.769972,4.517816,7.2833333,True,False,None,Playing,False,False,False,6,0,23.18621,0,-10,8.7,False,False,False,-4,0.92,0.00346310227
Frame,1274,5.773493,4.521614,7.2833333,True,False,None,Playing,False,False,False,6,0,23.1406326,0,-10,8.7,False,False,False,-4,0.92,0.00379799469
Sequence_025,1274,5.80822372,4.521614,7.2833333,True,False,None,Playing,False,False,False,6,0,23.1406326,0,-10,8.7,False,False,False,-4,0.92,0.00379799469
Frame,1275,5.81356239,4.56152868,7.2833333,True,False,None,Playing,False,False,False,6,0,22.66166,0,-10,8.7,False,False,False,-4,0.92,0.0399146043
Frame,1276,5.81887054,4.56690359,7.2833333,True,False,None,Playing,False,False,False,6,0,22.59716,0,-10,8.7,False,False,False,-4,0.92,0.005374901
Frame,1277,5.82214355,4.57014847,7.2833333,True,False,None,Playing,False,False,False,6,0,22.55822,0,-10,8.7,False,False,False,-4,0.92,0.00324499724
Frame,1278,5.825224,4.57339144,7.2833333,True,False,None,Playing,False,False,False,6,0,22.5193024,0,-10,8.7,False,False,False,-4,0.92,0.00324299885
Frame,1279,5.82823563,4.576458,7.2833333,True,False,None,Playing,False,False,False,6,0,22.4825058,0,-10,8.7,False,False,False,-4,0.92,0.00306650368
Frame,1280,5.83120346,4.579409,7.2833333,True,False,None,Playing,False,False,False,6,0,22.4470921,0,-10,8.7,False,False,False,-4,0.92,0.00295119756
Frame,1281,5.83416748,4.58240271,7.2833333,True,False,None,Playing,False,False,False,6,0,22.411171,0,-10,8.7,False,False,False,-4,0.92,0.002993502
Frame,1282,5.83716965,4.58533764,7.2833333,True,False,None,Playing,False,False,False,6,0,22.3759518,0,-10,8.7,False,False,False,-4,0.92,0.00293489941
Frame,1283,5.84106445,4.58928347,7.2833333,True,False,None,Playing,False,False,False,6,0,22.3286,0,-10,8.7,False,False,False,-4,0.92,0.0039456985
Frame,1284,5.84452248,4.59243441,7.2833333,True,False,None,Playing,False,False,False,6,0,22.29079,0,-10,8.7,False,False,False,-4,0.92,0.00315080071
Frame,1285,5.84770966,4.595846,7.2833333,True,False,None,Playing,False,False,False,6,0,22.2498474,0,-10,8.7,False,False,False,-4,0.92,0.00341179851
Frame,1286,5.851246,4.59920168,7.2833333,True,False,None,Playing,False,False,False,6,0,22.2095814,0,-10,8.7,False,False,False,-4,0.92,0.003355598
Frame,1287,5.855179,4.602934,7.2833333,True,False,None,Playing,False,False,False,6,0,22.1647949,0,-10,8.7,False,False,False,-4,0.92,0.003732306
Frame,1288,5.858843,4.60699,7.2833333,True,False,None,Playing,False,False,False,6,0,22.1161213,0,-10,8.7,False,False,False,-4,0.92,0.004055995
Frame,1289,5.862274,4.61044168,7.2833333,True,False,None,Playing,False,False,False,6,0,22.0747013,0,-10,8.7,False,False,False,-4,0.92,0.00345160137
Frame,1290,5.86565,4.61385775,7.2833333,True,False,None,Playing,False,False,False,6,0,22.0337067,0,-10,8.7,False,False,False,-4,0.92,0.00341609982
Frame,1291,5.868889,4.61705256,7.2833333,True,False,None,Playing,False,False,False,6,0,21.995369,0,-10,8.7,False,False,False,-4,0.92,0.00319469953
Frame,1292,5.87209129,4.620275,7.2833333,True,False,None,Playing,False,False,False,6,0,21.9567013,0,-10,8.7,False,False,False,-4,0.92,0.00322230021
Frame,1293,5.87727356,4.62547255,7.2833333,True,False,None,Playing,False,False,False,6,0,21.89433,0,-10,8.7,False,False,False,-4,0.92,0.0051973993
Frame,1294,5.880602,4.62886238,7.2833333,True,False,None,Playing,False,False,False,6,0,21.853653,0,-10,8.7,False,False,False,-4,0.92,0.00338970381
Frame,1295,5.884201,4.63235474,7.2833333,True,False,None,Playing,False,False,False,6,0,21.8117447,0,-10,8.7,False,False,False,-4,0.92,0.00349239656
Frame,1296,5.888216,4.636183,7.2833333,True,False,None,Playing,False,False,False,6,0,21.7658062,0,-10,8.7,False,False,False,-4,0.92,0.00382800447
Frame,1297,5.891596,4.63975,7.2833333,True,False,None,Playing,False,False,False,6,0,21.723,0,-10,8.7,False,False,False,-4,0.92,0.00356739643
Frame,1298,5.89487839,4.64292049,7.2833333,True,False,None,Playing,False,False,False,6,0,21.6849537,0,-10,8.7,False,False,False,-4,0.92,0.00317059946
Frame,1299,5.89825439,4.646442,7.2833333,True,False,None,Playing,False,False,False,6,0,21.6426983,0,-10,8.7,False,False,False,-4,0.92,0.00352149946
Frame,1300,5.901699,4.64953136,7.2833333,True,False,None,Playing,False,False,False,6,0,21.6056271,0,-10,8.7,False,False,False,-4,0.92,0.003089399
Frame,1301,5.90514946,4.653336,7.2833333,True,False,None,Playing,False,False,False,6,0,21.5599689,0,-10,8.7,False,False,False,-4,0.92,0.003804606
Frame,1302,5.90803146,4.656303,7.2833333,True,False,None,Playing,False,False,False,6,0,21.5243664,0,-10,8.7,False,False,False,-4,0.92,0.00296679419
Frame,1303,5.91085243,4.659144,7.2833333,True,False,None,Playing,False,False,False,6,0,21.4902744,0,-10,8.7,False,False,False,-4,0.92,0.002840802
Frame,1304,5.91410446,4.66240358,7.2833333,True,False,None,Playing,False,False,False,6,0,21.4511585,0,-10,8.7,False,False,False,-4,0.92,0.00325980014
Frame,1305,5.91712,4.66538572,7.2833333,True,False,None,Playing,False,False,False,6,0,21.4153728,0,-10,8.7,False,False,False,-4,0.92,0.00298210024
Frame,1306,5.92120361,4.669407,7.2833333,True,False,None,Playing,False,False,False,6,0,21.3671188,0,-10,8.7,False,False,False,-4,0.92,0.00402100338
Frame,1307,5.92427063,4.67234,7.2833333,True,False,None,Playing,False,False,False,6,0,21.3319244,0,-10,8.7,False,False,False,-4,0.92,0.00293299323
Frame,1308,5.92713737,4.675418,7.2833333,True,False,None,Playing,False,False,False,6,0,21.2949886,0,-10,8.7,False,False,False,-4,0.92,0.00307780621
Frame,1309,5.929764,4.67812252,7.2833333,True,False,None,Playing,False,False,False,6,0,21.2625332,0,-10,8.7,False,False,False,-4,0.92,0.00270469813
Frame,1310,5.93239,4.680704,7.2833333,True,False,None,Playing,False,False,False,6,0,21.23155,0,-10,8.7,False,False,False,-4,0.92,0.00258179568
Frame,1311,5.935562,4.68369341,7.2833333,True,False,None,Playing,False,False,False,6,0,21.19568,0,-10,8.7,False,False,False,-4,0.92,0.002989307
Frame,1312,5.938507,4.686738,7.2833333,True,False,None,Playing,False,False,False,6,0,21.1591454,0,-10,8.7,False,False,False,-4,0.92,0.00304469955
Frame,1313,5.941519,4.689584,7.2833333,True,False,None,Playing,False,False,False,6,0,21.1249962,0,-10,8.7,False,False,False,-4,0.92,0.00284559955
Frame,1314,5.94440269,4.69256544,7.2833333,True,False,None,Playing,False,False,False,6,0,21.0892181,0,-10,8.7,False,False,False,-4,0.92,0.00298169651
Frame,1315,5.947523,4.695807,7.2833333,True,False,None,Playing,False,False,False,6,0,21.0503178,0,-10,8.7,False,False,False,-4,0.92,0.00324140443
Frame,1316,5.95055,4.6988,7.2833333,True,False,None,Playing,False,False,False,6,0,21.0144,0,-10,8.7,False,False,False,-4,0.92,0.00299319718
Frame,1317,5.95363235,4.701772,7.2833333,True,False,None,Playing,False,False,False,6,0,20.9787331,0,-10,8.7,False,False,False,-4,0.92,0.0029718962
Frame,1318,5.956646,4.704946,7.2833333,True,False,None,Playing,False,False,False,6,0,20.9406471,0,-10,8.7,False,False,False,-4,0.92,0.00317380251
Frame,1319,5.959425,4.707709,7.2833333,True,False,None,Playing,False,False,False,6,0,20.9074936,0,-10,8.7,False,False,False,-4,0.92,0.00276259915
Frame,1320,5.96209335,4.71034765,7.2833333,True,False,None,Playing,False,False,False,6,0,20.87583,0,-10,8.7,False,False,False,-4,0.92,0.002638903
Frame,1321,5.9648037,4.71310568,7.2833333,True,False,None,Playing,False,False,False,6,0,20.8427315,0,-10,8.7,False,False,False,-4,0.92,0.002757901
Frame,1322,5.9679184,4.71592665,7.2833333,True,False,None,Playing,False,False,False,6,0,20.8088779,0,-10,8.7,False,False,False,-4,0.92,0.00282099633
Frame,1323,5.97149467,4.71930456,7.2833333,True,False,None,Playing,False,False,False,6,0,20.768343,0,-10,8.7,False,False,False,-4,0.92,0.00337799755
Frame,1324,5.97470474,4.72292852,7.2833333,True,False,None,Playing,False,False,False,6,0,20.7248573,0,-10,8.7,False,False,False,-4,0.92,0.00362390163
Sequence_026,1324,6.002844,4.72292852,7.2833333,True,False,None,Playing,False,False,False,6,0,20.7248573,0,-10,8.7,False,False,False,-4,0.92,0.00362390163
Frame,1325,6.008564,4.75663853,7.2833333,True,False,None,Playing,False,False,False,6,0,20.3203354,0,-10,8.7,False,False,False,-4,0.92,0.0337102041
Frame,1326,6.012392,4.760623,7.2833333,True,False,None,Playing,False,False,False,6,0,20.2725258,0,-10,8.7,False,False,False,-4,0.92,0.00398449553
Frame,1327,6.0153923,4.76364374,7.2833333,True,False,None,Playing,False,False,False,6,0,20.2362728,0,-10,8.7,False,False,False,-4,0.92,0.00302090426
Frame,1328,6.01839066,4.766618,7.2833333,True,False,None,Playing,False,False,False,6,0,20.2005863,0,-10,8.7,False,False,False,-4,0.92,0.0029737954
Frame,1329,6.02139854,4.76962948,7.2833333,True,False,None,Playing,False,False,False,6,0,20.164444,0,-10,8.7,False,False,False,-4,0.92,0.0030116993
Frame,1330,6.02466,4.77284,7.2833333,True,False,None,Playing,False,False,False,6,0,20.12592,0,-10,8.7,False,False,False,-4,0.92,0.003210601
Frame,1331,6.02802849,4.776133,7.2833333,True,False,None,Playing,False,False,False,6,0,20.0864029,0,-10,8.7,False,False,False,-4,0.92,0.00329280039
Frame,1332,6.031416,4.77952147,7.2833333,True,False,None,Playing,False,False,False,6,0,20.045742,0,-10,8.7,False,False,False,-4,0.92,0.0033884
Frame,1333,6.05038452,4.79809666,7.2833333,True,False,None,Playing,False,False,False,6,0,19.82284,0,-10,8.7,False,False,False,-4,0.92,0.0185754038
Frame,1334,6.056301,4.80436,7.2833333,True,False,None,Playing,False,False,False,6,0,19.7476826,0,-10,8.7,False,False,False,-4,0.92,0.0062634
Frame,1335,6.059231,4.80746651,7.2833333,True,False,None,Playing,False,False,False,6,0,19.7104034,0,-10,8.7,False,False,False,-4,0.92,0.003106498
Frame,1336,6.061947,4.810173,7.2833333,True,False,None,Playing,False,False,False,6,0,19.6779232,0,-10,8.7,False,False,False,-4,0.92,0.00270629954
Frame,1337,6.064749,4.813054,7.2833333,True,False,None,Playing,False,False,False,6,0,19.64335,0,-10,8.7,False,False,False,-4,0.92,0.00288120029
Frame,1338,6.067566,4.815821,7.2833333,True,False,None,Playing,False,False,False,6,0,19.6101456,0,-10,8.7,False,False,False,-4,0.92,0.002767198
Frame,1339,6.07076454,4.819073,7.2833333,True,False,None,Playing,False,False,False,6,0,19.5711212,0,-10,8.7,False,False,False,-4,0.92,0.003251899
Frame,1340,6.074028,4.822236,7.2833333,True,False,None,Playing,False,False,False,6,0,19.5331669,0,-10,8.7,False,False,False,-4,0.92,0.00316270557
Frame,1341,6.077286,4.825542,7.2833333,True,False,None,Playing,False,False,False,6,0,19.493494,0,-10,8.7,False,False,False,-4,0.92,0.00330579653
Frame,1342,6.08068466,4.828755,7.2833333,True,False,None,Playing,False,False,False,6,0,19.45494,0,-10,8.7,False,False,False,-4,0.92,0.00321290386
Frame,1343,6.084013,4.83211231,7.2833333,True,False,None,Playing,False,False,False,6,0,19.4146519,0,-10,8.7,False,False,False,-4,0.92,0.00335719949
Frame,1344,6.086914,4.83509,7.2833333,True,False,None,Playing,False,False,False,6,0,19.3789177,0,-10,8.7,False,False,False,-4,0.92,0.00297789834
Frame,1345,6.090021,4.838156,7.2833333,True,False,None,Playing,False,False,False,6,0,19.3421249,0,-10,8.7,False,False,False,-4,0.92,0.00306590134
Frame,1346,6.09637833,4.841205,7.2833333,True,False,None,Playing,False,False,False,6,0,19.3055363,0,-10,8.7,False,False,False,-4,0.92,0.003048696
Frame,1347,6.10234833,4.850462,7.2833333,True,False,None,Playing,False,False,False,6,0,19.1944561,0,-10,8.7,False,False,False,-4,0.92,0.009256902
Frame,1348,6.10919,4.857282,7.2833333,True,False,None,Playing,False,False,False,6,0,19.1126137,0,-10,8.7,False,False,False,-4,0.92,0.00682010362
Frame,1349,6.11484146,4.86296654,7.2833333,True,False,None,Playing,False,False,False,6,0,19.0444012,0,-10,8.7,False,False,False,-4,0.92,0.005684198
Frame,1350,6.118414,4.86628866,7.2833333,True,False,None,Playing,False,False,False,6,0,19.0045338,0,-10,8.7,False,False,False,-4,0.92,0.00332189631
Frame,1351,6.12134,4.86957645,7.2833333,True,False,None,Playing,False,False,False,6,0,18.9650822,0,-10,8.7,False,False,False,-4,0.92,0.00328800315
Frame,1352,6.12421227,4.87248039,7.2833333,True,False,None,Playing,False,False,False,6,0,18.9302349,0,-10,8.7,False,False,False,-4,0.92,0.00290379813
Frame,1353,6.12725639,4.87550068,7.2833333,True,False,None,Playing,False,False,False,6,0,18.89399,0,-10,8.7,False,False,False,-4,0.92,0.00302010356
Frame,1354,6.130041,4.878286,7.2833333,True,False,None,Playing,False,False,False,6,0,18.8605671,0,-10,8.7,False,False,False,-4,0.92,0.00278499862
Frame,1355,6.132963,4.88108873,7.2833333,True,False,None,Playing,False,False,False,6,0,18.8269348,0,-10,8.7,False,False,False,-4,0.92,0.00280299736
Frame,1356,6.137762,4.885925,7.2833333,True,False,None,Playing,False,False,False,6,0,18.7689,0,-10,8.7,False,False,False,-4,0.92,0.00483630225
Frame,1357,6.1408596,4.889081,7.2833333,True,False,None,Playing,False,False,False,6,0,18.7310257,0,-10,8.7,False,False,False,-4,0.92,0.0031562997
Frame,1358,6.14438629,4.89234543,7.2833333,True,False,None,Playing,False,False,False,6,0,18.6918526,0,-10,8.7,False,False,False,-4,0.92,0.00326429983
Frame,1359,6.14757347,4.8958025,7.2833333,True,False,None,Playing,False,False,False,6,0,18.65037,0,-10,8.7,False,False,False,-4,0.92,0.00345719955
Frame,1360,6.150343,4.898618,7.2833333,True,False,None,Playing,False,False,False,6,0,18.61658,0,-10,8.7,False,False,False,-4,0.92,0.002815802
Frame,1361,6.15323067,4.90145636,7.2833333,True,False,None,Playing,False,False,False,6,0,18.5825233,0,-10,8.7,False,False,False,-4,0.92,0.00283789681
Frame,1362,6.156046,4.9042654,7.2833333,True,False,None,Playing,False,False,False,6,0,18.5488148,0,-10,8.7,False,False,False,-4,0.92,0.00280909869
Frame,1363,6.15895462,4.90721226,7.2833333,True,False,None,Playing,False,False,False,6,0,18.51345,0,-10,8.7,False,False,False,-4,0.92,0.00294670486
Frame,1364,6.16210938,4.910315,7.2833333,True,False,None,Playing,False,False,False,6,0,18.47622,0,-10,8.7,False,False,False,-4,0.92,0.00310269976
Frame,1365,6.165081,4.913315,7.2833333,True,False,None,Playing,False,False,False,6,0,18.4402218,0,-10,8.7,False,False,False,-4,0.92,0.00299990084
Frame,1366,6.16819,4.916326,7.2833333,True,False,None,Playing,False,False,False,6,0,18.4040852,0,-10,8.7,False,False,False,-4,0.92,0.00301119615
Frame,1367,6.17124939,4.91943836,7.2833333,True,False,None,Playing,False,False,False,6,0,18.3667374,0,-10,8.7,False,False,False,-4,0.92,0.0031123017
Frame,1368,6.17505646,4.92303,7.2833333,True,False,None,Playing,False,False,False,6,0,18.3236389,0,-10,8.7,False,False,False,-4,0.92,0.00359139731
Sequence_027,1368,6.21869469,4.92303,7.2833333,True,False,None,Playing,False,False,False,6,0,18.3236389,0,-10,8.7,False,False,False,-4,0.92,0.00359139731
Frame,1369,6.224394,4.972245,7.2833333,True,False,None,Playing,False,False,False,6,0,17.7330551,0,-10,8.7,False,False,False,-4,0.92,0.0492153
Frame,1370,6.23000145,4.978058,7.2833333,True,False,None,Playing,False,False,False,6,0,17.6633053,0,-10,8.7,False,False,False,-4,0.92,0.00581270549
Frame,1371,6.23316,4.98128271,7.2833333,True,False,None,Playing,False,False,False,6,0,17.6246071,0,-10,8.7,False,False,False,-4,0.92,0.00322490069
Frame,1372,6.236637,4.984817,7.2833333,True,False,None,Playing,False,False,False,6,0,17.5821972,0,-10,8.7,False,False,False,-4,0.92,0.003534297
Frame,1373,6.23959351,4.98775148,7.2833333,True,False,None,Playing,False,False,False,6,0,17.5469818,0,-10,8.7,False,False,False,-4,0.92,0.00293450244
Frame,1374,6.243143,4.991069,7.2833333,True,False,None,Playing,False,False,False,6,0,17.5071735,0,-10,8.7,False,False,False,-4,0.92,0.00331749581
Frame,1375,6.24749374,4.99530268,7.2833333,True,False,None,Playing,False,False,False,6,0,17.4563656,0,-10,8.7,False,False,False,-4,0.92,0.00423370162
Frame,1376,6.26067543,5.000847,7.2833333,True,False,None,Playing,False,False,False,6,0,17.3898373,0,-10,8.7,False,False,False,-4,0.92,0.005544097
Frame,1377,6.26633453,5.014237,7.2833333,True,False,None,Playing,False,False,False,6,0,17.2291546,0,-10,8.7,False,False,False,-4,0.92,0.0133901006
Frame,1378,6.27002525,5.01787758,7.2833333,True,False,None,Playing,False,False,False,6,0,17.1854687,0,-10,8.7,False,False,False,-4,0.92,0.00364060374
Frame,1379,6.274046,5.02177,7.2833333,True,False,None,Playing,False,False,False,6,0,17.1387615,0,-10,8.7,False,False,False,-4,0.92,0.00389249576
Frame,1380,6.27748871,5.02570868,7.2833333,True,False,None,Playing,False,False,False,6,0,17.0914936,0,-10,8.7,False,False,False,-4,0.92,0.00393860554
Frame,1381,6.280922,5.0291543,7.2833333,True,False,None,Playing,False,False,False,6,0,17.050148,0,-10,8.7,False,False,False,-4,0.92,0.00344569865
Frame,1382,6.28457069,5.032648,7.2833333,True,False,None,Playing,False,False,False,6,0,17.00822,0,-10,8.7,False,False,False,-4,0.92,0.0034937996
Frame,1383,6.287817,5.03605556,7.2833333,True,False,None,Playing,False,False,False,6,0,16.96733,0,-10,8.7,False,False,False,-4,0.92,0.00340759638
Frame,1384,6.29101,5.03927135,7.2833333,True,False,None,Playing,False,False,False,6,0,16.9287415,0,-10,8.7,False,False,False,-4,0.92,0.00321600051
Frame,1385,6.294773,5.042719,7.2833333,True,False,None,Playing,False,False,False,6,0,16.887373,0,-10,8.7,False,False,False,-4,0.92,0.0034473
Frame,1386,6.297613,5.045929,7.2833333,True,False,None,Playing,False,False,False,6,0,16.8488522,0,-10,8.7,False,False,False,-4,0.92,0.00321020419
Frame,1387,6.30351067,5.051564,7.2833333,True,False,None,Playing,False,False,False,6,0,16.781229,0,-10,8.7,False,False,False,-4,0.92,0.005635197
Frame,1388,6.307007,5.05485153,7.2833333,True,False,None,Playing,False,False,False,6,0,16.7417812,0,-10,8.7,False,False,False,-4,0.92,0.00328740082
Frame,1389,6.31010246,5.05816126,7.2833333,True,False,None,Playing,False,False,False,6,0,16.7020626,0,-10,8.7,False,False,False,-4,0.92,0.00330989948
Frame,1390,6.31312943,5.061164,7.2833333,True,False,None,Playing,False,False,False,6,0,16.6660328,0,-10,8.7,False,False,False,-4,0.92,0.0030027
Frame,1391,6.31658554,5.06467,7.2833333,True,False,None,Playing,False,False,False,6,0,16.6239567,0,-10,8.7,False,False,False,-4,0.92,0.00350629957
Frame,1392,6.31961632,5.067843,7.2833333,True,False,None,Playing,False,False,False,6,0,16.5858841,0,-10,8.7,False,False,False,-4,0.92,0.003172697
Frame,1393,6.322624,5.07073545,7.2833333,True,False,None,Playing,False,False,False,6,0,16.5511723,0,-10,8.7,False,False,False,-4,0.92,0.00289270119
Frame,1394,6.325815,5.073943,7.2833333,True,False,None,Playing,False,False,False,6,0,16.512682,0,-10,8.7,False,False,False,-4,0.92,0.003207901
Frame,1395,6.328644,5.07690144,7.2833333,True,False,None,Playing,False,False,False,6,0,16.47718,0,-10,8.7,False,False,False,-4,0.92,0.00295819878
Frame,1396,6.33185959,5.08017159,7.2833333,True,False,None,Playing,False,False,False,6,0,16.43794,0,-10,8.7,False,False,False,-4,0.92,0.00327010336
Frame,1397,6.335846,5.083771,7.2833333,True,False,None,Playing,False,False,False,6,0,16.3947468,0,-10,8.7,False,False,False,-4,0.92,0.00359949679
Frame,1398,6.339155,5.08727741,7.2833333,True,False,None,Playing,False,False,False,6,0,16.35267,0,-10,8.7,False,False,False,-4,0.92,0.0035061012
Frame,1399,6.34241867,5.09044552,7.2833333,True,False,None,Playing,False,False,False,6,0,16.3146515,0,-10,8.7,False,False,False,-4,0.92,0.00316830352
Frame,1400,6.34682655,5.09509134,7.2833333,True,False,None,Playing,False,False,False,6,0,16.2589035,0,-10,8.7,False,False,False,-4,0.92,0.0046456987
Frame,1401,6.3502903,5.09825468,7.2833333,True,False,None,Playing,False,False,False,6,0,16.2209435,0,-10,8.7,False,False,False,-4,0.92,0.00316330069
Frame,1402,6.35376,5.10185337,7.2833333,True,False,None,Playing,False,False,False,6,0,16.17776,0,-10,8.7,False,False,False,-4,0.92,0.00359849771
Frame,1403,6.35685539,5.105103,7.2833333,True,False,None,Playing,False,False,False,6,0,16.1387615,0,-10,8.7,False,False,False,-4,0.92,0.003249497
Frame,1404,6.359997,5.10825062,7.2833333,True,False,None,Playing,False,False,False,6,0,16.10099,0,-10,8.7,False,False,False,-4,0.92,0.003147704
Frame,1405,6.363758,5.11178,7.2833333,True,False,None,Playing,False,False,False,6,0,16.0586357,0,-10,8.7,False,False,False,-4,0.92,0.00352940056
Frame,1406,6.36696053,5.11491776,7.2833333,True,False,None,Playing,False,False,False,6,0,16.0209846,0,-10,8.7,False,False,False,-4,0.92,0.00313759921
Frame,1407,6.370407,5.11862326,7.2833333,True,False,None,Playing,False,False,False,6,0,15.9765215,0,-10,8.7,False,False,False,-4,0.92,0.00370530039
Frame,1408,6.373678,5.121855,7.2833333,True,False,None,Playing,False,False,False,6,0,15.93774,0,-10,8.7,False,False,False,-4,0.92,0.00323129958
Frame,1409,6.37660027,5.124709,7.2833333,True,False,None,Playing,False,False,False,6,0,15.9034882,0,-10,8.7,False,False,False,-4,0.92,0.00285449973
Sequence_028,1409,6.40502357,5.124709,7.2833333,True,False,None,Playing,False,False,False,6,0,15.9034882,0,-10,8.7,False,False,False,-4,0.92,0.00285449973
Frame,1410,6.413933,5.16171741,7.2833333,True,False,None,Playing,False,False,False,6,0,15.45939,0,-10,8.7,False,False,False,-4,0.92,0.0370083973
Frame,1411,6.42265129,5.17054558,7.2833333,True,False,None,Playing,False,False,False,6,0,15.3534536,0,-10,8.7,False,False,False,-4,0.92,0.008828203
Frame,1412,6.42875862,5.17666769,7.2833333,True,False,None,Playing,False,False,False,6,0,15.2799854,0,-10,8.7,False,False,False,-4,0.92,0.00612220075
Frame,1413,6.43214035,5.180279,7.2833333,True,False,None,Playing,False,False,False,6,0,15.2366552,0,-10,8.7,False,False,False,-4,0.92,0.003611196
Frame,1414,6.43557358,5.183697,7.2833333,True,False,None,Playing,False,False,False,6,0,15.1956339,0,-10,8.7,False,False,False,-4,0.92,0.00341830356
Frame,1415,6.43847466,5.186723,7.2833333,True,False,None,Playing,False,False,False,6,0,15.1593208,0,-10,8.7,False,False,False,-4,0.92,0.00302580069
Frame,1416,6.44178772,5.189866,7.2833333,True,False,None,Playing,False,False,False,6,0,15.1216068,0,-10,8.7,False,False,False,-4,0.92,0.00314280041
Frame,1417,6.444914,5.193057,7.2833333,True,False,None,Playing,False,False,False,6,0,15.083313,0,-10,8.7,False,False,False,-4,0.92,0.003190795
Frame,1418,6.448822,5.19689465,7.2833333,True,False,None,Playing,False,False,False,6,0,15.0372639,0,-10,8.7,False,False,False,-4,0.92,0.0038375
Frame,1419,6.453125,5.2008934,7.2833333,True,False,None,Playing,False,False,False,6,0,14.9892778,0,-10,8.7,False,False,False,-4,0.92,0.0039989017
Frame,1420,6.456583,5.2047205,7.2833333,True,False,None,Playing,False,False,False,6,0,14.9433517,0,-10,8.7,False,False,False,-4,0.92,0.003827303
Frame,1421,6.45970726,5.207941,7.2833333,True,False,None,Playing,False,False,False,6,0,14.904707,0,-10,8.7,False,False,False,-4,0.92,0.00322059938
Frame,1422,6.462614,5.210789,7.2833333,True,False,None,Playing,False,False,False,6,0,14.87053,0,-10,8.7,False,False,False,-4,0.92,0.00284810085
Frame,1423,6.465473,5.21366262,7.2833333,True,False,None,Playing,False,False,False,6,0,14.8360462,0,-10,8.7,False,False,False,-4,0.92,0.00287349778
Frame,1424,6.46855927,5.216709,7.2833333,True,False,None,Playing,False,False,False,6,0,14.79949,0,-10,8.7,False,False,False,-4,0.92,0.003046698
Frame,1425,6.471485,5.21972561,7.2833333,True,False,None,Playing,False,False,False,6,0,14.7632923,0,-10,8.7,False,False,False,-4,0.92,0.00301650376
Frame,1426,6.47419167,5.22242832,7.2833333,True,False,None,Playing,False,False,False,6,0,14.7308578,0,-10,8.7,False,False,False,-4,0.92,0.00270269974
Frame,1427,6.47723,5.22531939,7.2833333,True,False,None,Playing,False,False,False,6,0,14.696166,0,-10,8.7,False,False,False,-4,0.92,0.00289090141
Frame,1428,6.480356,5.22846842,7.2833333,True,False,None,Playing,False,False,False,6,0,14.65838,0,-10,8.7,False,False,False,-4,0.92,0.00314879534
Frame,1429,6.484047,5.23196173,7.2833333,True,False,None,Playing,False,False,False,6,0,14.6164589,0,-10,8.7,False,False,False,-4,0.92,0.00349340285
Frame,1430,6.48720741,5.23537636,7.2833333,True,False,None,Playing,False,False,False,6,0,14.5754814,0,-10,8.7,False,False,False,-4,0.92,0.003414796
Frame,1431,6.49035072,5.23836565,7.2833333,True,False,None,Playing,False,False,False,6,0,14.5396118,0,-10,8.7,False,False,False,-4,0.92,0.00298929983
Frame,1432,6.493721,5.24194527,7.2833333,True,False,None,Playing,False,False,False,6,0,14.4966536,0,-10,8.7,False,False,False,-4,0.92,0.00357940048
Frame,1433,6.496622,5.24476528,7.2833333,True,False,None,Playing,False,False,False,6,0,14.4628172,0,-10,8.7,False,False,False,-4,0.92,0.00282010343
Frame,1434,6.49935532,5.247671,7.2833333,True,False,None,Playing,False,False,False,6,0,14.4279461,0,-10,8.7,False,False,False,-4,0.92,0.00290579651
Frame,1435,6.50255775,5.2506566,7.2833333,True,False,None,Playing,False,False,False,6,0,14.3921194,0,-10,8.7,False,False,False,-4,0.92,0.00298540248
Frame,1436,6.505846,5.254061,7.2833333,True,False,None,Playing,False,False,False,6,0,14.3512659,0,-10,8.7,False,False,False,-4,0.92,0.00340449973
Frame,1437,6.509054,5.25736332,7.2833333,True,False,None,Playing,False,False,False,6,0,14.3116388,0,-10,8.7,False,False,False,-4,0.92,0.00330189918
Frame,1438,6.511986,5.260216,7.2833333,True,False,None,Playing,False,False,False,6,0,14.2774067,0,-10,8.7,False,False,False,-4,0.92,0.00285289832
Frame,1439,6.515318,5.26337576,7.2833333,True,False,None,Playing,False,False,False,6,0,14.2394915,0,-10,8.7,False,False,False,-4,0.92,0.00315940334
Frame,1440,6.518471,5.266633,7.2833333,True,False,None,Playing,False,False,False,6,0,14.2004032,0,-10,8.7,False,False,False,-4,0.92,0.00325749721
Frame,1441,6.522993,5.27092743,7.2833333,True,False,None,Playing,False,False,False,6,0,14.1488714,0,-10,8.7,False,False,False,-4,0.92,0.004294402
Frame,1442,6.526716,5.274756,7.2833333,True,False,None,Playing,False,False,False,6,0,14.1029253,0,-10,8.7,False,False,False,-4,0.92,0.00382840144
Frame,1443,6.5302124,5.27821636,7.2833333,True,False,None,Playing,False,False,False,6,0,14.0614014,0,-10,8.7,False,False,False,-4,0.92,0.003460601
Frame,1444,6.53393745,5.28174973,7.2833333,True,False,None,Playing,False,False,False,6,0,14.019002,0,-10,8.7,False,False,False,-4,0.92,0.003533298
Frame,1445,6.53760338,5.28557539,7.2833333,True,False,None,Playing,False,False,False,6,0,13.973093,0,-10,8.7,False,False,False,-4,0.92,0.00382550317
Frame,1446,6.541052,5.28900671,7.2833333,True,False,None,Playing,False,False,False,6,0,13.9319191,0,-10,8.7,False,False,False,-4,0.92,0.003431498
Frame,1447,6.54458046,5.292564,7.2833333,True,False,None,Playing,False,False,False,6,0,13.8892326,0,-10,8.7,False,False,False,-4,0.92,0.00355710043
Frame,1448,6.547472,5.295736,7.2833333,True,False,None,Playing,False,False,False,6,0,13.8511705,0,-10,8.7,False,False,False,-4,0.92,0.0031720025
Frame,1449,6.55073738,5.29897928,7.2833333,True,False,None,Playing,False,False,False,6,0,13.8122463,0,-10,8.7,False,False,False,-4,0.92,0.003243495
Frame,1450,6.55359459,5.30187368,7.2833333,True,False,None,Playing,False,False,False,6,0,13.7775145,0,-10,8.7,False,False,False,-4,0.92,0.0028945012
Frame,1451,6.55661,5.30480766,7.2833333,True,False,None,Playing,False,False,False,6,0,13.7423077,0,-10,8.7,False,False,False,-4,0.92,0.00293409871
Frame,1452,6.55965042,5.307737,7.2833333,True,False,None,Playing,False,False,False,6,0,13.7071571,0,-10,8.7,False,False,False,-4,0.92,0.00292930123
Frame,1453,6.56288147,5.31106424,7.2833333,True,False,None,Playing,False,False,False,6,0,13.66723,0,-10,8.7,False,False,False,-4,0.92,0.00332750147
Frame,1454,6.565691,5.314003,7.2833333,True,False,None,Playing,False,False,False,6,0,13.6319628,0,-10,8.7,False,False,False,-4,0.92,0.00293879677
Frame,1455,6.56867027,5.316918,7.2833333,True,False,None,Playing,False,False,False,6,0,13.5969839,0,-10,8.7,False,False,False,-4,0.92,0.00291510066
Frame,1456,6.57167625,5.31991959,7.2833333,True,False,None,Playing,False,False,False,6,0,13.5609627,0,-10,8.7,False,False,False,-4,0.92,0.00300170062
Frame,1457,6.57461739,5.322845,7.2833333,True,False,None,Playing,False,False,False,6,0,13.52586,0,-10,8.7,False,False,False,-4,0.92,0.00292519853
Frame,1458,6.57797432,5.326022,7.2833333,True,False,None,Playing,False,False,False,6,0,13.4877329,0,-10,8.7,False,False,False,-4,0.92,0.003177303
Sequence_029,1458,6.60511971,5.326022,7.2833333,True,False,None,Playing,False,False,False,6,0,13.4877329,0,-10,8.7,False,False,False,-4,0.92,0.003177303
Frame,1459,6.61074448,5.35871172,7.2833333,True,False,None,Playing,False,False,False,6,0,13.095459,0,-10,8.7,False,False,False,-4,0.92,0.0326894969
Frame,1460,6.615698,5.363796,7.2833333,True,False,None,Playing,False,False,False,6,0,13.0344458,0,-10,8.7,False,False,False,-4,0.92,0.005084304
Frame,1461,6.64139175,5.389388,7.2833333,True,False,None,Playing,False,False,False,6,0,12.7273407,0,-10,8.7,False,False,False,-4,0.92,0.0255919
Frame,1462,6.64452553,5.392594,7.2833333,True,False,None,Playing,False,False,False,6,0,12.6888714,0,-10,8.7,False,False,False,-4,0.92,0.003205598
Frame,1463,6.64744,5.395572,7.2833333,True,False,None,Playing,False,False,False,6,0,12.6531334,0,-10,8.7,False,False,False,-4,0.92,0.00297809672
Frame,1464,6.65052032,5.39852142,7.2833333,True,False,None,Playing,False,False,False,6,0,12.6177425,0,-10,8.7,False,False,False,-4,0.92,0.0029490008
Frame,1465,6.654192,5.402181,7.2833333,True,False,None,Playing,False,False,False,6,0,12.5738258,0,-10,8.7,False,False,False,-4,0.92,0.00365960179
Frame,1466,6.65743256,5.405591,7.2833333,True,False,None,Playing,False,False,False,6,0,12.5329084,0,-10,8.7,False,False,False,-4,0.92,0.003409701
Frame,1467,6.661625,5.409558,7.2833333,True,False,None,Playing,False,False,False,6,0,12.4853058,0,-10,8.7,False,False,False,-4,0.92,0.00396690052
Frame,1468,6.66457939,5.412805,7.2833333,True,False,None,Playing,False,False,False,6,0,12.4463377,0,-10,8.7,False,False,False,-4,0.92,0.00324730016
Frame,1469,6.667883,5.415838,7.2833333,True,False,None,Playing,False,False,False,6,0,12.4099445,0,-10,8.7,False,False,False,-4,0.92,0.00303249713
Frame,1470,6.67141533,5.419568,7.2833333,True,False,None,Playing,False,False,False,6,0,12.365181,0,-10,8.7,False,False,False,-4,0.92,0.003730499
Frame,1471,6.674469,5.422693,7.2833333,True,False,None,Playing,False,False,False,6,0,12.3276863,0,-10,8.7,False,False,False,-4,0.92,0.003124603
Frame,1472,6.67773247,5.42594337,7.2833333,True,False,None,Playing,False,False,False,6,0,12.2886772,0,-10,8.7,False,False,False,-4,0.92,0.00325039681
Frame,1473,6.681158,5.429035,7.2833333,True,False,None,Playing,False,False,False,6,0,12.2515774,0,-10,8.7,False,False,False,-4,0.92,0.00309180119
Frame,1474,6.685364,5.433484,7.2833333,True,False,None,Playing,False,False,False,6,0,12.1981888,0,-10,8.7,False,False,False,-4,0.92,0.004448802
Frame,1475,6.688917,5.437053,7.2833333,True,False,None,Playing,False,False,False,6,0,12.1553621,0,-10,8.7,False,False,False,-4,0.92,0.00356929563
Frame,1476,6.692196,5.440438,7.2833333,True,False,None,Playing,False,False,False,6,0,12.1147442,0,-10,8.7,False,False,False,-4,0.92,0.00338460179
Frame,1477,6.6951046,5.44332743,7.2833333,True,False,None,Playing,False,False,False,6,0,12.0800686,0,-10,8.7,False,False,False,-4,0.92,0.00288959756
Frame,1478,6.69813156,5.44636774,7.2833333,True,False,None,Playing,False,False,False,6,0,12.0435877,0,-10,8.7,False,False,False,-4,0.92,0.00304050464
Frame,1479,6.70095825,5.449186,7.2833333,True,False,None,Playing,False,False,False,6,0,12.00977,0,-10,8.7,False,False,False,-4,0.92,0.00281819724
Frame,1480,6.706341,5.45217752,7.2833333,True,False,None,Playing,False,False,False,6,0,11.9738693,0,-10,8.7,False,False,False,-4,0.92,0.00299150357
Frame,1481,6.70980263,5.457977,7.2833333,True,False,None,Playing,False,False,False,6,0,11.9042778,0,-10,8.7,False,False,False,-4,0.92,0.00579929864
Frame,1482,6.712635,5.460909,7.2833333,True,False,None,Playing,False,False,False,6,0,11.869091,0,-10,8.7,False,False,False,-4,0.92,0.0029322987
Frame,1483,6.71554375,5.46372,7.2833333,True,False,None,Playing,False,False,False,6,0,11.8353624,0,-10,8.7,False,False,False,-4,0.92,0.00281079928
Frame,1484,6.718895,5.467098,7.2833333,True,False,None,Playing,False,False,False,6,0,11.79482,0,-10,8.7,False,False,False,-4,0.92,0.00337840128
Frame,1485,6.72211647,5.47002029,7.2833333,True,False,None,Playing,False,False,False,6,0,11.759757,0,-10,8.7,False,False,False,-4,0.92,0.00292210164
Frame,1486,6.7252655,5.47351837,7.2833333,True,False,None,Playing,False,False,False,6,0,11.7177773,0,-10,8.7,False,False,False,-4,0.92,0.0034979945
Frame,1487,6.728052,5.47636843,7.2833333,True,False,None,Playing,False,False,False,6,0,11.6835766,0,-10,8.7,False,False,False,-4,0.92,0.00284990086
Frame,1488,6.73106766,5.4792757,7.2833333,True,False,None,Playing,False,False,False,6,0,11.6486893,0,-10,8.7,False,False,False,-4,0.92,0.00290750433
Frame,1489,6.734047,5.4821806,7.2833333,True,False,None,Playing,False,False,False,6,0,11.6138306,0,-10,8.7,False,False,False,-4,0.92,0.00290479744
Frame,1490,6.738537,5.48674631,7.2833333,True,False,None,Playing,False,False,False,6,0,11.5590429,0,-10,8.7,False,False,False,-4,0.92,0.00456590159
Frame,1491,6.742218,5.49005175,7.2833333,True,False,None,Playing,False,False,False,6,0,11.51938,0,-10,8.7,False,False,False,-4,0.92,0.00330559816
Frame,1492,6.74622726,5.49418,7.2833333,True,False,None,Playing,False,False,False,6,0,11.4698362,0,-10,8.7,False,False,False,-4,0.92,0.0041286
Frame,1493,6.749466,5.49754667,7.2833333,True,False,None,Playing,False,False,False,6,0,11.4294376,0,-10,8.7,False,False,False,-4,0.92,0.00336650363
Frame,1494,6.7525444,5.50063753,7.2833333,True,False,None,Playing,False,False,False,6,0,11.39235,0,-10,8.7,False,False,False,-4,0.92,0.00309079513
Frame,1495,6.755522,5.503765,7.2833333,True,False,None,Playing,False,False,False,6,0,11.3548193,0,-10,8.7,False,False,False,-4,0.92,0.00312740216
Frame,1496,6.75844765,5.50669956,7.2833333,True,False,None,Playing,False,False,False,6,0,11.3196039,0,-10,8.7,False,False,False,-4,0.92,0.00293450244
Frame,1497,6.76221466,5.51028,7.2833333,True,False,None,Playing,False,False,False,6,0,11.276638,0,-10,8.7,False,False,False,-4,0.92,0.00358069735
Frame,1498,6.76604271,5.513879,7.2833333,True,False,None,Playing,False,False,False,6,0,11.2334518,0,-10,8.7,False,False,False,-4,0.92,0.00359860412
Frame,1499,6.773697,5.5217967,7.2833333,True,False,None,Playing,False,False,False,6,0,11.1384382,0,-10,8.7,False,False,False,-4,0.92,0.007918098
Frame,1500,6.77698326,5.52516031,7.2833333,True,False,None,Playing,False,False,False,6,0,11.0980759,0,-10,8.7,False,False,False,-4,0.92,0.00336359837
Frame,1501,6.78076,5.528993,7.2833333,True,False,None,Playing,False,False,False,6,0,11.052083,0,-10,8.7,False,False,False,-4,0.92,0.00383270276
Sequence_030,1501,6.810211,5.528993,7.2833333,True,False,None,Playing,False,False,False,6,0,11.052083,0,-10,8.7,False,False,False,-4,0.92,0.00383270276
Frame,1502,6.81693649,5.56466961,7.2833333,True,False,None,Playing,False,False,False,6,0,10.6239624,0,-10,8.7,False,False,False,-4,0.92,0.0356763974
Frame,1503,6.8218956,5.56974554,7.2833333,True,False,None,Playing,False,False,False,6,0,10.5630531,0,-10,8.7,False,False,False,-4,0.92,0.005075999
Frame,1504,6.8252964,5.573393,7.2833333,True,False,None,Playing,False,False,False,6,0,10.5192842,0,-10,8.7,False,False,False,-4,0.92,0.00364739937
Frame,1505,6.82838058,5.576615,7.2833333,True,False,None,Playing,False,False,False,6,0,10.4806194,0,-10,8.7,False,False,False,-4,0.92,0.00322200265
Frame,1506,6.831253,5.579477,7.2833333,True,False,None,Playing,False,False,False,6,0,10.44628,0,-10,8.7,False,False,False,-4,0.92,0.00286220247
Frame,1507,6.83419037,5.582321,7.2833333,True,False,None,Playing,False,False,False,6,0,10.4121466,0,-10,8.7,False,False,False,-4,0.92,0.00284440187
Frame,1508,6.83704948,5.58520174,7.2833333,True,False,None,Playing,False,False,False,6,0,10.3775787,0,-10,8.7,False,False,False,-4,0.92,0.00288059819
Frame,1509,6.84052849,5.5883317,7.2833333,True,False,None,Playing,False,False,False,6,0,10.34002,0,-10,8.7,False,False,False,-4,0.92,0.00312999566
Frame,1510,6.84472275,5.59259748,7.2833333,True,False,None,Playing,False,False,False,6,0,10.2888308,0,-10,8.7,False,False,False,-4,0.92,0.004265901
Frame,1511,6.8474865,5.59572363,7.2833333,True,False,None,Playing,False,False,False,6,0,10.2513161,0,-10,8.7,False,False,False,-4,0.92,0.003126304
Frame,1512,6.850683,5.598828,7.2833333,True,False,None,Playing,False,False,False,6,0,10.2140646,0,-10,8.7,False,False,False,-4,0.92,0.00310440059
Frame,1513,6.8541317,5.60229826,7.2833333,True,False,None,Playing,False,False,False,6,0,10.1724205,0,-10,8.7,False,False,False,-4,0.92,0.00347029488
Frame,1514,6.85734558,5.605515,7.2833333,True,False,None,Playing,False,False,False,6,0,10.1338186,0,-10,8.7,False,False,False,-4,0.92,0.003216702
Frame,1515,6.8602047,5.60842848,7.2833333,True,False,None,Playing,False,False,False,6,0,10.098856,0,-10,8.7,False,False,False,-4,0.92,0.00291349925
Frame,1516,6.863056,5.61125,7.2833333,True,False,None,Playing,False,False,False,6,0,10.0649986,0,-10,8.7,False,False,False,-4,0.92,0.00282149948
Frame,1517,6.86580849,5.61408758,7.2833333,True,False,None,Playing,False,False,False,6,0,10.03095,0,-10,8.7,False,False,False,-4,0.92,0.00283759926
Frame,1518,6.868908,5.617113,7.2833333,True,False,None,Playing,False,False,False,6,0,9.994641,0,-10,8.7,False,False,False,-4,0.92,0.00302560232
Frame,1519,6.87177658,5.61995745,7.2833333,True,False,None,Playing,False,False,False,6,0,9.960508,0,-10,8.7,False,False,False,-4,0.92,0.00284409733
Frame,1520,6.87529,5.62338543,7.2833333,True,False,None,Playing,False,False,False,6,0,9.919375,0,-10,8.7,False,False,False,-4,0.92,0.00342810364
Frame,1521,6.8782196,5.626441,7.2833333,True,False,None,Playing,False,False,False,6,0,9.882707,0,-10,8.7,False,False,False,-4,0.92,0.003055499
Frame,1522,6.88125038,5.62937355,7.2833333,True,False,None,Playing,False,False,False,6,0,9.847516,0,-10,8.7,False,False,False,-4,0.92,0.00293239788
Frame,1523,6.885046,5.63318,7.2833333,True,False,None,Playing,False,False,False,6,0,9.801838,0,-10,8.7,False,False,False,-4,0.92,0.00380650512
Frame,1524,6.88886452,5.63700438,7.2833333,True,False,None,Playing,False,False,False,6,0,9.755945,0,-10,8.7,False,False,False,-4,0.92,0.00382439769
Frame,1525,6.892479,5.640349,7.2833333,True,False,None,Playing,False,False,False,6,0,9.715814,0,-10,8.7,False,False,False,-4,0.92,0.00334430276
Frame,1526,6.89582062,5.643881,7.2833333,True,False,None,Playing,False,False,False,6,0,9.673431,0,-10,8.7,False,False,False,-4,0.92,0.00353169651
Frame,1527,6.905607,5.65357542,7.2833333,True,False,None,Playing,False,False,False,6,0,9.557096,0,-10,8.7,False,False,False,-4,0.92,0.009694501
Frame,1528,6.91210365,5.66028357,7.2833333,True,False,None,Playing,False,False,False,6,0,9.476595,0,-10,8.7,False,False,False,-4,0.92,0.006708298
Frame,1529,6.917803,5.66588068,7.2833333,True,False,None,Playing,False,False,False,6,0,9.409431,0,-10,8.7,False,False,False,-4,0.92,0.005596903
Frame,1530,6.92225075,5.670333,7.2833333,True,False,None,Playing,False,False,False,6,0,9.356003,0,-10,8.7,False,False,False,-4,0.92,0.00445199851
Frame,1531,6.92524338,5.67349672,7.2833333,True,False,None,Playing,False,False,False,6,0,9.318041,0,-10,8.7,False,False,False,-4,0.92,0.00316369766
Frame,1532,6.92800331,5.67624426,7.2833333,True,False,None,Playing,False,False,False,6,0,9.28507,0,-10,8.7,False,False,False,-4,0.92,0.00274760486
Frame,1533,6.93234444,5.680406,7.2833333,True,False,None,Playing,False,False,False,6,0,9.235127,0,-10,8.7,False,False,False,-4,0.92,0.00416189758
Frame,1534,6.93564034,5.68364763,7.2833333,True,False,None,Playing,False,False,False,6,0,9.196226,0,-10,8.7,False,False,False,-4,0.92,0.00324149663
Frame,1535,6.93854141,5.686701,7.2833333,True,False,None,Playing,False,False,False,6,0,9.15959,0,-10,8.7,False,False,False,-4,0.92,0.00305330218
Frame,1536,6.94168472,5.689743,7.2833333,True,False,None,Playing,False,False,False,6,0,9.123081,0,-10,8.7,False,False,False,-4,0.92,0.00304229744
Frame,1537,6.944458,5.692682,7.2833333,True,False,None,Playing,False,False,False,6,0,9.087818,0,-10,8.7,False,False,False,-4,0.92,0.00293870457
Frame,1538,6.947441,5.695585,7.2833333,True,False,None,Playing,False,False,False,6,0,9.052983,0,-10,8.7,False,False,False,-4,0.92,0.00290289824
Frame,1539,6.9507637,5.69873238,7.2833333,True,False,None,Playing,False,False,False,6,0,9.015212,0,-10,8.7,False,False,False,-4,0.92,0.003147697
Frame,1540,6.954033,5.70222569,7.2833333,True,False,None,Playing,False,False,False,6,0,8.973292,0,-10,8.7,False,False,False,-4,0.92,0.003493105
Frame,1541,6.95770454,5.70558167,7.2833333,True,False,None,Playing,False,False,False,6,0,8.933018,0,-10,8.7,False,False,False,-4,0.92,0.00335579645
Frame,1542,6.9624424,5.710265,7.2833333,True,False,None,Playing,False,False,False,6,0,8.876818,0,-10,8.7,False,False,False,-4,0.92,0.00468350342
Frame,1543,6.965925,5.71385336,7.2833333,True,False,None,Playing,False,False,False,6,0,8.833759,0,-10,8.7,False,False,False,-4,0.92,0.00358830066
Frame,1544,6.96951866,5.717404,7.2833333,True,False,None,Playing,False,False,False,6,0,8.791153,0,-10,8.7,False,False,False,-4,0.92,0.00355039677
Frame,1545,6.97300148,5.72092152,7.2833333,True,False,None,Playing,False,False,False,6,0,8.748941,0,-10,8.7,False,False,False,-4,0.92,0.00351770129
Frame,1546,6.976309,5.724411,7.2833333,True,False,None,Playing,False,False,False,6,0,8.707069,0,-10,8.7,False,False,False,-4,0.92,0.00348949828
Frame,1547,6.97929573,5.727373,7.2833333,True,False,None,Playing,False,False,False,6,0,8.671523,0,-10,8.7,False,False,False,-4,0.92,0.002962004
Frame,1548,6.982538,5.730715,7.2833333,True,False,None,Playing,False,False,False,6,0,8.63142,0,-10,8.7,False,False,False,-4,0.92,0.00334149669
Sequence_031,1548,7.01017761,5.730715,7.2833333,True,False,None,Playing,False,False,False,6,0,8.63142,0,-10,8.7,False,False,False,-4,0.92,0.00334149669
Frame,1549,7.01676559,5.7644577,7.2833333,True,False,None,Playing,False,False,False,6,0,8.226506,0,-10,8.7,False,False,False,-4,0.92,0.0337427
Frame,1550,7.02166176,5.76958752,7.2833333,True,False,None,Playing,False,False,False,6,0,8.16495,0,-10,8.7,False,False,False,-4,0.92,0.005129698
Frame,1551,7.02479744,5.77289438,7.2833333,True,False,None,Playing,False,False,False,6,0,8.125266,0,-10,8.7,False,False,False,-4,0.92,0.00330680283
Frame,1552,7.027706,5.77589273,7.2833333,True,False,None,Playing,False,False,False,6,0,8.089285,0,-10,8.7,False,False,False,-4,0.92,0.0029982
Frame,1553,7.03125954,5.779079,7.2833333,True,False,None,Playing,False,False,False,6,0,8.051051,0,-10,8.7,False,False,False,-4,0.92,0.00318599772
Frame,1554,7.034374,5.78253031,7.2833333,True,False,None,Playing,False,False,False,6,0,8.009634,0,-10,8.7,False,False,False,-4,0.92,0.003451403
Frame,1555,7.038025,5.78591967,7.2833333,True,False,None,Playing,False,False,False,6,0,7.96896458,0,-10,8.7,False,False,False,-4,0.92,0.003389399
Frame,1556,7.04151344,5.78959751,7.2833333,True,False,None,Playing,False,False,False,6,0,7.924828,0,-10,8.7,False,False,False,-4,0.92,0.00367769971
Frame,1557,7.0455513,5.7937007,7.2833333,True,False,None,Playing,False,False,False,6,0,7.875592,0,-10,8.7,False,False,False,-4,0.92,0.004103302
Frame,1558,7.04907227,5.797159,7.2833333,True,False,None,Playing,False,False,False,6,0,7.83408737,0,-10,8.7,False,False,False,-4,0.92,0.00345829781
Frame,1559,7.05295944,5.801082,7.2833333,True,False,None,Playing,False,False,False,6,0,7.787012,0,-10,8.7,False,False,False,-4,0.92,0.00392279634
Frame,1560,7.056278,5.804378,7.2833333,True,False,None,Playing,False,False,False,6,0,7.747464,0,-10,8.7,False,False,False,-4,0.92,0.003295706
Frame,1561,7.05944252,5.80762959,7.2833333,True,False,None,Playing,False,False,False,6,0,7.70844364,0,-10,8.7,False,False,False,-4,0.92,0.00325169368
Frame,1562,7.06276131,5.81089067,7.2833333,True,False,None,Playing,False,False,False,6,0,7.66931152,0,-10,8.7,False,False,False,-4,0.92,0.00326100481
Frame,1563,7.06617928,5.81422663,7.2833333,True,False,None,Playing,False,False,False,6,0,7.62928,0,-10,8.7,False,False,False,-4,0.92,0.0033359977
Frame,1564,7.0697155,5.817733,7.2833333,True,False,None,Playing,False,False,False,6,0,7.587205,0,-10,8.7,False,False,False,-4,0.92,0.00350639876
Frame,1565,7.07278633,5.82093,7.2833333,True,False,None,Playing,False,False,False,6,0,7.548839,0,-10,8.7,False,False,False,-4,0.92,0.00319700246
Frame,1566,7.07591248,5.824172,7.2833333,True,False,None,Playing,False,False,False,6,0,7.50993443,0,-10,8.7,False,False,False,-4,0.92,0.003242099
Frame,1567,7.081526,5.82960272,7.2833333,True,False,None,Playing,False,False,False,6,0,7.444768,0,-10,8.7,False,False,False,-4,0.92,0.00543080363
Frame,1568,7.084543,5.83267975,7.2833333,True,False,None,Playing,False,False,False,6,0,7.407844,0,-10,8.7,False,False,False,-4,0.92,0.00307719666
Frame,1569,7.08745,5.83572149,7.2833333,True,False,None,Playing,False,False,False,6,0,7.37133932,0,-10,8.7,False,False,False,-4,0.92,0.003041603
Frame,1570,7.09017563,5.83842039,7.2833333,True,False,None,Playing,False,False,False,6,0,7.338956,0,-10,8.7,False,False,False,-4,0.92,0.0026987954
Frame,1571,7.09321,5.841193,7.2833333,True,False,None,Playing,False,False,False,6,0,7.305682,0,-10,8.7,False,False,False,-4,0.92,0.002772704
Frame,1572,7.096546,5.84463644,7.2833333,True,False,None,Playing,False,False,False,6,0,7.26436138,0,-10,8.7,False,False,False,-4,0.92,0.00344339572
Frame,1573,7.099983,5.847815,7.2833333,True,False,None,Playing,False,False,False,6,0,7.226219,0,-10,8.7,False,False,False,-4,0.92,0.00317840138
Frame,1574,7.10323334,5.85132456,7.2833333,True,False,None,Playing,False,False,False,6,0,7.18410349,0,-10,8.7,False,False,False,-4,0.92,0.00350930425
Frame,1575,7.10629272,5.85431767,7.2833333,True,False,None,Playing,False,False,False,6,0,7.148186,0,-10,8.7,False,False,False,-4,0.92,0.00299319718
Frame,1576,7.10981941,5.85786057,7.2833333,True,False,None,Playing,False,False,False,6,0,7.105671,0,-10,8.7,False,False,False,-4,0.92,0.00354280043
Frame,1577,7.11269,5.86085367,7.2833333,True,False,None,Playing,False,False,False,6,0,7.06975365,0,-10,8.7,False,False,False,-4,0.92,0.002993098
Frame,1578,7.115528,5.863802,7.2833333,True,False,None,Playing,False,False,False,6,0,7.034375,0,-10,8.7,False,False,False,-4,0.92,0.002948101
Frame,1579,7.11844826,5.86663628,7.2833333,True,False,None,Playing,False,False,False,6,0,7.0003624,0,-10,8.7,False,False,False,-4,0.92,0.00283450261
Frame,1580,7.12270164,5.87085056,7.2833333,True,False,None,Playing,False,False,False,6,0,6.94979239,0,-10,8.7,False,False,False,-4,0.92,0.004214498
Frame,1581,7.12566948,5.87387848,7.2833333,True,False,None,Playing,False,False,False,6,0,6.9134593,0,-10,8.7,False,False,False,-4,0.92,0.00302809663
Frame,1582,7.12844849,5.87671947,7.2833333,True,False,None,Playing,False,False,False,6,0,6.879367,0,-10,8.7,False,False,False,-4,0.92,0.002840802
Frame,1583,7.131731,5.880031,7.2833333,True,False,None,Playing,False,False,False,6,0,6.83962727,0,-10,8.7,False,False,False,-4,0.92,0.00331179844
Frame,1584,7.13591766,5.883799,7.2833333,True,False,None,Playing,False,False,False,6,0,6.794409,0,-10,8.7,False,False,False,-4,0.92,0.00376780052
Frame,1585,7.139843,5.88806057,7.2833333,True,False,None,Playing,False,False,False,6,0,6.743272,0,-10,8.7,False,False,False,-4,0.92,0.0042613023
Frame,1586,7.14339447,5.89129257,7.2833333,True,False,None,Playing,False,False,False,6,0,6.704487,0,-10,8.7,False,False,False,-4,0.92,0.00323219947
Frame,1587,7.14662361,5.89485359,7.2833333,True,False,None,Playing,False,False,False,6,0,6.66175652,0,-10,8.7,False,False,False,-4,0.92,0.00356089859
Frame,1588,7.14979935,5.89795542,7.2833333,True,False,None,Playing,False,False,False,6,0,6.6245327,0,-10,8.7,False,False,False,-4,0.92,0.00310199824
Frame,1589,7.15343857,5.90147829,7.2833333,True,False,None,Playing,False,False,False,6,0,6.58226156,0,-10,8.7,False,False,False,-4,0.92,0.00352280331
Frame,1590,7.15644455,5.90464067,7.2833333,True,False,None,Playing,False,False,False,6,0,6.544311,0,-10,8.7,False,False,False,-4,0.92,0.0031625
Frame,1591,7.15941238,5.907695,7.2833333,True,False,None,Playing,False,False,False,6,0,6.507663,0,-10,8.7,False,False,False,-4,0.92,0.003054096
Frame,1592,7.162367,5.910603,7.2833333,True,False,None,Playing,False,False,False,6,0,6.47276354,0,-10,8.7,False,False,False,-4,0.92,0.00290820585
Frame,1593,7.16546249,5.91369724,7.2833333,True,False,None,Playing,False,False,False,6,0,6.43563175,0,-10,8.7,False,False,False,-4,0.92,0.003094395
Frame,1594,7.16922,5.91706944,7.2833333,True,False,None,Playing,False,False,False,6,0,6.39516544,0,-10,8.7,False,False,False,-4,0.92,0.00337239937
Frame,1595,7.17375946,5.921639,7.2833333,True,False,None,Playing,False,False,False,6,0,6.3403306,0,-10,8.7,False,False,False,-4,0.92,0.00456960034
Frame,1596,7.177099,5.9251914,7.2833333,True,False,None,Playing,False,False,False,6,0,6.29770374,0,-10,8.7,False,False,False,-4,0.92,0.00355240214
Frame,1597,7.180315,5.9285326,7.2833333,True,False,None,Playing,False,False,False,6,0,6.257609,0,-10,8.7,False,False,False,-4,0.92,0.00334100053
Frame,1598,7.183626,5.93158674,7.2833333,True,False,None,Playing,False,False,False,6,0,6.220957,0,-10,8.7,False,False,False,-4,0.92,0.00305410288
Sequence_032,1598,7.21178055,5.93158674,7.2833333,True,False,None,Playing,False,False,False,6,0,6.220957,0,-10,8.7,False,False,False,-4,0.92,0.00305410288
Frame,1599,7.218193,5.96615839,7.2833333,True,False,None,Playing,False,False,False,6,0,5.806099,0,-10,8.7,False,False,False,-4,0.92,0.0345715
Frame,1600,7.22263145,5.970734,7.2833333,True,False,None,Playing,False,False,False,6,0,5.751188,0,-10,8.7,False,False,False,-4,0.92,0.00457570143
Frame,1601,7.225977,5.974143,7.2833333,True,False,None,Playing,False,False,False,6,0,5.71028233,0,-10,8.7,False,False,False,-4,0.92,0.00340879383
Frame,1602,7.22955132,5.977451,7.2833333,True,False,None,Playing,False,False,False,6,0,5.670591,0,-10,8.7,False,False,False,-4,0.92,0.00330760353
Frame,1603,7.23310852,5.981315,7.2833333,True,False,None,Playing,False,False,False,6,0,5.624218,0,-10,8.7,False,False,False,-4,0.92,0.00386410137
Frame,1604,7.2364254,5.984611,7.2833333,True,False,None,Playing,False,False,False,6,0,5.58466625,0,-10,8.7,False,False,False,-4,0.92,0.00329569867
Frame,1605,7.23991,5.98786831,7.2833333,True,False,None,Playing,False,False,False,6,0,5.545578,0,-10,8.7,False,False,False,-4,0.92,0.00325710024
Frame,1606,7.243479,5.99146843,7.2833333,True,False,None,Playing,False,False,False,6,0,5.502376,0,-10,8.7,False,False,False,-4,0.92,0.00360019831
Frame,1607,7.247381,5.99541473,7.2833333,True,False,None,Playing,False,False,False,6,0,5.455021,0,-10,8.7,False,False,False,-4,0.92,0.003946301
Frame,1608,7.25126266,5.99909735,7.2833333,True,False,None,Playing,False,False,False,6,0,5.410833,0,-10,8.7,False,False,False,-4,0.92,0.003682802
Frame,1609,7.2543354,6.002544,7.2833333,True,False,None,Playing,False,False,False,6,0,5.369472,0,-10,8.7,False,False,False,-4,0.92,0.003446698
Frame,1610,7.257782,6.00583744,7.2833333,True,False,None,Playing,False,False,False,6,0,5.32994843,0,-10,8.7,False,False,False,-4,0.92,0.00329340273
Frame,1611,7.261013,6.009232,7.2833333,True,False,None,Playing,False,False,False,6,0,5.28921461,0,-10,8.7,False,False,False,-4,0.92,0.00339479884
Frame,1612,7.26425934,6.01242733,7.2833333,True,False,None,Playing,False,False,False,6,0,5.25087261,0,-10,8.7,False,False,False,-4,0.92,0.00319529488
Frame,1613,7.267662,6.01577,7.2833333,True,False,None,Playing,False,False,False,6,0,5.210758,0,-10,8.7,False,False,False,-4,0.92,0.003342602
Frame,1614,7.270891,6.01905632,7.2833333,True,False,None,Playing,False,False,False,6,0,5.171322,0,-10,8.7,False,False,False,-4,0.92,0.00328640174
Frame,1615,7.27414131,6.022322,7.2833333,True,False,None,Playing,False,False,False,6,0,5.132134,0,-10,8.7,False,False,False,-4,0.92,0.00326600065
Frame,1616,7.2770977,6.025348,7.2833333,True,False,None,Playing,False,False,False,6,0,5.095821,0,-10,8.7,False,False,False,-4,0.92,0.00302589987
Frame,1617,7.28031158,6.028476,7.2833333,True,False,None,Playing,False,False,False,6,0,5.05828571,0,-10,8.7,False,False,False,-4,0.92,0.00312799751
Frame,1618,7.28335,6.0315,7.2833333,True,False,None,Playing,False,False,False,6,0,5.022001,0,-10,8.7,False,False,False,-4,0.92,0.003023604
Frame,1619,7.28630638,6.03443146,7.2833333,True,False,None,Playing,False,False,False,6,0,4.986822,0,-10,8.7,False,False,False,-4,0.92,0.00293169636
Frame,1620,7.29252243,6.037396,7.2833333,True,False,None,Playing,False,False,False,6,0,4.95124769,0,-10,8.7,False,False,False,-4,0.92,0.00296429987
Frame,1621,7.29887772,6.04665756,7.2833333,True,False,None,Playing,False,False,False,6,0,4.84010839,0,-10,8.7,False,False,False,-4,0.92,0.0092616
Frame,1622,7.305809,6.05375338,7.2833333,True,False,None,Playing,False,False,False,6,0,4.75495863,0,-10,8.7,False,False,False,-4,0.92,0.00709600328
Frame,1623,7.31182671,6.059828,7.2833333,True,False,None,Playing,False,False,False,6,0,4.682065,0,-10,8.7,False,False,False,-4,0.92,0.00607429864
Frame,1624,7.31509972,6.06306744,7.2833333,True,False,None,Playing,False,False,False,6,0,4.64318848,0,-10,8.7,False,False,False,-4,0.92,0.00323949824
Frame,1625,7.3187294,6.06661558,7.2833333,True,False,None,Playing,False,False,False,6,0,4.60061359,0,-10,8.7,False,False,False,-4,0.92,0.0035482
Frame,1626,7.3221035,6.070244,7.2833333,True,False,None,Playing,False,False,False,6,0,4.557072,0,-10,8.7,False,False,False,-4,0.92,0.00362830213
Frame,1627,7.324753,6.073046,7.2833333,True,False,None,Playing,False,False,False,6,0,4.523447,0,-10,8.7,False,False,False,-4,0.92,0.00280260062
Frame,1628,7.32776833,6.07607126,7.2833333,True,False,None,Playing,False,False,False,6,0,4.487146,0,-10,8.7,False,False,False,-4,0.92,0.003025
Frame,1629,7.330536,6.07880354,7.2833333,True,False,None,Playing,False,False,False,6,0,4.45435524,0,-10,8.7,False,False,False,-4,0.92,0.0027322988
Frame,1630,7.3353157,6.08338261,7.2833333,True,False,None,Playing,False,False,False,6,0,4.39940834,0,-10,8.7,False,False,False,-4,0.92,0.00457899645
Frame,1631,7.33847427,6.08668566,7.2833333,True,False,None,Playing,False,False,False,6,0,4.35977268,0,-10,8.7,False,False,False,-4,0.92,0.00330300443
Frame,1632,7.341696,6.089773,7.2833333,True,False,None,Playing,False,False,False,6,0,4.322721,0,-10,8.7,False,False,False,-4,0.92,0.00308740069
Frame,1633,7.345026,6.092908,7.2833333,True,False,None,Playing,False,False,False,6,0,4.285106,0,-10,8.7,False,False,False,-4,0.92,0.00313480012
Frame,1634,7.34831047,6.096285,7.2833333,True,False,None,Playing,False,False,False,6,0,4.24458,0,-10,8.7,False,False,False,-4,0.92,0.00337699824
Frame,1635,7.351597,6.09974337,7.2833333,True,False,None,Playing,False,False,False,6,0,4.203079,0,-10,8.7,False,False,False,-4,0.92,0.0034585956
Frame,1636,7.35498047,6.10321665,7.2833333,True,False,None,Playing,False,False,False,6,0,4.161399,0,-10,8.7,False,False,False,-4,0.92,0.003473101
Frame,1637,7.358383,6.10656452,7.2833333,True,False,None,Playing,False,False,False,6,0,4.1212244,0,-10,8.7,False,False,False,-4,0.92,0.00334790256
Frame,1638,7.36152267,6.1096983,7.2833333,True,False,None,Playing,False,False,False,6,0,4.0836215,0,-10,8.7,False,False,False,-4,0.92,0.003133801
Frame,1639,7.36483574,6.113047,7.2833333,True,False,None,Playing,False,False,False,6,0,4.04343462,0,-10,8.7,False,False,False,-4,0.92,0.00334880245
Frame,1640,7.36795425,6.116142,7.2833333,True,False,None,Playing,False,False,False,6,0,4.006299,0,-10,8.7,False,False,False,-4,0.92,0.00309479865
Frame,1641,7.3711834,6.119342,7.2833333,True,False,None,Playing,False,False,False,6,0,3.96789742,0,-10,8.7,False,False,False,-4,0.92,0.00320019852
Frame,1642,7.37455368,6.12278032,7.2833333,True,False,None,Playing,False,False,False,6,0,3.92663646,0,-10,8.7,False,False,False,-4,0.92,0.00343839987
Frame,1643,7.37783432,6.126056,7.2833333,True,False,None,Playing,False,False,False,6,0,3.88732433,0,-10,8.7,False,False,False,-4,0.92,0.00327580073
Frame,1644,7.380617,6.12890863,7.2833333,True,False,None,Playing,False,False,False,6,0,3.853096,0,-10,8.7,False,False,False,-4,0.92,0.00285250135
Frame,1645,7.383564,6.13171959,7.2833333,True,False,None,Playing,False,False,False,6,0,3.81936288,0,-10,8.7,False,False,False,-4,0.92,0.00281109684
Frame,1646,7.386612,6.134893,7.2833333,True,False,None,Playing,False,False,False,6,0,3.78128481,0,-10,8.7,False,False,False,-4,0.92,0.00317329937
Sequence_033,1646,7.413437,6.134893,7.2833333,True,False,None,Playing,False,False,False,6,0,3.78128481,0,-10,8.7,False,False,False,-4,0.92,0.00317329937
Frame,1647,7.41984367,6.167846,7.2833333,True,False,None,Playing,False,False,False,6,0,3.38584328,0,-10,8.7,False,False,False,-4,0.92,0.0329532027
Frame,1648,7.424635,6.172525,7.2833333,True,False,None,Playing,False,False,False,6,0,3.32969856,0,-10,8.7,False,False,False,-4,0.92,0.00467879837
Frame,1649,7.42762375,6.175861,7.2833333,True,False,None,Playing,False,False,False,6,0,3.28966761,0,-10,8.7,False,False,False,-4,0.92,0.00333589851
Frame,1650,7.43050957,6.17880154,7.2833333,True,False,None,Playing,False,False,False,6,0,3.2543807,0,-10,8.7,False,False,False,-4,0.92,0.00294060376
Frame,1651,7.43349266,6.181533,7.2833333,True,False,None,Playing,False,False,False,6,0,3.221606,0,-10,8.7,False,False,False,-4,0.92,0.002731498
Frame,1652,7.437172,6.185125,7.2833333,True,False,None,Playing,False,False,False,6,0,3.17850018,0,-10,8.7,False,False,False,-4,0.92,0.00359190046
Frame,1653,7.440199,6.188469,7.2833333,True,False,None,Playing,False,False,False,6,0,3.13837337,0,-10,8.7,False,False,False,-4,0.92,0.00334409717
Frame,1654,7.44314,6.19129038,7.2833333,True,False,None,Playing,False,False,False,6,0,3.10451627,0,-10,8.7,False,False,False,-4,0.92,0.00282149948
Frame,1655,7.44694138,6.19523668,7.2833333,True,False,None,Playing,False,False,False,6,0,3.05715728,0,-10,8.7,False,False,False,-4,0.92,0.00394610269
Frame,1656,7.45025253,6.19845247,7.2833333,True,False,None,Playing,False,False,False,6,0,3.018568,0,-10,8.7,False,False,False,-4,0.92,0.003215703
Frame,1657,7.454199,6.202349,7.2833333,True,False,None,Playing,False,False,False,6,0,2.971808,0,-10,8.7,False,False,False,-4,0.92,0.003896698
Frame,1658,7.457449,6.20561457,7.2833333,True,False,None,Playing,False,False,False,6,0,2.93262362,0,-10,8.7,False,False,False,-4,0.92,0.00326549751
Frame,1659,7.46052742,6.2087574,7.2833333,True,False,None,Playing,False,False,False,6,0,2.894909,0,-10,8.7,False,False,False,-4,0.92,0.003142602
Frame,1660,7.46359634,6.21178341,7.2833333,True,False,None,Playing,False,False,False,6,0,2.8586,0,-10,8.7,False,False,False,-4,0.92,0.003025999
Frame,1661,7.466921,6.215097,7.2833333,True,False,None,Playing,False,False,False,6,0,2.81883645,0,-10,8.7,False,False,False,-4,0.92,0.00331359846
Frame,1662,7.470274,6.21850443,7.2833333,True,False,None,Playing,False,False,False,6,0,2.777947,0,-10,8.7,False,False,False,-4,0.92,0.00340770255
Frame,1663,7.47320557,6.22146225,7.2833333,True,False,None,Playing,False,False,False,6,0,2.74245262,0,-10,8.7,False,False,False,-4,0.92,0.00295800017
Frame,1664,7.47628975,6.22438431,7.2833333,True,False,None,Playing,False,False,False,6,0,2.70738959,0,-10,8.7,False,False,False,-4,0.92,0.002922201
Frame,1665,7.481554,6.22971,7.2833333,True,False,None,Playing,False,False,False,6,0,2.64347744,0,-10,8.7,False,False,False,-4,0.92,0.0053259
Frame,1666,7.4853363,6.23353672,7.2833333,True,False,None,Playing,False,False,False,6,0,2.59756,0,-10,8.7,False,False,False,-4,0.92,0.003826396
Frame,1667,7.488802,6.236807,7.2833333,True,False,None,Playing,False,False,False,6,0,2.55831575,0,-10,8.7,False,False,False,-4,0.92,0.00327020255
Frame,1668,7.492239,6.24053669,7.2833333,True,False,None,Playing,False,False,False,6,0,2.51356053,0,-10,8.7,False,False,False,-4,0.92,0.003729698
Frame,1669,7.49614525,6.244044,7.2833333,True,False,None,Playing,False,False,False,6,0,2.471473,0,-10,8.7,False,False,False,-4,0.92,0.003506902
Frame,1670,7.49970627,6.247641,7.2833333,True,False,None,Playing,False,False,False,6,0,2.428307,0,-10,8.7,False,False,False,-4,0.92,0.00359730027
Frame,1671,7.503338,6.25121355,7.2833333,True,False,None,Playing,False,False,False,6,0,2.38543677,0,-10,8.7,False,False,False,-4,0.92,0.0035723
Frame,1672,7.506981,6.254879,7.2833333,True,False,None,Playing,False,False,False,6,0,2.34145212,0,-10,8.7,False,False,False,-4,0.92,0.00366549753
Frame,1673,7.510166,6.258425,7.2833333,True,False,None,Playing,False,False,False,6,0,2.29889727,0,-10,8.7,False,False,False,-4,0.92,0.00354600349
Frame,1674,7.512932,6.261146,7.2833333,True,False,None,Playing,False,False,False,6,0,2.26624632,0,-10,8.7,False,False,False,-4,0.92,0.00272099627
Frame,1675,7.52020836,6.26830864,7.2833333,True,False,None,Playing,False,False,False,6,0,2.180294,0,-10,8.7,False,False,False,-4,0.92,0.007162401
Frame,1676,7.52316666,6.27135,7.2833333,True,False,None,Playing,False,False,False,6,0,2.14380121,0,-10,8.7,False,False,False,-4,0.92,0.003041199
Frame,1677,7.526079,6.274356,7.2833333,True,False,None,Playing,False,False,False,6,0,2.107728,0,-10,8.7,False,False,False,-4,0.92,0.00300610112
Frame,1678,7.530409,6.27860165,7.2833333,True,False,None,Playing,False,False,False,6,0,2.05677867,0,-10,8.7,False,False,False,-4,0.92,0.00424559927
Frame,1679,7.533396,6.28162146,7.2833333,True,False,None,Playing,False,False,False,6,0,2.02054167,0,-10,8.7,False,False,False,-4,0.92,0.00301960041
Frame,1680,7.53652573,6.28472567,7.2833333,True,False,None,Playing,False,False,False,6,0,1.9832902,0,-10,8.7,False,False,False,-4,0.92,0.0031041028
Frame,1681,7.5394516,6.28771925,7.2833333,True,False,None,Playing,False,False,False,6,0,1.9473685,0,-10,8.7,False,False,False,-4,0.92,0.002993495
Frame,1682,7.543041,6.29094076,7.2833333,True,False,None,Playing,False,False,False,6,0,1.90871525,0,-10,8.7,False,False,False,-4,0.92,0.00322160567
Frame,1683,7.546425,6.294602,7.2833333,True,False,None,Playing,False,False,False,6,0,1.86479068,0,-10,8.7,False,False,False,-4,0.92,0.00366099784
Frame,1684,7.549715,6.29777431,7.2833333,True,False,None,Playing,False,False,False,6,0,1.82673645,0,-10,8.7,False,False,False,-4,0.92,0.0031723
Frame,1685,7.55342674,6.30126572,7.2833333,True,False,None,Playing,False,False,False,6,0,1.78486848,0,-10,8.7,False,False,False,-4,0.92,0.0034912983
Frame,1686,7.55755234,6.305451,7.2833333,True,False,None,Playing,False,False,False,6,0,1.734694,0,-10,8.7,False,False,False,-4,0.92,0.004185303
Frame,1687,7.56224442,6.30990648,7.2833333,True,False,None,Playing,False,False,False,6,0,1.68130875,0,-10,8.7,False,False,False,-4,0.92,0.0044553997
Frame,1688,7.565876,6.31400156,7.2833333,True,False,None,Playing,False,False,False,6,0,1.63226449,0,-10,8.7,False,False,False,-4,0.92,0.004095302
Frame,1689,7.568943,6.31718445,7.2833333,True,False,None,Playing,False,False,False,6,0,1.59417033,0,-10,8.7,False,False,False,-4,0.92,0.003182894
Frame,1690,7.57208443,6.320123,7.2833333,True,False,None,Playing,False,False,False,6,0,1.55901146,0,-10,8.7,False,False,False,-4,0.92,0.00293870457
Frame,1691,7.57549858,6.32360172,7.2833333,True,False,None,Playing,False,False,False,6,0,1.51742315,0,-10,8.7,False,False,False,-4,0.92,0.003478699
Frame,1692,7.57843,6.32661247,7.2833333,True,False,None,Playing,False,False,False,6,0,1.4814496,0,-10,8.7,False,False,False,-4,0.92,0.00301060081
Frame,1693,7.58120155,6.32937,7.2833333,True,False,None,Playing,False,False,False,6,0,1.448523,0,-10,8.7,False,False,False,-4,0.92,0.00275759632
Frame,1694,7.5850563,6.332751,7.2833333,True,False,None,Playing,False,False,False,6,0,1.40818059,0,-10,8.7,False,False,False,-4,0.92,0.00338090281
Frame,1695,7.588928,6.33701754,7.2833333,True,False,None,Playing,False,False,False,6,0,1.3573153,0,-10,8.7,False,False,False,-4,0.92,0.00426680129
Sequence_034,1695,7.63377571,6.33701754,7.2833333,True,False,None,Playing,False,False,False,6,0,1.3573153,0,-10,8.7,False,False,False,-4,0.92,0.00426680129
Frame,1696,7.64460754,6.39210558,7.2833333,True,False,None,Playing,False,False,False,6,0,0.7073593,0,-10,8.7,False,False,False,-4,0.92,0.0550880954
Frame,1697,7.65452,6.40240049,7.2833333,True,False,None,Playing,False,False,False,6,0,0.5877377,0,-10,8.7,False,False,False,-4,0.92,0.0102948062
Frame,1698,7.66119576,6.409129,7.2833333,True,False,None,Playing,False,False,False,6,0,0.5099441,0,-10,8.7,False,False,False,-4,0.92,0.0067286
Frame,1699,7.66470337,6.41269636,7.2833333,True,False,None,Playing,False,False,False,6,0,0.468834877,0,-10,8.7,False,False,False,-4,0.92,0.00356709887
Frame,1700,7.66789055,6.41602325,7.2833333,True,False,None,Playing,False,False,False,6,0,0.43057704,0,-10,8.7,False,False,False,-4,0.92,0.00332670077
Frame,1701,7.67137146,6.419424,7.2833333,True,False,None,Playing,False,False,False,6,0,0.391560435,0,-10,8.7,False,False,False,-4,0.92,0.00340069435
Frame,1702,7.67463875,6.42272234,7.2833333,True,False,None,Playing,False,False,False,6,0,0.35380578,0,-10,8.7,False,False,False,-4,0.92,0.00329850474
Frame,1703,7.67832947,6.425894,7.2833333,True,False,None,Playing,False,False,False,6,0,0.317584634,0,-10,8.7,False,False,False,-4,0.92,0.00317140017
Frame,1704,7.68265152,6.430716,7.2833333,True,False,None,Playing,False,False,False,6,0,0.262665868,0,-10,8.7,False,False,False,-4,0.92,0.00482209446
Frame,1705,7.686901,6.434602,7.2833333,True,False,None,Playing,False,False,False,6,0,0.218557537,0,-10,8.7,False,False,False,-4,0.92,0.003885601
Frame,1706,7.6900425,6.43811464,7.2833333,True,False,None,Playing,False,False,False,6,0,0.178790152,0,-10,8.7,False,False,False,-4,0.92,0.00351280463
Frame,1707,7.692831,6.44112253,7.2833333,True,False,None,Playing,False,False,False,6,0,0.144829333,0,-10,8.7,False,False,False,-4,0.92,0.00300809951
Frame,1708,7.696005,6.44428158,7.2833333,True,False,None,Playing,False,False,False,6,0,0.109247148,0,-10,8.7,False,False,False,-4,0.92,0.00315919775
Frame,1709,7.699045,6.447027,7.2833333,True,False,None,Playing,False,False,False,6,0,0.078397274,0,-10,8.7,False,False,False,-4,0.92,0.00274579786
Frame,1710,7.70284271,6.45093,7.2833333,True,False,None,Playing,False,False,False,6,0,0.03466034,0,-10,8.7,False,False,False,-4,0.92,0.003902799
Frame,1711,7.70607376,6.45433331,7.2833333,True,False,None,Playing,False,False,False,6,0,-0.00335788727,0,-10,8.7,False,False,False,-4,0.92,0.00340340147
Frame,1712,7.709095,6.45732832,7.2833333,True,False,None,Playing,False,False,False,6,0,-0.0367236733,0,-10,8.7,False,False,False,-4,0.92,0.00299520255
Frame,1713,7.71229553,6.460499,7.2833333,True,False,None,Playing,False,False,False,6,0,-0.07194644,0,-10,8.7,False,False,False,-4,0.92,0.003170401
Frame,1714,7.71536064,6.46342468,7.2833333,True,False,None,Playing,False,False,False,6,0,-0.104365766,0,-10,8.7,False,False,False,-4,0.92,0.0029259
Frame,1715,7.71910858,6.467089,7.2833333,True,False,None,Playing,False,False,False,6,0,-0.144844,0,-10,8.7,False,False,False,-4,0.92,0.00366449822
Frame,1716,7.72225952,6.470416,7.2833333,True,False,None,Playing,False,False,False,6,0,-0.181476474,0,-10,8.7,False,False,False,-4,0.92,0.00332689914
Frame,1717,7.72520828,6.47346163,7.2833333,True,False,None,Playing,False,False,False,6,0,-0.214906156,0,-10,8.7,False,False,False,-4,0.92,0.00304550026
Frame,1718,7.728119,6.476275,7.2833333,True,False,None,Playing,False,False,False,6,0,-0.245704114,0,-10,8.7,False,False,False,-4,0.92,0.00281349919
Frame,1719,7.731085,6.479324,7.2833333,True,False,None,Playing,False,False,False,6,0,-0.27897805,0,-10,8.7,False,False,False,-4,0.92,0.00304870331
Frame,1720,7.734564,6.482575,7.2833333,True,False,None,Playing,False,False,False,6,0,-0.314352572,0,-10,8.7,False,False,False,-4,0.92,0.0032509
Frame,1721,7.7382946,6.4861393,7.2833333,True,False,None,Playing,False,False,False,6,0,-0.353001773,0,-10,8.7,False,False,False,-4,0.92,0.0035642006
Frame,1722,7.741831,6.48961353,7.2833333,True,False,None,Playing,False,False,False,6,0,-0.3905328,0,-10,8.7,False,False,False,-4,0.92,0.0034742984
Frame,1723,7.74492455,6.49316168,7.2833333,True,False,None,Playing,False,False,False,6,0,-0.428722739,0,-10,8.7,False,False,False,-4,0.92,0.00354800164
Frame,1724,7.748186,6.496432,7.2833333,True,False,None,Playing,False,False,False,6,0,-0.463789761,0,-10,8.7,False,False,False,-4,0.92,0.00327029475
Frame,1725,7.752035,6.50023651,7.2833333,True,False,None,Playing,False,False,False,6,0,-0.5044357,0,-10,8.7,False,False,False,-4,0.92,0.003804705
Frame,1726,7.755438,6.50366831,7.2833333,True,False,None,Playing,False,False,False,6,0,-0.5409484,0,-10,8.7,False,False,False,-4,0.92,0.00343189482
Frame,1727,7.760174,6.508334,7.2833333,True,False,None,Playing,False,False,False,6,0,-0.5903641,0,-10,8.7,False,False,False,-4,0.92,0.004665703
Frame,1728,7.763088,6.511351,7.2833333,True,False,None,Playing,False,False,False,6,0,-0.6221724,0,-10,8.7,False,False,False,-4,0.92,0.0030169005
Frame,1729,7.767235,6.514936,7.2833333,True,False,None,Playing,False,False,False,6,0,-0.659827232,0,-10,8.7,False,False,False,-4,0.92,0.00358509785
Frame,1730,7.771225,6.51918268,7.2833333,True,False,None,Playing,False,False,False,6,0,-0.7042191,0,-10,8.7,False,False,False,-4,0.92,0.004246804
Frame,1731,7.77456856,6.52268553,7.2833333,True,False,None,Playing,False,False,False,6,0,-0.7406679,0,-10,8.7,False,False,False,-4,0.92,0.003502799
Frame,1732,7.77748871,6.5257163,7.2833333,True,False,None,Playing,False,False,False,6,0,-0.772072852,0,-10,8.7,False,False,False,-4,0.92,0.00303059816
Frame,1733,7.780443,6.528668,7.2833333,True,False,None,Playing,False,False,False,6,0,-0.802543342,0,-10,8.7,False,False,False,-4,0.92,0.00295150233
Frame,1734,7.783325,6.53151035,7.2833333,True,False,None,Playing,False,False,False,6,0,-0.831779838,0,-10,8.7,False,False,False,-4,0.92,0.00284219813
Frame,1735,7.78638649,6.53450537,7.2833333,True,False,None,Playing,False,False,False,6,0,-0.86247,0,-10,8.7,False,False,False,-4,0.92,0.00299479882
Frame,1736,7.78915,6.53728962,7.2833333,True,False,None,Playing,False,False,False,6,0,-0.8908918,0,-10,8.7,False,False,False,-4,0.92,0.002784304
Sequence_035,1736,7.81829262,6.53728962,7.2833333,True,False,None,Playing,False,False,False,6,0,-0.8908918,0,-10,8.7,False,False,False,-4,0.92,0.002784304
Frame,1737,7.82448959,6.572495,7.2833333,True,False,None,Playing,False,False,False,6,0,-1.240967,0,-10,8.7,False,False,False,-4,0.92,0.0352055
Frame,1738,7.82912445,6.577124,7.2833333,True,False,None,Playing,False,False,False,6,0,-1.28566241,0,-10,8.7,False,False,False,-4,0.92,0.004628997
Frame,1739,7.832346,6.58029,7.2833333,True,False,None,Playing,False,False,False,6,0,-1.316045,0,-10,8.7,False,False,False,-4,0.92,0.003165703
Frame,1740,7.83591461,6.58398867,7.2833333,True,False,None,Playing,False,False,False,6,0,-1.35134768,0,-10,8.7,False,False,False,-4,0.92,0.003698597
Frame,1741,7.838997,6.587176,7.2833333,True,False,None,Playing,False,False,False,6,0,-1.38160253,0,-10,8.7,False,False,False,-4,0.92,0.0031871032
Frame,1742,7.84219,6.590302,7.2833333,True,False,None,Playing,False,False,False,6,0,-1.41112649,0,-10,8.7,False,False,False,-4,0.92,0.00312629668
Frame,1743,7.84534073,6.59354067,7.2833333,True,False,None,Playing,False,False,False,6,0,-1.44154906,0,-10,8.7,False,False,False,-4,0.92,0.00323870475
Frame,1744,7.848854,6.597005,7.2833333,True,False,None,Playing,False,False,False,6,0,-1.47391248,0,-10,8.7,False,False,False,-4,0.92,0.00346399518
Frame,1745,7.853216,6.601304,7.2833333,True,False,None,Playing,False,False,False,6,0,-1.51381564,0,-10,8.7,False,False,False,-4,0.92,0.004299001
Frame,1746,7.856619,6.604776,7.2833333,True,False,None,Playing,False,False,False,6,0,-1.54582357,0,-10,8.7,False,False,False,-4,0.92,0.003471804
Frame,1747,7.86013031,6.608128,7.2833333,True,False,None,Playing,False,False,False,6,0,-1.57654572,0,-10,8.7,False,False,False,-4,0.92,0.00335199828
Frame,1748,7.86319733,6.611207,7.2833333,True,False,None,Playing,False,False,False,6,0,-1.604608,0,-10,8.7,False,False,False,-4,0.92,0.00307899667
Frame,1749,7.86616135,6.61438131,7.2833333,True,False,None,Playing,False,False,False,6,0,-1.63337731,0,-10,8.7,False,False,False,-4,0.92,0.0031741
Frame,1750,7.86956024,6.617643,7.2833333,True,False,None,Playing,False,False,False,6,0,-1.66276562,0,-10,8.7,False,False,False,-4,0.92,0.00326179853
Frame,1751,7.872631,6.62079954,7.2833333,True,False,None,Playing,False,False,False,6,0,-1.69104362,0,-10,8.7,False,False,False,-4,0.92,0.00315680262
Frame,1752,7.87601662,6.623995,7.2833333,True,False,None,Playing,False,False,False,6,0,-1.7195015,0,-10,8.7,False,False,False,-4,0.92,0.003195401
Frame,1753,7.879183,6.627393,7.2833333,True,False,None,Playing,False,False,False,6,0,-1.74957657,0,-10,8.7,False,False,False,-4,0.92,0.0033977963
Frame,1754,7.88248825,6.63037968,7.2833333,True,False,None,Playing,False,False,False,6,0,-1.77585793,0,-10,8.7,False,False,False,-4,0.92,0.00298680551
Frame,1755,7.886553,6.6346736,7.2833333,True,False,None,Playing,False,False,False,6,0,-1.81337285,0,-10,8.7,False,False,False,-4,0.92,0.00429409742
Frame,1756,7.89045525,6.638489,7.2833333,True,False,None,Playing,False,False,False,6,0,-1.84645116,0,-10,8.7,False,False,False,-4,0.92,0.00381529913
Frame,1757,7.89417648,6.642151,7.2833333,True,False,None,Playing,False,False,False,6,0,-1.877964,0,-10,8.7,False,False,False,-4,0.92,0.003662004
Frame,1758,7.900669,6.645762,7.2833333,True,False,None,Playing,False,False,False,6,0,-1.90881777,0,-10,8.7,False,False,False,-4,0.92,0.00361129525
Frame,1759,7.9044075,6.65216,7.2833333,True,False,None,Playing,False,False,False,6,0,-1.96293783,0,-10,8.7,False,False,False,-4,0.92,0.006398101
Frame,1760,7.90761,6.65576172,7.2833333,True,False,None,Playing,False,False,False,6,0,-1.993089,0,-10,8.7,False,False,False,-4,0.92,0.00360170077
Frame,1761,7.91050529,6.65876341,7.2833333,True,False,None,Playing,False,False,False,6,0,-2.01804829,0,-10,8.7,False,False,False,-4,0.92,0.00300170062
Frame,1762,7.91329765,6.66151953,7.2833333,True,False,None,Playing,False,False,False,6,0,-2.04082346,0,-10,8.7,False,False,False,-4,0.92,0.00275590271
Frame,1763,7.91690826,6.66478968,7.2833333,True,False,None,Playing,False,False,False,6,0,-2.06767964,0,-10,8.7,False,False,False,-4,0.92,0.00327009638
Frame,1764,7.92050362,6.66849661,7.2833333,True,False,None,Playing,False,False,False,6,0,-2.09789062,0,-10,8.7,False,False,False,-4,0.92,0.0037071004
Frame,1765,7.923662,6.671714,7.2833333,True,False,None,Playing,False,False,False,6,0,-2.12391639,0,-10,8.7,False,False,False,-4,0.92,0.00321699982
Frame,1766,7.927252,6.67543364,7.2833333,True,False,None,Playing,False,False,False,6,0,-2.15377975,0,-10,8.7,False,False,False,-4,0.92,0.003719898
Frame,1767,7.93001747,6.67815161,7.2833333,True,False,None,Playing,False,False,False,6,0,-2.1754446,0,-10,8.7,False,False,False,-4,0.92,0.0027182044
Frame,1768,7.93515968,6.68311262,7.2833333,True,False,None,Playing,False,False,False,6,0,-2.214649,0,-10,8.7,False,False,False,-4,0.92,0.00496119633
Frame,1769,7.93878365,6.6867404,7.2833333,True,False,None,Playing,False,False,False,6,0,-2.24303865,0,-10,8.7,False,False,False,-4,0.92,0.0036276998
Frame,1770,7.942005,6.690079,7.2833333,True,False,None,Playing,False,False,False,6,0,-2.26895666,0,-10,8.7,False,False,False,-4,0.92,0.00333900237
Frame,1771,7.945057,6.693293,7.2833333,True,False,None,Playing,False,False,False,6,0,-2.29371643,0,-10,8.7,False,False,False,-4,0.92,0.00321369758
Frame,1772,7.948019,6.69622564,7.2833333,True,False,None,Playing,False,False,False,6,0,-2.316144,0,-10,8.7,False,False,False,-4,0.92,0.00293270266
Frame,1773,7.95132828,6.69953442,7.2833333,True,False,None,Playing,False,False,False,6,0,-2.34126329,0,-10,8.7,False,False,False,-4,0.92,0.00330899935
Frame,1774,7.95496941,6.703152,7.2833333,True,False,None,Playing,False,False,False,6,0,-2.3684988,0,-10,8.7,False,False,False,-4,0.92,0.003617602
Frame,1775,7.95897865,6.707014,7.2833333,True,False,None,Playing,False,False,False,6,0,-2.39731216,0,-10,8.7,False,False,False,-4,0.92,0.00386169925
Frame,1776,7.96248245,6.71024847,7.2833333,True,False,None,Playing,False,False,False,6,0,-2.42122936,0,-10,8.7,False,False,False,-4,0.92,0.00323439622
Frame,1777,7.9663105,6.713921,7.2833333,True,False,None,Playing,False,False,False,6,0,-2.44815755,0,-10,8.7,False,False,False,-4,0.92,0.00367250573
Frame,1778,7.97022247,6.718426,7.2833333,True,False,None,Playing,False,False,False,6,0,-2.48084831,0,-10,8.7,False,False,False,-4,0.92,0.004504996
Frame,1779,7.97359276,6.721612,7.2833333,True,False,None,Playing,False,False,False,6,0,-2.503739,0,-10,8.7,False,False,False,-4,0.92,0.003185601
Frame,1780,7.976904,6.72512531,7.2833333,True,False,None,Playing,False,False,False,6,0,-2.52876663,0,-10,8.7,False,False,False,-4,0.92,0.00351349916
Frame,1781,7.979971,6.72823572,7.2833333,True,False,None,Playing,False,False,False,6,0,-2.55073476,0,-10,8.7,False,False,False,-4,0.92,0.00311050168
Frame,1782,7.98388672,6.731509,7.2833333,True,False,None,Playing,False,False,False,6,0,-2.57365751,0,-10,8.7,False,False,False,-4,0.92,0.00327339862
Frame,1783,7.987419,6.73566246,7.2833333,True,False,None,Playing,False,False,False,6,0,-2.60245466,0,-10,8.7,False,False,False,-4,0.92,0.00415320275
Frame,1784,7.990629,6.738867,7.2833333,True,False,None,Playing,False,False,False,6,0,-2.624455,0,-10,8.7,False,False,False,-4,0.92,0.003204195
Sequence_036,1784,8.042538,6.738867,7.2833333,True,False,None,Playing,False,False,False,6,0,-2.624455,0,-10,8.7,False,False,False,-4,0.92,0.003204195
Frame,1785,8.054142,6.801287,7.2833333,True,False,None,Playing,False,False,False,6,0,-3.0145452,0,-10,8.7,False,False,False,-4,0.92,0.0624204
Frame,1786,8.061609,6.809134,7.2833333,True,False,None,Playing,False,False,False,6,0,-3.058394,0,-10,8.7,False,False,False,-4,0.92,0.007846804
Frame,1787,8.06547,6.813373,7.2833333,True,False,None,Playing,False,False,False,6,0,-3.08160019,0,-10,8.7,False,False,False,-4,0.92,0.00423899526
Frame,1788,8.069561,6.81737328,7.2833333,True,False,None,Playing,False,False,False,6,0,-3.10318923,0,-10,8.7,False,False,False,-4,0.92,0.004
Frame,1789,8.073698,6.821375,7.2833333,True,False,None,Playing,False,False,False,6,0,-3.12448645,0,-10,8.7,False,False,False,-4,0.92,0.0040016016
Frame,1790,8.07822,6.825555,7.2833333,True,False,None,Playing,False,False,False,6,0,-3.146411,0,-10,8.7,False,False,False,-4,0.92,0.004179904
Frame,1791,8.089535,6.83014774,7.2833333,True,False,None,Playing,False,False,False,6,0,-3.17012835,0,-10,8.7,False,False,False,-4,0.92,0.00459280051
Frame,1792,8.095835,6.84353542,7.2833333,True,False,None,Playing,False,False,False,6,0,-3.23701572,0,-10,8.7,False,False,False,-4,0.92,0.013387599
Frame,1793,8.107935,6.855161,7.2833333,True,False,None,Playing,False,False,False,6,0,-3.29240966,0,-10,8.7,False,False,False,-4,0.92,0.0116259
Frame,1794,8.111887,6.859806,7.2833333,True,False,None,Playing,False,False,False,6,0,-3.31384277,0,-10,8.7,False,False,False,-4,0.92,0.0046450966
Frame,1795,8.116144,6.86390162,7.2833333,True,False,None,Playing,False,False,False,6,0,-3.33241677,0,-10,8.7,False,False,False,-4,0.92,0.004095401
Frame,1796,8.120087,6.867993,7.2833333,True,False,None,Playing,False,False,False,6,0,-3.35066319,0,-10,8.7,False,False,False,-4,0.92,0.00409139739
Frame,1797,8.124195,6.87197876,7.2833333,True,False,None,Playing,False,False,False,6,0,-3.36815071,0,-10,8.7,False,False,False,-4,0.92,0.00398590555
Frame,1798,8.128624,6.876517,7.2833333,True,False,None,Playing,False,False,False,6,0,-3.38770676,0,-10,8.7,False,False,False,-4,0.92,0.004537996
Frame,1799,8.133873,6.881483,7.2833333,True,False,None,Playing,False,False,False,6,0,-3.408681,0,-10,8.7,False,False,False,-4,0.92,0.004966199
Frame,1800,8.137638,6.88554144,7.2833333,True,False,None,Playing,False,False,False,6,0,-3.42549348,0,-10,8.7,False,False,False,-4,0.92,0.00405840436
Frame,1801,8.141592,6.88942051,7.2833333,True,False,None,Playing,False,False,False,6,0,-3.44128776,0,-10,8.7,False,False,False,-4,0.92,0.003879096
Frame,1802,8.145666,6.893619,7.2833333,True,False,None,Playing,False,False,False,6,0,-3.45808458,0,-10,8.7,False,False,False,-4,0.92,0.004198604
Frame,1803,8.149542,6.897328,7.2833333,True,False,None,Playing,False,False,False,6,0,-3.47265673,0,-10,8.7,False,False,False,-4,0.92,0.00370870181
Frame,1804,8.153576,6.90149641,7.2833333,True,False,None,Playing,False,False,False,6,0,-3.48874664,0,-10,8.7,False,False,False,-4,0.92,0.00416859426
Frame,1805,8.157528,6.905414,7.2833333,True,False,None,Playing,False,False,False,6,0,-3.50359464,0,-10,8.7,False,False,False,-4,0.92,0.00391780026
Frame,1806,8.160841,6.90903664,7.2833333,True,False,None,Playing,False,False,False,6,0,-3.51708078,0,-10,8.7,False,False,False,-4,0.92,0.00362239941
Frame,1807,8.164309,6.91243,7.2833333,True,False,None,Playing,False,False,False,6,0,-3.52950859,0,-10,8.7,False,False,False,-4,0.92,0.00339320442
Frame,1808,8.167595,6.915804,7.2833333,True,False,None,Playing,False,False,False,6,0,-3.5416646,0,-10,8.7,False,False,False,-4,0.92,0.00337390159
Frame,1809,8.17379951,6.91861343,7.2833333,True,False,None,Playing,False,False,False,6,0,-3.55164051,0,-10,8.7,False,False,False,-4,0.92,0.0028096938
Frame,1810,8.180632,6.9286,7.2833333,True,False,None,Playing,False,False,False,6,0,-3.58600068,0,-10,8.7,False,False,False,-4,0.92,0.009986402
Frame,1811,8.187824,6.93552828,7.2833333,True,False,None,Playing,False,False,False,6,0,-3.60884762,0,-10,8.7,False,False,False,-4,0.92,0.00692850072
Frame,1812,8.195192,6.94316959,7.2833333,True,False,None,Playing,False,False,False,6,0,-3.63311219,0,-10,8.7,False,False,False,-4,0.92,0.00764150359
Sequence_037,1812,8.226389,6.94316959,7.2833333,True,False,None,Playing,False,False,False,6,0,-3.63311219,0,-10,8.7,False,False,False,-4,0.92,0.00764150359
Frame,1813,8.230734,6.978815,7.2833333,True,False,None,Playing,False,False,False,6,0,-3.73377657,0,-10,8.7,False,False,False,-4,0.92,0.0356456
Frame,1814,8.23444,6.982333,7.2833333,True,False,None,Playing,False,False,False,6,0,-3.74262619,0,-10,8.7,False,False,False,-4,0.92,0.00351789966
Frame,1815,8.238127,6.98612642,7.2833333,True,False,None,Playing,False,False,False,6,0,-3.751959,0,-10,8.7,False,False,False,-4,0.92,0.00379319722
Frame,1816,8.241615,6.989666,7.2833333,True,False,None,Playing,False,False,False,6,0,-3.76046515,0,-10,8.7,False,False,False,-4,0.92,0.00353959762
Frame,1817,8.24515,6.993191,7.2833333,True,False,None,Playing,False,False,False,6,0,-3.76875162,0,-10,8.7,False,False,False,-4,0.92,0.003524603
Frame,1818,8.248594,6.99651337,7.2833333,True,False,None,Playing,False,False,False,6,0,-3.77639532,0,-10,8.7,False,False,False,-4,0.92,0.00332280318
Frame,1819,8.252375,7.000483,7.2833333,True,False,None,Playing,False,False,False,6,0,-3.785313,0,-10,8.7,False,False,False,-4,0.92,0.00396949425
Frame,1820,8.255608,7.0037,7.2833333,True,False,None,Playing,False,False,False,6,0,-3.79236937,0,-10,8.7,False,False,False,-4,0.92,0.0032169004
Frame,1821,8.260475,7.008584,7.2833333,True,False,None,Playing,False,False,False,6,0,-3.80279636,0,-10,8.7,False,False,False,-4,0.92,0.004884403
Frame,1822,8.263741,7.011875,7.2833333,True,False,None,Playing,False,False,False,6,0,-3.80962944,0,-10,8.7,False,False,False,-4,0.92,0.003291199
Frame,1823,8.2673645,7.01536,7.2833333,True,False,None,Playing,False,False,False,6,0,-3.81669784,0,-10,8.7,False,False,False,-4,0.92,0.00348450243
Frame,1824,8.270634,7.01872349,7.2833333,True,False,None,Playing,False,False,False,6,0,-3.823355,0,-10,8.7,False,False,False,-4,0.92,0.00336369756
Frame,1825,8.274162,7.02207947,7.2833333,True,False,None,Playing,False,False,False,6,0,-3.82984447,0,-10,8.7,False,False,False,-4,0.92,0.00335610122
Frame,1826,8.277086,7.025347,7.2833333,True,False,None,Playing,False,False,False,6,0,-3.83601046,0,-10,8.7,False,False,False,-4,0.92,0.00326799881
Frame,1827,8.280075,7.028289,7.2833333,True,False,None,Playing,False,False,False,6,0,-3.84143758,0,-10,8.7,False,False,False,-4,0.92,0.00294180121
Frame,1828,8.283449,7.03152,7.2833333,True,False,None,Playing,False,False,False,6,0,-3.84726429,0,-10,8.7,False,False,False,-4,0.92,0.0032311012
Frame,1829,8.286716,7.03495741,7.2833333,True,False,None,Playing,False,False,False,6,0,-3.85331035,0,-10,8.7,False,False,False,-4,0.92,0.00343729439
Frame,1830,8.289667,7.03789425,7.2833333,True,False,None,Playing,False,False,False,6,0,-3.85835028,0,-10,8.7,False,False,False,-4,0.92,0.002937004
Frame,1831,8.295233,7.04332447,7.2833333,True,False,None,Playing,False,False,False,6,0,-3.86737537,0,-10,8.7,False,False,False,-4,0.92,0.005430201
Frame,1832,8.298258,7.046396,7.2833333,True,False,None,Playing,False,False,False,6,0,-3.87230754,0,-10,8.7,False,False,False,-4,0.92,0.00307119475
Frame,1833,8.301552,7.049446,7.2833333,True,False,None,Playing,False,False,False,6,0,-3.87709165,0,-10,8.7,False,False,False,-4,0.92,0.003050404
Frame,1834,8.304823,7.05272675,7.2833333,True,False,None,Playing,False,False,False,6,0,-3.88209963,0,-10,8.7,False,False,False,-4,0.92,0.00328069739
Frame,1835,8.307711,7.05595827,7.2833333,True,False,None,Playing,False,False,False,6,0,-3.88690376,0,-10,8.7,False,False,False,-4,0.92,0.003231498
Frame,1836,8.3119545,7.059662,7.2833333,True,False,None,Playing,False,False,False,6,0,-3.892255,0,-10,8.7,False,False,False,-4,0.92,0.00370360678
Frame,1837,8.31562,7.063683,7.2833333,True,False,None,Playing,False,False,False,6,0,-3.89787,0,-10,8.7,False,False,False,-4,0.92,0.004021393
Frame,1838,8.319065,7.06711245,7.2833333,True,False,None,Playing,False,False,False,6,0,-3.90250635,0,-10,8.7,False,False,False,-4,0.92,0.003429606
D_IntroNearEnd,1838,8.320343,7.06711245,7.2833333,True,False,None,Playing,False,False,False,6,0,-3.90250635,0,-10,8.7,False,False,False,-4,0.92,0.003429606
Frame,1839,8.391388,7.138923,7.2833333,True,False,None,Playing,False,False,False,6,0,-3.97057986,0,-10,8.7,False,False,False,-4,0.92,0.0718109
Frame,1840,8.402748,7.148403,7.2833333,True,False,None,Playing,False,False,False,6,0,-3.975971,0,-10,8.7,False,False,False,-4,0.92,0.009479996
Sequence_038,1840,8.442026,7.148403,7.2833333,True,False,None,Playing,False,False,False,6,0,-3.975971,0,-10,8.7,False,False,False,-4,0.92,0.009479996
Frame,1841,8.448273,7.19563437,7.2833333,True,False,None,Playing,False,False,False,6,0,-3.99336672,0,-10,8.7,False,False,False,-4,0.92,0.0472311
Frame,1842,8.451941,7.200065,7.2833333,True,False,None,Playing,False,False,False,6,0,-3.99432135,0,-10,8.7,False,False,False,-4,0.92,0.00443090266
Frame,1843,8.454979,7.203235,7.2833333,True,False,None,Playing,False,False,False,6,0,-3.994944,0,-10,8.7,False,False,False,-4,0.92,0.00316979876
Frame,1844,8.458021,7.2060976,7.2833333,True,False,None,Playing,False,False,False,6,0,-3.99546742,0,-10,8.7,False,False,False,-4,0.92,0.00286230166
Frame,1845,8.460964,7.20911074,7.2833333,True,False,None,Playing,False,False,False,6,0,-3.99597454,0,-10,8.7,False,False,False,-4,0.92,0.003012996
Frame,1846,8.46410751,7.212143,7.2833333,True,False,None,Playing,False,False,False,6,0,-3.99644971,0,-10,8.7,False,False,False,-4,0.92,0.003032405
Frame,1847,8.468111,7.21622944,7.2833333,True,False,None,Playing,False,False,False,6,0,-3.99702477,0,-10,8.7,False,False,False,-4,0.92,0.004086501
Frame,1848,8.471327,7.21945763,7.2833333,True,False,None,Playing,False,False,False,6,0,-3.99743223,0,-10,8.7,False,False,False,-4,0.92,0.003228196
Frame,1849,8.475176,7.22339535,7.2833333,True,False,None,Playing,False,False,False,6,0,-3.99787951,0,-10,8.7,False,False,False,-4,0.92,0.0039375
Frame,1850,8.47809,7.22634363,7.2833333,True,False,None,Playing,False,False,False,6,0,-3.998175,0,-10,8.7,False,False,False,-4,0.92,0.00294829928
Frame,1851,8.480961,7.22925043,7.2833333,True,False,None,Playing,False,False,False,6,0,-3.99844265,0,-10,8.7,False,False,False,-4,0.92,0.0029066042
Frame,1852,8.483826,7.23199129,7.2833333,True,False,None,Playing,False,False,False,6,0,-3.99866629,0,-10,8.7,False,False,False,-4,0.92,0.00274069584
Frame,1853,8.486494,7.23479033,7.2833333,True,False,None,Playing,False,False,False,6,0,-3.99887371,0,-10,8.7,False,False,False,-4,0.92,0.00279880245
Frame,1854,8.489325,7.23760033,7.2833333,True,False,None,Playing,False,False,False,6,0,-3.99905753,0,-10,8.7,False,False,False,-4,0.92,0.00280989939
Frame,1855,8.492182,7.24041939,7.2833333,True,False,None,Playing,False,False,False,6,0,-3.99922132,0,-10,8.7,False,False,False,-4,0.92,0.002818998
Frame,1856,8.495016,7.24319839,7.2833333,True,False,None,Playing,False,False,False,6,0,-3.999361,0,-10,8.7,False,False,False,-4,0.92,0.002779103
Frame,1857,8.497747,7.246042,7.2833333,True,False,None,Playing,False,False,False,6,0,-3.99948883,0,-10,8.7,False,False,False,-4,0.92,0.002843502
Frame,1858,8.50037,7.248676,7.2833333,True,False,None,Playing,False,False,False,6,0,-3.99958873,0,-10,8.7,False,False,False,-4,0.92,0.00263390015
Frame,1859,8.503412,7.25147772,7.2833333,True,False,None,Playing,False,False,False,6,0,-3.99968052,0,-10,8.7,False,False,False,-4,0.92,0.002801899
Frame,1860,8.506838,7.254973,7.2833333,True,False,None,Playing,False,False,False,6,0,-3.99977636,0,-10,8.7,False,False,False,-4,0.92,0.00349529483
Frame,1861,8.510092,7.25810528,7.2833333,True,False,None,Playing,False,False,False,6,0,-3.99984026,0,-10,8.7,False,False,False,-4,0.92,0.00313250418
Frame,1862,8.513184,7.26137972,7.2833333,True,False,None,Playing,False,False,False,6,0,-3.999896,0,-10,8.7,False,False,False,-4,0.92,0.00327439769
Frame,1863,8.517258,7.26485062,7.2833333,True,False,None,Playing,False,False,False,6,0,-3.999936,0,-10,8.7,False,False,False,-4,0.92,0.00347090419
Frame,1864,8.521229,7.26940775,7.2833333,True,False,None,Playing,False,False,False,6,0,-3.999972,0,-10,8.7,False,False,False,-4,0.92,0.004557093
Frame,1865,8.524338,7.272504,7.2833333,True,False,None,Playing,False,False,False,6,0,-3.999988,0,-10,8.7,False,False,False,-4,0.92,0.0030961025
Frame,1866,8.527676,7.275858,7.2833333,True,False,None,Playing,False,False,False,6,0,-3.999996,0,-10,8.7,False,False,False,-4,0.92,0.00335389748
Frame,1867,8.530693,7.278985,7.2833333,True,False,None,Playing,False,False,False,6,0,-4,0,-10,8.7,False,False,False,-4,0.92,0.00312720379
Frame,1868,8.533735,7.281979,7.2833333,True,False,None,Playing,False,False,False,6,0,-4,0,-10,8.7,False,False,False,-4,0.92,0.00299399812
Frame,1869,8.5379715,7.285032,7.2833333,False,False,None,Playing,True,True,True,0,15,-4,0,-10,8.7,True,True,True,-4,0.92,0.00305269985
E_GameplayResumed,1869,8.539337,7.285032,7.2833333,False,False,None,Playing,True,True,True,0,15,-4,0,-10,8.7,True,True,True,-4,0.92,0.00305269985
Frame,1870,8.747797,7.285032,7.2833333,False,False,None,Playing,True,True,True,0,15,-4,0,-10,8.7,True,True,True,-3.66814661,0.964481056,0.1211828
Frame,1871,8.75923,7.285032,7.2833333,False,False,None,Playing,True,True,True,0,15,-3.71682382,0,-10,8.7,True,True,True,-3.04770041,0.9649442,0.0987051055
Frame,1872,8.767622,7.285032,7.2833333,False,False,None,Playing,True,True,True,0,15,-3.67805219,0,-10,8.7,True,True,True,-2.91989779,0.9649643,0.009876594
Frame,1873,8.77199,7.285032,7.2833333,False,False,None,Playing,True,True,True,0,15,-3.65850973,0,-10,8.7,True,True,True,-2.91989779,0.9649643,0.00491360528
Frame,1874,8.776203,7.285032,7.2833333,False,False,None,Playing,True,True,True,0,15,-3.642138,0,-10,8.7,True,True,True,-2.91989779,0.9649643,0.0041028983
Frame,1875,8.780783,7.285032,7.2833333,False,False,None,Playing,True,True,True,0,15,-3.62290573,0,-10,8.7,True,True,True,-2.91989779,0.9649643,0.00481919665
Frame,1876,8.78815651,7.285032,7.2833333,False,False,None,Playing,True,True,True,0,15,-3.59846282,0,-10,8.7,True,True,True,-2.79209518,0.964977145,0.006076006
Frame,1877,8.792997,7.285032,7.2833333,False,False,None,Playing,True,True,True,0,15,-3.57527232,0,-10,8.7,True,True,True,-2.79209518,0.964977145,0.005685594
Frame,1878,8.79878,7.285032,7.2833333,False,False,None,Playing,True,True,True,0,15,-3.55150819,0,-10,8.7,True,True,True,-2.79209518,0.964977145,0.005781307
Frame,1879,8.803984,7.285032,7.2833333,False,False,None,Playing,True,True,True,0,15,-3.53222346,0,-10,8.7,True,True,True,-2.66429257,0.9649853,0.004637897
Frame,1880,8.808117,7.285032,7.2833333,False,False,None,Playing,True,True,True,0,15,-3.510794,0,-10,8.7,True,True,True,-2.66429257,0.9649853,0.005072697
Frame,1881,8.812574,7.285032,7.2833333,False,False,None,Playing,True,True,True,0,15,-3.492248,0,-10,8.7,True,True,True,-2.66429257,0.9649853,0.004340306
Frame,1882,8.817272,7.285032,7.2833333,False,False,None,Playing,True,True,True,0,15,-3.47185373,0,-10,8.7,True,True,True,-2.66429257,0.9649853,0.00473949825
Frame,1883,8.821625,7.285032,7.2833333,False,False,None,Playing,True,True,True,0,15,-3.453137,0,-10,8.7,True,True,True,-2.66429257,0.9649853,0.004331597
Frame,1884,8.825819,7.285032,7.2833333,False,False,None,Playing,True,True,True,0,15,-3.43589,0,-10,8.7,True,True,True,-2.53649,0.964990556,0.003959304
Frame,1885,8.829596,7.285032,7.2833333,False,False,None,Playing,True,True,True,0,15,-3.41781044,0,-10,8.7,True,True,True,-2.53649,0.964990556,0.004099497
Frame,1886,8.833429,7.285032,7.2833333,False,False,None,Playing,True,True,True,0,15,-3.40121913,0,-10,8.7,True,True,True,-2.53649,0.964990556,0.00372750149
Frame,1887,8.837496,7.285032,7.2833333,False,False,None,Playing,True,True,True,0,15,-3.38309526,0,-10,8.7,True,True,True,-2.53649,0.964990556,0.00404620171
Frame,1888,8.841366,7.285032,7.2833333,False,False,None,Playing,True,True,True,0,15,-3.365127,0,-10,8.7,True,True,True,-2.53649,0.964990556,0.0039945934
Frame,1889,8.846081,7.285032,7.2833333,False,False,None,Playing,True,True,True,0,15,-3.34564185,0,-10,8.7,True,True,True,-2.40868735,0.9649939,0.004293601
Frame,1890,8.852106,7.285032,7.2833333,False,False,None,Playing,True,True,True,0,15,-3.31696558,0,-10,8.7,True,True,True,-2.40868735,0.9649939,0.006224901
Frame,1891,8.856468,7.285032,7.2833333,False,False,None,Playing,True,True,True,0,15,-3.2961905,0,-10,8.7,True,True,True,-2.40868735,0.9649939,0.00445909845
Frame,1892,8.860552,7.285032,7.2833333,False,False,None,Playing,True,True,True,0,15,-3.27633381,0,-10,8.7,True,True,True,-2.40868735,0.9649939,0.00423920061
Frame,1893,8.86553,7.285032,7.2833333,False,False,None,Playing,True,True,True,0,15,-3.25522923,0,-10,8.7,True,True,True,-2.28088474,0.96499604,0.004463102
Frame,1894,8.869713,7.285032,7.2833333,False,False,None,Playing,True,True,True,0,15,-3.233328,0,-10,8.7,True,True,True,-2.28088474,0.96499604,0.00456919661
Frame,1895,8.874359,7.285032,7.2833333,False,False,None,Playing,True,True,True,0,15,-3.21139717,0,-10,8.7,True,True,True,-2.28088474,0.96499604,0.004530605
Frame,1896,8.878803,7.285032,7.2833333,False,False,None,Playing,True,True,True,0,15,-3.18936443,0,-10,8.7,True,True,True,-2.28088474,0.96499604,0.004522697
Frame,1897,8.885536,7.285032,7.2833333,False,False,None,Playing,True,True,True,0,15,-3.15928149,0,-10,8.7,True,True,True,-2.15308213,0.9649974,0.0061
Frame,1898,8.890825,7.285032,7.2833333,False,False,None,Playing,True,True,True,0,15,-3.12855577,0,-10,8.7,True,True,True,-2.15308213,0.9649974,0.006127799
Frame,1899,8.896233,7.285032,7.2833333,False,False,None,Playing,True,True,True,0,15,-3.10324025,0,-10,8.7,True,True,True,-2.15308213,0.9649974,0.005
Frame,1900,8.900471,7.285032,7.2833333,False,False,None,Playing,True,True,True,0,15,-3.08180928,0,-10,8.7,True,True,True,-2.15308213,0.9649974,0.0042143
Frame,1901,8.909973,7.285032,7.2833333,False,False,None,Playing,True,True,True,0,15,-3.036211,0,-10,8.7,True,True,True,-2.02527952,0.9649983,0.008857901
Frame,1902,8.914953,7.285032,7.2833333,False,False,None,Playing,True,True,True,0,15,-3.0061388,0,-10,8.7,True,True,True,-2.02527952,0.9649983,0.00575629948
Frame,1903,8.919256,7.285032,7.2833333,False,False,None,Playing,True,True,True,0,15,-2.98239779,0,-10,8.7,True,True,True,-2.02527952,0.9649983,0.00452149939
Frame,1904,8.926674,7.285032,7.2833333,False,False,None,Playing,True,True,True,0,15,-2.96090078,0,-10,8.7,True,True,True,-1.897477,0.964998841,0.004065703
Frame,1905,8.932154,7.285032,7.2833333,False,False,None,Playing,True,True,True,0,15,-2.91644883,0,-10,8.7,True,True,True,-1.897477,0.964998841,0.008300701
Frame,1906,8.939159,7.285032,7.2833333,False,False,None,Playing,True,True,True,0,15,-2.87814569,0,-10,8.7,True,True,True,-1.897477,0.964998841,0.007086997
Frame,1907,8.944561,7.285032,7.2833333,False,False,None,Playing,True,True,True,0,15,-2.84961414,0,-10,8.7,True,True,True,-1.76967454,0.964999259,0.00523309968
Frame,1908,8.94981,7.285032,7.2833333,False,False,None,Playing,True,True,True,0,15,-2.82049537,0,-10,8.7,True,True,True,-1.76967454,0.964999259,0.005283199
Frame,1909,8.955061,7.285032,7.2833333,False,False,None,Playing,True,True,True,0,15,-2.79086471,0,-10,8.7,True,True,True,-1.76967454,0.964999259,0.00534180133
Frame,1910,8.959394,7.285032,7.2833333,False,False,None,Playing,True,True,True,0,15,-2.76422548,0,-10,8.7,True,True,True,-1.76967454,0.964999259,0.004790299
Frame,1911,8.964405,7.285032,7.2833333,False,False,None,Playing,True,True,True,0,15,-2.73908615,0,-10,8.7,True,True,True,-1.641872,0.9649995,0.00449649943
Frame,1912,8.96917,7.285032,7.2833333,False,False,None,Playing,True,True,True,0,15,-2.70981646,0,-10,8.7,True,True,True,-1.641872,0.9649995,0.005189803
Frame,1913,8.973284,7.285032,7.2833333,False,False,None,Playing,True,True,True,0,15,-2.68578982,0,-10,8.7,True,True,True,-1.641872,0.9649995,0.00423689745
Frame,1914,8.977678,7.285032,7.2833333,False,False,None,Playing,True,True,True,0,15,-2.66154265,0,-10,8.7,True,True,True,-1.641872,0.9649995,0.004267503
Frame,1915,8.981937,7.285032,7.2833333,False,False,None,Playing,True,True,True,0,15,-2.63888049,0,-10,8.7,True,True,True,-1.641872,0.9649995,0.003989399
Frame,1916,8.986734,7.285032,7.2833333,False,False,None,Playing,True,True,True,0,15,-2.611576,0,-10,8.7,True,True,True,-1.51406956,0.9649996,0.00479000155
Frame,1917,8.991016,7.285032,7.2833333,False,False,None,Playing,True,True,True,0,15,-2.58636785,0,-10,8.7,True,True,True,-1.51406956,0.9649996,0.00439229747
Frame,1918,8.996946,7.285032,7.2833333,False,False,None,Playing,True,True,True,0,15,-2.56070256,0,-10,8.7,True,True,True,-1.51406956,0.9649996,0.00445660437
Frame,1919,9.002794,7.285032,7.2833333,False,False,None,Playing,True,True,True,0,15,-2.51996136,0,-10,8.7,True,True,True,-1.38626707,0.964999735,0.007013095
F_AfterMovement,1919,9.004818,7.285032,7.2833333,False,False,None,Playing,True,True,True,0,15,-2.51996136,0,-10,8.7,True,True,True,-1.38626707,0.964999735,0.007013095
