[Licensing::Module] Trying to connect to existing licensing client channel...
Built from '6000.3/staging' branch; Version is '6000.3.21f1 (c02631ffc030) revision 12592689'; Using compiler version '194234433'; Build Type 'Release'
[Licensing::IpcConnector] Successfully connected to: "LicenseClient-田尻大翔" at "2026-10-01T05:14:02.7435616Z"
OS: 'Windows 11  (10.0.26200) Professional' Language: 'ja' Physical Memory: 16052 MB
BatchMode: 1, IsHumanControllingUs: 0, StartBugReporterOnCrash: 0, Is64bit: 1
System  architecture: x64
Process architecture: x64
Date: 2026-10-01T05:14:02Z

COMMAND LINE ARGUMENTS:
C:\Program Files\Unity\Hub\Editor\6000.3.21f1\Editor\Unity.exe
-batchmode
-force-d3d11
-projectPath
C:\Users\田尻大翔\Documents\Codex\2026-08-07\new-chat\outputs\HimoHitoPrototype\.codex_tmp\MainStageCleanReproduction_20261001\QAProject
-executeMethod
CleanEntry.Run
-cleanMode
Full
-cleanEvidence
C:\Users\田尻大翔\Documents\Codex\2026-08-07\new-chat\outputs\HimoHitoPrototype\Docs\QA\MainStageCleanReproduction_20261001\Evidence\FullRuntime2
-logFile
C:\Users\田尻大翔\Documents\Codex\2026-08-07\new-chat\outputs\HimoHitoPrototype\Docs\QA\MainStageCleanReproduction_20261001\Evidence\FullRuntime2.log
Successfully changed project path to: C:\Users\田尻大翔\Documents\Codex\2026-08-07\new-chat\outputs\HimoHitoPrototype\.codex_tmp\MainStageCleanReproduction_20261001\QAProject
C:/Users/田尻大翔/Documents/Codex/2026-08-07/new-chat/outputs/HimoHitoPrototype/.codex_tmp/MainStageCleanReproduction_20261001/QAProject
[UnityMemory] Configuration Parameters - Can be set up in boot.config
    "memorysetup-temp-allocator-size-nav-mesh-worker=65536"
    "memorysetup-temp-allocator-size-audio-worker=65536"
    "memorysetup-temp-allocator-size-gfx=262144"
    "memorysetup-allocator-temp-initial-block-size-main=262144"
    "memorysetup-allocator-temp-initial-block-size-worker=262144"
    "memorysetup-temp-allocator-size-background-worker=32768"
    "memorysetup-temp-allocator-size-job-worker=262144"
    "memorysetup-temp-allocator-size-preload-manager=33554432"
    "memorysetup-temp-allocator-size-gi-baking-worker=262144"
    "memorysetup-temp-allocator-size-gi-baking-worker=262144"
    "memorysetup-temp-allocator-size-gi-baking-worker=262144"
    "memorysetup-temp-allocator-size-gi-baking-worker=262144"
    "memorysetup-temp-allocator-size-gi-baking-worker=262144"
    "memorysetup-bucket-allocator-granularity=16"
    "memorysetup-bucket-allocator-bucket-count=8"
    "memorysetup-bucket-allocator-block-size=33554432"
    "memorysetup-bucket-allocator-block-count=8"
    "memorysetup-main-allocator-block-size=16777216"
    "memorysetup-thread-allocator-block-size=16777216"
    "memorysetup-gfx-main-allocator-block-size=16777216"
    "memorysetup-gfx-thread-allocator-block-size=16777216"
    "memorysetup-cache-allocator-block-size=4194304"
    "memorysetup-typetree-allocator-block-size=2097152"
    "memorysetup-profiler-bucket-allocator-granularity=16"
    "memorysetup-profiler-bucket-allocator-bucket-count=8"
    "memorysetup-profiler-bucket-allocator-block-size=33554432"
    "memorysetup-profiler-bucket-allocator-block-count=8"
    "memorysetup-profiler-allocator-block-size=16777216"
    "memorysetup-profiler-editor-allocator-block-size=1048576"
    "memorysetup-temp-allocator-size-main=16777216"
    "memorysetup-job-temp-allocator-block-size=2097152"
    "memorysetup-job-temp-allocator-block-size-background=1048576"
    "memorysetup-job-temp-allocator-reduction-small-platforms=262144"
    "memorysetup-temp-allocator-size-cloud-worker=32768"
Player connection [23612]  Target information:

Player connection [23612]  * "[IP] 192.168.40.81 [Port] 55505 [Flags] 2 [Guid] 2916911223 [EditorId] 2916911223 [Version] 1048832 [Id] WindowsEditor(7,DESKTOP-UM0GV1L) [Debug] 1 [PackageName] WindowsEditor [ProjectName] Editor" 

Player connection [23612] Host joined multi-casting on [225.0.0.222:54997]...
Player connection [23612] Host joined alternative multi-casting on [225.0.0.222:34997]...
Input System module state changed to: Initialized.
[Physics::Module] Initialized fallback backend.
[Physics::Module] Id: 0xdecafbad
[Package Manager] Connected to IPC stream "Upm-17896" after 0.8 seconds.
[Licensing::Module] Licensing is not yet initialized.
[Licensing::Client] Error: HandshakeResponse reported an error:
	ResponseCode: 505
	ResponseStatus: Unsupported protocol version '1.18.1'.
[Licensing::Module] Error: Failed to handshake to channel: "LicenseClient-田尻大翔"
[Licensing::IpcConnector] LicenseClient-田尻大翔 channel disconnected successfully.
[Licensing::IpcConnector] Successfully connected to: "LicenseClient-田尻大翔-6000.3.21" at "2026-10-01T05:14:09.542707Z"
[Licensing::Client] Code 10 while verifying Licensing Client signature (process Id: 13432, path: "C:/Program Files/Unity/Hub/Editor/6000.3.21f1/Editor/Data/Resources/Licensing/Client/Unity.Licensing.Client.exe")
[Licensing::Module] LicensingClient has failed validation; ignoring
[Licensing::Client] Handshaking with LicensingClient:
  Version:                 1.18.1+9fbee8e
  Session Id:              8c5ad18d4868480b820f8125d26321ba
  Correlation Id:          8285086f732106bd6d26c44468156621
  External correlation Id: 6598643972237973399
  Machine Id:              dNinDYak6EUa2pX7RMEoTuNEbYA=
[Licensing::Module] Successfully connected to LicensingClient on channel: "LicenseClient-田尻大翔-6000.3.21" (connect: 0.00s, validation: 0.00s, handshake: 0.04s)
[Licensing::IpcConnector] Successfully connected to: "LicenseClient-田尻大翔-6000.3.21-notifications" at "2026-10-01T05:14:09.5906368Z"
[Licensing::Module] Error: Access token is unavailable; failed to update
[Licensing::Client] Successfully resolved entitlement details
[Licensing::Module] License group:
  Id: 15669713720629-UnityPersXXXX
  Product: Unity Personal
  Type: Assigned
  Expiration: Unlimited
[Licensing::Client] Successfully updated license, isAsync: True, time: 0.00
[Licensing::Client] Successfully resolved entitlement details
[Licensing::Module] Licensing Background thread has ended after 6.88s
[Licensing::Module] Licensing is initialized (took 5.71s).
[Licensing::Client] Successfully resolved entitlement details
Library Redirect Path: Library/
[Physics::Module] Selected backend.
[Physics::Module] Name: PhysX
[Physics::Module] Id: 0xf2b8ea05
[Physics::Module] SDK Version: 4.1.2
[Physics::Module] Integration Version: 1.0.0
[Physics::Module] Threading Mode: Multi-Threaded
Refreshing native plugins compatible for Editor in 0.01 ms, found 0 plugins.
Preloading 0 native plugins for Editor in 0.00 ms.
Initialize engine version: 6000.3.21f1 (c02631ffc030)
[Subsystems] Discovering subsystems at path C:/Program Files/Unity/Hub/Editor/6000.3.21f1/Editor/Data/Resources/UnitySubsystems
[Subsystems] Discovering subsystems at path C:/Users/田尻大翔/Documents/Codex/2026-08-07/new-chat/outputs/HimoHitoPrototype/.codex_tmp/MainStageCleanReproduction_20261001/QAProject/Assets
Forcing GfxDevice: Direct3D 11
GfxDevice: creating device client; kGfxThreadingModeNonThreaded
Direct3D:
    Version:  Direct3D 11.0 [level 11.1]
    Renderer: Intel(R) Iris(R) Xe Graphics (ID=0xa7a0)
    Vendor:   Intel
    VRAM:     8026 MB
    Driver:   31.0.101.4255
Initialize mono
Mono path[0] = 'C:/Program Files/Unity/Hub/Editor/6000.3.21f1/Editor/Data/Managed'
Mono path[1] = 'C:/Program Files/Unity/Hub/Editor/6000.3.21f1/Editor/Data/MonoBleedingEdge/lib/mono/unityjit-win32'
Mono config path = 'C:/Program Files/Unity/Hub/Editor/6000.3.21f1/Editor/Data/MonoBleedingEdge/etc'
Using monoOptions --debugger-agent=transport=dt_socket,embedding=1,server=y,suspend=n,address=127.0.0.1:56896
Using cacheserver namespaces - metadata:defaultmetadata, artifacts:defaultartifacts
Using cacheserver namespaces - metadata:defaultmetadata, artifacts:defaultartifacts
ImportWorker Server TCP listen port: 0
AcceleratorClientConnectionCallback - disconnected - :0
Begin MonoManager ReloadAssembly
Registering precompiled unity dll's ...
Register platform support module: C:/Program Files/Unity/Hub/Editor/6000.3.21f1/Editor/Data/PlaybackEngines/WindowsStandaloneSupport/UnityEditor.WindowsStandalone.Extensions.dll
Registered in 0.006206 seconds.
- Loaded All Assemblies, in  1.250 seconds
Native extension for WindowsStandalone target not found
Package Manager log level set to [2]
ScheduleIndexationOnStartup MainProcess:False IndexOnStartup:False
Mono: successfully reloaded assembly
- Finished resetting the current domain, in  1.319 seconds
Domain Reload Profiling: 2559ms
	BeginReloadAssembly (435ms)
		ExecutionOrderSort (0ms)
		DisableScriptedObjects (0ms)
		BackupInstance (0ms)
		ReleaseScriptingObjects (0ms)
		CreateAndSetChildDomain (16ms)
	RebuildCommonClasses (110ms)
	RebuildNativeTypeToScriptingClass (36ms)
	initialDomainReloadingComplete (140ms)
	LoadAllAssembliesAndSetupDomain (518ms)
		LoadAssemblies (409ms)
		RebuildTransferFunctionScriptingTraits (0ms)
		AnalyzeDomain (510ms)
			TypeCache.Refresh (502ms)
				TypeCache.ScanAssembly (436ms)
			BuildScriptInfoCaches (1ms)
			ResolveRequiredComponents (3ms)
	FinalizeReload (1320ms)
		ReleaseScriptCaches (0ms)
		RebuildScriptCaches (0ms)
		SetupLoadedEditorAssemblies (1177ms)
			LogAssemblyErrors (0ms)
			InitializePlatformSupportModulesInManaged (163ms)
			SetLoadedEditorAssemblies (10ms)
			BeforeProcessingInitializeOnLoad (253ms)
			ProcessInitializeOnLoadAttributes (406ms)
			ProcessInitializeOnLoadMethodAttributes (344ms)
			AfterProcessingInitializeOnLoad (0ms)
			EditorAssembliesLoaded (1ms)
		ExecutionOrderSort2 (0ms)
		AwakeInstancesAfterBackupRestoration (0ms)
[Licensing::Client] Successfully resolved entitlement details
Application.AssetDatabase Initial Refresh Start
[Package Manager] Restoring resolved packages state from cache
[Licensing::Client] Successfully resolved entitlement details
[Package Manager] Registered 5 packages:
  Built-in packages:
    com.unity.modules.audio@1.0.0 (location: C:\Users\田尻大翔\Documents\Codex\2026-08-07\new-chat\outputs\HimoHitoPrototype\.codex_tmp\MainStageCleanReproduction_20261001\QAProject\Library\PackageCache\com.unity.modules.audio)
    com.unity.modules.imgui@1.0.0 (location: C:\Users\田尻大翔\Documents\Codex\2026-08-07\new-chat\outputs\HimoHitoPrototype\.codex_tmp\MainStageCleanReproduction_20261001\QAProject\Library\PackageCache\com.unity.modules.imgui)
    com.unity.modules.jsonserialize@1.0.0 (location: C:\Users\田尻大翔\Documents\Codex\2026-08-07\new-chat\outputs\HimoHitoPrototype\.codex_tmp\MainStageCleanReproduction_20261001\QAProject\Library\PackageCache\com.unity.modules.jsonserialize)
    com.unity.modules.particlesystem@1.0.0 (location: C:\Users\田尻大翔\Documents\Codex\2026-08-07\new-chat\outputs\HimoHitoPrototype\.codex_tmp\MainStageCleanReproduction_20261001\QAProject\Library\PackageCache\com.unity.modules.particlesystem)
    com.unity.modules.physics2d@1.0.0 (location: C:\Users\田尻大翔\Documents\Codex\2026-08-07\new-chat\outputs\HimoHitoPrototype\.codex_tmp\MainStageCleanReproduction_20261001\QAProject\Library\PackageCache\com.unity.modules.physics2d)
[Subsystems] No new subsystems found in resolved package list.
[Package Manager] Done registering packages in 0.02 seconds
[ScriptCompilation] Requested script compilation because: Assetdatabase observed changes in script compilation related files
Starting: C:\Program Files\Unity\Hub\Editor\6000.3.21f1\Editor\Data\Tools\BuildPipeline\bee_backend.exe --ipc --defer-dag-verification --dagfile="Library/Bee/1900b0aE.dag" --continue-on-failure --profile="Library/Bee/backend1.traceevents" ScriptAssemblies
WorkingDir: C:/Users/田尻大翔/Documents/Codex/2026-08-07/new-chat/outputs/HimoHitoPrototype/.codex_tmp/MainStageCleanReproduction_20261001/QAProject
DisplayProgressbar: Compiling Scripts
ExitCode: 0 Duration: 2s51ms
[149/155    1s] Csc Library/Bee/artifacts/1900b0aE.dag/Assembly-CSharp.dll (+2 others)
[150/155    0s] CopyFiles Library/ScriptAssemblies/Assembly-CSharp.pdb
[151/155    0s] Csc Library/Bee/artifacts/1900b0aE.dag/Assembly-CSharp-Editor.dll (+2 others)
[152/155    0s] CopyFiles Library/ScriptAssemblies/Assembly-CSharp.dll
[153/155    0s] CopyFiles Library/ScriptAssemblies/Assembly-CSharp-Editor.pdb
[154/155    0s] CopyFiles Library/ScriptAssemblies/Assembly-CSharp-Editor.dll
*** Tundra build success (1.92 seconds), 6 items updated, 155 evaluated
AssetDatabase: script compilation time: 3.227032s
Begin MonoManager ReloadAssembly
- Loaded All Assemblies, in  1.952 seconds
Start importing Assets using Guid(00000000000000001000000000000000) (DefaultImporter) -> (artifact id: '4b55c7cb15071bfc086d0e52a7664a41') in 0.0504183 seconds
Start importing ProjectSettings/InputManager.asset using Guid(00000000000000002000000000000000) (LibraryAssetImporter) -> (artifact id: '3d278bdfa729973ecf92c670ca181c88') in 0.0075981 seconds
Start importing ProjectSettings/TagManager.asset using Guid(00000000000000003000000000000000) (LibraryAssetImporter) -> (artifact id: '4aa03ef27a83f311e598313a3ec2fbc3') in 0.0071805 seconds
Start importing ProjectSettings/ProjectSettings.asset using Guid(00000000000000004000000000000000) (LibraryAssetImporter) -> (artifact id: 'f096649ad26627c45237ce4590518161') in 0.0062143 seconds
Start importing ProjectSettings/AudioManager.asset using Guid(00000000000000006000000000000000) (LibraryAssetImporter) -> (artifact id: '7bb8de31f311db17f0fefe3abfd595f1') in 0.0061099 seconds
Start importing ProjectSettings/TimeManager.asset using Guid(00000000000000007000000000000000) (LibraryAssetImporter) -> (artifact id: '52c307e924e96ceef905bcc2cea85a00') in 0.0061617 seconds
Start importing ProjectSettings/DynamicsManager.asset using Guid(00000000000000008000000000000000) (LibraryAssetImporter) -> (artifact id: '913ceedd18932e74f6c2ac19d4bebe5c') in 0.0064831 seconds
Start importing ProjectSettings/QualitySettings.asset using Guid(00000000000000009000000000000000) (LibraryAssetImporter) -> (artifact id: '0108565e686be3fe2e35cd30ef61dd30') in 0.0063159 seconds
Start importing ProjectSettings/EditorBuildSettings.asset using Guid(0000000000000000b000000000000000) (LibraryAssetImporter) -> (artifact id: 'cc5024ba743cb4132310bf025be68d55') in 0.0065107 seconds
Start importing ProjectSettings/EditorSettings.asset using Guid(0000000000000000c000000000000000) (LibraryAssetImporter) -> (artifact id: 'fdcca38f5f1944c9bec0b9f00395ab39') in 0.0061047 seconds
Start importing ProjectSettings/NavMeshAreas.asset using Guid(00000000000000004100000000000000) (LibraryAssetImporter) -> (artifact id: '4ba0a6bb5cc18b1619eb3b3f4ce570d1') in 0.0059353 seconds
Start importing ProjectSettings/Physics2DSettings.asset using Guid(00000000000000005100000000000000) (LibraryAssetImporter) -> (artifact id: '03a2f9665ad2b81ca54b808a512fd98e') in 0.0055025 seconds
Start importing ProjectSettings/GraphicsSettings.asset using Guid(00000000000000006100000000000000) (LibraryAssetImporter) -> (artifact id: '041f8e671a93a484399854eca4c35b80') in 0.006273 seconds
Start importing ProjectSettings/ClusterInputManager.asset using Guid(00000000000000007100000000000000) (LibraryAssetImporter) -> (artifact id: '5a028a71a6163b7bc9a46219c48662ec') in 0.0058773 seconds
Start importing ProjectSettings/UnityConnectSettings.asset using Guid(0000000000000000a100000000000000) (LibraryAssetImporter) -> (artifact id: '5a6e69f8200d884ded3f19f546ea756a') in 0.0070615 seconds
Start importing ProjectSettings/PresetManager.asset using Guid(0000000000000000b100000000000000) (LibraryAssetImporter) -> (artifact id: '669bd2cb5cdf99ef516d1350fa42393e') in 0.0073133 seconds
Start importing ProjectSettings/VFXManager.asset using Guid(0000000000000000c100000000000000) (LibraryAssetImporter) -> (artifact id: 'dd6732d958402095937fd19a0cecb735') in 0.0057406 seconds
Start importing ProjectSettings/VersionControlSettings.asset using Guid(0000000000000000d100000000000000) (LibraryAssetImporter) -> (artifact id: 'b89f810c452b248c014f182ae5caa680') in 0.0059735 seconds
Start importing ProjectSettings/MemorySettings.asset using Guid(0000000000000000f100000000000000) (LibraryAssetImporter) -> (artifact id: '19f032dc933bd79e61da5c81f7ddd1ac') in 0.0062091 seconds
Start importing ProjectSettings/MultiplayerManager.asset using Guid(00000000000000000200000000000000) (LibraryAssetImporter) -> (artifact id: 'f060d13f2990d90fc35c577bb4111c66') in 0.0067855 seconds
Start importing Library/BuildInstructions using Guid(00000000000000002300000000000000) (DefaultImporter) -> (artifact id: 'ade3aeda13ad9960ede0e143cb33502a') in 0.0020158 seconds
Start importing Packages/com.unity.modules.imgui using Guid(c060426bfd6e82575228df6656368eaa) (DefaultImporter) -> (artifact id: '7d484ab5933192f91b6a2fb9f7498a1e') in 0.0019374 seconds
Start importing Assets/QA using Guid(240511ae3adc39a479753219d2becd3d) (DefaultImporter) -> (artifact id: 'c4b083ad3a79bfd65b04ab90169f5770') in 0.0279497 seconds
Start importing Assets/ThirdParty using Guid(24ce2b73e8f44746b691924fbbf24398) (DefaultImporter) -> (artifact id: 'c6765a6cebe590f80fb386ae8ba736ee') in 0.0034388 seconds
Start importing Assets/Resources using Guid(15a49b176a9c400f9de451d475756713) (DefaultImporter) -> (artifact id: '200048a8567d858feebe48cf47bafb39') in 0.0023437 seconds
Start importing Assets/Editor using Guid(b5c6c95632f4b194a839511b20c64cfb) (DefaultImporter) -> (artifact id: '5bd0a3caeef15244ef9ec25cf5534a13') in 0.002268 seconds
Start importing Assets/Scripts using Guid(f647cba8605562d449948b1d7da1f6f0) (DefaultImporter) -> (artifact id: '4fc847c13cd837e11d41183dbcd4fb38') in 0.0016532 seconds
Start importing Packages/com.unity.modules.physics2d using Guid(376c84ea405e0f2b80562c23bb977216) (DefaultImporter) -> (artifact id: 'f030ba7c21f8c3d36c2700ba9484429e') in 0.0013672 seconds
Start importing Packages/com.unity.modules.particlesystem using Guid(48b10b41f58d5b49717f376cda59eeb8) (DefaultImporter) -> (artifact id: '52931c3585e961751803a41152ba5f0c') in 0.0014783 seconds
Start importing Packages/com.unity.modules.jsonserialize using Guid(fc3a810351931f5e6183e16b9beb5563) (DefaultImporter) -> (artifact id: 'ae149b8f46567b37c6b77b16bb572fe8') in 0.0018901 seconds
Start importing Packages/com.unity.modules.audio using Guid(2d6ba5cbe47e6ad3c87474c56174d4e0) (DefaultImporter) -> (artifact id: '2ad5535b0c9fde796c0a268a703c42c8') in 0.0016143 seconds
Start importing Assets/Scenes using Guid(ed37427fe343e82409a70ed57fd72f70) (DefaultImporter) -> (artifact id: 'c73a0e388484101b61480aeb12e27818') in 0.0016281 seconds
Start importing Assets/Resources/Audio using Guid(12c7acd5a72a4878b94fba744981b0a6) (DefaultImporter) -> (artifact id: '2a3b91fbfaa90dc1fa049f85b6e6cd5d') in 0.0018939 seconds
Start importing Assets/Resources/Fonts using Guid(85b53eae82124d1f84da41a0dd27d70e) (DefaultImporter) -> (artifact id: 'ade32b38b56cf2b31d15237b2b45ce0b') in 0.0021232 seconds
Start importing Assets/ThirdParty/KenneyImpactSounds using Guid(49ecc179ca69445ebfe5229f2263f106) (DefaultImporter) -> (artifact id: '2bfd53624e81f08d28077abc50046972') in 0.0020592 seconds
Start importing Assets/Resources/Art using Guid(69b9951cc96443eaaee6b446665170bf) (DefaultImporter) -> (artifact id: '680d370810a83daa43c3340029c92ffc') in 0.0021567 seconds
Start importing Assets/ThirdParty/MPlusRounded1c using Guid(5c3a2289f67b48b49817cb2c52f47237) (DefaultImporter) -> (artifact id: '43c3ebcda2ba27bb8081eb48e93e4141') in 0.0028815 seconds
Start importing Packages/com.unity.modules.audio/package.ModuleCompilationTrigger using Guid(042dc296246916648e55a43d0eeb2036) (DefaultImporter) -> (artifact id: '93cfeb7be8bf6df4dc4fc167223dc2d5') in 0.0470247 seconds
Start importing Packages/com.unity.modules.jsonserialize/package.ModuleCompilationTrigger using Guid(e6a135e3ea9cb46795d1b0e05ac3e1e5) (DefaultImporter) -> (artifact id: '8d26f1c211bce77f7cf17eccccd57b0d') in 0.0024401 seconds
Start importing Packages/com.unity.modules.particlesystem/package.ModuleCompilationTrigger using Guid(17f093324b67f5bd57e55b546736750e) (DefaultImporter) -> (artifact id: '2ff549dcfdc7b1fa23811cebe1444f07') in 0.001935 seconds
Start importing Packages/com.unity.modules.imgui/package.ModuleCompilationTrigger using Guid(be13c398521e3c1ad21fb9da30ab2ab6) (DefaultImporter) -> (artifact id: 'ea0574aa05344c7e80357502346d73fc') in 0.0017607 seconds
Start importing Packages/com.unity.modules.physics2d/package.ModuleCompilationTrigger using Guid(fe6a6957b37b61417b457a1e0541791d) (DefaultImporter) -> (artifact id: 'a5a6ae7d64235baf32ceb35097cc3c10') in 0.0016334 seconds
Refreshing native plugins compatible for Editor in 0.00 ms, found 0 plugins.
Native extension for WindowsStandalone target not found
ScheduleIndexationOnStartup MainProcess:True IndexOnStartup:True
Mono: successfully reloaded assembly
- Finished resetting the current domain, in  1.385 seconds
Domain Reload Profiling: 3322ms
	BeginReloadAssembly (842ms)
		ExecutionOrderSort (0ms)
		DisableScriptedObjects (112ms)
		BackupInstance (0ms)
		ReleaseScriptingObjects (0ms)
		CreateAndSetChildDomain (193ms)
	RebuildCommonClasses (114ms)
	RebuildNativeTypeToScriptingClass (41ms)
	initialDomainReloadingComplete (83ms)
	LoadAllAssembliesAndSetupDomain (855ms)
		LoadAssemblies (1204ms)
		RebuildTransferFunctionScriptingTraits (0ms)
		AnalyzeDomain (32ms)
			TypeCache.Refresh (14ms)
				TypeCache.ScanAssembly (3ms)
			BuildScriptInfoCaches (3ms)
			ResolveRequiredComponents (9ms)
	FinalizeReload (1386ms)
		ReleaseScriptCaches (0ms)
		RebuildScriptCaches (0ms)
		SetupLoadedEditorAssemblies (990ms)
			LogAssemblyErrors (0ms)
			InitializePlatformSupportModulesInManaged (72ms)
			SetLoadedEditorAssemblies (8ms)
			BeforeProcessingInitializeOnLoad (349ms)
			ProcessInitializeOnLoadAttributes (386ms)
			ProcessInitializeOnLoadMethodAttributes (156ms)
			AfterProcessingInitializeOnLoad (19ms)
			EditorAssembliesLoaded (0ms)
		ExecutionOrderSort2 (0ms)
		AwakeInstancesAfterBackupRestoration (70ms)
Start importing Library/BuildPlayer.prefs using Guid(00000000000000005000000000000000) (DefaultImporter) -> (artifact id: '083d37eb6b0e82b8f5c1ec86344d848d') in 0.0157536 seconds
Start importing Assets/Scenes/MainStage.unity using Guid(f47cde71ad654939b3802f6bdeacb9c1) (DefaultImporter) -> (artifact id: '6a644fe8dd9263701ccd050a8d611ab9') in 0.0024538 seconds
Start importing Assets/Scenes/Tutorial.unity using Guid(9cdde09beba3a9948b21ff389c954384) (DefaultImporter) -> (artifact id: '60b87483935d8a8c324ed9bb313d939e') in 0.0019342 seconds
Start importing Assets/Resources/Art/HimoHitoEndingBackground-v1.png using Guid(60bb9eec31a84e658337764911b0557b) (TextureImporter) -> (artifact id: 'ad2a4fa4f7615816b1d0496f3b78b1e1') in 0.1966562 seconds
Start importing Assets/Resources/Art/HimoHitoCraftWoodGrain-v1.png using Guid(905d2db9d513478baf2c80dd0e00a012) (TextureImporter) -> (artifact id: '0d9b164095316a3a5cd72b97a62ae8a1') in 0.145775 seconds
Start importing Assets/Resources/Art/TutorialGuideSign-v1.png using Guid(c0a74a768e0d4a5e9d72757bfb1a3691) (TextureImporter) -> (artifact id: 'b34bd6e088a92ea9f1aa8c0890e28a15') in 0.1818144 seconds
Start importing Assets/Resources/Art/HimoHitoCraftSpike-v1.png using Guid(f097aef7b0a049809189bbb4ac1c7b48) (TextureImporter) -> (artifact id: '441e7f9b88f480081bd09e54d8c91831') in 0.1081995 seconds
Start importing Assets/Resources/Art/HimoHitoControlsBackground-v1.png using Guid(119bd32ef42b4c69a7769736c21dbb80) (TextureImporter) -> (artifact id: '31852b56ab1da4f27c3c4f8dd4e1c33f') in 0.1837012 seconds
Start importing Assets/Resources/Art/HimoHitoWalkTransitions-v1.png using Guid(21f894b46cb94a728bceac3edf950891) (TextureImporter) -> (artifact id: 'c25bf04770c7cf7d06388a84936514b6') in 0.1148745 seconds
Start importing Assets/Resources/Art/HimoHitoCraftHookMount-v1.png using Guid(4135dfb82dfc4a41adcf8974566e392d) (TextureImporter) -> (artifact id: '3b58af775886e10e5a6c3c59020c004f') in 0.1023424 seconds
Start importing Assets/Resources/Art/HimoHitoStageMapPieces-v1.png using Guid(51f234cf38954df59880dce05e7b984a) (TextureImporter) -> (artifact id: '63a608e288c5faf9ad8783a97ad88557') in 0.1636795 seconds
Start importing Assets/Resources/Art/HimoHitoStageMapBackground-v1.png using Guid(42a507fb1e7c4d94908496f4f88e85ab) (TextureImporter) -> (artifact id: 'f08f791cd582b8f5cb56cb7eae6dbe65') in 0.1826852 seconds
Start importing Assets/Resources/Art/HimoHitoFarBackground-v1.png using Guid(03ba781b513841fa8b0e18a1af62a252) (TextureImporter) -> (artifact id: '7cabdf026859327d0d4c9be9d1f7d3de') in 0.1705201 seconds
Start importing Assets/Resources/Art/HimoHitoWalk-v3.png using Guid(33ac9edeb4ad4fd396ef04c4ccae37a1) (TextureImporter) -> (artifact id: '065e21da6a02b50108cac6db07ba9b1d') in 0.1297771 seconds
Start importing Assets/Resources/Art/TutorialBlockPlatform-v1.png using Guid(53b3e7d6386d4caca7ffb2882bd395f1) (TextureImporter) -> (artifact id: 'c86631ca3cf93fad3f9834c05512cc83') in 0.1426394 seconds
Start importing Assets/Resources/Art/HimoHitoCraftPlayer-v1.png using Guid(b36d913a2af247a992bd830300000001) (TextureImporter) -> (artifact id: '16738ccd927f2a0cafbb4b062e63ca7d') in 0.1185913 seconds
Start importing Assets/Resources/Art/HimoHitoCraftWalk-v1.png using Guid(b36d913a2af247a992bd830300000002) (TextureImporter) -> (artifact id: '9d40076aaae5f9a49f2f4abf89a1062c') in 0.1057285 seconds
Start importing Assets/Resources/Art/HimoHitoCraftJump-v1.png using Guid(b36d913a2af247a992bd830300000003) (TextureImporter) -> (artifact id: '0a486e46c7a00ace00aaa528d8d59662') in 0.0990717 seconds
Start importing Assets/Resources/Art/HimoHitoCraftSwing-v1.png using Guid(b36d913a2af247a992bd830300000004) (TextureImporter) -> (artifact id: '383377e0dd022bf2c23dc2e563dbc117') in 0.1020234 seconds
Start importing Assets/Resources/Art/HimoHitoCraftIdle-v1.png using Guid(b36d913a2af247a992bd830300000005) (TextureImporter) -> (artifact id: '7bfb36849e98074857ab16c5dbfdbe29') in 0.0952573 seconds
Start importing Assets/Resources/Art/HimoHitoCraftAim-v1.png using Guid(b36d913a2af247a992bd830300000006) (TextureImporter) -> (artifact id: '33a3e062efaed4e7da4c49824fb34a40') in 0.0967722 seconds
Start importing Assets/Resources/Art/HimoHitoCraftWalkTransitions-v1.png using Guid(b36d913a2af247a992bd830300000007) (TextureImporter) -> (artifact id: '19afc14fea261986e56ce2d46b589e08') in 0.1022521 seconds
Start importing Assets/Resources/Art/HimoHitoCraftLanding-v1.png using Guid(b36d913a2af247a992bd830300000008) (TextureImporter) -> (artifact id: 'afa706be06d5204f7c084eb284f5a7b6') in 0.1116056 seconds
Start importing Assets/Resources/Art/HimoHitoCraftEdgeBalance-v1.png using Guid(b36d913a2af247a992bd830300000009) (TextureImporter) -> (artifact id: '0f62adf8c55dff0e3b41ae53ed89cbaa') in 0.1095901 seconds
Start importing Assets/Resources/Art/HimoHitoCraftWeave-v1.png using Guid(b36d913a2af247a992bd83030000000a) (TextureImporter) -> (artifact id: '04be5c764f2579caa7334e185caf21f0') in 0.1131534 seconds
Start importing Assets/Resources/Art/HimoHitoCraftGoal-v1.png using Guid(b36d913a2af247a992bd83030000000b) (TextureImporter) -> (artifact id: '3a87c232e87d3b6ae0aa4f75fed57056') in 0.1052228 seconds
Start importing Assets/Resources/Art/HimoHitoCraftWallPush-v1.png using Guid(b36d913a2af247a992bd83030000000c) (TextureImporter) -> (artifact id: '75b1fb10e3418a8998580b94cc6c1c2f') in 0.1186006 seconds
Start importing Assets/Resources/Art/HimoHitoCraftSwitchPress-v1.png using Guid(b36d913a2af247a992bd83030000000d) (TextureImporter) -> (artifact id: '5cb11cee3fda332acf20209c2be3e878') in 0.1141013 seconds
Start importing Assets/Resources/Art/HimoHitoFailureBackground-v1.png using Guid(95c9c2c8aa9f46de81229cf13a633fee) (TextureImporter) -> (artifact id: '88be5d632fb5c919a9325093b81cd5cc') in 0.16615 seconds
Start importing Assets/Resources/Art/HimoHitoCraftRoomMid-v1.png using Guid(26eed2660c084f7e8655718dbe2dca35) (TextureImporter) -> (artifact id: '35a1c21c024bdce53ed01dd0d5fb699b') in 0.1598965 seconds
Start importing Assets/Resources/Art/TutorialRopeAnchorRing-v1.png using Guid(46f420de2d3a4a418204a1b272af3e97) (TextureImporter) -> (artifact id: '0789784538e0be03a7d1cef203ec1100') in 0.1168271 seconds
Start importing Assets/Resources/Art/HimoHitoStageMapUpcoming-v1.png using Guid(5668abed389e4d0ab8f8f0840c19a9dd) (TextureImporter) -> (artifact id: 'b5baff1a959d21057f7889b1309d3416') in 0.192331 seconds
Start importing Assets/Resources/Art/HimoHitoSwing-v2.png using Guid(e68191c520a84cd8a84de8f1796a4d47) (TextureImporter) -> (artifact id: 'c1892269d468be132e425c911c2316e1') in 0.1033774 seconds
Start importing Assets/Resources/Art/WoodenToySpike-v1.png using Guid(372491b625c94d608b2065a29a83bf9c) (TextureImporter) -> (artifact id: 'b46239c537b71949b80166d8f735e0dd') in 0.1164987 seconds
Start importing Assets/Resources/Art/HimoHitoPlayer-v1.png using Guid(47a9a5e20d5d4a62b7d3d87ab73f69d2) (TextureImporter) -> (artifact id: 'e21b42a528710f7f9eb770d8fc7d44ad') in 0.109507 seconds
Start importing Assets/Resources/Art/HimoHitoWeave-v1.png using Guid(474b3921276842e1b6e1b4dd211de2d0) (TextureImporter) -> (artifact id: '345f4e98e2b5d6ffccbde3053b256ba2') in 0.1179745 seconds
Start importing Assets/Resources/Art/HimoHitoJump-v2.png using Guid(57956f836e2a46ee8591048f48c4b8e6) (TextureImporter) -> (artifact id: 'de0d95833ffd5578523d6720c2beb171') in 0.1152795 seconds
Start importing Assets/Resources/Art/TutorialNightChildRoom-v1.png using Guid(a85306197474410aaf3b0a1e5ade76f3) (TextureImporter) -> (artifact id: 'a61a5ac55d3124c1088dd1edf280fef9') in 0.1771198 seconds
Start importing Assets/Resources/Art/RecoverySwitch-v1.png using Guid(a89b6f10927244e7a2918600bcd5a541) (TextureImporter) -> (artifact id: 'e130894f094cf95a09008b034497111a') in 0.1103329 seconds
Start importing Assets/Resources/Art/HimoHitoIdle-v1.png using Guid(49640119d9c94a42ab54649d755574a2) (TextureImporter) -> (artifact id: '99eeb9e0a573ba43de968041970892cb') in 0.118616 seconds
Start importing Assets/Resources/Art/HimoHitoTitleBackground-v1.png using Guid(a94c1d6472b54f1b9e172f43c6a8d0e2) (TextureImporter) -> (artifact id: 'aba011590496eeb108b9907a1ec9962a') in 0.1746209 seconds
Start importing Assets/Resources/Art/HimoHitoGoal-v1.png using Guid(d971f50ca47a4c179842b105513ac11c) (TextureImporter) -> (artifact id: 'e7b84c9a8a9a68d8d4715ba0374f26f7') in 0.1139083 seconds
Start importing Assets/Resources/Art/HimoHitoCraftChestOpening-v1.png using Guid(d9b2d670c0284dd6a55f2211df7674af) (TextureImporter) -> (artifact id: '1925a83da136e3ea08744d5c5798661a') in 0.1118173 seconds
Start importing Assets/Resources/Art/TutorialToyBoxGoal-v2.png using Guid(0a79c33d98fa47d9b62af3512f64389e) (TextureImporter) -> (artifact id: '3b1bd448bb7b454f45371d6a32478e9d') in 0.1253185 seconds
Start importing Assets/Resources/Art/HimoHitoLanding-v1.png using Guid(4a684fb28a7c4e97a649955becd70f54) (TextureImporter) -> (artifact id: 'ec03a528682caa5118f7b01eafbedac6') in 0.1177879 seconds
Start importing Assets/Resources/Art/HimoHitoStageCurtainCloth-v1.png using Guid(5ab39b2b5c1a4b5e845a74b0c07d641e) (TextureImporter) -> (artifact id: 'acba8163f3db6168c3d8d0b718d4f21f') in 0.1826055 seconds
Start importing Assets/Resources/Art/ToyBoxOpening-v1.png using Guid(1b4714df89bc4a06a7b00ca8cf2f4d98) (TextureImporter) -> (artifact id: 'ac331918a7976c2e2970ff9498092d98') in 0.1409847 seconds
Start importing Assets/Resources/Art/HimoHitoCraftHudPanel-v1.png using Guid(db86517fe10744e8876f83932f22c2b1) (TextureImporter) -> (artifact id: 'c640bafdf71e6537a57cdffe93ad3242') in 0.1493738 seconds
Start importing Assets/Resources/Art/TutorialHookConnector-v1.png using Guid(0cf5cdde40ca47c8842641575371bc4e) (TextureImporter) -> (artifact id: 'eb34346f75db0f984a5fede043239c1a') in 0.1026261 seconds
Start importing Assets/Resources/Art/HimoHitoCraftHookBlue-v1.png using Guid(aca965a532e54ff98bbd30b98a57f645) (TextureImporter) -> (artifact id: 'acd0af43b7bd038d6abd5fc058b6b31b') in 0.1050932 seconds
Start importing Assets/Resources/Art/HimoHitoStageDiorama-v1.png using Guid(bc68e9b2ee9b48edbfebc4b0ff43c677) (TextureImporter) -> (artifact id: '531016156457021ce4a0202c5cd49235') in 0.176759 seconds
Start importing Assets/Resources/Art/HimoHitoEdgeBalance-v1.png using Guid(bcbd0e990d87433683095efc9e3fd79a) (TextureImporter) -> (artifact id: '800330c8cf5dfd0b36e87a8850a8c342') in 0.1240154 seconds
Start importing Assets/Resources/Art/HimoHitoSwitchPress-v1.png using Guid(dc784581e1ca4035a6f47c7e1dc1a359) (TextureImporter) -> (artifact id: 'ceb2e642f1dbefbb5cd5c39dbdd56721') in 0.1337038 seconds
Start importing Assets/Resources/Art/HimoHitoCraftWoodBlocks-v1.png using Guid(1d0066cbeb554814a68c4091ca9fa8ad) (TextureImporter) -> (artifact id: '28efcb29dca081f8e88ebb6a4f6325b3') in 0.1548709 seconds
Start importing Assets/Resources/Art/HimoHitoCraftRecoverySwitch-v1.png using Guid(4db17f702e48474e8765fc0d221cb025) (TextureImporter) -> (artifact id: '75714572eacb62c7e7161138451f8010') in 0.121391 seconds
Start importing Assets/Resources/Art/HimoHitoUiParts-v1.png using Guid(5e8b60c60c51cfd48b80d302046de380) (TextureImporter) -> (artifact id: 'e902ea4663a8bfd42ba2850a67ac3e35') in 0.0946454 seconds
Start importing Assets/Resources/Art/HimoHitoAppIcon-v1.png using Guid(6e890ec3e8174289903faa48d3033c6c) (TextureImporter) -> (artifact id: '26e21b3bc28bd5bd39f7d1d73080b921') in 0.1780302 seconds
Start importing Assets/Resources/Art/HimoHitoYarnRope-v1.png using Guid(7ebd2a8e76a2446698e2027287591a32) (TextureImporter) -> (artifact id: '9dec09ce4501dd6d6e9dbeebcfc9d41d') in 0.1124945 seconds
Start importing Assets/Resources/Art/TutorialRailPlatform-v1.png using Guid(9ed1eb7633994bfc98f17cb2ce2ad592) (TextureImporter) -> (artifact id: 'b4a701ecd55c568ecb44f1f719f13d33') in 0.1094383 seconds
Start importing Assets/Resources/Art/HimoHitoCraftRail-v1.png using Guid(de607b977cdf45ee88bf5e1dcff9a57a) (TextureImporter) -> (artifact id: '429aee4daf9d82f70ed3e1ff4bcb265d') in 0.0978879 seconds
Start importing Assets/Resources/Art/HimoHitoAim-v1.png using Guid(0f53025be5f34a7aa7aec6772c7b18dd) (TextureImporter) -> (artifact id: '475fedb420ff783e1e61a4e1de039b3a') in 0.1149572 seconds
Start importing Assets/Resources/Art/HimoHitoCraftRoomFar-v1.png using Guid(5f40655b79394ae5b9c2bd19206c3d1d) (TextureImporter) -> (artifact id: '15d9065ba6f8f764c1beb4ac2a85e6c5') in 0.1918893 seconds
Start importing Assets/Resources/Art/HimoHitoCraftGuideSign-v1.png using Guid(6ff3e6a0b2b742bfb9397512f2a3d541) (TextureImporter) -> (artifact id: '24beaf1cd56da72904c0715ae8c7b3ce') in 0.1152032 seconds
Start importing Assets/Resources/Art/HimoHitoWallPush-v1.png using Guid(9f56962b08694fdc9f6217821fb9c20a) (TextureImporter) -> (artifact id: '8e32285030ed0f173cb95a3fa31c9d9e') in 0.1709818 seconds
Start importing Assets/Resources/Art/HimoHitoCraftHookGreen-v1.png using Guid(df028a2e957648eeb80ad1c5aa476b19) (TextureImporter) -> (artifact id: '53130befd97079091d59cd2572b3922d') in 0.1221901 seconds
Start importing Assets/Resources/RespawnWeave.shader using Guid(74f36cd1d3e14bf1b026e98b20d8f125) (ShaderImporter)Launched and connected shader compiler UnityShaderCompiler.exe after 0.05 seconds
 -> (artifact id: 'ab42139f100a9cb696f60d47c4d99aff') in 0.1308984 seconds
Start importing Assets/Resources/TutorialSignGreeting.shader using Guid(f624e90b37ae4df8a5f4e75a04ac2039) (ShaderImporter) -> (artifact id: '1e539791efc344c6bdf8b864cd619bc6') in 0.0142081 seconds
Start importing Assets/Resources/HangingDecorSway.shader using Guid(ea09584549024e33a70dd81d9383dbd1) (ShaderImporter) -> (artifact id: '97bad9b8edcb13b12bb75c6e8729ce22') in 0.014772 seconds
Start importing Assets/Resources/Fonts/MPlusRounded1c-Regular.ttf using Guid(b03eb138fcfd446cb68c5948838b0b20) (TrueTypeFontImporter) -> (artifact id: '25320fa9ff2791277ca289b0a3c288a2') in 0.0479342 seconds
Start importing Assets/Resources/Fonts/MPlusRounded1c-Bold.ttf using Guid(768f5d55443e44bc93772d9f738e5de4) (TrueTypeFontImporter) -> (artifact id: '958f5607fd7c95d035a8a9cafbaff8de') in 0.0209532 seconds
Start importing Packages/com.unity.modules.jsonserialize/package.json using Guid(40bf3cec17fa0b49fe04443c8332d638) (PackageManifestImporter) -> (artifact id: '4c54406cdf6f27a0dfd74653ac191550') in 0.0053518 seconds
Start importing Packages/com.unity.modules.imgui/package.json using Guid(42fe78c8fe682715a2cb531422e6ccb3) (PackageManifestImporter) -> (artifact id: 'b643c636c8e55776455f8adce1983951') in 0.0051354 seconds
Start importing Assets/ThirdParty/KenneyImpactSounds/License.txt using Guid(72a317b61dc44a089e56a63fcf4be9bc) (TextScriptImporter) -> (artifact id: '5524443009110b2d00b80f90df4041be') in 0.0066628 seconds
Start importing Assets/Resources/StageCatalog.json using Guid(d5b1cae6a0a2471b876e9f47a83b60a6) (TextScriptImporter) -> (artifact id: '795a53e7452850e792c1372411d9ace8') in 0.0055288 seconds
Start importing Packages/com.unity.modules.particlesystem/package.json using Guid(87d720faa37005c08600090e04d8c739) (PackageManifestImporter) -> (artifact id: 'd6aa8c20d84b997ec285a739a17be19d') in 0.0054632 seconds
Start importing Packages/com.unity.modules.physics2d/package.json using Guid(f7a8357347c80dc69c08d0b1a05e2122) (PackageManifestImporter) -> (artifact id: 'e2187f6cfb7435ccc7f0487e9567b857') in 0.007756 seconds
Start importing Packages/com.unity.modules.audio/package.json using Guid(e9df95f53f1c1d0c9199e235d6c42b50) (PackageManifestImporter) -> (artifact id: '14bdb854ae6daae762f5873a0a889a4a') in 0.006029 seconds
Start importing Assets/ThirdParty/MPlusRounded1c/OFL.txt using Guid(6f3a7420a3ac4fbf810d7f59c93d1cd8) (TextScriptImporter) -> (artifact id: '284fa736d407de826d0229d38ef7ee76') in 0.006252 seconds
Start importing Assets/Resources/Audio/RopeAttachMissWhoosh.mp3 using Guid(a0c623313cd24137aa9b2b9eea6a06d4) (AudioImporter) -> (artifact id: '7162e68e7fd3cce5327201ae4935bacd') in 0.6368019 seconds
Start importing Assets/Resources/Audio/PlayerJumpSoft.ogg using Guid(b0fabb5300d54da7b3f8d308427966d6) (AudioImporter) -> (artifact id: 'd8d4011005bb69de088be8f1d4984da9') in 0.1204299 seconds
Start importing Assets/Resources/Audio/GoalClearXylophone.mp3 using Guid(228a3af47b1b42508a21701e8a10cbae) (AudioImporter) -> (artifact id: '33777e2a91d0fdeffbcbdea9029a67e4') in 0.1690902 seconds
Start importing Assets/Resources/Audio/FailureYarnDrop.mp3 using Guid(83b579259e74491bb73501adf72ab0d7) (AudioImporter) -> (artifact id: 'ae77ec8db6629ae3a2ccb267b974cb25') in 0.1585164 seconds
Start importing Assets/Resources/Audio/RopeLengthClick.mp3 using Guid(2480126c207d4453bb4287505ae25524) (AudioImporter) -> (artifact id: '4b825ceea3f7cdebc3618f829779fcd6') in 0.1415399 seconds
Start importing Assets/Resources/Audio/RopeReleaseWind.wav using Guid(f58184b1b32c4a19919274da741af66e) (AudioImporter) -> (artifact id: '266693a7ce7a57c019599c622412a8f5') in 0.113283 seconds
Start importing Assets/Resources/Audio/FailurePianoNote.mp3 using Guid(f53f55c7606d47f49b5110764f713218) (AudioImporter) -> (artifact id: '35efa64db21ff5756cb46ceac57a7694') in 0.2047945 seconds
Start importing Assets/Resources/Audio/HookAttachWood.ogg using Guid(76e9fb09e76b44ba88a73362818358a5) (AudioImporter) -> (artifact id: '681bc8556685474c358cb5c8df793014') in 0.1361267 seconds
Start importing Assets/Resources/Audio/HookAttachSoft.ogg using Guid(b743d22cecfe4e5abd62bfeca36b49ee) (AudioImporter) -> (artifact id: '4d1e0591f632660abe7f929c79cd6bbd') in 0.116187 seconds
Start importing Assets/Resources/Audio/RopeShotRustling.mp3 using Guid(f7e9340ce9784a54b77c1dc1f73bb672) (AudioImporter) -> (artifact id: '01a83b4607ab362596f162edb00c8eb0') in 0.1760428 seconds
Start importing Assets/Resources/Audio/UiPaperOpen.mp3 using Guid(a8d15bd907114663aef0521138785274) (AudioImporter) -> (artifact id: '6c322b3c67138423d3e710385115aabb') in 0.1803551 seconds
Start importing Assets/Resources/Audio/PlayerLandingStep.mp3 using Guid(a9c532c96ee24a83b3361d1fe51406d7) (AudioImporter) -> (artifact id: 'f4f1988d0d09250b38e78b369142c292') in 0.1743768 seconds
Start importing Assets/Resources/Audio/PlayerFootstepSoftA.ogg using Guid(c957bf9374144767a799eba8db3bd0e0) (AudioImporter) -> (artifact id: '3a51a3384ff587c118f6ae6789e85492') in 0.1195963 seconds
Start importing Assets/Resources/Audio/RopePlatformBuildWood.ogg using Guid(4bd556dccffe49ce90bf436a0e18f8e8) (AudioImporter) -> (artifact id: 'fcb0fa84c82072c465b37624e5e8d8a6') in 0.1212741 seconds
Start importing Assets/Resources/Audio/RopeLengthLimitWood.mp3 using Guid(6ba174d06cb54e65ad844c287f39dd77) (AudioImporter) -> (artifact id: '8b805a8fd4965259ddf452b5c4a3ebbd') in 0.183465 seconds
Start importing Assets/Resources/Audio/PlayerFootstepSoftD.ogg using Guid(2c5118ccb22945fda80e25bcc93d8109) (AudioImporter) -> (artifact id: '2dff5f335eccf15892ebc4f7a2b1aeb1') in 0.1474482 seconds
Start importing Assets/Resources/Audio/RopePlatformMergeWood.ogg using Guid(0efb0e493ea84d81a8e164237a490d2e) (AudioImporter) -> (artifact id: '8500c159e5c59c82b2ded975642b45a0') in 0.128039 seconds
Start importing Assets/Resources/Audio/PlayerFootstepSoftC.ogg using Guid(9e97ebc6ce1f429db693c098003af615) (AudioImporter) -> (artifact id: '23bdaef25505ff798d150cc2f6ee0475') in 0.1310236 seconds
Start importing Assets/Resources/Audio/GoalTreasureChestOpen.mp3 using Guid(7ff7b0df9e664af4b05dbd8956f0e1d4) (AudioImporter) -> (artifact id: '6591bb0f2131e54b6594656d032d6c7e') in 0.1950285 seconds
Launched and connected shader compiler UnityShaderCompiler.exe after 0.05 seconds
Loading style catalogs (6)
	StyleSheets/Extensions/base/common.uss
	UIPackageResources/StyleSheets/Default/Variables/Public/common.uss
	StyleSheets/Northstar/common.uss
	StyleSheets/Extensions/fonts/inter.uss
	StyleSheets/Extensions/base/dark.uss
	UIPackageResources/StyleSheets/Default/Northstar/Palette/dark.uss
Launched and connected shader compiler UnityShaderCompiler.exe after 0.07 seconds
Launched and connected shader compiler UnityShaderCompiler.exe after 0.05 seconds
Launched and connected shader compiler UnityShaderCompiler.exe after 0.05 seconds
Launched and connected shader compiler UnityShaderCompiler.exe after 0.04 seconds
Launched and connected shader compiler UnityShaderCompiler.exe after 0.04 seconds
Refreshing native plugins compatible for Editor in 0.00 ms, found 0 plugins.
Preloading 0 native plugins for Editor in 0.00 ms.
Asset Pipeline Refresh (id=b9bdf1bda616ada4a92fb7af64f9ef83): Total: 21.015 seconds - Initiated by InitialRefreshV2(ForceSynchronousImport)
	Summary:
		Imports: total=139 (actual=139, local cache=0, cache server=0)
		Asset DB Process Time: managed=52 ms, native=13918 ms
		Asset DB Callback time: managed=573 ms, native=1264 ms
		Scripting: domain reloads=1, domain reload time=1953 ms, compile time=3233 ms, other=19 ms
		Project Asset Count: scripts=42, non-scripts=97
		Asset File Changes: new=0, changed=1, moved=0, deleted=0
		Scan Filter Count: 0
	InvokeCustomDependenciesCallbacks: 0.003ms
	InvokePackagesCallback: 42.563ms
	ApplyChangesToAssetFolders: 0.621ms
	Scan: 180.057ms
	OnSourceAssetsModified: 1.993ms
	CategorizeAssetsWithTransientArtifact: 0.948ms
	ProcessAssetsWithTransientArtifactChanges: 8.451ms
	CategorizeAssets: 1.638ms
	ImportOutOfDateAssets: 13602.873ms (-1845.281ms without children)
		ImportManagerImport: 12210.218ms (36.498ms without children)
			ImportInProcess: 12172.669ms
			UpdateCategorizedAssets: 1.051ms
		CompileScripts: 3233.048ms
		ReloadNativeAssets: 0.001ms
		UnloadImportedAssets: 0.815ms
		ReloadImportedAssets: 0.043ms
		EnsureUptoDateAssetsAreRegisteredWithGuidPM: 0.044ms
		InitializingProgressBar: 0.016ms
		PostProcessAllAssetNotificationsAddChangedAssets: 0.001ms
		OnDemandSchedulerStart: 3.967ms
	PostProcessAllAssets: 1796.697ms
	Hotreload: 3.124ms
	GatherAllCurrentPrimaryArtifactRevisions: 0.004ms
	UnloadStreamsBegin: 3.691ms
	PersistCurrentRevisions: 0.525ms
	UnloadStreamsEnd: 0.002ms
	GenerateScriptTypeHashes: 0.002ms
	Untracked: 5372.178ms

Application.AssetDatabase Initial Refresh End
Scanning for USB devices : 2.735ms
Initializing Unity extensions:
[MODES] ModeService[none].Initialize
[MODES] ModeService[none].LoadModes
[MODES] Loading mode Default (0) for mode-current-id-ヒモヒト
Unloading 6 Unused Serialized files (Serialized files now loaded: 0)
Unloading 139 unused Assets / (509.5 KB). Loaded Objects now: 778.
Memory consumption went from 98.4 MB to 97.9 MB.
Total: 11.864100 ms (FindLiveObjects: 0.124800 ms CreateObjectMapping: 0.025200 ms MarkObjects: 11.177700 ms  DeleteObjects: 0.534000 ms)

Unloading 0 Unused Serialized files (Serialized files now loaded: 0)
Unloading 0 unused Assets / (Unknown). Loaded Objects now: 778.
Memory consumption went from 97.8 MB to 97.8 MB.
Total: 12.640900 ms (FindLiveObjects: 0.110300 ms CreateObjectMapping: 0.017600 ms MarkObjects: 12.498200 ms  DeleteObjects: 0.012000 ms)

[Project] Loading completed in 33.292 seconds
	Project init time: 				32.541 seconds
		Template init time: 		0.000 seconds
		Package Manager init time: 		6.474 seconds
		Asset Database init time: 		1.128 seconds
		Global illumination init time: 	0.007 seconds
		Assemblies load time: 			2.628 seconds
		Unity extensions init time: 	0.001 seconds
		Asset Database refresh time: 	21.016 seconds
	Scene opening time: 			0.322 seconds
##utp:{"type":"ProjectInfo","version":2,"phase":"Immediate","time":1790831675885,"processId":17896,"projectLoad":33.2922905,"projectInit":32.5414127,"templateInit":0.0,"packageManagerInit":6.4744514,"assetDatabaseInit":1.1281769,"globalIlluminationInit":0.0073201,"assembliesLoad":2.628139,"unityExtensionsInit":0.0012629,"assetDatabaseRefresh":21.0156844,"sceneOpening":0.3221271}
##utp:{"type":"EditorInfo","version":2,"phase":"Immediate","time":1790831675886,"processId":17896,"editorVersion":"6000.3.21f1 (c02631ffc030)","branch":"6000.3/staging","buildType":"Release","platform":"Windows"}
Reloading assemblies for play mode.
Reloading assemblies after forced synchronous recompile.
Begin MonoManager ReloadAssembly
- Loaded All Assemblies, in  0.791 seconds
Refreshing native plugins compatible for Editor in 0.00 ms, found 0 plugins.
Native extension for WindowsStandalone target not found
ScheduleIndexationOnStartup MainProcess:True IndexOnStartup:True
Mono: successfully reloaded assembly
- Finished resetting the current domain, in  1.591 seconds
Domain Reload Profiling: 2372ms
	BeginReloadAssembly (528ms)
		ExecutionOrderSort (0ms)
		DisableScriptedObjects (54ms)
		BackupInstance (0ms)
		ReleaseScriptingObjects (0ms)
		CreateAndSetChildDomain (96ms)
	RebuildCommonClasses (116ms)
	RebuildNativeTypeToScriptingClass (41ms)
	initialDomainReloadingComplete (61ms)
	LoadAllAssembliesAndSetupDomain (34ms)
		LoadAssemblies (313ms)
		RebuildTransferFunctionScriptingTraits (0ms)
		AnalyzeDomain (22ms)
			TypeCache.Refresh (8ms)
				TypeCache.ScanAssembly (0ms)
			BuildScriptInfoCaches (5ms)
			ResolveRequiredComponents (4ms)
	FinalizeReload (1592ms)
		ReleaseScriptCaches (0ms)
		RebuildScriptCaches (0ms)
		SetupLoadedEditorAssemblies (1002ms)
			LogAssemblyErrors (0ms)
			InitializePlatformSupportModulesInManaged (74ms)
			SetLoadedEditorAssemblies (8ms)
			BeforeProcessingInitializeOnLoad (330ms)
			ProcessInitializeOnLoadAttributes (372ms)
			ProcessInitializeOnLoadMethodAttributes (199ms)
			AfterProcessingInitializeOnLoad (18ms)
			EditorAssembliesLoaded (0ms)
		ExecutionOrderSort2 (0ms)
		AwakeInstancesAfterBackupRestoration (78ms)
Asset Pipeline Refresh (id=c4582d988e4e6f54c99bb2579e9d1fe9): Total: 2.532 seconds - Initiated by StopAssetImportingV2(ForceSynchronousImport | ForceDomainReload)
	Summary:
		Imports: total=0 (actual=0, local cache=0, cache server=0)
		Asset DB Process Time: managed=0 ms, native=1666 ms
		Asset DB Callback time: managed=47 ms, native=1 ms
		Scripting: domain reloads=1, domain reload time=811 ms, compile time=6 ms, other=0 ms
		Project Asset Count: scripts=42, non-scripts=97
		Asset File Changes: new=0, changed=0, moved=0, deleted=0
		Scan Filter Count: 0
	InvokeCustomDependenciesCallbacks: 0.003ms
	InvokePackagesCallback: 6.389ms
	ApplyChangesToAssetFolders: 0.165ms
	Scan: 0.001ms
	OnSourceAssetsModified: 0.004ms
	CategorizeAssetsWithTransientArtifact: 0.006ms
	ProcessAssetsWithTransientArtifactChanges: 0.144ms
	CategorizeAssets: 2.290ms
	ImportOutOfDateAssets: 1596.858ms (1588.662ms without children)
		CompileScripts: 5.807ms
		CollectScriptTypesHashes: 0.002ms
		ReloadNativeAssets: 0.001ms
		UnloadImportedAssets: 0.122ms
		EnsureUptoDateAssetsAreRegisteredWithGuidPM: 0.061ms
		InitializingProgressBar: 0.002ms
		PostProcessAllAssetNotificationsAddChangedAssets: 0.001ms
		OnDemandSchedulerStart: 2.201ms
	PostProcessAllAssets: 47.624ms
	GatherAllCurrentPrimaryArtifactRevisions: 0.027ms
	UnloadStreamsBegin: 0.104ms
	PersistCurrentRevisions: 0.017ms
	UnloadStreamsEnd: 0.004ms
	GenerateScriptTypeHashes: 0.001ms
	Untracked: 878.862ms

Loaded scene 'Temp/__Backupscenes/0.backup'
	Deserialize:            1.276 ms
	Integration:            63.952 ms
	Integration of assets:  0.004 ms
	Thread Wait Time:       62.233 ms
	Total Operation Time:   127.465 ms
Unloading 3 Unused Serialized files (Serialized files now loaded: 0)
[MODES] ModeService[none].Initialize
[MODES] ModeService[none].LoadModes
Play開始地点：Tutorial
UnityEngine.Debug:ExtractStackTraceNoAlloc (byte*,int,string)
UnityEngine.StackTraceUtility:ExtractStackTrace ()
UnityEngine.DebugLogHandler:Internal_Log (UnityEngine.LogType,UnityEngine.LogOption,string,UnityEngine.Object)
UnityEngine.DebugLogHandler:LogFormat (UnityEngine.LogType,UnityEngine.Object,string,object[])
UnityEngine.Logger:Log (UnityEngine.LogType,object)
UnityEngine.Debug:Log (object)
HimoHitoEditor.PlayStartSceneSelector:ConfigurePlayStartScene (string,string) (at Assets/Editor/PlayStartSceneSelector.cs:50)
HimoHitoEditor.PlayStartSceneSelector:ConfigurePlayStartScene () (at Assets/Editor/PlayStartSceneSelector.cs:23)
UnityEditor.EditorApplication:Internal_CallDelayFunctions ()

(Filename: Assets/Editor/PlayStartSceneSelector.cs Line: 50)

Start Indexing on Editor startup
ArgumentOutOfRangeException: Index was out of range. Must be non-negative and less than the size of the collection.
Parameter name: index
  at System.Collections.Generic.List`1[T].get_Item (System.Int32 index) [0x00009] in <41d29b352f6a475ab1bf7c6628b82790>:0 
  at UnityEditor.Search.SearchDatabase+<EnumerateAll>d__81.MoveNext () [0x00106] in <63453c9528324daaa566ad51effa49a4>:0 
  at System.Linq.Enumerable.TryGetFirst[TSource] (System.Collections.Generic.IEnumerable`1[T] source, System.Boolean& found) [0x00045] in <80564d689e48448fa2a7101993ee7201>:0 
  at System.Linq.Enumerable.First[TSource] (System.Collections.Generic.IEnumerable`1[T] source) [0x00000] in <80564d689e48448fa2a7101993ee7201>:0 
  at UnityEditor.Search.SearchDatabase.GetDefaultSearchDatabase () [0x00006] in <63453c9528324daaa566ad51effa49a4>:0 
  at UnityEditor.Search.SearchInit.IndexationOnStartup () [0x0000c] in <63453c9528324daaa566ad51effa49a4>:0 
  at UnityEditor.EditorApplication.Internal_CallDelayFunctions () [0x0002c] in <ebc962e8381145e6bdb44b1996e8e9b4>:0 

UnloadTime: 0.312000 ms
BGM missing: download GANO's 優しい踊り from the official page and place it at Assets/Resources/Audio/YasashiiOdori.mp3 (see README).
UnityEngine.Debug:ExtractStackTraceNoAlloc (byte*,int,string)
UnityEngine.StackTraceUtility:ExtractStackTrace ()
UnityEngine.DebugLogHandler:Internal_Log (UnityEngine.LogType,UnityEngine.LogOption,string,UnityEngine.Object)
UnityEngine.DebugLogHandler:LogFormat (UnityEngine.LogType,UnityEngine.Object,string,object[])
UnityEngine.Logger:Log (UnityEngine.LogType,object,UnityEngine.Object)
UnityEngine.Debug:LogWarning (object,UnityEngine.Object)
HimoHito.HimoHitoBackgroundMusic:InitializeAudio () (at Assets/Scripts/HimoHitoBackgroundMusic.cs:82)
HimoHito.HimoHitoBackgroundMusic:Awake () (at Assets/Scripts/HimoHitoBackgroundMusic.cs:65)
UnityEngine.GameObject:Internal_AddComponentWithType (System.Type)
UnityEngine.GameObject:AddComponent (System.Type)
UnityEngine.GameObject:AddComponent<HimoHito.HimoHitoBackgroundMusic> ()
HimoHito.HimoHitoBackgroundMusic:SceneLoaded (UnityEngine.SceneManagement.Scene,UnityEngine.SceneManagement.LoadSceneMode) (at Assets/Scripts/HimoHitoBackgroundMusic.cs:51)
UnityEngine.SceneManagement.SceneManager:Internal_SceneLoaded (UnityEngine.SceneManagement.Scene,UnityEngine.SceneManagement.LoadSceneMode)

(Filename: Assets/Scripts/HimoHitoBackgroundMusic.cs Line: 82)

Loaded scene 'Assets/Scenes/MainStage.unity'
	Deserialize:            80.637 ms
	Integration:            12356.898 ms
	Integration of assets:  0.008 ms
	Thread Wait Time:       576.922 ms
	Total Operation Time:   13014.466 ms
Unloading 24 unused Assets / (13.6 KB). Loaded Objects now: 2709.
Memory consumption went from 398.3 MB to 398.3 MB.
Total: 14.861600 ms (FindLiveObjects: 0.250300 ms CreateObjectMapping: 0.027300 ms MarkObjects: 12.493100 ms  DeleteObjects: 2.088600 ms)

Created GICache directory at C:/Users/田尻大翔/AppData/LocalLow/Unity/Caches/GiCache. Took: 0.083s, timestamps: [36.124 - 36.207]
[Licensing::Client] Successfully resolved entitlement details
FULL_QA CONTROLLED_SETUP position=(-3.85, -10.00)
UnityEngine.Debug:ExtractStackTraceNoAlloc (byte*,int,string)
UnityEngine.StackTraceUtility:ExtractStackTrace ()
UnityEngine.DebugLogHandler:Internal_Log (UnityEngine.LogType,UnityEngine.LogOption,string,UnityEngine.Object)
UnityEngine.DebugLogHandler:LogFormat (UnityEngine.LogType,UnityEngine.Object,string,object[])
UnityEngine.Logger:Log (UnityEngine.LogType,object)
UnityEngine.Debug:Log (object)
FullSystems:Log (string) (at Assets/QA/FullSystems.cs:30)
FullSystems:Position (UnityEngine.Vector2) (at Assets/QA/FullSystems.cs:87)
FullSystems/<Routine>d__35:MoveNext () (at Assets/QA/FullSystems.cs:129)
UnityEngine.SetupCoroutine:InvokeMoveNext (System.Collections.IEnumerator,intptr)

(Filename: Assets/QA/FullSystems.cs Line: 30)

FULL_QA PASS fall failure locks 1
UnityEngine.Debug:ExtractStackTraceNoAlloc (byte*,int,string)
UnityEngine.StackTraceUtility:ExtractStackTrace ()
UnityEngine.DebugLogHandler:Internal_Log (UnityEngine.LogType,UnityEngine.LogOption,string,UnityEngine.Object)
UnityEngine.DebugLogHandler:LogFormat (UnityEngine.LogType,UnityEngine.Object,string,object[])
UnityEngine.Logger:Log (UnityEngine.LogType,object)
UnityEngine.Debug:Log (object)
FullSystems:Log (string) (at Assets/QA/FullSystems.cs:30)
FullSystems:Check (bool,string) (at Assets/QA/FullSystems.cs:31)
FullSystems/<Routine>d__35:MoveNext () (at Assets/QA/FullSystems.cs:130)
UnityEngine.SetupCoroutine:InvokeMoveNext (System.Collections.IEnumerator,intptr)

(Filename: Assets/QA/FullSystems.cs Line: 30)

FULL_QA PASS failure waits for user 1
UnityEngine.Debug:ExtractStackTraceNoAlloc (byte*,int,string)
UnityEngine.StackTraceUtility:ExtractStackTrace ()
UnityEngine.DebugLogHandler:Internal_Log (UnityEngine.LogType,UnityEngine.LogOption,string,UnityEngine.Object)
UnityEngine.DebugLogHandler:LogFormat (UnityEngine.LogType,UnityEngine.Object,string,object[])
UnityEngine.Logger:Log (UnityEngine.LogType,object)
UnityEngine.Debug:Log (object)
FullSystems:Log (string) (at Assets/QA/FullSystems.cs:30)
FullSystems:Check (bool,string) (at Assets/QA/FullSystems.cs:31)
FullSystems/<Routine>d__35:MoveNext () (at Assets/QA/FullSystems.cs:131)
UnityEngine.SetupCoroutine:InvokeMoveNext (System.Collections.IEnumerator,intptr)

(Filename: Assets/QA/FullSystems.cs Line: 30)

FULL_QA PASS retry playable FALL_R_1
UnityEngine.Debug:ExtractStackTraceNoAlloc (byte*,int,string)
UnityEngine.StackTraceUtility:ExtractStackTrace ()
UnityEngine.DebugLogHandler:Internal_Log (UnityEngine.LogType,UnityEngine.LogOption,string,UnityEngine.Object)
UnityEngine.DebugLogHandler:LogFormat (UnityEngine.LogType,UnityEngine.Object,string,object[])
UnityEngine.Logger:Log (UnityEngine.LogType,object)
UnityEngine.Debug:Log (object)
FullSystems:Log (string) (at Assets/QA/FullSystems.cs:30)
FullSystems:Check (bool,string) (at Assets/QA/FullSystems.cs:31)
FullSystems/<Retry>d__32:MoveNext () (at Assets/QA/FullSystems.cs:105)
UnityEngine.SetupCoroutine:InvokeMoveNext (System.Collections.IEnumerator,intptr)

(Filename: Assets/QA/FullSystems.cs Line: 30)

FULL_QA PASS fall no resource drift 1
UnityEngine.Debug:ExtractStackTraceNoAlloc (byte*,int,string)
UnityEngine.StackTraceUtility:ExtractStackTrace ()
UnityEngine.DebugLogHandler:Internal_Log (UnityEngine.LogType,UnityEngine.LogOption,string,UnityEngine.Object)
UnityEngine.DebugLogHandler:LogFormat (UnityEngine.LogType,UnityEngine.Object,string,object[])
UnityEngine.Logger:Log (UnityEngine.LogType,object)
UnityEngine.Debug:Log (object)
FullSystems:Log (string) (at Assets/QA/FullSystems.cs:30)
FullSystems:Check (bool,string) (at Assets/QA/FullSystems.cs:31)
FullSystems/<Routine>d__35:MoveNext () (at Assets/QA/FullSystems.cs:132)
UnityEngine.SetupCoroutine:InvokeMoveNext (System.Collections.IEnumerator,intptr)

(Filename: Assets/QA/FullSystems.cs Line: 30)

FULL_QA PASS fall no Hook/collider growth 1
UnityEngine.Debug:ExtractStackTraceNoAlloc (byte*,int,string)
UnityEngine.StackTraceUtility:ExtractStackTrace ()
UnityEngine.DebugLogHandler:Internal_Log (UnityEngine.LogType,UnityEngine.LogOption,string,UnityEngine.Object)
UnityEngine.DebugLogHandler:LogFormat (UnityEngine.LogType,UnityEngine.Object,string,object[])
UnityEngine.Logger:Log (UnityEngine.LogType,object)
UnityEngine.Debug:Log (object)
FullSystems:Log (string) (at Assets/QA/FullSystems.cs:30)
FullSystems:Check (bool,string) (at Assets/QA/FullSystems.cs:31)
FullSystems/<Routine>d__35:MoveNext () (at Assets/QA/FullSystems.cs:133)
UnityEngine.SetupCoroutine:InvokeMoveNext (System.Collections.IEnumerator,intptr)

(Filename: Assets/QA/FullSystems.cs Line: 30)

FULL_QA CONTROLLED_SETUP position=(-3.85, -10.00)
UnityEngine.Debug:ExtractStackTraceNoAlloc (byte*,int,string)
UnityEngine.StackTraceUtility:ExtractStackTrace ()
UnityEngine.DebugLogHandler:Internal_Log (UnityEngine.LogType,UnityEngine.LogOption,string,UnityEngine.Object)
UnityEngine.DebugLogHandler:LogFormat (UnityEngine.LogType,UnityEngine.Object,string,object[])
UnityEngine.Logger:Log (UnityEngine.LogType,object)
UnityEngine.Debug:Log (object)
FullSystems:Log (string) (at Assets/QA/FullSystems.cs:30)
FullSystems:Position (UnityEngine.Vector2) (at Assets/QA/FullSystems.cs:87)
FullSystems/<Routine>d__35:MoveNext () (at Assets/QA/FullSystems.cs:129)
UnityEngine.SetupCoroutine:InvokeMoveNext (System.Collections.IEnumerator,intptr)

(Filename: Assets/QA/FullSystems.cs Line: 30)

FULL_QA PASS fall failure locks 2
UnityEngine.Debug:ExtractStackTraceNoAlloc (byte*,int,string)
UnityEngine.StackTraceUtility:ExtractStackTrace ()
UnityEngine.DebugLogHandler:Internal_Log (UnityEngine.LogType,UnityEngine.LogOption,string,UnityEngine.Object)
UnityEngine.DebugLogHandler:LogFormat (UnityEngine.LogType,UnityEngine.Object,string,object[])
UnityEngine.Logger:Log (UnityEngine.LogType,object)
UnityEngine.Debug:Log (object)
FullSystems:Log (string) (at Assets/QA/FullSystems.cs:30)
FullSystems:Check (bool,string) (at Assets/QA/FullSystems.cs:31)
FullSystems/<Routine>d__35:MoveNext () (at Assets/QA/FullSystems.cs:130)
UnityEngine.SetupCoroutine:InvokeMoveNext (System.Collections.IEnumerator,intptr)

(Filename: Assets/QA/FullSystems.cs Line: 30)

FULL_QA PASS failure waits for user 2
UnityEngine.Debug:ExtractStackTraceNoAlloc (byte*,int,string)
UnityEngine.StackTraceUtility:ExtractStackTrace ()
UnityEngine.DebugLogHandler:Internal_Log (UnityEngine.LogType,UnityEngine.LogOption,string,UnityEngine.Object)
UnityEngine.DebugLogHandler:LogFormat (UnityEngine.LogType,UnityEngine.Object,string,object[])
UnityEngine.Logger:Log (UnityEngine.LogType,object)
UnityEngine.Debug:Log (object)
FullSystems:Log (string) (at Assets/QA/FullSystems.cs:30)
FullSystems:Check (bool,string) (at Assets/QA/FullSystems.cs:31)
FullSystems/<Routine>d__35:MoveNext () (at Assets/QA/FullSystems.cs:131)
UnityEngine.SetupCoroutine:InvokeMoveNext (System.Collections.IEnumerator,intptr)

(Filename: Assets/QA/FullSystems.cs Line: 30)

FULL_QA PASS retry playable FALL_R_2
UnityEngine.Debug:ExtractStackTraceNoAlloc (byte*,int,string)
UnityEngine.StackTraceUtility:ExtractStackTrace ()
UnityEngine.DebugLogHandler:Internal_Log (UnityEngine.LogType,UnityEngine.LogOption,string,UnityEngine.Object)
UnityEngine.DebugLogHandler:LogFormat (UnityEngine.LogType,UnityEngine.Object,string,object[])
UnityEngine.Logger:Log (UnityEngine.LogType,object)
UnityEngine.Debug:Log (object)
FullSystems:Log (string) (at Assets/QA/FullSystems.cs:30)
FullSystems:Check (bool,string) (at Assets/QA/FullSystems.cs:31)
FullSystems/<Retry>d__32:MoveNext () (at Assets/QA/FullSystems.cs:105)
UnityEngine.SetupCoroutine:InvokeMoveNext (System.Collections.IEnumerator,intptr)

(Filename: Assets/QA/FullSystems.cs Line: 30)

FULL_QA PASS fall no resource drift 2
UnityEngine.Debug:ExtractStackTraceNoAlloc (byte*,int,string)
UnityEngine.StackTraceUtility:ExtractStackTrace ()
UnityEngine.DebugLogHandler:Internal_Log (UnityEngine.LogType,UnityEngine.LogOption,string,UnityEngine.Object)
UnityEngine.DebugLogHandler:LogFormat (UnityEngine.LogType,UnityEngine.Object,string,object[])
UnityEngine.Logger:Log (UnityEngine.LogType,object)
UnityEngine.Debug:Log (object)
FullSystems:Log (string) (at Assets/QA/FullSystems.cs:30)
FullSystems:Check (bool,string) (at Assets/QA/FullSystems.cs:31)
FullSystems/<Routine>d__35:MoveNext () (at Assets/QA/FullSystems.cs:132)
UnityEngine.SetupCoroutine:InvokeMoveNext (System.Collections.IEnumerator,intptr)

(Filename: Assets/QA/FullSystems.cs Line: 30)

FULL_QA PASS fall no Hook/collider growth 2
UnityEngine.Debug:ExtractStackTraceNoAlloc (byte*,int,string)
UnityEngine.StackTraceUtility:ExtractStackTrace ()
UnityEngine.DebugLogHandler:Internal_Log (UnityEngine.LogType,UnityEngine.LogOption,string,UnityEngine.Object)
UnityEngine.DebugLogHandler:LogFormat (UnityEngine.LogType,UnityEngine.Object,string,object[])
UnityEngine.Logger:Log (UnityEngine.LogType,object)
UnityEngine.Debug:Log (object)
FullSystems:Log (string) (at Assets/QA/FullSystems.cs:30)
FullSystems:Check (bool,string) (at Assets/QA/FullSystems.cs:31)
FullSystems/<Routine>d__35:MoveNext () (at Assets/QA/FullSystems.cs:133)
UnityEngine.SetupCoroutine:InvokeMoveNext (System.Collections.IEnumerator,intptr)

(Filename: Assets/QA/FullSystems.cs Line: 30)

FULL_QA CONTROLLED_SETUP position=(-3.85, -10.00)
UnityEngine.Debug:ExtractStackTraceNoAlloc (byte*,int,string)
UnityEngine.StackTraceUtility:ExtractStackTrace ()
UnityEngine.DebugLogHandler:Internal_Log (UnityEngine.LogType,UnityEngine.LogOption,string,UnityEngine.Object)
UnityEngine.DebugLogHandler:LogFormat (UnityEngine.LogType,UnityEngine.Object,string,object[])
UnityEngine.Logger:Log (UnityEngine.LogType,object)
UnityEngine.Debug:Log (object)
FullSystems:Log (string) (at Assets/QA/FullSystems.cs:30)
FullSystems:Position (UnityEngine.Vector2) (at Assets/QA/FullSystems.cs:87)
FullSystems/<Routine>d__35:MoveNext () (at Assets/QA/FullSystems.cs:129)
UnityEngine.SetupCoroutine:InvokeMoveNext (System.Collections.IEnumerator,intptr)

(Filename: Assets/QA/FullSystems.cs Line: 30)

FULL_QA PASS fall failure locks 3
UnityEngine.Debug:ExtractStackTraceNoAlloc (byte*,int,string)
UnityEngine.StackTraceUtility:ExtractStackTrace ()
UnityEngine.DebugLogHandler:Internal_Log (UnityEngine.LogType,UnityEngine.LogOption,string,UnityEngine.Object)
UnityEngine.DebugLogHandler:LogFormat (UnityEngine.LogType,UnityEngine.Object,string,object[])
UnityEngine.Logger:Log (UnityEngine.LogType,object)
UnityEngine.Debug:Log (object)
FullSystems:Log (string) (at Assets/QA/FullSystems.cs:30)
FullSystems:Check (bool,string) (at Assets/QA/FullSystems.cs:31)
FullSystems/<Routine>d__35:MoveNext () (at Assets/QA/FullSystems.cs:130)
UnityEngine.SetupCoroutine:InvokeMoveNext (System.Collections.IEnumerator,intptr)

(Filename: Assets/QA/FullSystems.cs Line: 30)

FULL_QA PASS failure waits for user 3
UnityEngine.Debug:ExtractStackTraceNoAlloc (byte*,int,string)
UnityEngine.StackTraceUtility:ExtractStackTrace ()
UnityEngine.DebugLogHandler:Internal_Log (UnityEngine.LogType,UnityEngine.LogOption,string,UnityEngine.Object)
UnityEngine.DebugLogHandler:LogFormat (UnityEngine.LogType,UnityEngine.Object,string,object[])
UnityEngine.Logger:Log (UnityEngine.LogType,object)
UnityEngine.Debug:Log (object)
FullSystems:Log (string) (at Assets/QA/FullSystems.cs:30)
FullSystems:Check (bool,string) (at Assets/QA/FullSystems.cs:31)
FullSystems/<Routine>d__35:MoveNext () (at Assets/QA/FullSystems.cs:131)
UnityEngine.SetupCoroutine:InvokeMoveNext (System.Collections.IEnumerator,intptr)

(Filename: Assets/QA/FullSystems.cs Line: 30)

FULL_QA PASS retry playable FALL_R_3
UnityEngine.Debug:ExtractStackTraceNoAlloc (byte*,int,string)
UnityEngine.StackTraceUtility:ExtractStackTrace ()
UnityEngine.DebugLogHandler:Internal_Log (UnityEngine.LogType,UnityEngine.LogOption,string,UnityEngine.Object)
UnityEngine.DebugLogHandler:LogFormat (UnityEngine.LogType,UnityEngine.Object,string,object[])
UnityEngine.Logger:Log (UnityEngine.LogType,object)
UnityEngine.Debug:Log (object)
FullSystems:Log (string) (at Assets/QA/FullSystems.cs:30)
FullSystems:Check (bool,string) (at Assets/QA/FullSystems.cs:31)
FullSystems/<Retry>d__32:MoveNext () (at Assets/QA/FullSystems.cs:105)
UnityEngine.SetupCoroutine:InvokeMoveNext (System.Collections.IEnumerator,intptr)

(Filename: Assets/QA/FullSystems.cs Line: 30)

FULL_QA PASS fall no resource drift 3
UnityEngine.Debug:ExtractStackTraceNoAlloc (byte*,int,string)
UnityEngine.StackTraceUtility:ExtractStackTrace ()
UnityEngine.DebugLogHandler:Internal_Log (UnityEngine.LogType,UnityEngine.LogOption,string,UnityEngine.Object)
UnityEngine.DebugLogHandler:LogFormat (UnityEngine.LogType,UnityEngine.Object,string,object[])
UnityEngine.Logger:Log (UnityEngine.LogType,object)
UnityEngine.Debug:Log (object)
FullSystems:Log (string) (at Assets/QA/FullSystems.cs:30)
FullSystems:Check (bool,string) (at Assets/QA/FullSystems.cs:31)
FullSystems/<Routine>d__35:MoveNext () (at Assets/QA/FullSystems.cs:132)
UnityEngine.SetupCoroutine:InvokeMoveNext (System.Collections.IEnumerator,intptr)

(Filename: Assets/QA/FullSystems.cs Line: 30)

FULL_QA PASS fall no Hook/collider growth 3
UnityEngine.Debug:ExtractStackTraceNoAlloc (byte*,int,string)
UnityEngine.StackTraceUtility:ExtractStackTrace ()
UnityEngine.DebugLogHandler:Internal_Log (UnityEngine.LogType,UnityEngine.LogOption,string,UnityEngine.Object)
UnityEngine.DebugLogHandler:LogFormat (UnityEngine.LogType,UnityEngine.Object,string,object[])
UnityEngine.Logger:Log (UnityEngine.LogType,object)
UnityEngine.Debug:Log (object)
FullSystems:Log (string) (at Assets/QA/FullSystems.cs:30)
FullSystems:Check (bool,string) (at Assets/QA/FullSystems.cs:31)
FullSystems/<Routine>d__35:MoveNext () (at Assets/QA/FullSystems.cs:133)
UnityEngine.SetupCoroutine:InvokeMoveNext (System.Collections.IEnumerator,intptr)

(Filename: Assets/QA/FullSystems.cs Line: 30)

FULL_QA CONTROLLED_SETUP position=(-3.85, -10.00)
UnityEngine.Debug:ExtractStackTraceNoAlloc (byte*,int,string)
UnityEngine.StackTraceUtility:ExtractStackTrace ()
UnityEngine.DebugLogHandler:Internal_Log (UnityEngine.LogType,UnityEngine.LogOption,string,UnityEngine.Object)
UnityEngine.DebugLogHandler:LogFormat (UnityEngine.LogType,UnityEngine.Object,string,object[])
UnityEngine.Logger:Log (UnityEngine.LogType,object)
UnityEngine.Debug:Log (object)
FullSystems:Log (string) (at Assets/QA/FullSystems.cs:30)
FullSystems:Position (UnityEngine.Vector2) (at Assets/QA/FullSystems.cs:87)
FullSystems/<Routine>d__35:MoveNext () (at Assets/QA/FullSystems.cs:129)
UnityEngine.SetupCoroutine:InvokeMoveNext (System.Collections.IEnumerator,intptr)

(Filename: Assets/QA/FullSystems.cs Line: 30)

FULL_QA PASS fall failure locks 4
UnityEngine.Debug:ExtractStackTraceNoAlloc (byte*,int,string)
UnityEngine.StackTraceUtility:ExtractStackTrace ()
UnityEngine.DebugLogHandler:Internal_Log (UnityEngine.LogType,UnityEngine.LogOption,string,UnityEngine.Object)
UnityEngine.DebugLogHandler:LogFormat (UnityEngine.LogType,UnityEngine.Object,string,object[])
UnityEngine.Logger:Log (UnityEngine.LogType,object)
UnityEngine.Debug:Log (object)
FullSystems:Log (string) (at Assets/QA/FullSystems.cs:30)
FullSystems:Check (bool,string) (at Assets/QA/FullSystems.cs:31)
FullSystems/<Routine>d__35:MoveNext () (at Assets/QA/FullSystems.cs:130)
UnityEngine.SetupCoroutine:InvokeMoveNext (System.Collections.IEnumerator,intptr)

(Filename: Assets/QA/FullSystems.cs Line: 30)

FULL_QA PASS failure waits for user 4
UnityEngine.Debug:ExtractStackTraceNoAlloc (byte*,int,string)
UnityEngine.StackTraceUtility:ExtractStackTrace ()
UnityEngine.DebugLogHandler:Internal_Log (UnityEngine.LogType,UnityEngine.LogOption,string,UnityEngine.Object)
UnityEngine.DebugLogHandler:LogFormat (UnityEngine.LogType,UnityEngine.Object,string,object[])
UnityEngine.Logger:Log (UnityEngine.LogType,object)
UnityEngine.Debug:Log (object)
FullSystems:Log (string) (at Assets/QA/FullSystems.cs:30)
FullSystems:Check (bool,string) (at Assets/QA/FullSystems.cs:31)
FullSystems/<Routine>d__35:MoveNext () (at Assets/QA/FullSystems.cs:131)
UnityEngine.SetupCoroutine:InvokeMoveNext (System.Collections.IEnumerator,intptr)

(Filename: Assets/QA/FullSystems.cs Line: 30)

FULL_QA PASS retry playable FALL_R_4
UnityEngine.Debug:ExtractStackTraceNoAlloc (byte*,int,string)
UnityEngine.StackTraceUtility:ExtractStackTrace ()
UnityEngine.DebugLogHandler:Internal_Log (UnityEngine.LogType,UnityEngine.LogOption,string,UnityEngine.Object)
UnityEngine.DebugLogHandler:LogFormat (UnityEngine.LogType,UnityEngine.Object,string,object[])
UnityEngine.Logger:Log (UnityEngine.LogType,object)
UnityEngine.Debug:Log (object)
FullSystems:Log (string) (at Assets/QA/FullSystems.cs:30)
FullSystems:Check (bool,string) (at Assets/QA/FullSystems.cs:31)
FullSystems/<Retry>d__32:MoveNext () (at Assets/QA/FullSystems.cs:105)
UnityEngine.SetupCoroutine:InvokeMoveNext (System.Collections.IEnumerator,intptr)

(Filename: Assets/QA/FullSystems.cs Line: 30)

FULL_QA PASS fall no resource drift 4
UnityEngine.Debug:ExtractStackTraceNoAlloc (byte*,int,string)
UnityEngine.StackTraceUtility:ExtractStackTrace ()
UnityEngine.DebugLogHandler:Internal_Log (UnityEngine.LogType,UnityEngine.LogOption,string,UnityEngine.Object)
UnityEngine.DebugLogHandler:LogFormat (UnityEngine.LogType,UnityEngine.Object,string,object[])
UnityEngine.Logger:Log (UnityEngine.LogType,object)
UnityEngine.Debug:Log (object)
FullSystems:Log (string) (at Assets/QA/FullSystems.cs:30)
FullSystems:Check (bool,string) (at Assets/QA/FullSystems.cs:31)
FullSystems/<Routine>d__35:MoveNext () (at Assets/QA/FullSystems.cs:132)
UnityEngine.SetupCoroutine:InvokeMoveNext (System.Collections.IEnumerator,intptr)

(Filename: Assets/QA/FullSystems.cs Line: 30)

FULL_QA PASS fall no Hook/collider growth 4
UnityEngine.Debug:ExtractStackTraceNoAlloc (byte*,int,string)
UnityEngine.StackTraceUtility:ExtractStackTrace ()
UnityEngine.DebugLogHandler:Internal_Log (UnityEngine.LogType,UnityEngine.LogOption,string,UnityEngine.Object)
UnityEngine.DebugLogHandler:LogFormat (UnityEngine.LogType,UnityEngine.Object,string,object[])
UnityEngine.Logger:Log (UnityEngine.LogType,object)
UnityEngine.Debug:Log (object)
FullSystems:Log (string) (at Assets/QA/FullSystems.cs:30)
FullSystems:Check (bool,string) (at Assets/QA/FullSystems.cs:31)
FullSystems/<Routine>d__35:MoveNext () (at Assets/QA/FullSystems.cs:133)
UnityEngine.SetupCoroutine:InvokeMoveNext (System.Collections.IEnumerator,intptr)

(Filename: Assets/QA/FullSystems.cs Line: 30)

FULL_QA CONTROLLED_SETUP position=(-3.85, -10.00)
UnityEngine.Debug:ExtractStackTraceNoAlloc (byte*,int,string)
UnityEngine.StackTraceUtility:ExtractStackTrace ()
UnityEngine.DebugLogHandler:Internal_Log (UnityEngine.LogType,UnityEngine.LogOption,string,UnityEngine.Object)
UnityEngine.DebugLogHandler:LogFormat (UnityEngine.LogType,UnityEngine.Object,string,object[])
UnityEngine.Logger:Log (UnityEngine.LogType,object)
UnityEngine.Debug:Log (object)
FullSystems:Log (string) (at Assets/QA/FullSystems.cs:30)
FullSystems:Position (UnityEngine.Vector2) (at Assets/QA/FullSystems.cs:87)
FullSystems/<Routine>d__35:MoveNext () (at Assets/QA/FullSystems.cs:129)
UnityEngine.SetupCoroutine:InvokeMoveNext (System.Collections.IEnumerator,intptr)

(Filename: Assets/QA/FullSystems.cs Line: 30)

FULL_QA PASS fall failure locks 5
UnityEngine.Debug:ExtractStackTraceNoAlloc (byte*,int,string)
UnityEngine.StackTraceUtility:ExtractStackTrace ()
UnityEngine.DebugLogHandler:Internal_Log (UnityEngine.LogType,UnityEngine.LogOption,string,UnityEngine.Object)
UnityEngine.DebugLogHandler:LogFormat (UnityEngine.LogType,UnityEngine.Object,string,object[])
UnityEngine.Logger:Log (UnityEngine.LogType,object)
UnityEngine.Debug:Log (object)
FullSystems:Log (string) (at Assets/QA/FullSystems.cs:30)
FullSystems:Check (bool,string) (at Assets/QA/FullSystems.cs:31)
FullSystems/<Routine>d__35:MoveNext () (at Assets/QA/FullSystems.cs:130)
UnityEngine.SetupCoroutine:InvokeMoveNext (System.Collections.IEnumerator,intptr)

(Filename: Assets/QA/FullSystems.cs Line: 30)

FULL_QA PASS failure waits for user 5
UnityEngine.Debug:ExtractStackTraceNoAlloc (byte*,int,string)
UnityEngine.StackTraceUtility:ExtractStackTrace ()
UnityEngine.DebugLogHandler:Internal_Log (UnityEngine.LogType,UnityEngine.LogOption,string,UnityEngine.Object)
UnityEngine.DebugLogHandler:LogFormat (UnityEngine.LogType,UnityEngine.Object,string,object[])
UnityEngine.Logger:Log (UnityEngine.LogType,object)
UnityEngine.Debug:Log (object)
FullSystems:Log (string) (at Assets/QA/FullSystems.cs:30)
FullSystems:Check (bool,string) (at Assets/QA/FullSystems.cs:31)
FullSystems/<Routine>d__35:MoveNext () (at Assets/QA/FullSystems.cs:131)
UnityEngine.SetupCoroutine:InvokeMoveNext (System.Collections.IEnumerator,intptr)

(Filename: Assets/QA/FullSystems.cs Line: 30)

FULL_QA PASS retry playable FALL_R_5
UnityEngine.Debug:ExtractStackTraceNoAlloc (byte*,int,string)
UnityEngine.StackTraceUtility:ExtractStackTrace ()
UnityEngine.DebugLogHandler:Internal_Log (UnityEngine.LogType,UnityEngine.LogOption,string,UnityEngine.Object)
UnityEngine.DebugLogHandler:LogFormat (UnityEngine.LogType,UnityEngine.Object,string,object[])
UnityEngine.Logger:Log (UnityEngine.LogType,object)
UnityEngine.Debug:Log (object)
FullSystems:Log (string) (at Assets/QA/FullSystems.cs:30)
FullSystems:Check (bool,string) (at Assets/QA/FullSystems.cs:31)
FullSystems/<Retry>d__32:MoveNext () (at Assets/QA/FullSystems.cs:105)
UnityEngine.SetupCoroutine:InvokeMoveNext (System.Collections.IEnumerator,intptr)

(Filename: Assets/QA/FullSystems.cs Line: 30)

FULL_QA PASS fall no resource drift 5
UnityEngine.Debug:ExtractStackTraceNoAlloc (byte*,int,string)
UnityEngine.StackTraceUtility:ExtractStackTrace ()
UnityEngine.DebugLogHandler:Internal_Log (UnityEngine.LogType,UnityEngine.LogOption,string,UnityEngine.Object)
UnityEngine.DebugLogHandler:LogFormat (UnityEngine.LogType,UnityEngine.Object,string,object[])
UnityEngine.Logger:Log (UnityEngine.LogType,object)
UnityEngine.Debug:Log (object)
FullSystems:Log (string) (at Assets/QA/FullSystems.cs:30)
FullSystems:Check (bool,string) (at Assets/QA/FullSystems.cs:31)
FullSystems/<Routine>d__35:MoveNext () (at Assets/QA/FullSystems.cs:132)
UnityEngine.SetupCoroutine:InvokeMoveNext (System.Collections.IEnumerator,intptr)

(Filename: Assets/QA/FullSystems.cs Line: 30)

FULL_QA PASS fall no Hook/collider growth 5
UnityEngine.Debug:ExtractStackTraceNoAlloc (byte*,int,string)
UnityEngine.StackTraceUtility:ExtractStackTrace ()
UnityEngine.DebugLogHandler:Internal_Log (UnityEngine.LogType,UnityEngine.LogOption,string,UnityEngine.Object)
UnityEngine.DebugLogHandler:LogFormat (UnityEngine.LogType,UnityEngine.Object,string,object[])
UnityEngine.Logger:Log (UnityEngine.LogType,object)
UnityEngine.Debug:Log (object)
FullSystems:Log (string) (at Assets/QA/FullSystems.cs:30)
FullSystems:Check (bool,string) (at Assets/QA/FullSystems.cs:31)
FullSystems/<Routine>d__35:MoveNext () (at Assets/QA/FullSystems.cs:133)
UnityEngine.SetupCoroutine:InvokeMoveNext (System.Collections.IEnumerator,intptr)

(Filename: Assets/QA/FullSystems.cs Line: 30)

FULL_QA PASS exhaustion entered 1
UnityEngine.Debug:ExtractStackTraceNoAlloc (byte*,int,string)
UnityEngine.StackTraceUtility:ExtractStackTrace ()
UnityEngine.DebugLogHandler:Internal_Log (UnityEngine.LogType,UnityEngine.LogOption,string,UnityEngine.Object)
UnityEngine.DebugLogHandler:LogFormat (UnityEngine.LogType,UnityEngine.Object,string,object[])
UnityEngine.Logger:Log (UnityEngine.LogType,object)
UnityEngine.Debug:Log (object)
FullSystems:Log (string) (at Assets/QA/FullSystems.cs:30)
FullSystems:Check (bool,string) (at Assets/QA/FullSystems.cs:31)
FullSystems/<Routine>d__35:MoveNext () (at Assets/QA/FullSystems.cs:137)
UnityEngine.SetupCoroutine:InvokeMoveNext (System.Collections.IEnumerator,intptr)

(Filename: Assets/QA/FullSystems.cs Line: 30)

FULL_QA PASS retry playable EXHAUSTED_R_1
UnityEngine.Debug:ExtractStackTraceNoAlloc (byte*,int,string)
UnityEngine.StackTraceUtility:ExtractStackTrace ()
UnityEngine.DebugLogHandler:Internal_Log (UnityEngine.LogType,UnityEngine.LogOption,string,UnityEngine.Object)
UnityEngine.DebugLogHandler:LogFormat (UnityEngine.LogType,UnityEngine.Object,string,object[])
UnityEngine.Logger:Log (UnityEngine.LogType,object)
UnityEngine.Debug:Log (object)
FullSystems:Log (string) (at Assets/QA/FullSystems.cs:30)
FullSystems:Check (bool,string) (at Assets/QA/FullSystems.cs:31)
FullSystems/<Retry>d__32:MoveNext () (at Assets/QA/FullSystems.cs:105)
UnityEngine.SetupCoroutine:InvokeMoveNext (System.Collections.IEnumerator,intptr)

(Filename: Assets/QA/FullSystems.cs Line: 30)

FULL_QA PASS exhaustion restores rope 1
UnityEngine.Debug:ExtractStackTraceNoAlloc (byte*,int,string)
UnityEngine.StackTraceUtility:ExtractStackTrace ()
UnityEngine.DebugLogHandler:Internal_Log (UnityEngine.LogType,UnityEngine.LogOption,string,UnityEngine.Object)
UnityEngine.DebugLogHandler:LogFormat (UnityEngine.LogType,UnityEngine.Object,string,object[])
UnityEngine.Logger:Log (UnityEngine.LogType,object)
UnityEngine.Debug:Log (object)
FullSystems:Log (string) (at Assets/QA/FullSystems.cs:30)
FullSystems:Check (bool,string) (at Assets/QA/FullSystems.cs:31)
FullSystems/<Routine>d__35:MoveNext () (at Assets/QA/FullSystems.cs:138)
UnityEngine.SetupCoroutine:InvokeMoveNext (System.Collections.IEnumerator,intptr)

(Filename: Assets/QA/FullSystems.cs Line: 30)

FULL_QA PASS exhaustion entered 2
UnityEngine.Debug:ExtractStackTraceNoAlloc (byte*,int,string)
UnityEngine.StackTraceUtility:ExtractStackTrace ()
UnityEngine.DebugLogHandler:Internal_Log (UnityEngine.LogType,UnityEngine.LogOption,string,UnityEngine.Object)
UnityEngine.DebugLogHandler:LogFormat (UnityEngine.LogType,UnityEngine.Object,string,object[])
UnityEngine.Logger:Log (UnityEngine.LogType,object)
UnityEngine.Debug:Log (object)
FullSystems:Log (string) (at Assets/QA/FullSystems.cs:30)
FullSystems:Check (bool,string) (at Assets/QA/FullSystems.cs:31)
FullSystems/<Routine>d__35:MoveNext () (at Assets/QA/FullSystems.cs:137)
UnityEngine.SetupCoroutine:InvokeMoveNext (System.Collections.IEnumerator,intptr)

(Filename: Assets/QA/FullSystems.cs Line: 30)

FULL_QA PASS retry playable EXHAUSTED_R_2
UnityEngine.Debug:ExtractStackTraceNoAlloc (byte*,int,string)
UnityEngine.StackTraceUtility:ExtractStackTrace ()
UnityEngine.DebugLogHandler:Internal_Log (UnityEngine.LogType,UnityEngine.LogOption,string,UnityEngine.Object)
UnityEngine.DebugLogHandler:LogFormat (UnityEngine.LogType,UnityEngine.Object,string,object[])
UnityEngine.Logger:Log (UnityEngine.LogType,object)
UnityEngine.Debug:Log (object)
FullSystems:Log (string) (at Assets/QA/FullSystems.cs:30)
FullSystems:Check (bool,string) (at Assets/QA/FullSystems.cs:31)
FullSystems/<Retry>d__32:MoveNext () (at Assets/QA/FullSystems.cs:105)
UnityEngine.SetupCoroutine:InvokeMoveNext (System.Collections.IEnumerator,intptr)

(Filename: Assets/QA/FullSystems.cs Line: 30)

FULL_QA PASS exhaustion restores rope 2
UnityEngine.Debug:ExtractStackTraceNoAlloc (byte*,int,string)
UnityEngine.StackTraceUtility:ExtractStackTrace ()
UnityEngine.DebugLogHandler:Internal_Log (UnityEngine.LogType,UnityEngine.LogOption,string,UnityEngine.Object)
UnityEngine.DebugLogHandler:LogFormat (UnityEngine.LogType,UnityEngine.Object,string,object[])
UnityEngine.Logger:Log (UnityEngine.LogType,object)
UnityEngine.Debug:Log (object)
FullSystems:Log (string) (at Assets/QA/FullSystems.cs:30)
FullSystems:Check (bool,string) (at Assets/QA/FullSystems.cs:31)
FullSystems/<Routine>d__35:MoveNext () (at Assets/QA/FullSystems.cs:138)
UnityEngine.SetupCoroutine:InvokeMoveNext (System.Collections.IEnumerator,intptr)

(Filename: Assets/QA/FullSystems.cs Line: 30)

FULL_QA PASS exhaustion entered 3
UnityEngine.Debug:ExtractStackTraceNoAlloc (byte*,int,string)
UnityEngine.StackTraceUtility:ExtractStackTrace ()
UnityEngine.DebugLogHandler:Internal_Log (UnityEngine.LogType,UnityEngine.LogOption,string,UnityEngine.Object)
UnityEngine.DebugLogHandler:LogFormat (UnityEngine.LogType,UnityEngine.Object,string,object[])
UnityEngine.Logger:Log (UnityEngine.LogType,object)
UnityEngine.Debug:Log (object)
FullSystems:Log (string) (at Assets/QA/FullSystems.cs:30)
FullSystems:Check (bool,string) (at Assets/QA/FullSystems.cs:31)
FullSystems/<Routine>d__35:MoveNext () (at Assets/QA/FullSystems.cs:137)
UnityEngine.SetupCoroutine:InvokeMoveNext (System.Collections.IEnumerator,intptr)

(Filename: Assets/QA/FullSystems.cs Line: 30)

FULL_QA PASS retry playable EXHAUSTED_R_3
UnityEngine.Debug:ExtractStackTraceNoAlloc (byte*,int,string)
UnityEngine.StackTraceUtility:ExtractStackTrace ()
UnityEngine.DebugLogHandler:Internal_Log (UnityEngine.LogType,UnityEngine.LogOption,string,UnityEngine.Object)
UnityEngine.DebugLogHandler:LogFormat (UnityEngine.LogType,UnityEngine.Object,string,object[])
UnityEngine.Logger:Log (UnityEngine.LogType,object)
UnityEngine.Debug:Log (object)
FullSystems:Log (string) (at Assets/QA/FullSystems.cs:30)
FullSystems:Check (bool,string) (at Assets/QA/FullSystems.cs:31)
FullSystems/<Retry>d__32:MoveNext () (at Assets/QA/FullSystems.cs:105)
UnityEngine.SetupCoroutine:InvokeMoveNext (System.Collections.IEnumerator,intptr)

(Filename: Assets/QA/FullSystems.cs Line: 30)

FULL_QA PASS exhaustion restores rope 3
UnityEngine.Debug:ExtractStackTraceNoAlloc (byte*,int,string)
UnityEngine.StackTraceUtility:ExtractStackTrace ()
UnityEngine.DebugLogHandler:Internal_Log (UnityEngine.LogType,UnityEngine.LogOption,string,UnityEngine.Object)
UnityEngine.DebugLogHandler:LogFormat (UnityEngine.LogType,UnityEngine.Object,string,object[])
UnityEngine.Logger:Log (UnityEngine.LogType,object)
UnityEngine.Debug:Log (object)
FullSystems:Log (string) (at Assets/QA/FullSystems.cs:30)
FullSystems:Check (bool,string) (at Assets/QA/FullSystems.cs:31)
FullSystems/<Routine>d__35:MoveNext () (at Assets/QA/FullSystems.cs:138)
UnityEngine.SetupCoroutine:InvokeMoveNext (System.Collections.IEnumerator,intptr)

(Filename: Assets/QA/FullSystems.cs Line: 30)

FULL_QA PASS checkpoint object exists 2
UnityEngine.Debug:ExtractStackTraceNoAlloc (byte*,int,string)
UnityEngine.StackTraceUtility:ExtractStackTrace ()
UnityEngine.DebugLogHandler:Internal_Log (UnityEngine.LogType,UnityEngine.LogOption,string,UnityEngine.Object)
UnityEngine.DebugLogHandler:LogFormat (UnityEngine.LogType,UnityEngine.Object,string,object[])
UnityEngine.Logger:Log (UnityEngine.LogType,object)
UnityEngine.Debug:Log (object)
FullSystems:Log (string) (at Assets/QA/FullSystems.cs:30)
FullSystems:Check (bool,string) (at Assets/QA/FullSystems.cs:31)
FullSystems/<EnterSection>d__31:MoveNext () (at Assets/QA/FullSystems.cs:98)
UnityEngine.SetupCoroutine:InvokeMoveNext (System.Collections.IEnumerator,intptr)

(Filename: Assets/QA/FullSystems.cs Line: 30)

FULL_QA CONTROLLED_SETUP position=(9.50, -3.65)
UnityEngine.Debug:ExtractStackTraceNoAlloc (byte*,int,string)
UnityEngine.StackTraceUtility:ExtractStackTrace ()
UnityEngine.DebugLogHandler:Internal_Log (UnityEngine.LogType,UnityEngine.LogOption,string,UnityEngine.Object)
UnityEngine.DebugLogHandler:LogFormat (UnityEngine.LogType,UnityEngine.Object,string,object[])
UnityEngine.Logger:Log (UnityEngine.LogType,object)
UnityEngine.Debug:Log (object)
FullSystems:Log (string) (at Assets/QA/FullSystems.cs:30)
FullSystems:Position (UnityEngine.Vector2) (at Assets/QA/FullSystems.cs:87)
FullSystems/<EnterSection>d__31:MoveNext () (at Assets/QA/FullSystems.cs:99)
UnityEngine.SetupCoroutine:InvokeMoveNext (System.Collections.IEnumerator,intptr)

(Filename: Assets/QA/FullSystems.cs Line: 30)

FULL_QA PASS controlled physical top landing captures 2
UnityEngine.Debug:ExtractStackTraceNoAlloc (byte*,int,string)
UnityEngine.StackTraceUtility:ExtractStackTrace ()
UnityEngine.DebugLogHandler:Internal_Log (UnityEngine.LogType,UnityEngine.LogOption,string,UnityEngine.Object)
UnityEngine.DebugLogHandler:LogFormat (UnityEngine.LogType,UnityEngine.Object,string,object[])
UnityEngine.Logger:Log (UnityEngine.LogType,object)
UnityEngine.Debug:Log (object)
FullSystems:Log (string) (at Assets/QA/FullSystems.cs:30)
FullSystems:Check (bool,string) (at Assets/QA/FullSystems.cs:31)
FullSystems/<EnterSection>d__31:MoveNext () (at Assets/QA/FullSystems.cs:100)
UnityEngine.SetupCoroutine:InvokeMoveNext (System.Collections.IEnumerator,intptr)

(Filename: Assets/QA/FullSystems.cs Line: 30)

FULL_QA PASS checkpoint object exists 3
UnityEngine.Debug:ExtractStackTraceNoAlloc (byte*,int,string)
UnityEngine.StackTraceUtility:ExtractStackTrace ()
UnityEngine.DebugLogHandler:Internal_Log (UnityEngine.LogType,UnityEngine.LogOption,string,UnityEngine.Object)
UnityEngine.DebugLogHandler:LogFormat (UnityEngine.LogType,UnityEngine.Object,string,object[])
UnityEngine.Logger:Log (UnityEngine.LogType,object)
UnityEngine.Debug:Log (object)
FullSystems:Log (string) (at Assets/QA/FullSystems.cs:30)
FullSystems:Check (bool,string) (at Assets/QA/FullSystems.cs:31)
FullSystems/<EnterSection>d__31:MoveNext () (at Assets/QA/FullSystems.cs:98)
UnityEngine.SetupCoroutine:InvokeMoveNext (System.Collections.IEnumerator,intptr)

(Filename: Assets/QA/FullSystems.cs Line: 30)

FULL_QA CONTROLLED_SETUP position=(29.00, -3.15)
UnityEngine.Debug:ExtractStackTraceNoAlloc (byte*,int,string)
UnityEngine.StackTraceUtility:ExtractStackTrace ()
UnityEngine.DebugLogHandler:Internal_Log (UnityEngine.LogType,UnityEngine.LogOption,string,UnityEngine.Object)
UnityEngine.DebugLogHandler:LogFormat (UnityEngine.LogType,UnityEngine.Object,string,object[])
UnityEngine.Logger:Log (UnityEngine.LogType,object)
UnityEngine.Debug:Log (object)
FullSystems:Log (string) (at Assets/QA/FullSystems.cs:30)
FullSystems:Position (UnityEngine.Vector2) (at Assets/QA/FullSystems.cs:87)
FullSystems/<EnterSection>d__31:MoveNext () (at Assets/QA/FullSystems.cs:99)
UnityEngine.SetupCoroutine:InvokeMoveNext (System.Collections.IEnumerator,intptr)

(Filename: Assets/QA/FullSystems.cs Line: 30)

FULL_QA PASS controlled physical top landing captures 3
UnityEngine.Debug:ExtractStackTraceNoAlloc (byte*,int,string)
UnityEngine.StackTraceUtility:ExtractStackTrace ()
UnityEngine.DebugLogHandler:Internal_Log (UnityEngine.LogType,UnityEngine.LogOption,string,UnityEngine.Object)
UnityEngine.DebugLogHandler:LogFormat (UnityEngine.LogType,UnityEngine.Object,string,object[])
UnityEngine.Logger:Log (UnityEngine.LogType,object)
UnityEngine.Debug:Log (object)
FullSystems:Log (string) (at Assets/QA/FullSystems.cs:30)
FullSystems:Check (bool,string) (at Assets/QA/FullSystems.cs:31)
FullSystems/<EnterSection>d__31:MoveNext () (at Assets/QA/FullSystems.cs:100)
UnityEngine.SetupCoroutine:InvokeMoveNext (System.Collections.IEnumerator,intptr)

(Filename: Assets/QA/FullSystems.cs Line: 30)

FULL_QA CONTROLLED_SETUP position=(45.60, -5.30)
UnityEngine.Debug:ExtractStackTraceNoAlloc (byte*,int,string)
UnityEngine.StackTraceUtility:ExtractStackTrace ()
UnityEngine.DebugLogHandler:Internal_Log (UnityEngine.LogType,UnityEngine.LogOption,string,UnityEngine.Object)
UnityEngine.DebugLogHandler:LogFormat (UnityEngine.LogType,UnityEngine.Object,string,object[])
UnityEngine.Logger:Log (UnityEngine.LogType,object)
UnityEngine.Debug:Log (object)
FullSystems:Log (string) (at Assets/QA/FullSystems.cs:30)
FullSystems:Position (UnityEngine.Vector2) (at Assets/QA/FullSystems.cs:87)
FullSystems/<Routine>d__35:MoveNext () (at Assets/QA/FullSystems.cs:142)
UnityEngine.SetupCoroutine:InvokeMoveNext (System.Collections.IEnumerator,intptr)

(Filename: Assets/QA/FullSystems.cs Line: 30)

FULL_QA PASS low switch floor does not advance checkpoint4
UnityEngine.Debug:ExtractStackTraceNoAlloc (byte*,int,string)
UnityEngine.StackTraceUtility:ExtractStackTrace ()
UnityEngine.DebugLogHandler:Internal_Log (UnityEngine.LogType,UnityEngine.LogOption,string,UnityEngine.Object)
UnityEngine.DebugLogHandler:LogFormat (UnityEngine.LogType,UnityEngine.Object,string,object[])
UnityEngine.Logger:Log (UnityEngine.LogType,object)
UnityEngine.Debug:Log (object)
FullSystems:Log (string) (at Assets/QA/FullSystems.cs:30)
FullSystems:Check (bool,string) (at Assets/QA/FullSystems.cs:31)
FullSystems/<Routine>d__35:MoveNext () (at Assets/QA/FullSystems.cs:142)
UnityEngine.SetupCoroutine:InvokeMoveNext (System.Collections.IEnumerator,intptr)

(Filename: Assets/QA/FullSystems.cs Line: 30)

FULL_QA PASS physical proximity switch reveals stairs via F handler API
UnityEngine.Debug:ExtractStackTraceNoAlloc (byte*,int,string)
UnityEngine.StackTraceUtility:ExtractStackTrace ()
UnityEngine.DebugLogHandler:Internal_Log (UnityEngine.LogType,UnityEngine.LogOption,string,UnityEngine.Object)
UnityEngine.DebugLogHandler:LogFormat (UnityEngine.LogType,UnityEngine.Object,string,object[])
UnityEngine.Logger:Log (UnityEngine.LogType,object)
UnityEngine.Debug:Log (object)
FullSystems:Log (string) (at Assets/QA/FullSystems.cs:30)
FullSystems:Check (bool,string) (at Assets/QA/FullSystems.cs:31)
FullSystems/<Routine>d__35:MoveNext () (at Assets/QA/FullSystems.cs:143)
UnityEngine.SetupCoroutine:InvokeMoveNext (System.Collections.IEnumerator,intptr)

(Filename: Assets/QA/FullSystems.cs Line: 30)

FULL_QA PASS retry playable STAIRS_R
UnityEngine.Debug:ExtractStackTraceNoAlloc (byte*,int,string)
UnityEngine.StackTraceUtility:ExtractStackTrace ()
UnityEngine.DebugLogHandler:Internal_Log (UnityEngine.LogType,UnityEngine.LogOption,string,UnityEngine.Object)
UnityEngine.DebugLogHandler:LogFormat (UnityEngine.LogType,UnityEngine.Object,string,object[])
UnityEngine.Logger:Log (UnityEngine.LogType,object)
UnityEngine.Debug:Log (object)
FullSystems:Log (string) (at Assets/QA/FullSystems.cs:30)
FullSystems:Check (bool,string) (at Assets/QA/FullSystems.cs:31)
FullSystems/<Retry>d__32:MoveNext () (at Assets/QA/FullSystems.cs:105)
UnityEngine.SetupCoroutine:InvokeMoveNext (System.Collections.IEnumerator,intptr)

(Filename: Assets/QA/FullSystems.cs Line: 30)

FULL_QA PASS return checkpoint hides recovery stairs
UnityEngine.Debug:ExtractStackTraceNoAlloc (byte*,int,string)
UnityEngine.StackTraceUtility:ExtractStackTrace ()
UnityEngine.DebugLogHandler:Internal_Log (UnityEngine.LogType,UnityEngine.LogOption,string,UnityEngine.Object)
UnityEngine.DebugLogHandler:LogFormat (UnityEngine.LogType,UnityEngine.Object,string,object[])
UnityEngine.Logger:Log (UnityEngine.LogType,object)
UnityEngine.Debug:Log (object)
FullSystems:Log (string) (at Assets/QA/FullSystems.cs:30)
FullSystems:Check (bool,string) (at Assets/QA/FullSystems.cs:31)
FullSystems/<Routine>d__35:MoveNext () (at Assets/QA/FullSystems.cs:144)
UnityEngine.SetupCoroutine:InvokeMoveNext (System.Collections.IEnumerator,intptr)

(Filename: Assets/QA/FullSystems.cs Line: 30)

FULL_QA PASS checkpoint object exists 4
UnityEngine.Debug:ExtractStackTraceNoAlloc (byte*,int,string)
UnityEngine.StackTraceUtility:ExtractStackTrace ()
UnityEngine.DebugLogHandler:Internal_Log (UnityEngine.LogType,UnityEngine.LogOption,string,UnityEngine.Object)
UnityEngine.DebugLogHandler:LogFormat (UnityEngine.LogType,UnityEngine.Object,string,object[])
UnityEngine.Logger:Log (UnityEngine.LogType,object)
UnityEngine.Debug:Log (object)
FullSystems:Log (string) (at Assets/QA/FullSystems.cs:30)
FullSystems:Check (bool,string) (at Assets/QA/FullSystems.cs:31)
FullSystems/<EnterSection>d__31:MoveNext () (at Assets/QA/FullSystems.cs:98)
UnityEngine.SetupCoroutine:InvokeMoveNext (System.Collections.IEnumerator,intptr)

(Filename: Assets/QA/FullSystems.cs Line: 30)

FULL_QA CONTROLLED_SETUP position=(53.60, -0.95)
UnityEngine.Debug:ExtractStackTraceNoAlloc (byte*,int,string)
UnityEngine.StackTraceUtility:ExtractStackTrace ()
UnityEngine.DebugLogHandler:Internal_Log (UnityEngine.LogType,UnityEngine.LogOption,string,UnityEngine.Object)
UnityEngine.DebugLogHandler:LogFormat (UnityEngine.LogType,UnityEngine.Object,string,object[])
UnityEngine.Logger:Log (UnityEngine.LogType,object)
UnityEngine.Debug:Log (object)
FullSystems:Log (string) (at Assets/QA/FullSystems.cs:30)
FullSystems:Position (UnityEngine.Vector2) (at Assets/QA/FullSystems.cs:87)
FullSystems/<EnterSection>d__31:MoveNext () (at Assets/QA/FullSystems.cs:99)
UnityEngine.SetupCoroutine:InvokeMoveNext (System.Collections.IEnumerator,intptr)

(Filename: Assets/QA/FullSystems.cs Line: 30)

FULL_QA PASS controlled physical top landing captures 4
UnityEngine.Debug:ExtractStackTraceNoAlloc (byte*,int,string)
UnityEngine.StackTraceUtility:ExtractStackTrace ()
UnityEngine.DebugLogHandler:Internal_Log (UnityEngine.LogType,UnityEngine.LogOption,string,UnityEngine.Object)
UnityEngine.DebugLogHandler:LogFormat (UnityEngine.LogType,UnityEngine.Object,string,object[])
UnityEngine.Logger:Log (UnityEngine.LogType,object)
UnityEngine.Debug:Log (object)
FullSystems:Log (string) (at Assets/QA/FullSystems.cs:30)
FullSystems:Check (bool,string) (at Assets/QA/FullSystems.cs:31)
FullSystems/<EnterSection>d__31:MoveNext () (at Assets/QA/FullSystems.cs:100)
UnityEngine.SetupCoroutine:InvokeMoveNext (System.Collections.IEnumerator,intptr)

(Filename: Assets/QA/FullSystems.cs Line: 30)

FULL_QA CONTROLLED_SETUP position=(63.95, -1.42)
UnityEngine.Debug:ExtractStackTraceNoAlloc (byte*,int,string)
UnityEngine.StackTraceUtility:ExtractStackTrace ()
UnityEngine.DebugLogHandler:Internal_Log (UnityEngine.LogType,UnityEngine.LogOption,string,UnityEngine.Object)
UnityEngine.DebugLogHandler:LogFormat (UnityEngine.LogType,UnityEngine.Object,string,object[])
UnityEngine.Logger:Log (UnityEngine.LogType,object)
UnityEngine.Debug:Log (object)
FullSystems:Log (string) (at Assets/QA/FullSystems.cs:30)
FullSystems:Position (UnityEngine.Vector2) (at Assets/QA/FullSystems.cs:87)
FullSystems/<Bridge>d__34:MoveNext () (at Assets/QA/FullSystems.cs:115)
UnityEngine.SetupCoroutine:InvokeMoveNext (System.Collections.IEnumerator,intptr)

(Filename: Assets/QA/FullSystems.cs Line: 30)

FULL_QA PASS S4_BRIDGE E attach
UnityEngine.Debug:ExtractStackTraceNoAlloc (byte*,int,string)
UnityEngine.StackTraceUtility:ExtractStackTrace ()
UnityEngine.DebugLogHandler:Internal_Log (UnityEngine.LogType,UnityEngine.LogOption,string,UnityEngine.Object)
UnityEngine.DebugLogHandler:LogFormat (UnityEngine.LogType,UnityEngine.Object,string,object[])
UnityEngine.Logger:Log (UnityEngine.LogType,object)
UnityEngine.Debug:Log (object)
FullSystems:Log (string) (at Assets/QA/FullSystems.cs:30)
FullSystems:Check (bool,string) (at Assets/QA/FullSystems.cs:31)
FullSystems/<Bridge>d__34:MoveNext () (at Assets/QA/FullSystems.cs:116)
UnityEngine.SetupCoroutine:InvokeMoveNext (System.Collections.IEnumerator,intptr)

(Filename: Assets/QA/FullSystems.cs Line: 30)

FULL_QA PASS S4_BRIDGE E no permanent spend
UnityEngine.Debug:ExtractStackTraceNoAlloc (byte*,int,string)
UnityEngine.StackTraceUtility:ExtractStackTrace ()
UnityEngine.DebugLogHandler:Internal_Log (UnityEngine.LogType,UnityEngine.LogOption,string,UnityEngine.Object)
UnityEngine.DebugLogHandler:LogFormat (UnityEngine.LogType,UnityEngine.Object,string,object[])
UnityEngine.Logger:Log (UnityEngine.LogType,object)
UnityEngine.Debug:Log (object)
FullSystems:Log (string) (at Assets/QA/FullSystems.cs:30)
FullSystems:Check (bool,string) (at Assets/QA/FullSystems.cs:31)
FullSystems/<Bridge>d__34:MoveNext () (at Assets/QA/FullSystems.cs:116)
UnityEngine.SetupCoroutine:InvokeMoveNext (System.Collections.IEnumerator,intptr)

(Filename: Assets/QA/FullSystems.cs Line: 30)

FULL_QA PASS S4_BRIDGE Q build
UnityEngine.Debug:ExtractStackTraceNoAlloc (byte*,int,string)
UnityEngine.StackTraceUtility:ExtractStackTrace ()
UnityEngine.DebugLogHandler:Internal_Log (UnityEngine.LogType,UnityEngine.LogOption,string,UnityEngine.Object)
UnityEngine.DebugLogHandler:LogFormat (UnityEngine.LogType,UnityEngine.Object,string,object[])
UnityEngine.Logger:Log (UnityEngine.LogType,object)
UnityEngine.Debug:Log (object)
FullSystems:Log (string) (at Assets/QA/FullSystems.cs:30)
FullSystems:Check (bool,string) (at Assets/QA/FullSystems.cs:31)
FullSystems/<Bridge>d__34:MoveNext () (at Assets/QA/FullSystems.cs:117)
UnityEngine.SetupCoroutine:InvokeMoveNext (System.Collections.IEnumerator,intptr)

(Filename: Assets/QA/FullSystems.cs Line: 30)

FULL_QA PASS S4_BRIDGE Q exact resource cost
UnityEngine.Debug:ExtractStackTraceNoAlloc (byte*,int,string)
UnityEngine.StackTraceUtility:ExtractStackTrace ()
UnityEngine.DebugLogHandler:Internal_Log (UnityEngine.LogType,UnityEngine.LogOption,string,UnityEngine.Object)
UnityEngine.DebugLogHandler:LogFormat (UnityEngine.LogType,UnityEngine.Object,string,object[])
UnityEngine.Logger:Log (UnityEngine.LogType,object)
UnityEngine.Debug:Log (object)
FullSystems:Log (string) (at Assets/QA/FullSystems.cs:30)
FullSystems:Check (bool,string) (at Assets/QA/FullSystems.cs:31)
FullSystems/<Bridge>d__34:MoveNext () (at Assets/QA/FullSystems.cs:117)
UnityEngine.SetupCoroutine:InvokeMoveNext (System.Collections.IEnumerator,intptr)

(Filename: Assets/QA/FullSystems.cs Line: 30)

FULL_QA PASS physical walk target 68.5 actual (68.56, 0.07)
UnityEngine.Debug:ExtractStackTraceNoAlloc (byte*,int,string)
UnityEngine.StackTraceUtility:ExtractStackTrace ()
UnityEngine.DebugLogHandler:Internal_Log (UnityEngine.LogType,UnityEngine.LogOption,string,UnityEngine.Object)
UnityEngine.DebugLogHandler:LogFormat (UnityEngine.LogType,UnityEngine.Object,string,object[])
UnityEngine.Logger:Log (UnityEngine.LogType,object)
UnityEngine.Debug:Log (object)
FullSystems:Log (string) (at Assets/QA/FullSystems.cs:30)
FullSystems:Check (bool,string) (at Assets/QA/FullSystems.cs:31)
FullSystems/<Walk>d__33:MoveNext () (at Assets/QA/FullSystems.cs:111)
UnityEngine.SetupCoroutine:InvokeMoveNext (System.Collections.IEnumerator,intptr)

(Filename: Assets/QA/FullSystems.cs Line: 30)

FULL_QA PASS S4 bridge supports walking
UnityEngine.Debug:ExtractStackTraceNoAlloc (byte*,int,string)
UnityEngine.StackTraceUtility:ExtractStackTrace ()
UnityEngine.DebugLogHandler:Internal_Log (UnityEngine.LogType,UnityEngine.LogOption,string,UnityEngine.Object)
UnityEngine.DebugLogHandler:LogFormat (UnityEngine.LogType,UnityEngine.Object,string,object[])
UnityEngine.Logger:Log (UnityEngine.LogType,object)
UnityEngine.Debug:Log (object)
FullSystems:Log (string) (at Assets/QA/FullSystems.cs:30)
FullSystems:Check (bool,string) (at Assets/QA/FullSystems.cs:31)
FullSystems/<Routine>d__35:MoveNext () (at Assets/QA/FullSystems.cs:147)
UnityEngine.SetupCoroutine:InvokeMoveNext (System.Collections.IEnumerator,intptr)

(Filename: Assets/QA/FullSystems.cs Line: 30)

FULL_QA PASS S4 bridge supports E to swing hook
UnityEngine.Debug:ExtractStackTraceNoAlloc (byte*,int,string)
UnityEngine.StackTraceUtility:ExtractStackTrace ()
UnityEngine.DebugLogHandler:Internal_Log (UnityEngine.LogType,UnityEngine.LogOption,string,UnityEngine.Object)
UnityEngine.DebugLogHandler:LogFormat (UnityEngine.LogType,UnityEngine.Object,string,object[])
UnityEngine.Logger:Log (UnityEngine.LogType,object)
UnityEngine.Debug:Log (object)
FullSystems:Log (string) (at Assets/QA/FullSystems.cs:30)
FullSystems:Check (bool,string) (at Assets/QA/FullSystems.cs:31)
FullSystems/<Routine>d__35:MoveNext () (at Assets/QA/FullSystems.cs:150)
UnityEngine.SetupCoroutine:InvokeMoveNext (System.Collections.IEnumerator,intptr)

(Filename: Assets/QA/FullSystems.cs Line: 30)

FULL_QA PASS detach preserves instantaneous momentum
UnityEngine.Debug:ExtractStackTraceNoAlloc (byte*,int,string)
UnityEngine.StackTraceUtility:ExtractStackTrace ()
UnityEngine.DebugLogHandler:Internal_Log (UnityEngine.LogType,UnityEngine.LogOption,string,UnityEngine.Object)
UnityEngine.DebugLogHandler:LogFormat (UnityEngine.LogType,UnityEngine.Object,string,object[])
UnityEngine.Logger:Log (UnityEngine.LogType,object)
UnityEngine.Debug:Log (object)
FullSystems:Log (string) (at Assets/QA/FullSystems.cs:30)
FullSystems:Check (bool,string) (at Assets/QA/FullSystems.cs:31)
FullSystems/<Routine>d__35:MoveNext () (at Assets/QA/FullSystems.cs:151)
UnityEngine.SetupCoroutine:InvokeMoveNext (System.Collections.IEnumerator,intptr)

(Filename: Assets/QA/FullSystems.cs Line: 30)

FULL_QA PASS detach no permanent spend
UnityEngine.Debug:ExtractStackTraceNoAlloc (byte*,int,string)
UnityEngine.StackTraceUtility:ExtractStackTrace ()
UnityEngine.DebugLogHandler:Internal_Log (UnityEngine.LogType,UnityEngine.LogOption,string,UnityEngine.Object)
UnityEngine.DebugLogHandler:LogFormat (UnityEngine.LogType,UnityEngine.Object,string,object[])
UnityEngine.Logger:Log (UnityEngine.LogType,object)
UnityEngine.Debug:Log (object)
FullSystems:Log (string) (at Assets/QA/FullSystems.cs:30)
FullSystems:Check (bool,string) (at Assets/QA/FullSystems.cs:31)
FullSystems/<Routine>d__35:MoveNext () (at Assets/QA/FullSystems.cs:151)
UnityEngine.SetupCoroutine:InvokeMoveNext (System.Collections.IEnumerator,intptr)

(Filename: Assets/QA/FullSystems.cs Line: 30)

FULL_QA PASS retry playable S4_R
UnityEngine.Debug:ExtractStackTraceNoAlloc (byte*,int,string)
UnityEngine.StackTraceUtility:ExtractStackTrace ()
UnityEngine.DebugLogHandler:Internal_Log (UnityEngine.LogType,UnityEngine.LogOption,string,UnityEngine.Object)
UnityEngine.DebugLogHandler:LogFormat (UnityEngine.LogType,UnityEngine.Object,string,object[])
UnityEngine.Logger:Log (UnityEngine.LogType,object)
UnityEngine.Debug:Log (object)
FullSystems:Log (string) (at Assets/QA/FullSystems.cs:30)
FullSystems:Check (bool,string) (at Assets/QA/FullSystems.cs:31)
FullSystems/<Retry>d__32:MoveNext () (at Assets/QA/FullSystems.cs:105)
UnityEngine.SetupCoroutine:InvokeMoveNext (System.Collections.IEnumerator,intptr)

(Filename: Assets/QA/FullSystems.cs Line: 30)

FULL_QA PASS checkpoint object exists 5
UnityEngine.Debug:ExtractStackTraceNoAlloc (byte*,int,string)
UnityEngine.StackTraceUtility:ExtractStackTrace ()
UnityEngine.DebugLogHandler:Internal_Log (UnityEngine.LogType,UnityEngine.LogOption,string,UnityEngine.Object)
UnityEngine.DebugLogHandler:LogFormat (UnityEngine.LogType,UnityEngine.Object,string,object[])
UnityEngine.Logger:Log (UnityEngine.LogType,object)
UnityEngine.Debug:Log (object)
FullSystems:Log (string) (at Assets/QA/FullSystems.cs:30)
FullSystems:Check (bool,string) (at Assets/QA/FullSystems.cs:31)
FullSystems/<EnterSection>d__31:MoveNext () (at Assets/QA/FullSystems.cs:98)
UnityEngine.SetupCoroutine:InvokeMoveNext (System.Collections.IEnumerator,intptr)

(Filename: Assets/QA/FullSystems.cs Line: 30)

FULL_QA CONTROLLED_SETUP position=(87.10, -0.95)
UnityEngine.Debug:ExtractStackTraceNoAlloc (byte*,int,string)
UnityEngine.StackTraceUtility:ExtractStackTrace ()
UnityEngine.DebugLogHandler:Internal_Log (UnityEngine.LogType,UnityEngine.LogOption,string,UnityEngine.Object)
UnityEngine.DebugLogHandler:LogFormat (UnityEngine.LogType,UnityEngine.Object,string,object[])
UnityEngine.Logger:Log (UnityEngine.LogType,object)
UnityEngine.Debug:Log (object)
FullSystems:Log (string) (at Assets/QA/FullSystems.cs:30)
FullSystems:Position (UnityEngine.Vector2) (at Assets/QA/FullSystems.cs:87)
FullSystems/<EnterSection>d__31:MoveNext () (at Assets/QA/FullSystems.cs:99)
UnityEngine.SetupCoroutine:InvokeMoveNext (System.Collections.IEnumerator,intptr)

(Filename: Assets/QA/FullSystems.cs Line: 30)

FULL_QA PASS controlled physical top landing captures 5
UnityEngine.Debug:ExtractStackTraceNoAlloc (byte*,int,string)
UnityEngine.StackTraceUtility:ExtractStackTrace ()
UnityEngine.DebugLogHandler:Internal_Log (UnityEngine.LogType,UnityEngine.LogOption,string,UnityEngine.Object)
UnityEngine.DebugLogHandler:LogFormat (UnityEngine.LogType,UnityEngine.Object,string,object[])
UnityEngine.Logger:Log (UnityEngine.LogType,object)
UnityEngine.Debug:Log (object)
FullSystems:Log (string) (at Assets/QA/FullSystems.cs:30)
FullSystems:Check (bool,string) (at Assets/QA/FullSystems.cs:31)
FullSystems/<EnterSection>d__31:MoveNext () (at Assets/QA/FullSystems.cs:100)
UnityEngine.SetupCoroutine:InvokeMoveNext (System.Collections.IEnumerator,intptr)

(Filename: Assets/QA/FullSystems.cs Line: 30)

FULL_QA PASS S5 hazard unblocked without bridge
UnityEngine.Debug:ExtractStackTraceNoAlloc (byte*,int,string)
UnityEngine.StackTraceUtility:ExtractStackTrace ()
UnityEngine.DebugLogHandler:Internal_Log (UnityEngine.LogType,UnityEngine.LogOption,string,UnityEngine.Object)
UnityEngine.DebugLogHandler:LogFormat (UnityEngine.LogType,UnityEngine.Object,string,object[])
UnityEngine.Logger:Log (UnityEngine.LogType,object)
UnityEngine.Debug:Log (object)
FullSystems:Log (string) (at Assets/QA/FullSystems.cs:30)
FullSystems:Check (bool,string) (at Assets/QA/FullSystems.cs:31)
FullSystems/<Routine>d__35:MoveNext () (at Assets/QA/FullSystems.cs:154)
UnityEngine.SetupCoroutine:InvokeMoveNext (System.Collections.IEnumerator,intptr)

(Filename: Assets/QA/FullSystems.cs Line: 30)

FULL_QA CONTROLLED_SETUP position=(94.45, 0.08)
UnityEngine.Debug:ExtractStackTraceNoAlloc (byte*,int,string)
UnityEngine.StackTraceUtility:ExtractStackTrace ()
UnityEngine.DebugLogHandler:Internal_Log (UnityEngine.LogType,UnityEngine.LogOption,string,UnityEngine.Object)
UnityEngine.DebugLogHandler:LogFormat (UnityEngine.LogType,UnityEngine.Object,string,object[])
UnityEngine.Logger:Log (UnityEngine.LogType,object)
UnityEngine.Debug:Log (object)
FullSystems:Log (string) (at Assets/QA/FullSystems.cs:30)
FullSystems:Position (UnityEngine.Vector2) (at Assets/QA/FullSystems.cs:87)
FullSystems/<Bridge>d__34:MoveNext () (at Assets/QA/FullSystems.cs:115)
UnityEngine.SetupCoroutine:InvokeMoveNext (System.Collections.IEnumerator,intptr)

(Filename: Assets/QA/FullSystems.cs Line: 30)

FULL_QA PASS S5_SHADOW E attach
UnityEngine.Debug:ExtractStackTraceNoAlloc (byte*,int,string)
UnityEngine.StackTraceUtility:ExtractStackTrace ()
UnityEngine.DebugLogHandler:Internal_Log (UnityEngine.LogType,UnityEngine.LogOption,string,UnityEngine.Object)
UnityEngine.DebugLogHandler:LogFormat (UnityEngine.LogType,UnityEngine.Object,string,object[])
UnityEngine.Logger:Log (UnityEngine.LogType,object)
UnityEngine.Debug:Log (object)
FullSystems:Log (string) (at Assets/QA/FullSystems.cs:30)
FullSystems:Check (bool,string) (at Assets/QA/FullSystems.cs:31)
FullSystems/<Bridge>d__34:MoveNext () (at Assets/QA/FullSystems.cs:116)
UnityEngine.SetupCoroutine:InvokeMoveNext (System.Collections.IEnumerator,intptr)

(Filename: Assets/QA/FullSystems.cs Line: 30)

FULL_QA PASS S5_SHADOW E no permanent spend
UnityEngine.Debug:ExtractStackTraceNoAlloc (byte*,int,string)
UnityEngine.StackTraceUtility:ExtractStackTrace ()
UnityEngine.DebugLogHandler:Internal_Log (UnityEngine.LogType,UnityEngine.LogOption,string,UnityEngine.Object)
UnityEngine.DebugLogHandler:LogFormat (UnityEngine.LogType,UnityEngine.Object,string,object[])
UnityEngine.Logger:Log (UnityEngine.LogType,object)
UnityEngine.Debug:Log (object)
FullSystems:Log (string) (at Assets/QA/FullSystems.cs:30)
FullSystems:Check (bool,string) (at Assets/QA/FullSystems.cs:31)
FullSystems/<Bridge>d__34:MoveNext () (at Assets/QA/FullSystems.cs:116)
UnityEngine.SetupCoroutine:InvokeMoveNext (System.Collections.IEnumerator,intptr)

(Filename: Assets/QA/FullSystems.cs Line: 30)

FULL_QA PASS S5_SHADOW Q build
UnityEngine.Debug:ExtractStackTraceNoAlloc (byte*,int,string)
UnityEngine.StackTraceUtility:ExtractStackTrace ()
UnityEngine.DebugLogHandler:Internal_Log (UnityEngine.LogType,UnityEngine.LogOption,string,UnityEngine.Object)
UnityEngine.DebugLogHandler:LogFormat (UnityEngine.LogType,UnityEngine.Object,string,object[])
UnityEngine.Logger:Log (UnityEngine.LogType,object)
UnityEngine.Debug:Log (object)
FullSystems:Log (string) (at Assets/QA/FullSystems.cs:30)
FullSystems:Check (bool,string) (at Assets/QA/FullSystems.cs:31)
FullSystems/<Bridge>d__34:MoveNext () (at Assets/QA/FullSystems.cs:117)
UnityEngine.SetupCoroutine:InvokeMoveNext (System.Collections.IEnumerator,intptr)

(Filename: Assets/QA/FullSystems.cs Line: 30)

FULL_QA PASS S5_SHADOW Q exact resource cost
UnityEngine.Debug:ExtractStackTraceNoAlloc (byte*,int,string)
UnityEngine.StackTraceUtility:ExtractStackTrace ()
UnityEngine.DebugLogHandler:Internal_Log (UnityEngine.LogType,UnityEngine.LogOption,string,UnityEngine.Object)
UnityEngine.DebugLogHandler:LogFormat (UnityEngine.LogType,UnityEngine.Object,string,object[])
UnityEngine.Logger:Log (UnityEngine.LogType,object)
UnityEngine.Debug:Log (object)
FullSystems:Log (string) (at Assets/QA/FullSystems.cs:30)
FullSystems:Check (bool,string) (at Assets/QA/FullSystems.cs:31)
FullSystems/<Bridge>d__34:MoveNext () (at Assets/QA/FullSystems.cs:117)
UnityEngine.SetupCoroutine:InvokeMoveNext (System.Collections.IEnumerator,intptr)

(Filename: Assets/QA/FullSystems.cs Line: 30)

FULL_QA PASS S5 authored bridge occludes light
UnityEngine.Debug:ExtractStackTraceNoAlloc (byte*,int,string)
UnityEngine.StackTraceUtility:ExtractStackTrace ()
UnityEngine.DebugLogHandler:Internal_Log (UnityEngine.LogType,UnityEngine.LogOption,string,UnityEngine.Object)
UnityEngine.DebugLogHandler:LogFormat (UnityEngine.LogType,UnityEngine.Object,string,object[])
UnityEngine.Logger:Log (UnityEngine.LogType,object)
UnityEngine.Debug:Log (object)
FullSystems:Log (string) (at Assets/QA/FullSystems.cs:30)
FullSystems:Check (bool,string) (at Assets/QA/FullSystems.cs:31)
FullSystems/<Routine>d__35:MoveNext () (at Assets/QA/FullSystems.cs:156)
UnityEngine.SetupCoroutine:InvokeMoveNext (System.Collections.IEnumerator,intptr)

(Filename: Assets/QA/FullSystems.cs Line: 30)

FULL_QA PASS retry playable S5_BRIDGE_R_1
UnityEngine.Debug:ExtractStackTraceNoAlloc (byte*,int,string)
UnityEngine.StackTraceUtility:ExtractStackTrace ()
UnityEngine.DebugLogHandler:Internal_Log (UnityEngine.LogType,UnityEngine.LogOption,string,UnityEngine.Object)
UnityEngine.DebugLogHandler:LogFormat (UnityEngine.LogType,UnityEngine.Object,string,object[])
UnityEngine.Logger:Log (UnityEngine.LogType,object)
UnityEngine.Debug:Log (object)
FullSystems:Log (string) (at Assets/QA/FullSystems.cs:30)
FullSystems:Check (bool,string) (at Assets/QA/FullSystems.cs:31)
FullSystems/<Retry>d__32:MoveNext () (at Assets/QA/FullSystems.cs:105)
UnityEngine.SetupCoroutine:InvokeMoveNext (System.Collections.IEnumerator,intptr)

(Filename: Assets/QA/FullSystems.cs Line: 30)

FULL_QA PASS S5 retry removes unsaved shadow bridge 1
UnityEngine.Debug:ExtractStackTraceNoAlloc (byte*,int,string)
UnityEngine.StackTraceUtility:ExtractStackTrace ()
UnityEngine.DebugLogHandler:Internal_Log (UnityEngine.LogType,UnityEngine.LogOption,string,UnityEngine.Object)
UnityEngine.DebugLogHandler:LogFormat (UnityEngine.LogType,UnityEngine.Object,string,object[])
UnityEngine.Logger:Log (UnityEngine.LogType,object)
UnityEngine.Debug:Log (object)
FullSystems:Log (string) (at Assets/QA/FullSystems.cs:30)
FullSystems:Check (bool,string) (at Assets/QA/FullSystems.cs:31)
FullSystems/<Routine>d__35:MoveNext () (at Assets/QA/FullSystems.cs:159)
UnityEngine.SetupCoroutine:InvokeMoveNext (System.Collections.IEnumerator,intptr)

(Filename: Assets/QA/FullSystems.cs Line: 30)

FULL_QA PASS S5 rail shelves active 1
UnityEngine.Debug:ExtractStackTraceNoAlloc (byte*,int,string)
UnityEngine.StackTraceUtility:ExtractStackTrace ()
UnityEngine.DebugLogHandler:Internal_Log (UnityEngine.LogType,UnityEngine.LogOption,string,UnityEngine.Object)
UnityEngine.DebugLogHandler:LogFormat (UnityEngine.LogType,UnityEngine.Object,string,object[])
UnityEngine.Logger:Log (UnityEngine.LogType,object)
UnityEngine.Debug:Log (object)
FullSystems:Log (string) (at Assets/QA/FullSystems.cs:30)
FullSystems:Check (bool,string) (at Assets/QA/FullSystems.cs:31)
FullSystems/<Routine>d__35:MoveNext () (at Assets/QA/FullSystems.cs:160)
UnityEngine.SetupCoroutine:InvokeMoveNext (System.Collections.IEnumerator,intptr)

(Filename: Assets/QA/FullSystems.cs Line: 30)

FULL_QA CONTROLLED_SETUP position=(94.45, 0.08)
UnityEngine.Debug:ExtractStackTraceNoAlloc (byte*,int,string)
UnityEngine.StackTraceUtility:ExtractStackTrace ()
UnityEngine.DebugLogHandler:Internal_Log (UnityEngine.LogType,UnityEngine.LogOption,string,UnityEngine.Object)
UnityEngine.DebugLogHandler:LogFormat (UnityEngine.LogType,UnityEngine.Object,string,object[])
UnityEngine.Logger:Log (UnityEngine.LogType,object)
UnityEngine.Debug:Log (object)
FullSystems:Log (string) (at Assets/QA/FullSystems.cs:30)
FullSystems:Position (UnityEngine.Vector2) (at Assets/QA/FullSystems.cs:87)
FullSystems/<Bridge>d__34:MoveNext () (at Assets/QA/FullSystems.cs:115)
UnityEngine.SetupCoroutine:InvokeMoveNext (System.Collections.IEnumerator,intptr)

(Filename: Assets/QA/FullSystems.cs Line: 30)

FULL_QA PASS S5_REBUILD_1 E attach
UnityEngine.Debug:ExtractStackTraceNoAlloc (byte*,int,string)
UnityEngine.StackTraceUtility:ExtractStackTrace ()
UnityEngine.DebugLogHandler:Internal_Log (UnityEngine.LogType,UnityEngine.LogOption,string,UnityEngine.Object)
UnityEngine.DebugLogHandler:LogFormat (UnityEngine.LogType,UnityEngine.Object,string,object[])
UnityEngine.Logger:Log (UnityEngine.LogType,object)
UnityEngine.Debug:Log (object)
FullSystems:Log (string) (at Assets/QA/FullSystems.cs:30)
FullSystems:Check (bool,string) (at Assets/QA/FullSystems.cs:31)
FullSystems/<Bridge>d__34:MoveNext () (at Assets/QA/FullSystems.cs:116)
UnityEngine.SetupCoroutine:InvokeMoveNext (System.Collections.IEnumerator,intptr)

(Filename: Assets/QA/FullSystems.cs Line: 30)

FULL_QA PASS S5_REBUILD_1 E no permanent spend
UnityEngine.Debug:ExtractStackTraceNoAlloc (byte*,int,string)
UnityEngine.StackTraceUtility:ExtractStackTrace ()
UnityEngine.DebugLogHandler:Internal_Log (UnityEngine.LogType,UnityEngine.LogOption,string,UnityEngine.Object)
UnityEngine.DebugLogHandler:LogFormat (UnityEngine.LogType,UnityEngine.Object,string,object[])
UnityEngine.Logger:Log (UnityEngine.LogType,object)
UnityEngine.Debug:Log (object)
FullSystems:Log (string) (at Assets/QA/FullSystems.cs:30)
FullSystems:Check (bool,string) (at Assets/QA/FullSystems.cs:31)
FullSystems/<Bridge>d__34:MoveNext () (at Assets/QA/FullSystems.cs:116)
UnityEngine.SetupCoroutine:InvokeMoveNext (System.Collections.IEnumerator,intptr)

(Filename: Assets/QA/FullSystems.cs Line: 30)

FULL_QA PASS S5_REBUILD_1 Q build
UnityEngine.Debug:ExtractStackTraceNoAlloc (byte*,int,string)
UnityEngine.StackTraceUtility:ExtractStackTrace ()
UnityEngine.DebugLogHandler:Internal_Log (UnityEngine.LogType,UnityEngine.LogOption,string,UnityEngine.Object)
UnityEngine.DebugLogHandler:LogFormat (UnityEngine.LogType,UnityEngine.Object,string,object[])
UnityEngine.Logger:Log (UnityEngine.LogType,object)
UnityEngine.Debug:Log (object)
FullSystems:Log (string) (at Assets/QA/FullSystems.cs:30)
FullSystems:Check (bool,string) (at Assets/QA/FullSystems.cs:31)
FullSystems/<Bridge>d__34:MoveNext () (at Assets/QA/FullSystems.cs:117)
UnityEngine.SetupCoroutine:InvokeMoveNext (System.Collections.IEnumerator,intptr)

(Filename: Assets/QA/FullSystems.cs Line: 30)

FULL_QA PASS S5_REBUILD_1 Q exact resource cost
UnityEngine.Debug:ExtractStackTraceNoAlloc (byte*,int,string)
UnityEngine.StackTraceUtility:ExtractStackTrace ()
UnityEngine.DebugLogHandler:Internal_Log (UnityEngine.LogType,UnityEngine.LogOption,string,UnityEngine.Object)
UnityEngine.DebugLogHandler:LogFormat (UnityEngine.LogType,UnityEngine.Object,string,object[])
UnityEngine.Logger:Log (UnityEngine.LogType,object)
UnityEngine.Debug:Log (object)
FullSystems:Log (string) (at Assets/QA/FullSystems.cs:30)
FullSystems:Check (bool,string) (at Assets/QA/FullSystems.cs:31)
FullSystems/<Bridge>d__34:MoveNext () (at Assets/QA/FullSystems.cs:117)
UnityEngine.SetupCoroutine:InvokeMoveNext (System.Collections.IEnumerator,intptr)

(Filename: Assets/QA/FullSystems.cs Line: 30)

FULL_QA PASS retry playable S5_BRIDGE_R_2
UnityEngine.Debug:ExtractStackTraceNoAlloc (byte*,int,string)
UnityEngine.StackTraceUtility:ExtractStackTrace ()
UnityEngine.DebugLogHandler:Internal_Log (UnityEngine.LogType,UnityEngine.LogOption,string,UnityEngine.Object)
UnityEngine.DebugLogHandler:LogFormat (UnityEngine.LogType,UnityEngine.Object,string,object[])
UnityEngine.Logger:Log (UnityEngine.LogType,object)
UnityEngine.Debug:Log (object)
FullSystems:Log (string) (at Assets/QA/FullSystems.cs:30)
FullSystems:Check (bool,string) (at Assets/QA/FullSystems.cs:31)
FullSystems/<Retry>d__32:MoveNext () (at Assets/QA/FullSystems.cs:105)
UnityEngine.SetupCoroutine:InvokeMoveNext (System.Collections.IEnumerator,intptr)

(Filename: Assets/QA/FullSystems.cs Line: 30)

FULL_QA PASS S5 retry removes unsaved shadow bridge 2
UnityEngine.Debug:ExtractStackTraceNoAlloc (byte*,int,string)
UnityEngine.StackTraceUtility:ExtractStackTrace ()
UnityEngine.DebugLogHandler:Internal_Log (UnityEngine.LogType,UnityEngine.LogOption,string,UnityEngine.Object)
UnityEngine.DebugLogHandler:LogFormat (UnityEngine.LogType,UnityEngine.Object,string,object[])
UnityEngine.Logger:Log (UnityEngine.LogType,object)
UnityEngine.Debug:Log (object)
FullSystems:Log (string) (at Assets/QA/FullSystems.cs:30)
FullSystems:Check (bool,string) (at Assets/QA/FullSystems.cs:31)
FullSystems/<Routine>d__35:MoveNext () (at Assets/QA/FullSystems.cs:159)
UnityEngine.SetupCoroutine:InvokeMoveNext (System.Collections.IEnumerator,intptr)

(Filename: Assets/QA/FullSystems.cs Line: 30)

FULL_QA PASS S5 rail shelves active 2
UnityEngine.Debug:ExtractStackTraceNoAlloc (byte*,int,string)
UnityEngine.StackTraceUtility:ExtractStackTrace ()
UnityEngine.DebugLogHandler:Internal_Log (UnityEngine.LogType,UnityEngine.LogOption,string,UnityEngine.Object)
UnityEngine.DebugLogHandler:LogFormat (UnityEngine.LogType,UnityEngine.Object,string,object[])
UnityEngine.Logger:Log (UnityEngine.LogType,object)
UnityEngine.Debug:Log (object)
FullSystems:Log (string) (at Assets/QA/FullSystems.cs:30)
FullSystems:Check (bool,string) (at Assets/QA/FullSystems.cs:31)
FullSystems/<Routine>d__35:MoveNext () (at Assets/QA/FullSystems.cs:160)
UnityEngine.SetupCoroutine:InvokeMoveNext (System.Collections.IEnumerator,intptr)

(Filename: Assets/QA/FullSystems.cs Line: 30)

FULL_QA CONTROLLED_SETUP position=(94.45, 0.08)
UnityEngine.Debug:ExtractStackTraceNoAlloc (byte*,int,string)
UnityEngine.StackTraceUtility:ExtractStackTrace ()
UnityEngine.DebugLogHandler:Internal_Log (UnityEngine.LogType,UnityEngine.LogOption,string,UnityEngine.Object)
UnityEngine.DebugLogHandler:LogFormat (UnityEngine.LogType,UnityEngine.Object,string,object[])
UnityEngine.Logger:Log (UnityEngine.LogType,object)
UnityEngine.Debug:Log (object)
FullSystems:Log (string) (at Assets/QA/FullSystems.cs:30)
FullSystems:Position (UnityEngine.Vector2) (at Assets/QA/FullSystems.cs:87)
FullSystems/<Bridge>d__34:MoveNext () (at Assets/QA/FullSystems.cs:115)
UnityEngine.SetupCoroutine:InvokeMoveNext (System.Collections.IEnumerator,intptr)

(Filename: Assets/QA/FullSystems.cs Line: 30)

FULL_QA PASS S5_REBUILD_2 E attach
UnityEngine.Debug:ExtractStackTraceNoAlloc (byte*,int,string)
UnityEngine.StackTraceUtility:ExtractStackTrace ()
UnityEngine.DebugLogHandler:Internal_Log (UnityEngine.LogType,UnityEngine.LogOption,string,UnityEngine.Object)
UnityEngine.DebugLogHandler:LogFormat (UnityEngine.LogType,UnityEngine.Object,string,object[])
UnityEngine.Logger:Log (UnityEngine.LogType,object)
UnityEngine.Debug:Log (object)
FullSystems:Log (string) (at Assets/QA/FullSystems.cs:30)
FullSystems:Check (bool,string) (at Assets/QA/FullSystems.cs:31)
FullSystems/<Bridge>d__34:MoveNext () (at Assets/QA/FullSystems.cs:116)
UnityEngine.SetupCoroutine:InvokeMoveNext (System.Collections.IEnumerator,intptr)

(Filename: Assets/QA/FullSystems.cs Line: 30)

FULL_QA PASS S5_REBUILD_2 E no permanent spend
UnityEngine.Debug:ExtractStackTraceNoAlloc (byte*,int,string)
UnityEngine.StackTraceUtility:ExtractStackTrace ()
UnityEngine.DebugLogHandler:Internal_Log (UnityEngine.LogType,UnityEngine.LogOption,string,UnityEngine.Object)
UnityEngine.DebugLogHandler:LogFormat (UnityEngine.LogType,UnityEngine.Object,string,object[])
UnityEngine.Logger:Log (UnityEngine.LogType,object)
UnityEngine.Debug:Log (object)
FullSystems:Log (string) (at Assets/QA/FullSystems.cs:30)
FullSystems:Check (bool,string) (at Assets/QA/FullSystems.cs:31)
FullSystems/<Bridge>d__34:MoveNext () (at Assets/QA/FullSystems.cs:116)
UnityEngine.SetupCoroutine:InvokeMoveNext (System.Collections.IEnumerator,intptr)

(Filename: Assets/QA/FullSystems.cs Line: 30)

FULL_QA PASS S5_REBUILD_2 Q build
UnityEngine.Debug:ExtractStackTraceNoAlloc (byte*,int,string)
UnityEngine.StackTraceUtility:ExtractStackTrace ()
UnityEngine.DebugLogHandler:Internal_Log (UnityEngine.LogType,UnityEngine.LogOption,string,UnityEngine.Object)
UnityEngine.DebugLogHandler:LogFormat (UnityEngine.LogType,UnityEngine.Object,string,object[])
UnityEngine.Logger:Log (UnityEngine.LogType,object)
UnityEngine.Debug:Log (object)
FullSystems:Log (string) (at Assets/QA/FullSystems.cs:30)
FullSystems:Check (bool,string) (at Assets/QA/FullSystems.cs:31)
FullSystems/<Bridge>d__34:MoveNext () (at Assets/QA/FullSystems.cs:117)
UnityEngine.SetupCoroutine:InvokeMoveNext (System.Collections.IEnumerator,intptr)

(Filename: Assets/QA/FullSystems.cs Line: 30)

FULL_QA PASS S5_REBUILD_2 Q exact resource cost
UnityEngine.Debug:ExtractStackTraceNoAlloc (byte*,int,string)
UnityEngine.StackTraceUtility:ExtractStackTrace ()
UnityEngine.DebugLogHandler:Internal_Log (UnityEngine.LogType,UnityEngine.LogOption,string,UnityEngine.Object)
UnityEngine.DebugLogHandler:LogFormat (UnityEngine.LogType,UnityEngine.Object,string,object[])
UnityEngine.Logger:Log (UnityEngine.LogType,object)
UnityEngine.Debug:Log (object)
FullSystems:Log (string) (at Assets/QA/FullSystems.cs:30)
FullSystems:Check (bool,string) (at Assets/QA/FullSystems.cs:31)
FullSystems/<Bridge>d__34:MoveNext () (at Assets/QA/FullSystems.cs:117)
UnityEngine.SetupCoroutine:InvokeMoveNext (System.Collections.IEnumerator,intptr)

(Filename: Assets/QA/FullSystems.cs Line: 30)

FULL_QA PASS retry playable S5_BRIDGE_R_3
UnityEngine.Debug:ExtractStackTraceNoAlloc (byte*,int,string)
UnityEngine.StackTraceUtility:ExtractStackTrace ()
UnityEngine.DebugLogHandler:Internal_Log (UnityEngine.LogType,UnityEngine.LogOption,string,UnityEngine.Object)
UnityEngine.DebugLogHandler:LogFormat (UnityEngine.LogType,UnityEngine.Object,string,object[])
UnityEngine.Logger:Log (UnityEngine.LogType,object)
UnityEngine.Debug:Log (object)
FullSystems:Log (string) (at Assets/QA/FullSystems.cs:30)
FullSystems:Check (bool,string) (at Assets/QA/FullSystems.cs:31)
FullSystems/<Retry>d__32:MoveNext () (at Assets/QA/FullSystems.cs:105)
UnityEngine.SetupCoroutine:InvokeMoveNext (System.Collections.IEnumerator,intptr)

(Filename: Assets/QA/FullSystems.cs Line: 30)

FULL_QA PASS S5 retry removes unsaved shadow bridge 3
UnityEngine.Debug:ExtractStackTraceNoAlloc (byte*,int,string)
UnityEngine.StackTraceUtility:ExtractStackTrace ()
UnityEngine.DebugLogHandler:Internal_Log (UnityEngine.LogType,UnityEngine.LogOption,string,UnityEngine.Object)
UnityEngine.DebugLogHandler:LogFormat (UnityEngine.LogType,UnityEngine.Object,string,object[])
UnityEngine.Logger:Log (UnityEngine.LogType,object)
UnityEngine.Debug:Log (object)
FullSystems:Log (string) (at Assets/QA/FullSystems.cs:30)
FullSystems:Check (bool,string) (at Assets/QA/FullSystems.cs:31)
FullSystems/<Routine>d__35:MoveNext () (at Assets/QA/FullSystems.cs:159)
UnityEngine.SetupCoroutine:InvokeMoveNext (System.Collections.IEnumerator,intptr)

(Filename: Assets/QA/FullSystems.cs Line: 30)

FULL_QA PASS S5 rail shelves active 3
UnityEngine.Debug:ExtractStackTraceNoAlloc (byte*,int,string)
UnityEngine.StackTraceUtility:ExtractStackTrace ()
UnityEngine.DebugLogHandler:Internal_Log (UnityEngine.LogType,UnityEngine.LogOption,string,UnityEngine.Object)
UnityEngine.DebugLogHandler:LogFormat (UnityEngine.LogType,UnityEngine.Object,string,object[])
UnityEngine.Logger:Log (UnityEngine.LogType,object)
UnityEngine.Debug:Log (object)
FullSystems:Log (string) (at Assets/QA/FullSystems.cs:30)
FullSystems:Check (bool,string) (at Assets/QA/FullSystems.cs:31)
FullSystems/<Routine>d__35:MoveNext () (at Assets/QA/FullSystems.cs:160)
UnityEngine.SetupCoroutine:InvokeMoveNext (System.Collections.IEnumerator,intptr)

(Filename: Assets/QA/FullSystems.cs Line: 30)

FULL_QA CONTROLLED_SETUP position=(94.45, 0.08)
UnityEngine.Debug:ExtractStackTraceNoAlloc (byte*,int,string)
UnityEngine.StackTraceUtility:ExtractStackTrace ()
UnityEngine.DebugLogHandler:Internal_Log (UnityEngine.LogType,UnityEngine.LogOption,string,UnityEngine.Object)
UnityEngine.DebugLogHandler:LogFormat (UnityEngine.LogType,UnityEngine.Object,string,object[])
UnityEngine.Logger:Log (UnityEngine.LogType,object)
UnityEngine.Debug:Log (object)
FullSystems:Log (string) (at Assets/QA/FullSystems.cs:30)
FullSystems:Position (UnityEngine.Vector2) (at Assets/QA/FullSystems.cs:87)
FullSystems/<Bridge>d__34:MoveNext () (at Assets/QA/FullSystems.cs:115)
UnityEngine.SetupCoroutine:InvokeMoveNext (System.Collections.IEnumerator,intptr)

(Filename: Assets/QA/FullSystems.cs Line: 30)

FULL_QA PASS S5_REBUILD_3 E attach
UnityEngine.Debug:ExtractStackTraceNoAlloc (byte*,int,string)
UnityEngine.StackTraceUtility:ExtractStackTrace ()
UnityEngine.DebugLogHandler:Internal_Log (UnityEngine.LogType,UnityEngine.LogOption,string,UnityEngine.Object)
UnityEngine.DebugLogHandler:LogFormat (UnityEngine.LogType,UnityEngine.Object,string,object[])
UnityEngine.Logger:Log (UnityEngine.LogType,object)
UnityEngine.Debug:Log (object)
FullSystems:Log (string) (at Assets/QA/FullSystems.cs:30)
FullSystems:Check (bool,string) (at Assets/QA/FullSystems.cs:31)
FullSystems/<Bridge>d__34:MoveNext () (at Assets/QA/FullSystems.cs:116)
UnityEngine.SetupCoroutine:InvokeMoveNext (System.Collections.IEnumerator,intptr)

(Filename: Assets/QA/FullSystems.cs Line: 30)

FULL_QA PASS S5_REBUILD_3 E no permanent spend
UnityEngine.Debug:ExtractStackTraceNoAlloc (byte*,int,string)
UnityEngine.StackTraceUtility:ExtractStackTrace ()
UnityEngine.DebugLogHandler:Internal_Log (UnityEngine.LogType,UnityEngine.LogOption,string,UnityEngine.Object)
UnityEngine.DebugLogHandler:LogFormat (UnityEngine.LogType,UnityEngine.Object,string,object[])
UnityEngine.Logger:Log (UnityEngine.LogType,object)
UnityEngine.Debug:Log (object)
FullSystems:Log (string) (at Assets/QA/FullSystems.cs:30)
FullSystems:Check (bool,string) (at Assets/QA/FullSystems.cs:31)
FullSystems/<Bridge>d__34:MoveNext () (at Assets/QA/FullSystems.cs:116)
UnityEngine.SetupCoroutine:InvokeMoveNext (System.Collections.IEnumerator,intptr)

(Filename: Assets/QA/FullSystems.cs Line: 30)

FULL_QA PASS S5_REBUILD_3 Q build
UnityEngine.Debug:ExtractStackTraceNoAlloc (byte*,int,string)
UnityEngine.StackTraceUtility:ExtractStackTrace ()
UnityEngine.DebugLogHandler:Internal_Log (UnityEngine.LogType,UnityEngine.LogOption,string,UnityEngine.Object)
UnityEngine.DebugLogHandler:LogFormat (UnityEngine.LogType,UnityEngine.Object,string,object[])
UnityEngine.Logger:Log (UnityEngine.LogType,object)
UnityEngine.Debug:Log (object)
FullSystems:Log (string) (at Assets/QA/FullSystems.cs:30)
FullSystems:Check (bool,string) (at Assets/QA/FullSystems.cs:31)
FullSystems/<Bridge>d__34:MoveNext () (at Assets/QA/FullSystems.cs:117)
UnityEngine.SetupCoroutine:InvokeMoveNext (System.Collections.IEnumerator,intptr)

(Filename: Assets/QA/FullSystems.cs Line: 30)

FULL_QA PASS S5_REBUILD_3 Q exact resource cost
UnityEngine.Debug:ExtractStackTraceNoAlloc (byte*,int,string)
UnityEngine.StackTraceUtility:ExtractStackTrace ()
UnityEngine.DebugLogHandler:Internal_Log (UnityEngine.LogType,UnityEngine.LogOption,string,UnityEngine.Object)
UnityEngine.DebugLogHandler:LogFormat (UnityEngine.LogType,UnityEngine.Object,string,object[])
UnityEngine.Logger:Log (UnityEngine.LogType,object)
UnityEngine.Debug:Log (object)
FullSystems:Log (string) (at Assets/QA/FullSystems.cs:30)
FullSystems:Check (bool,string) (at Assets/QA/FullSystems.cs:31)
FullSystems/<Bridge>d__34:MoveNext () (at Assets/QA/FullSystems.cs:117)
UnityEngine.SetupCoroutine:InvokeMoveNext (System.Collections.IEnumerator,intptr)

(Filename: Assets/QA/FullSystems.cs Line: 30)

TrimDiskCacheJob: Current cache size 0mb
FULL_QA PASS retry playable S5_FINAL_R
UnityEngine.Debug:ExtractStackTraceNoAlloc (byte*,int,string)
UnityEngine.StackTraceUtility:ExtractStackTrace ()
UnityEngine.DebugLogHandler:Internal_Log (UnityEngine.LogType,UnityEngine.LogOption,string,UnityEngine.Object)
UnityEngine.DebugLogHandler:LogFormat (UnityEngine.LogType,UnityEngine.Object,string,object[])
UnityEngine.Logger:Log (UnityEngine.LogType,object)
UnityEngine.Debug:Log (object)
FullSystems:Log (string) (at Assets/QA/FullSystems.cs:30)
FullSystems:Check (bool,string) (at Assets/QA/FullSystems.cs:31)
FullSystems/<Retry>d__32:MoveNext () (at Assets/QA/FullSystems.cs:105)
UnityEngine.SetupCoroutine:InvokeMoveNext (System.Collections.IEnumerator,intptr)

(Filename: Assets/QA/FullSystems.cs Line: 30)

FULL_QA PASS checkpoint object exists 6
UnityEngine.Debug:ExtractStackTraceNoAlloc (byte*,int,string)
UnityEngine.StackTraceUtility:ExtractStackTrace ()
UnityEngine.DebugLogHandler:Internal_Log (UnityEngine.LogType,UnityEngine.LogOption,string,UnityEngine.Object)
UnityEngine.DebugLogHandler:LogFormat (UnityEngine.LogType,UnityEngine.Object,string,object[])
UnityEngine.Logger:Log (UnityEngine.LogType,object)
UnityEngine.Debug:Log (object)
FullSystems:Log (string) (at Assets/QA/FullSystems.cs:30)
FullSystems:Check (bool,string) (at Assets/QA/FullSystems.cs:31)
FullSystems/<EnterSection>d__31:MoveNext () (at Assets/QA/FullSystems.cs:98)
UnityEngine.SetupCoroutine:InvokeMoveNext (System.Collections.IEnumerator,intptr)

(Filename: Assets/QA/FullSystems.cs Line: 30)

FULL_QA CONTROLLED_SETUP position=(112.40, -0.95)
UnityEngine.Debug:ExtractStackTraceNoAlloc (byte*,int,string)
UnityEngine.StackTraceUtility:ExtractStackTrace ()
UnityEngine.DebugLogHandler:Internal_Log (UnityEngine.LogType,UnityEngine.LogOption,string,UnityEngine.Object)
UnityEngine.DebugLogHandler:LogFormat (UnityEngine.LogType,UnityEngine.Object,string,object[])
UnityEngine.Logger:Log (UnityEngine.LogType,object)
UnityEngine.Debug:Log (object)
FullSystems:Log (string) (at Assets/QA/FullSystems.cs:30)
FullSystems:Position (UnityEngine.Vector2) (at Assets/QA/FullSystems.cs:87)
FullSystems/<EnterSection>d__31:MoveNext () (at Assets/QA/FullSystems.cs:99)
UnityEngine.SetupCoroutine:InvokeMoveNext (System.Collections.IEnumerator,intptr)

(Filename: Assets/QA/FullSystems.cs Line: 30)

FULL_QA PASS controlled physical top landing captures 6
UnityEngine.Debug:ExtractStackTraceNoAlloc (byte*,int,string)
UnityEngine.StackTraceUtility:ExtractStackTrace ()
UnityEngine.DebugLogHandler:Internal_Log (UnityEngine.LogType,UnityEngine.LogOption,string,UnityEngine.Object)
UnityEngine.DebugLogHandler:LogFormat (UnityEngine.LogType,UnityEngine.Object,string,object[])
UnityEngine.Logger:Log (UnityEngine.LogType,object)
UnityEngine.Debug:Log (object)
FullSystems:Log (string) (at Assets/QA/FullSystems.cs:30)
FullSystems:Check (bool,string) (at Assets/QA/FullSystems.cs:31)
FullSystems/<EnterSection>d__31:MoveNext () (at Assets/QA/FullSystems.cs:100)
UnityEngine.SetupCoroutine:InvokeMoveNext (System.Collections.IEnumerator,intptr)

(Filename: Assets/QA/FullSystems.cs Line: 30)

FULL_QA CONTROLLED_SETUP position=(118.45, -1.42)
UnityEngine.Debug:ExtractStackTraceNoAlloc (byte*,int,string)
UnityEngine.StackTraceUtility:ExtractStackTrace ()
UnityEngine.DebugLogHandler:Internal_Log (UnityEngine.LogType,UnityEngine.LogOption,string,UnityEngine.Object)
UnityEngine.DebugLogHandler:LogFormat (UnityEngine.LogType,UnityEngine.Object,string,object[])
UnityEngine.Logger:Log (UnityEngine.LogType,object)
UnityEngine.Debug:Log (object)
FullSystems:Log (string) (at Assets/QA/FullSystems.cs:30)
FullSystems:Position (UnityEngine.Vector2) (at Assets/QA/FullSystems.cs:87)
FullSystems/<Bridge>d__34:MoveNext () (at Assets/QA/FullSystems.cs:115)
UnityEngine.SetupCoroutine:InvokeMoveNext (System.Collections.IEnumerator,intptr)

(Filename: Assets/QA/FullSystems.cs Line: 30)

FULL_QA PASS S6_UPPER E attach
UnityEngine.Debug:ExtractStackTraceNoAlloc (byte*,int,string)
UnityEngine.StackTraceUtility:ExtractStackTrace ()
UnityEngine.DebugLogHandler:Internal_Log (UnityEngine.LogType,UnityEngine.LogOption,string,UnityEngine.Object)
UnityEngine.DebugLogHandler:LogFormat (UnityEngine.LogType,UnityEngine.Object,string,object[])
UnityEngine.Logger:Log (UnityEngine.LogType,object)
UnityEngine.Debug:Log (object)
FullSystems:Log (string) (at Assets/QA/FullSystems.cs:30)
FullSystems:Check (bool,string) (at Assets/QA/FullSystems.cs:31)
FullSystems/<Bridge>d__34:MoveNext () (at Assets/QA/FullSystems.cs:116)
UnityEngine.SetupCoroutine:InvokeMoveNext (System.Collections.IEnumerator,intptr)

(Filename: Assets/QA/FullSystems.cs Line: 30)

FULL_QA PASS S6_UPPER E no permanent spend
UnityEngine.Debug:ExtractStackTraceNoAlloc (byte*,int,string)
UnityEngine.StackTraceUtility:ExtractStackTrace ()
UnityEngine.DebugLogHandler:Internal_Log (UnityEngine.LogType,UnityEngine.LogOption,string,UnityEngine.Object)
UnityEngine.DebugLogHandler:LogFormat (UnityEngine.LogType,UnityEngine.Object,string,object[])
UnityEngine.Logger:Log (UnityEngine.LogType,object)
UnityEngine.Debug:Log (object)
FullSystems:Log (string) (at Assets/QA/FullSystems.cs:30)
FullSystems:Check (bool,string) (at Assets/QA/FullSystems.cs:31)
FullSystems/<Bridge>d__34:MoveNext () (at Assets/QA/FullSystems.cs:116)
UnityEngine.SetupCoroutine:InvokeMoveNext (System.Collections.IEnumerator,intptr)

(Filename: Assets/QA/FullSystems.cs Line: 30)

FULL_QA PASS S6_UPPER Q build
UnityEngine.Debug:ExtractStackTraceNoAlloc (byte*,int,string)
UnityEngine.StackTraceUtility:ExtractStackTrace ()
UnityEngine.DebugLogHandler:Internal_Log (UnityEngine.LogType,UnityEngine.LogOption,string,UnityEngine.Object)
UnityEngine.DebugLogHandler:LogFormat (UnityEngine.LogType,UnityEngine.Object,string,object[])
UnityEngine.Logger:Log (UnityEngine.LogType,object)
UnityEngine.Debug:Log (object)
FullSystems:Log (string) (at Assets/QA/FullSystems.cs:30)
FullSystems:Check (bool,string) (at Assets/QA/FullSystems.cs:31)
FullSystems/<Bridge>d__34:MoveNext () (at Assets/QA/FullSystems.cs:117)
UnityEngine.SetupCoroutine:InvokeMoveNext (System.Collections.IEnumerator,intptr)

(Filename: Assets/QA/FullSystems.cs Line: 30)

FULL_QA PASS S6_UPPER Q exact resource cost
UnityEngine.Debug:ExtractStackTraceNoAlloc (byte*,int,string)
UnityEngine.StackTraceUtility:ExtractStackTrace ()
UnityEngine.DebugLogHandler:Internal_Log (UnityEngine.LogType,UnityEngine.LogOption,string,UnityEngine.Object)
UnityEngine.DebugLogHandler:LogFormat (UnityEngine.LogType,UnityEngine.Object,string,object[])
UnityEngine.Logger:Log (UnityEngine.LogType,object)
UnityEngine.Debug:Log (object)
FullSystems:Log (string) (at Assets/QA/FullSystems.cs:30)
FullSystems:Check (bool,string) (at Assets/QA/FullSystems.cs:31)
FullSystems/<Bridge>d__34:MoveNext () (at Assets/QA/FullSystems.cs:117)
UnityEngine.SetupCoroutine:InvokeMoveNext (System.Collections.IEnumerator,intptr)

(Filename: Assets/QA/FullSystems.cs Line: 30)

FULL_QA PASS physical walk target 131.6 actual (131.65, 4.17)
UnityEngine.Debug:ExtractStackTraceNoAlloc (byte*,int,string)
UnityEngine.StackTraceUtility:ExtractStackTrace ()
UnityEngine.DebugLogHandler:Internal_Log (UnityEngine.LogType,UnityEngine.LogOption,string,UnityEngine.Object)
UnityEngine.DebugLogHandler:LogFormat (UnityEngine.LogType,UnityEngine.Object,string,object[])
UnityEngine.Logger:Log (UnityEngine.LogType,object)
UnityEngine.Debug:Log (object)
FullSystems:Log (string) (at Assets/QA/FullSystems.cs:30)
FullSystems:Check (bool,string) (at Assets/QA/FullSystems.cs:31)
FullSystems/<Walk>d__33:MoveNext () (at Assets/QA/FullSystems.cs:111)
UnityEngine.SetupCoroutine:InvokeMoveNext (System.Collections.IEnumerator,intptr)

(Filename: Assets/QA/FullSystems.cs Line: 30)

FULL_QA PASS retry playable S6_R
UnityEngine.Debug:ExtractStackTraceNoAlloc (byte*,int,string)
UnityEngine.StackTraceUtility:ExtractStackTrace ()
UnityEngine.DebugLogHandler:Internal_Log (UnityEngine.LogType,UnityEngine.LogOption,string,UnityEngine.Object)
UnityEngine.DebugLogHandler:LogFormat (UnityEngine.LogType,UnityEngine.Object,string,object[])
UnityEngine.Logger:Log (UnityEngine.LogType,object)
UnityEngine.Debug:Log (object)
FullSystems:Log (string) (at Assets/QA/FullSystems.cs:30)
FullSystems:Check (bool,string) (at Assets/QA/FullSystems.cs:31)
FullSystems/<Retry>d__32:MoveNext () (at Assets/QA/FullSystems.cs:105)
UnityEngine.SetupCoroutine:InvokeMoveNext (System.Collections.IEnumerator,intptr)

(Filename: Assets/QA/FullSystems.cs Line: 30)

FULL_QA CONTROLLED_SETUP position=(118.40, -1.45)
UnityEngine.Debug:ExtractStackTraceNoAlloc (byte*,int,string)
UnityEngine.StackTraceUtility:ExtractStackTrace ()
UnityEngine.DebugLogHandler:Internal_Log (UnityEngine.LogType,UnityEngine.LogOption,string,UnityEngine.Object)
UnityEngine.DebugLogHandler:LogFormat (UnityEngine.LogType,UnityEngine.Object,string,object[])
UnityEngine.Logger:Log (UnityEngine.LogType,object)
UnityEngine.Debug:Log (object)
FullSystems:Log (string) (at Assets/QA/FullSystems.cs:30)
FullSystems:Position (UnityEngine.Vector2) (at Assets/QA/FullSystems.cs:87)
FullSystems/<Routine>d__35:MoveNext () (at Assets/QA/FullSystems.cs:167)
UnityEngine.SetupCoroutine:InvokeMoveNext (System.Collections.IEnumerator,intptr)

(Filename: Assets/QA/FullSystems.cs Line: 30)

FULL_QA PASS S6 lower initial grounded E
UnityEngine.Debug:ExtractStackTraceNoAlloc (byte*,int,string)
UnityEngine.StackTraceUtility:ExtractStackTrace ()
UnityEngine.DebugLogHandler:Internal_Log (UnityEngine.LogType,UnityEngine.LogOption,string,UnityEngine.Object)
UnityEngine.DebugLogHandler:LogFormat (UnityEngine.LogType,UnityEngine.Object,string,object[])
UnityEngine.Logger:Log (UnityEngine.LogType,object)
UnityEngine.Debug:Log (object)
FullSystems:Log (string) (at Assets/QA/FullSystems.cs:30)
FullSystems:Check (bool,string) (at Assets/QA/FullSystems.cs:31)
FullSystems/<Routine>d__35:MoveNext () (at Assets/QA/FullSystems.cs:168)
UnityEngine.SetupCoroutine:InvokeMoveNext (System.Collections.IEnumerator,intptr)

(Filename: Assets/QA/FullSystems.cs Line: 30)

FULL_QA PASS S6 air-chain window opens after manual detach
UnityEngine.Debug:ExtractStackTraceNoAlloc (byte*,int,string)
UnityEngine.StackTraceUtility:ExtractStackTrace ()
UnityEngine.DebugLogHandler:Internal_Log (UnityEngine.LogType,UnityEngine.LogOption,string,UnityEngine.Object)
UnityEngine.DebugLogHandler:LogFormat (UnityEngine.LogType,UnityEngine.Object,string,object[])
UnityEngine.Logger:Log (UnityEngine.LogType,object)
UnityEngine.Debug:Log (object)
FullSystems:Log (string) (at Assets/QA/FullSystems.cs:30)
FullSystems:Check (bool,string) (at Assets/QA/FullSystems.cs:31)
FullSystems/<Routine>d__35:MoveNext () (at Assets/QA/FullSystems.cs:172)
UnityEngine.SetupCoroutine:InvokeMoveNext (System.Collections.IEnumerator,intptr)

(Filename: Assets/QA/FullSystems.cs Line: 30)

FULL_QA PASS S6 immediate sequential air reattach API
UnityEngine.Debug:ExtractStackTraceNoAlloc (byte*,int,string)
UnityEngine.StackTraceUtility:ExtractStackTrace ()
UnityEngine.DebugLogHandler:Internal_Log (UnityEngine.LogType,UnityEngine.LogOption,string,UnityEngine.Object)
UnityEngine.DebugLogHandler:LogFormat (UnityEngine.LogType,UnityEngine.Object,string,object[])
UnityEngine.Logger:Log (UnityEngine.LogType,object)
UnityEngine.Debug:Log (object)
FullSystems:Log (string) (at Assets/QA/FullSystems.cs:30)
FullSystems:Check (bool,string) (at Assets/QA/FullSystems.cs:31)
FullSystems/<Routine>d__35:MoveNext () (at Assets/QA/FullSystems.cs:173)
UnityEngine.SetupCoroutine:InvokeMoveNext (System.Collections.IEnumerator,intptr)

(Filename: Assets/QA/FullSystems.cs Line: 30)

FULL_QA PASS S6 1.5sec window expires
UnityEngine.Debug:ExtractStackTraceNoAlloc (byte*,int,string)
UnityEngine.StackTraceUtility:ExtractStackTrace ()
UnityEngine.DebugLogHandler:Internal_Log (UnityEngine.LogType,UnityEngine.LogOption,string,UnityEngine.Object)
UnityEngine.DebugLogHandler:LogFormat (UnityEngine.LogType,UnityEngine.Object,string,object[])
UnityEngine.Logger:Log (UnityEngine.LogType,object)
UnityEngine.Debug:Log (object)
FullSystems:Log (string) (at Assets/QA/FullSystems.cs:30)
FullSystems:Check (bool,string) (at Assets/QA/FullSystems.cs:31)
FullSystems/<Routine>d__35:MoveNext () (at Assets/QA/FullSystems.cs:174)
UnityEngine.SetupCoroutine:InvokeMoveNext (System.Collections.IEnumerator,intptr)

(Filename: Assets/QA/FullSystems.cs Line: 30)

FULL_QA PASS retry playable S6_AFTER_CHAIN_R
UnityEngine.Debug:ExtractStackTraceNoAlloc (byte*,int,string)
UnityEngine.StackTraceUtility:ExtractStackTrace ()
UnityEngine.DebugLogHandler:Internal_Log (UnityEngine.LogType,UnityEngine.LogOption,string,UnityEngine.Object)
UnityEngine.DebugLogHandler:LogFormat (UnityEngine.LogType,UnityEngine.Object,string,object[])
UnityEngine.Logger:Log (UnityEngine.LogType,object)
UnityEngine.Debug:Log (object)
FullSystems:Log (string) (at Assets/QA/FullSystems.cs:30)
FullSystems:Check (bool,string) (at Assets/QA/FullSystems.cs:31)
FullSystems/<Retry>d__32:MoveNext () (at Assets/QA/FullSystems.cs:105)
UnityEngine.SetupCoroutine:InvokeMoveNext (System.Collections.IEnumerator,intptr)

(Filename: Assets/QA/FullSystems.cs Line: 30)

FULL_QA PASS checkpoint object exists 7
UnityEngine.Debug:ExtractStackTraceNoAlloc (byte*,int,string)
UnityEngine.StackTraceUtility:ExtractStackTrace ()
UnityEngine.DebugLogHandler:Internal_Log (UnityEngine.LogType,UnityEngine.LogOption,string,UnityEngine.Object)
UnityEngine.DebugLogHandler:LogFormat (UnityEngine.LogType,UnityEngine.Object,string,object[])
UnityEngine.Logger:Log (UnityEngine.LogType,object)
UnityEngine.Debug:Log (object)
FullSystems:Log (string) (at Assets/QA/FullSystems.cs:30)
FullSystems:Check (bool,string) (at Assets/QA/FullSystems.cs:31)
FullSystems/<EnterSection>d__31:MoveNext () (at Assets/QA/FullSystems.cs:98)
UnityEngine.SetupCoroutine:InvokeMoveNext (System.Collections.IEnumerator,intptr)

(Filename: Assets/QA/FullSystems.cs Line: 30)

FULL_QA CONTROLLED_SETUP position=(147.90, -0.95)
UnityEngine.Debug:ExtractStackTraceNoAlloc (byte*,int,string)
UnityEngine.StackTraceUtility:ExtractStackTrace ()
UnityEngine.DebugLogHandler:Internal_Log (UnityEngine.LogType,UnityEngine.LogOption,string,UnityEngine.Object)
UnityEngine.DebugLogHandler:LogFormat (UnityEngine.LogType,UnityEngine.Object,string,object[])
UnityEngine.Logger:Log (UnityEngine.LogType,object)
UnityEngine.Debug:Log (object)
FullSystems:Log (string) (at Assets/QA/FullSystems.cs:30)
FullSystems:Position (UnityEngine.Vector2) (at Assets/QA/FullSystems.cs:87)
FullSystems/<EnterSection>d__31:MoveNext () (at Assets/QA/FullSystems.cs:99)
UnityEngine.SetupCoroutine:InvokeMoveNext (System.Collections.IEnumerator,intptr)

(Filename: Assets/QA/FullSystems.cs Line: 30)

FULL_QA PASS controlled physical top landing captures 7
UnityEngine.Debug:ExtractStackTraceNoAlloc (byte*,int,string)
UnityEngine.StackTraceUtility:ExtractStackTrace ()
UnityEngine.DebugLogHandler:Internal_Log (UnityEngine.LogType,UnityEngine.LogOption,string,UnityEngine.Object)
UnityEngine.DebugLogHandler:LogFormat (UnityEngine.LogType,UnityEngine.Object,string,object[])
UnityEngine.Logger:Log (UnityEngine.LogType,object)
UnityEngine.Debug:Log (object)
FullSystems:Log (string) (at Assets/QA/FullSystems.cs:30)
FullSystems:Check (bool,string) (at Assets/QA/FullSystems.cs:31)
FullSystems/<EnterSection>d__31:MoveNext () (at Assets/QA/FullSystems.cs:100)
UnityEngine.SetupCoroutine:InvokeMoveNext (System.Collections.IEnumerator,intptr)

(Filename: Assets/QA/FullSystems.cs Line: 30)

FULL_QA CONTROLLED_SETUP position=(154.45, -1.42)
UnityEngine.Debug:ExtractStackTraceNoAlloc (byte*,int,string)
UnityEngine.StackTraceUtility:ExtractStackTrace ()
UnityEngine.DebugLogHandler:Internal_Log (UnityEngine.LogType,UnityEngine.LogOption,string,UnityEngine.Object)
UnityEngine.DebugLogHandler:LogFormat (UnityEngine.LogType,UnityEngine.Object,string,object[])
UnityEngine.Logger:Log (UnityEngine.LogType,object)
UnityEngine.Debug:Log (object)
FullSystems:Log (string) (at Assets/QA/FullSystems.cs:30)
FullSystems:Position (UnityEngine.Vector2) (at Assets/QA/FullSystems.cs:87)
FullSystems/<Bridge>d__34:MoveNext () (at Assets/QA/FullSystems.cs:115)
UnityEngine.SetupCoroutine:InvokeMoveNext (System.Collections.IEnumerator,intptr)

(Filename: Assets/QA/FullSystems.cs Line: 30)

FULL_QA PASS S7_BRIDGE E attach
UnityEngine.Debug:ExtractStackTraceNoAlloc (byte*,int,string)
UnityEngine.StackTraceUtility:ExtractStackTrace ()
UnityEngine.DebugLogHandler:Internal_Log (UnityEngine.LogType,UnityEngine.LogOption,string,UnityEngine.Object)
UnityEngine.DebugLogHandler:LogFormat (UnityEngine.LogType,UnityEngine.Object,string,object[])
UnityEngine.Logger:Log (UnityEngine.LogType,object)
UnityEngine.Debug:Log (object)
FullSystems:Log (string) (at Assets/QA/FullSystems.cs:30)
FullSystems:Check (bool,string) (at Assets/QA/FullSystems.cs:31)
FullSystems/<Bridge>d__34:MoveNext () (at Assets/QA/FullSystems.cs:116)
UnityEngine.SetupCoroutine:InvokeMoveNext (System.Collections.IEnumerator,intptr)

(Filename: Assets/QA/FullSystems.cs Line: 30)

FULL_QA PASS S7_BRIDGE E no permanent spend
UnityEngine.Debug:ExtractStackTraceNoAlloc (byte*,int,string)
UnityEngine.StackTraceUtility:ExtractStackTrace ()
UnityEngine.DebugLogHandler:Internal_Log (UnityEngine.LogType,UnityEngine.LogOption,string,UnityEngine.Object)
UnityEngine.DebugLogHandler:LogFormat (UnityEngine.LogType,UnityEngine.Object,string,object[])
UnityEngine.Logger:Log (UnityEngine.LogType,object)
UnityEngine.Debug:Log (object)
FullSystems:Log (string) (at Assets/QA/FullSystems.cs:30)
FullSystems:Check (bool,string) (at Assets/QA/FullSystems.cs:31)
FullSystems/<Bridge>d__34:MoveNext () (at Assets/QA/FullSystems.cs:116)
UnityEngine.SetupCoroutine:InvokeMoveNext (System.Collections.IEnumerator,intptr)

(Filename: Assets/QA/FullSystems.cs Line: 30)

FULL_QA PASS S7_BRIDGE Q build
UnityEngine.Debug:ExtractStackTraceNoAlloc (byte*,int,string)
UnityEngine.StackTraceUtility:ExtractStackTrace ()
UnityEngine.DebugLogHandler:Internal_Log (UnityEngine.LogType,UnityEngine.LogOption,string,UnityEngine.Object)
UnityEngine.DebugLogHandler:LogFormat (UnityEngine.LogType,UnityEngine.Object,string,object[])
UnityEngine.Logger:Log (UnityEngine.LogType,object)
UnityEngine.Debug:Log (object)
FullSystems:Log (string) (at Assets/QA/FullSystems.cs:30)
FullSystems:Check (bool,string) (at Assets/QA/FullSystems.cs:31)
FullSystems/<Bridge>d__34:MoveNext () (at Assets/QA/FullSystems.cs:117)
UnityEngine.SetupCoroutine:InvokeMoveNext (System.Collections.IEnumerator,intptr)

(Filename: Assets/QA/FullSystems.cs Line: 30)

FULL_QA PASS S7_BRIDGE Q exact resource cost
UnityEngine.Debug:ExtractStackTraceNoAlloc (byte*,int,string)
UnityEngine.StackTraceUtility:ExtractStackTrace ()
UnityEngine.DebugLogHandler:Internal_Log (UnityEngine.LogType,UnityEngine.LogOption,string,UnityEngine.Object)
UnityEngine.DebugLogHandler:LogFormat (UnityEngine.LogType,UnityEngine.Object,string,object[])
UnityEngine.Logger:Log (UnityEngine.LogType,object)
UnityEngine.Debug:Log (object)
FullSystems:Log (string) (at Assets/QA/FullSystems.cs:30)
FullSystems:Check (bool,string) (at Assets/QA/FullSystems.cs:31)
FullSystems/<Bridge>d__34:MoveNext () (at Assets/QA/FullSystems.cs:117)
UnityEngine.SetupCoroutine:InvokeMoveNext (System.Collections.IEnumerator,intptr)

(Filename: Assets/QA/FullSystems.cs Line: 30)

FULL_QA PASS physical walk target 159.7 actual (159.82, 0.27)
UnityEngine.Debug:ExtractStackTraceNoAlloc (byte*,int,string)
UnityEngine.StackTraceUtility:ExtractStackTrace ()
UnityEngine.DebugLogHandler:Internal_Log (UnityEngine.LogType,UnityEngine.LogOption,string,UnityEngine.Object)
UnityEngine.DebugLogHandler:LogFormat (UnityEngine.LogType,UnityEngine.Object,string,object[])
UnityEngine.Logger:Log (UnityEngine.LogType,object)
UnityEngine.Debug:Log (object)
FullSystems:Log (string) (at Assets/QA/FullSystems.cs:30)
FullSystems:Check (bool,string) (at Assets/QA/FullSystems.cs:31)
FullSystems/<Walk>d__33:MoveNext () (at Assets/QA/FullSystems.cs:111)
UnityEngine.SetupCoroutine:InvokeMoveNext (System.Collections.IEnumerator,intptr)

(Filename: Assets/QA/FullSystems.cs Line: 30)

FULL_QA PASS retry playable S7_R
UnityEngine.Debug:ExtractStackTraceNoAlloc (byte*,int,string)
UnityEngine.StackTraceUtility:ExtractStackTrace ()
UnityEngine.DebugLogHandler:Internal_Log (UnityEngine.LogType,UnityEngine.LogOption,string,UnityEngine.Object)
UnityEngine.DebugLogHandler:LogFormat (UnityEngine.LogType,UnityEngine.Object,string,object[])
UnityEngine.Logger:Log (UnityEngine.LogType,object)
UnityEngine.Debug:Log (object)
FullSystems:Log (string) (at Assets/QA/FullSystems.cs:30)
FullSystems:Check (bool,string) (at Assets/QA/FullSystems.cs:31)
FullSystems/<Retry>d__32:MoveNext () (at Assets/QA/FullSystems.cs:105)
UnityEngine.SetupCoroutine:InvokeMoveNext (System.Collections.IEnumerator,intptr)

(Filename: Assets/QA/FullSystems.cs Line: 30)

FULL_QA PASS checkpoint object exists 9
UnityEngine.Debug:ExtractStackTraceNoAlloc (byte*,int,string)
UnityEngine.StackTraceUtility:ExtractStackTrace ()
UnityEngine.DebugLogHandler:Internal_Log (UnityEngine.LogType,UnityEngine.LogOption,string,UnityEngine.Object)
UnityEngine.DebugLogHandler:LogFormat (UnityEngine.LogType,UnityEngine.Object,string,object[])
UnityEngine.Logger:Log (UnityEngine.LogType,object)
UnityEngine.Debug:Log (object)
FullSystems:Log (string) (at Assets/QA/FullSystems.cs:30)
FullSystems:Check (bool,string) (at Assets/QA/FullSystems.cs:31)
FullSystems/<EnterSection>d__31:MoveNext () (at Assets/QA/FullSystems.cs:98)
UnityEngine.SetupCoroutine:InvokeMoveNext (System.Collections.IEnumerator,intptr)

(Filename: Assets/QA/FullSystems.cs Line: 30)

FULL_QA CONTROLLED_SETUP position=(172.80, -0.95)
UnityEngine.Debug:ExtractStackTraceNoAlloc (byte*,int,string)
UnityEngine.StackTraceUtility:ExtractStackTrace ()
UnityEngine.DebugLogHandler:Internal_Log (UnityEngine.LogType,UnityEngine.LogOption,string,UnityEngine.Object)
UnityEngine.DebugLogHandler:LogFormat (UnityEngine.LogType,UnityEngine.Object,string,object[])
UnityEngine.Logger:Log (UnityEngine.LogType,object)
UnityEngine.Debug:Log (object)
FullSystems:Log (string) (at Assets/QA/FullSystems.cs:30)
FullSystems:Position (UnityEngine.Vector2) (at Assets/QA/FullSystems.cs:87)
FullSystems/<EnterSection>d__31:MoveNext () (at Assets/QA/FullSystems.cs:99)
UnityEngine.SetupCoroutine:InvokeMoveNext (System.Collections.IEnumerator,intptr)

(Filename: Assets/QA/FullSystems.cs Line: 30)

FULL_QA PASS controlled physical top landing captures 9
UnityEngine.Debug:ExtractStackTraceNoAlloc (byte*,int,string)
UnityEngine.StackTraceUtility:ExtractStackTrace ()
UnityEngine.DebugLogHandler:Internal_Log (UnityEngine.LogType,UnityEngine.LogOption,string,UnityEngine.Object)
UnityEngine.DebugLogHandler:LogFormat (UnityEngine.LogType,UnityEngine.Object,string,object[])
UnityEngine.Logger:Log (UnityEngine.LogType,object)
UnityEngine.Debug:Log (object)
FullSystems:Log (string) (at Assets/QA/FullSystems.cs:30)
FullSystems:Check (bool,string) (at Assets/QA/FullSystems.cs:31)
FullSystems/<EnterSection>d__31:MoveNext () (at Assets/QA/FullSystems.cs:100)
UnityEngine.SetupCoroutine:InvokeMoveNext (System.Collections.IEnumerator,intptr)

(Filename: Assets/QA/FullSystems.cs Line: 30)

FULL_QA PASS KNOWN CONTENT STRUCTURE physical progression7 ->9
UnityEngine.Debug:ExtractStackTraceNoAlloc (byte*,int,string)
UnityEngine.StackTraceUtility:ExtractStackTrace ()
UnityEngine.DebugLogHandler:Internal_Log (UnityEngine.LogType,UnityEngine.LogOption,string,UnityEngine.Object)
UnityEngine.DebugLogHandler:LogFormat (UnityEngine.LogType,UnityEngine.Object,string,object[])
UnityEngine.Logger:Log (UnityEngine.LogType,object)
UnityEngine.Debug:Log (object)
FullSystems:Log (string) (at Assets/QA/FullSystems.cs:30)
FullSystems:Check (bool,string) (at Assets/QA/FullSystems.cs:31)
FullSystems/<Routine>d__35:MoveNext () (at Assets/QA/FullSystems.cs:180)
UnityEngine.SetupCoroutine:InvokeMoveNext (System.Collections.IEnumerator,intptr)

(Filename: Assets/QA/FullSystems.cs Line: 30)

FULL_QA CONTROLLED_SETUP position=(179.35, -1.42)
UnityEngine.Debug:ExtractStackTraceNoAlloc (byte*,int,string)
UnityEngine.StackTraceUtility:ExtractStackTrace ()
UnityEngine.DebugLogHandler:Internal_Log (UnityEngine.LogType,UnityEngine.LogOption,string,UnityEngine.Object)
UnityEngine.DebugLogHandler:LogFormat (UnityEngine.LogType,UnityEngine.Object,string,object[])
UnityEngine.Logger:Log (UnityEngine.LogType,object)
UnityEngine.Debug:Log (object)
FullSystems:Log (string) (at Assets/QA/FullSystems.cs:30)
FullSystems:Position (UnityEngine.Vector2) (at Assets/QA/FullSystems.cs:87)
FullSystems/<Bridge>d__34:MoveNext () (at Assets/QA/FullSystems.cs:115)
UnityEngine.SetupCoroutine:InvokeMoveNext (System.Collections.IEnumerator,intptr)

(Filename: Assets/QA/FullSystems.cs Line: 30)

FULL_QA PASS S9_LEFT E attach
UnityEngine.Debug:ExtractStackTraceNoAlloc (byte*,int,string)
UnityEngine.StackTraceUtility:ExtractStackTrace ()
UnityEngine.DebugLogHandler:Internal_Log (UnityEngine.LogType,UnityEngine.LogOption,string,UnityEngine.Object)
UnityEngine.DebugLogHandler:LogFormat (UnityEngine.LogType,UnityEngine.Object,string,object[])
UnityEngine.Logger:Log (UnityEngine.LogType,object)
UnityEngine.Debug:Log (object)
FullSystems:Log (string) (at Assets/QA/FullSystems.cs:30)
FullSystems:Check (bool,string) (at Assets/QA/FullSystems.cs:31)
FullSystems/<Bridge>d__34:MoveNext () (at Assets/QA/FullSystems.cs:116)
UnityEngine.SetupCoroutine:InvokeMoveNext (System.Collections.IEnumerator,intptr)

(Filename: Assets/QA/FullSystems.cs Line: 30)

FULL_QA PASS S9_LEFT E no permanent spend
UnityEngine.Debug:ExtractStackTraceNoAlloc (byte*,int,string)
UnityEngine.StackTraceUtility:ExtractStackTrace ()
UnityEngine.DebugLogHandler:Internal_Log (UnityEngine.LogType,UnityEngine.LogOption,string,UnityEngine.Object)
UnityEngine.DebugLogHandler:LogFormat (UnityEngine.LogType,UnityEngine.Object,string,object[])
UnityEngine.Logger:Log (UnityEngine.LogType,object)
UnityEngine.Debug:Log (object)
FullSystems:Log (string) (at Assets/QA/FullSystems.cs:30)
FullSystems:Check (bool,string) (at Assets/QA/FullSystems.cs:31)
FullSystems/<Bridge>d__34:MoveNext () (at Assets/QA/FullSystems.cs:116)
UnityEngine.SetupCoroutine:InvokeMoveNext (System.Collections.IEnumerator,intptr)

(Filename: Assets/QA/FullSystems.cs Line: 30)

FULL_QA PASS S9_LEFT Q build
UnityEngine.Debug:ExtractStackTraceNoAlloc (byte*,int,string)
UnityEngine.StackTraceUtility:ExtractStackTrace ()
UnityEngine.DebugLogHandler:Internal_Log (UnityEngine.LogType,UnityEngine.LogOption,string,UnityEngine.Object)
UnityEngine.DebugLogHandler:LogFormat (UnityEngine.LogType,UnityEngine.Object,string,object[])
UnityEngine.Logger:Log (UnityEngine.LogType,object)
UnityEngine.Debug:Log (object)
FullSystems:Log (string) (at Assets/QA/FullSystems.cs:30)
FullSystems:Check (bool,string) (at Assets/QA/FullSystems.cs:31)
FullSystems/<Bridge>d__34:MoveNext () (at Assets/QA/FullSystems.cs:117)
UnityEngine.SetupCoroutine:InvokeMoveNext (System.Collections.IEnumerator,intptr)

(Filename: Assets/QA/FullSystems.cs Line: 30)

FULL_QA PASS S9_LEFT Q exact resource cost
UnityEngine.Debug:ExtractStackTraceNoAlloc (byte*,int,string)
UnityEngine.StackTraceUtility:ExtractStackTrace ()
UnityEngine.DebugLogHandler:Internal_Log (UnityEngine.LogType,UnityEngine.LogOption,string,UnityEngine.Object)
UnityEngine.DebugLogHandler:LogFormat (UnityEngine.LogType,UnityEngine.Object,string,object[])
UnityEngine.Logger:Log (UnityEngine.LogType,object)
UnityEngine.Debug:Log (object)
FullSystems:Log (string) (at Assets/QA/FullSystems.cs:30)
FullSystems:Check (bool,string) (at Assets/QA/FullSystems.cs:31)
FullSystems/<Bridge>d__34:MoveNext () (at Assets/QA/FullSystems.cs:117)
UnityEngine.SetupCoroutine:InvokeMoveNext (System.Collections.IEnumerator,intptr)

(Filename: Assets/QA/FullSystems.cs Line: 30)

FULL_QA PASS physical walk target 184.85 actual (184.93, -0.39)
UnityEngine.Debug:ExtractStackTraceNoAlloc (byte*,int,string)
UnityEngine.StackTraceUtility:ExtractStackTrace ()
UnityEngine.DebugLogHandler:Internal_Log (UnityEngine.LogType,UnityEngine.LogOption,string,UnityEngine.Object)
UnityEngine.DebugLogHandler:LogFormat (UnityEngine.LogType,UnityEngine.Object,string,object[])
UnityEngine.Logger:Log (UnityEngine.LogType,object)
UnityEngine.Debug:Log (object)
FullSystems:Log (string) (at Assets/QA/FullSystems.cs:30)
FullSystems:Check (bool,string) (at Assets/QA/FullSystems.cs:31)
FullSystems/<Walk>d__33:MoveNext () (at Assets/QA/FullSystems.cs:111)
UnityEngine.SetupCoroutine:InvokeMoveNext (System.Collections.IEnumerator,intptr)

(Filename: Assets/QA/FullSystems.cs Line: 30)

FULL_QA PASS S9 second E
UnityEngine.Debug:ExtractStackTraceNoAlloc (byte*,int,string)
UnityEngine.StackTraceUtility:ExtractStackTrace ()
UnityEngine.DebugLogHandler:Internal_Log (UnityEngine.LogType,UnityEngine.LogOption,string,UnityEngine.Object)
UnityEngine.DebugLogHandler:LogFormat (UnityEngine.LogType,UnityEngine.Object,string,object[])
UnityEngine.Logger:Log (UnityEngine.LogType,object)
UnityEngine.Debug:Log (object)
FullSystems:Log (string) (at Assets/QA/FullSystems.cs:30)
FullSystems:Check (bool,string) (at Assets/QA/FullSystems.cs:31)
FullSystems/<Routine>d__35:MoveNext () (at Assets/QA/FullSystems.cs:184)
UnityEngine.SetupCoroutine:InvokeMoveNext (System.Collections.IEnumerator,intptr)

(Filename: Assets/QA/FullSystems.cs Line: 30)

FULL_QA PASS S9 second Q
UnityEngine.Debug:ExtractStackTraceNoAlloc (byte*,int,string)
UnityEngine.StackTraceUtility:ExtractStackTrace ()
UnityEngine.DebugLogHandler:Internal_Log (UnityEngine.LogType,UnityEngine.LogOption,string,UnityEngine.Object)
UnityEngine.DebugLogHandler:LogFormat (UnityEngine.LogType,UnityEngine.Object,string,object[])
UnityEngine.Logger:Log (UnityEngine.LogType,object)
UnityEngine.Debug:Log (object)
FullSystems:Log (string) (at Assets/QA/FullSystems.cs:30)
FullSystems:Check (bool,string) (at Assets/QA/FullSystems.cs:31)
FullSystems/<Routine>d__35:MoveNext () (at Assets/QA/FullSystems.cs:184)
UnityEngine.SetupCoroutine:InvokeMoveNext (System.Collections.IEnumerator,intptr)

(Filename: Assets/QA/FullSystems.cs Line: 30)

FULL_QA PASS S9 F merge
UnityEngine.Debug:ExtractStackTraceNoAlloc (byte*,int,string)
UnityEngine.StackTraceUtility:ExtractStackTrace ()
UnityEngine.DebugLogHandler:Internal_Log (UnityEngine.LogType,UnityEngine.LogOption,string,UnityEngine.Object)
UnityEngine.DebugLogHandler:LogFormat (UnityEngine.LogType,UnityEngine.Object,string,object[])
UnityEngine.Logger:Log (UnityEngine.LogType,object)
UnityEngine.Debug:Log (object)
FullSystems:Log (string) (at Assets/QA/FullSystems.cs:30)
FullSystems:Check (bool,string) (at Assets/QA/FullSystems.cs:31)
FullSystems/<Routine>d__35:MoveNext () (at Assets/QA/FullSystems.cs:185)
UnityEngine.SetupCoroutine:InvokeMoveNext (System.Collections.IEnumerator,intptr)

(Filename: Assets/QA/FullSystems.cs Line: 30)

FULL_QA PASS F no extra spend
UnityEngine.Debug:ExtractStackTraceNoAlloc (byte*,int,string)
UnityEngine.StackTraceUtility:ExtractStackTrace ()
UnityEngine.DebugLogHandler:Internal_Log (UnityEngine.LogType,UnityEngine.LogOption,string,UnityEngine.Object)
UnityEngine.DebugLogHandler:LogFormat (UnityEngine.LogType,UnityEngine.Object,string,object[])
UnityEngine.Logger:Log (UnityEngine.LogType,object)
UnityEngine.Debug:Log (object)
FullSystems:Log (string) (at Assets/QA/FullSystems.cs:30)
FullSystems:Check (bool,string) (at Assets/QA/FullSystems.cs:31)
FullSystems/<Routine>d__35:MoveNext () (at Assets/QA/FullSystems.cs:185)
UnityEngine.SetupCoroutine:InvokeMoveNext (System.Collections.IEnumerator,intptr)

(Filename: Assets/QA/FullSystems.cs Line: 30)

FULL_QA PASS S9 merged bridge actual physical checkpoint10
UnityEngine.Debug:ExtractStackTraceNoAlloc (byte*,int,string)
UnityEngine.StackTraceUtility:ExtractStackTrace ()
UnityEngine.DebugLogHandler:Internal_Log (UnityEngine.LogType,UnityEngine.LogOption,string,UnityEngine.Object)
UnityEngine.DebugLogHandler:LogFormat (UnityEngine.LogType,UnityEngine.Object,string,object[])
UnityEngine.Logger:Log (UnityEngine.LogType,object)
UnityEngine.Debug:Log (object)
FullSystems:Log (string) (at Assets/QA/FullSystems.cs:30)
FullSystems:Check (bool,string) (at Assets/QA/FullSystems.cs:31)
FullSystems/<Routine>d__35:MoveNext () (at Assets/QA/FullSystems.cs:187)
UnityEngine.SetupCoroutine:InvokeMoveNext (System.Collections.IEnumerator,intptr)

(Filename: Assets/QA/FullSystems.cs Line: 30)

FULL_QA PASS retry playable MERGED_R_1
UnityEngine.Debug:ExtractStackTraceNoAlloc (byte*,int,string)
UnityEngine.StackTraceUtility:ExtractStackTrace ()
UnityEngine.DebugLogHandler:Internal_Log (UnityEngine.LogType,UnityEngine.LogOption,string,UnityEngine.Object)
UnityEngine.DebugLogHandler:LogFormat (UnityEngine.LogType,UnityEngine.Object,string,object[])
UnityEngine.Logger:Log (UnityEngine.LogType,object)
UnityEngine.Debug:Log (object)
FullSystems:Log (string) (at Assets/QA/FullSystems.cs:30)
FullSystems:Check (bool,string) (at Assets/QA/FullSystems.cs:31)
FullSystems/<Retry>d__32:MoveNext () (at Assets/QA/FullSystems.cs:105)
UnityEngine.SetupCoroutine:InvokeMoveNext (System.Collections.IEnumerator,intptr)

(Filename: Assets/QA/FullSystems.cs Line: 30)

FULL_QA PASS merged snapshot endpoints/length12 count1 R1
UnityEngine.Debug:ExtractStackTraceNoAlloc (byte*,int,string)
UnityEngine.StackTraceUtility:ExtractStackTrace ()
UnityEngine.DebugLogHandler:Internal_Log (UnityEngine.LogType,UnityEngine.LogOption,string,UnityEngine.Object)
UnityEngine.DebugLogHandler:LogFormat (UnityEngine.LogType,UnityEngine.Object,string,object[])
UnityEngine.Logger:Log (UnityEngine.LogType,object)
UnityEngine.Debug:Log (object)
FullSystems:Log (string) (at Assets/QA/FullSystems.cs:30)
FullSystems:Check (bool,string) (at Assets/QA/FullSystems.cs:31)
FullSystems/<Routine>d__35:MoveNext () (at Assets/QA/FullSystems.cs:196)
UnityEngine.SetupCoroutine:InvokeMoveNext (System.Collections.IEnumerator,intptr)

(Filename: Assets/QA/FullSystems.cs Line: 30)

FULL_QA PASS merged removed Hook identity inactive R1
UnityEngine.Debug:ExtractStackTraceNoAlloc (byte*,int,string)
UnityEngine.StackTraceUtility:ExtractStackTrace ()
UnityEngine.DebugLogHandler:Internal_Log (UnityEngine.LogType,UnityEngine.LogOption,string,UnityEngine.Object)
UnityEngine.DebugLogHandler:LogFormat (UnityEngine.LogType,UnityEngine.Object,string,object[])
UnityEngine.Logger:Log (UnityEngine.LogType,object)
UnityEngine.Debug:Log (object)
FullSystems:Log (string) (at Assets/QA/FullSystems.cs:30)
FullSystems:Check (bool,string) (at Assets/QA/FullSystems.cs:31)
FullSystems/<Routine>d__35:MoveNext () (at Assets/QA/FullSystems.cs:197)
UnityEngine.SetupCoroutine:InvokeMoveNext (System.Collections.IEnumerator,intptr)

(Filename: Assets/QA/FullSystems.cs Line: 30)

FULL_QA PASS merged resource checkpoint R1
UnityEngine.Debug:ExtractStackTraceNoAlloc (byte*,int,string)
UnityEngine.StackTraceUtility:ExtractStackTrace ()
UnityEngine.DebugLogHandler:Internal_Log (UnityEngine.LogType,UnityEngine.LogOption,string,UnityEngine.Object)
UnityEngine.DebugLogHandler:LogFormat (UnityEngine.LogType,UnityEngine.Object,string,object[])
UnityEngine.Logger:Log (UnityEngine.LogType,object)
UnityEngine.Debug:Log (object)
FullSystems:Log (string) (at Assets/QA/FullSystems.cs:30)
FullSystems:Check (bool,string) (at Assets/QA/FullSystems.cs:31)
FullSystems/<Routine>d__35:MoveNext () (at Assets/QA/FullSystems.cs:198)
UnityEngine.SetupCoroutine:InvokeMoveNext (System.Collections.IEnumerator,intptr)

(Filename: Assets/QA/FullSystems.cs Line: 30)

FULL_QA PASS merged no collider growth R1
UnityEngine.Debug:ExtractStackTraceNoAlloc (byte*,int,string)
UnityEngine.StackTraceUtility:ExtractStackTrace ()
UnityEngine.DebugLogHandler:Internal_Log (UnityEngine.LogType,UnityEngine.LogOption,string,UnityEngine.Object)
UnityEngine.DebugLogHandler:LogFormat (UnityEngine.LogType,UnityEngine.Object,string,object[])
UnityEngine.Logger:Log (UnityEngine.LogType,object)
UnityEngine.Debug:Log (object)
FullSystems:Log (string) (at Assets/QA/FullSystems.cs:30)
FullSystems:Check (bool,string) (at Assets/QA/FullSystems.cs:31)
FullSystems/<Routine>d__35:MoveNext () (at Assets/QA/FullSystems.cs:199)
UnityEngine.SetupCoroutine:InvokeMoveNext (System.Collections.IEnumerator,intptr)

(Filename: Assets/QA/FullSystems.cs Line: 30)

FULL_QA PASS retry playable MERGED_R_2
UnityEngine.Debug:ExtractStackTraceNoAlloc (byte*,int,string)
UnityEngine.StackTraceUtility:ExtractStackTrace ()
UnityEngine.DebugLogHandler:Internal_Log (UnityEngine.LogType,UnityEngine.LogOption,string,UnityEngine.Object)
UnityEngine.DebugLogHandler:LogFormat (UnityEngine.LogType,UnityEngine.Object,string,object[])
UnityEngine.Logger:Log (UnityEngine.LogType,object)
UnityEngine.Debug:Log (object)
FullSystems:Log (string) (at Assets/QA/FullSystems.cs:30)
FullSystems:Check (bool,string) (at Assets/QA/FullSystems.cs:31)
FullSystems/<Retry>d__32:MoveNext () (at Assets/QA/FullSystems.cs:105)
UnityEngine.SetupCoroutine:InvokeMoveNext (System.Collections.IEnumerator,intptr)

(Filename: Assets/QA/FullSystems.cs Line: 30)

FULL_QA PASS merged snapshot endpoints/length12 count1 R2
UnityEngine.Debug:ExtractStackTraceNoAlloc (byte*,int,string)
UnityEngine.StackTraceUtility:ExtractStackTrace ()
UnityEngine.DebugLogHandler:Internal_Log (UnityEngine.LogType,UnityEngine.LogOption,string,UnityEngine.Object)
UnityEngine.DebugLogHandler:LogFormat (UnityEngine.LogType,UnityEngine.Object,string,object[])
UnityEngine.Logger:Log (UnityEngine.LogType,object)
UnityEngine.Debug:Log (object)
FullSystems:Log (string) (at Assets/QA/FullSystems.cs:30)
FullSystems:Check (bool,string) (at Assets/QA/FullSystems.cs:31)
FullSystems/<Routine>d__35:MoveNext () (at Assets/QA/FullSystems.cs:196)
UnityEngine.SetupCoroutine:InvokeMoveNext (System.Collections.IEnumerator,intptr)

(Filename: Assets/QA/FullSystems.cs Line: 30)

FULL_QA PASS merged removed Hook identity inactive R2
UnityEngine.Debug:ExtractStackTraceNoAlloc (byte*,int,string)
UnityEngine.StackTraceUtility:ExtractStackTrace ()
UnityEngine.DebugLogHandler:Internal_Log (UnityEngine.LogType,UnityEngine.LogOption,string,UnityEngine.Object)
UnityEngine.DebugLogHandler:LogFormat (UnityEngine.LogType,UnityEngine.Object,string,object[])
UnityEngine.Logger:Log (UnityEngine.LogType,object)
UnityEngine.Debug:Log (object)
FullSystems:Log (string) (at Assets/QA/FullSystems.cs:30)
FullSystems:Check (bool,string) (at Assets/QA/FullSystems.cs:31)
FullSystems/<Routine>d__35:MoveNext () (at Assets/QA/FullSystems.cs:197)
UnityEngine.SetupCoroutine:InvokeMoveNext (System.Collections.IEnumerator,intptr)

(Filename: Assets/QA/FullSystems.cs Line: 30)

FULL_QA PASS merged resource checkpoint R2
UnityEngine.Debug:ExtractStackTraceNoAlloc (byte*,int,string)
UnityEngine.StackTraceUtility:ExtractStackTrace ()
UnityEngine.DebugLogHandler:Internal_Log (UnityEngine.LogType,UnityEngine.LogOption,string,UnityEngine.Object)
UnityEngine.DebugLogHandler:LogFormat (UnityEngine.LogType,UnityEngine.Object,string,object[])
UnityEngine.Logger:Log (UnityEngine.LogType,object)
UnityEngine.Debug:Log (object)
FullSystems:Log (string) (at Assets/QA/FullSystems.cs:30)
FullSystems:Check (bool,string) (at Assets/QA/FullSystems.cs:31)
FullSystems/<Routine>d__35:MoveNext () (at Assets/QA/FullSystems.cs:198)
UnityEngine.SetupCoroutine:InvokeMoveNext (System.Collections.IEnumerator,intptr)

(Filename: Assets/QA/FullSystems.cs Line: 30)

FULL_QA PASS merged no collider growth R2
UnityEngine.Debug:ExtractStackTraceNoAlloc (byte*,int,string)
UnityEngine.StackTraceUtility:ExtractStackTrace ()
UnityEngine.DebugLogHandler:Internal_Log (UnityEngine.LogType,UnityEngine.LogOption,string,UnityEngine.Object)
UnityEngine.DebugLogHandler:LogFormat (UnityEngine.LogType,UnityEngine.Object,string,object[])
UnityEngine.Logger:Log (UnityEngine.LogType,object)
UnityEngine.Debug:Log (object)
FullSystems:Log (string) (at Assets/QA/FullSystems.cs:30)
FullSystems:Check (bool,string) (at Assets/QA/FullSystems.cs:31)
FullSystems/<Routine>d__35:MoveNext () (at Assets/QA/FullSystems.cs:199)
UnityEngine.SetupCoroutine:InvokeMoveNext (System.Collections.IEnumerator,intptr)

(Filename: Assets/QA/FullSystems.cs Line: 30)

FULL_QA PASS retry playable MERGED_R_3
UnityEngine.Debug:ExtractStackTraceNoAlloc (byte*,int,string)
UnityEngine.StackTraceUtility:ExtractStackTrace ()
UnityEngine.DebugLogHandler:Internal_Log (UnityEngine.LogType,UnityEngine.LogOption,string,UnityEngine.Object)
UnityEngine.DebugLogHandler:LogFormat (UnityEngine.LogType,UnityEngine.Object,string,object[])
UnityEngine.Logger:Log (UnityEngine.LogType,object)
UnityEngine.Debug:Log (object)
FullSystems:Log (string) (at Assets/QA/FullSystems.cs:30)
FullSystems:Check (bool,string) (at Assets/QA/FullSystems.cs:31)
FullSystems/<Retry>d__32:MoveNext () (at Assets/QA/FullSystems.cs:105)
UnityEngine.SetupCoroutine:InvokeMoveNext (System.Collections.IEnumerator,intptr)

(Filename: Assets/QA/FullSystems.cs Line: 30)

FULL_QA PASS merged snapshot endpoints/length12 count1 R3
UnityEngine.Debug:ExtractStackTraceNoAlloc (byte*,int,string)
UnityEngine.StackTraceUtility:ExtractStackTrace ()
UnityEngine.DebugLogHandler:Internal_Log (UnityEngine.LogType,UnityEngine.LogOption,string,UnityEngine.Object)
UnityEngine.DebugLogHandler:LogFormat (UnityEngine.LogType,UnityEngine.Object,string,object[])
UnityEngine.Logger:Log (UnityEngine.LogType,object)
UnityEngine.Debug:Log (object)
FullSystems:Log (string) (at Assets/QA/FullSystems.cs:30)
FullSystems:Check (bool,string) (at Assets/QA/FullSystems.cs:31)
FullSystems/<Routine>d__35:MoveNext () (at Assets/QA/FullSystems.cs:196)
UnityEngine.SetupCoroutine:InvokeMoveNext (System.Collections.IEnumerator,intptr)

(Filename: Assets/QA/FullSystems.cs Line: 30)

FULL_QA PASS merged removed Hook identity inactive R3
UnityEngine.Debug:ExtractStackTraceNoAlloc (byte*,int,string)
UnityEngine.StackTraceUtility:ExtractStackTrace ()
UnityEngine.DebugLogHandler:Internal_Log (UnityEngine.LogType,UnityEngine.LogOption,string,UnityEngine.Object)
UnityEngine.DebugLogHandler:LogFormat (UnityEngine.LogType,UnityEngine.Object,string,object[])
UnityEngine.Logger:Log (UnityEngine.LogType,object)
UnityEngine.Debug:Log (object)
FullSystems:Log (string) (at Assets/QA/FullSystems.cs:30)
FullSystems:Check (bool,string) (at Assets/QA/FullSystems.cs:31)
FullSystems/<Routine>d__35:MoveNext () (at Assets/QA/FullSystems.cs:197)
UnityEngine.SetupCoroutine:InvokeMoveNext (System.Collections.IEnumerator,intptr)

(Filename: Assets/QA/FullSystems.cs Line: 30)

FULL_QA PASS merged resource checkpoint R3
UnityEngine.Debug:ExtractStackTraceNoAlloc (byte*,int,string)
UnityEngine.StackTraceUtility:ExtractStackTrace ()
UnityEngine.DebugLogHandler:Internal_Log (UnityEngine.LogType,UnityEngine.LogOption,string,UnityEngine.Object)
UnityEngine.DebugLogHandler:LogFormat (UnityEngine.LogType,UnityEngine.Object,string,object[])
UnityEngine.Logger:Log (UnityEngine.LogType,object)
UnityEngine.Debug:Log (object)
FullSystems:Log (string) (at Assets/QA/FullSystems.cs:30)
FullSystems:Check (bool,string) (at Assets/QA/FullSystems.cs:31)
FullSystems/<Routine>d__35:MoveNext () (at Assets/QA/FullSystems.cs:198)
UnityEngine.SetupCoroutine:InvokeMoveNext (System.Collections.IEnumerator,intptr)

(Filename: Assets/QA/FullSystems.cs Line: 30)

FULL_QA PASS merged no collider growth R3
UnityEngine.Debug:ExtractStackTraceNoAlloc (byte*,int,string)
UnityEngine.StackTraceUtility:ExtractStackTrace ()
UnityEngine.DebugLogHandler:Internal_Log (UnityEngine.LogType,UnityEngine.LogOption,string,UnityEngine.Object)
UnityEngine.DebugLogHandler:LogFormat (UnityEngine.LogType,UnityEngine.Object,string,object[])
UnityEngine.Logger:Log (UnityEngine.LogType,object)
UnityEngine.Debug:Log (object)
FullSystems:Log (string) (at Assets/QA/FullSystems.cs:30)
FullSystems:Check (bool,string) (at Assets/QA/FullSystems.cs:31)
FullSystems/<Routine>d__35:MoveNext () (at Assets/QA/FullSystems.cs:199)
UnityEngine.SetupCoroutine:InvokeMoveNext (System.Collections.IEnumerator,intptr)

(Filename: Assets/QA/FullSystems.cs Line: 30)

FULL_QA PASS physical walk target 198.35 actual (198.45, -1.54)
UnityEngine.Debug:ExtractStackTraceNoAlloc (byte*,int,string)
UnityEngine.StackTraceUtility:ExtractStackTrace ()
UnityEngine.DebugLogHandler:Internal_Log (UnityEngine.LogType,UnityEngine.LogOption,string,UnityEngine.Object)
UnityEngine.DebugLogHandler:LogFormat (UnityEngine.LogType,UnityEngine.Object,string,object[])
UnityEngine.Logger:Log (UnityEngine.LogType,object)
UnityEngine.Debug:Log (object)
FullSystems:Log (string) (at Assets/QA/FullSystems.cs:30)
FullSystems:Check (bool,string) (at Assets/QA/FullSystems.cs:31)
FullSystems/<Walk>d__33:MoveNext () (at Assets/QA/FullSystems.cs:111)
UnityEngine.SetupCoroutine:InvokeMoveNext (System.Collections.IEnumerator,intptr)

(Filename: Assets/QA/FullSystems.cs Line: 30)

FULL_QA PASS S10 length10 bridge from real current position
UnityEngine.Debug:ExtractStackTraceNoAlloc (byte*,int,string)
UnityEngine.StackTraceUtility:ExtractStackTrace ()
UnityEngine.DebugLogHandler:Internal_Log (UnityEngine.LogType,UnityEngine.LogOption,string,UnityEngine.Object)
UnityEngine.DebugLogHandler:LogFormat (UnityEngine.LogType,UnityEngine.Object,string,object[])
UnityEngine.Logger:Log (UnityEngine.LogType,object)
UnityEngine.Debug:Log (object)
FullSystems:Log (string) (at Assets/QA/FullSystems.cs:30)
FullSystems:Check (bool,string) (at Assets/QA/FullSystems.cs:31)
FullSystems/<Routine>d__35:MoveNext () (at Assets/QA/FullSystems.cs:202)
UnityEngine.SetupCoroutine:InvokeMoveNext (System.Collections.IEnumerator,intptr)

(Filename: Assets/QA/FullSystems.cs Line: 30)

FULL_QA PASS S10 consumes10
UnityEngine.Debug:ExtractStackTraceNoAlloc (byte*,int,string)
UnityEngine.StackTraceUtility:ExtractStackTrace ()
UnityEngine.DebugLogHandler:Internal_Log (UnityEngine.LogType,UnityEngine.LogOption,string,UnityEngine.Object)
UnityEngine.DebugLogHandler:LogFormat (UnityEngine.LogType,UnityEngine.Object,string,object[])
UnityEngine.Logger:Log (UnityEngine.LogType,object)
UnityEngine.Debug:Log (object)
FullSystems:Log (string) (at Assets/QA/FullSystems.cs:30)
FullSystems:Check (bool,string) (at Assets/QA/FullSystems.cs:31)
FullSystems/<Routine>d__35:MoveNext () (at Assets/QA/FullSystems.cs:202)
UnityEngine.SetupCoroutine:InvokeMoveNext (System.Collections.IEnumerator,intptr)

(Filename: Assets/QA/FullSystems.cs Line: 30)

FULL_QA PASS S10 actual chest clear starts / physics locked
UnityEngine.Debug:ExtractStackTraceNoAlloc (byte*,int,string)
UnityEngine.StackTraceUtility:ExtractStackTrace ()
UnityEngine.DebugLogHandler:Internal_Log (UnityEngine.LogType,UnityEngine.LogOption,string,UnityEngine.Object)
UnityEngine.DebugLogHandler:LogFormat (UnityEngine.LogType,UnityEngine.Object,string,object[])
UnityEngine.Logger:Log (UnityEngine.LogType,object)
UnityEngine.Debug:Log (object)
FullSystems:Log (string) (at Assets/QA/FullSystems.cs:30)
FullSystems:Check (bool,string) (at Assets/QA/FullSystems.cs:31)
FullSystems/<Routine>d__35:MoveNext () (at Assets/QA/FullSystems.cs:204)
UnityEngine.SetupCoroutine:InvokeMoveNext (System.Collections.IEnumerator,intptr)

(Filename: Assets/QA/FullSystems.cs Line: 30)

FULL_QA PASS Main clear state revealed
UnityEngine.Debug:ExtractStackTraceNoAlloc (byte*,int,string)
UnityEngine.StackTraceUtility:ExtractStackTrace ()
UnityEngine.DebugLogHandler:Internal_Log (UnityEngine.LogType,UnityEngine.LogOption,string,UnityEngine.Object)
UnityEngine.DebugLogHandler:LogFormat (UnityEngine.LogType,UnityEngine.Object,string,object[])
UnityEngine.Logger:Log (UnityEngine.LogType,object)
UnityEngine.Debug:Log (object)
FullSystems:Log (string) (at Assets/QA/FullSystems.cs:30)
FullSystems:Check (bool,string) (at Assets/QA/FullSystems.cs:31)
FullSystems/<Routine>d__35:MoveNext () (at Assets/QA/FullSystems.cs:205)
UnityEngine.SetupCoroutine:InvokeMoveNext (System.Collections.IEnumerator,intptr)

(Filename: Assets/QA/FullSystems.cs Line: 30)

FULL_QA PASS Main progress flag
UnityEngine.Debug:ExtractStackTraceNoAlloc (byte*,int,string)
UnityEngine.StackTraceUtility:ExtractStackTrace ()
UnityEngine.DebugLogHandler:Internal_Log (UnityEngine.LogType,UnityEngine.LogOption,string,UnityEngine.Object)
UnityEngine.DebugLogHandler:LogFormat (UnityEngine.LogType,UnityEngine.Object,string,object[])
UnityEngine.Logger:Log (UnityEngine.LogType,object)
UnityEngine.Debug:Log (object)
FullSystems:Log (string) (at Assets/QA/FullSystems.cs:30)
FullSystems:Check (bool,string) (at Assets/QA/FullSystems.cs:31)
FullSystems/<Routine>d__35:MoveNext () (at Assets/QA/FullSystems.cs:205)
UnityEngine.SetupCoroutine:InvokeMoveNext (System.Collections.IEnumerator,intptr)

(Filename: Assets/QA/FullSystems.cs Line: 30)

Unloading 53 Unused Serialized files (Serialized files now loaded: 0)
UnloadTime: 14.339600 ms
Loaded scene 'Assets/Scenes/Tutorial.unity'
	Deserialize:            21.579 ms
	Integration:            3039.819 ms
	Integration of assets:  3.670 ms
	Thread Wait Time:       0.070 ms
	Total Operation Time:   3065.137 ms
Unloading 12 unused Assets / (13.7 KB). Loaded Objects now: 2546.
Memory consumption went from 350.1 MB to 350.1 MB.
Total: 13.790100 ms (FindLiveObjects: 0.305600 ms CreateObjectMapping: 0.028400 ms MarkObjects: 12.805900 ms  DeleteObjects: 0.648100 ms)

FULL_QA PASS Main clear return API reaches Stage Selection
UnityEngine.Debug:ExtractStackTraceNoAlloc (byte*,int,string)
UnityEngine.StackTraceUtility:ExtractStackTrace ()
UnityEngine.DebugLogHandler:Internal_Log (UnityEngine.LogType,UnityEngine.LogOption,string,UnityEngine.Object)
UnityEngine.DebugLogHandler:LogFormat (UnityEngine.LogType,UnityEngine.Object,string,object[])
UnityEngine.Logger:Log (UnityEngine.LogType,object)
UnityEngine.Debug:Log (object)
FullSystems:Log (string) (at Assets/QA/FullSystems.cs:30)
FullSystems:Check (bool,string) (at Assets/QA/FullSystems.cs:31)
FullSystems/<Routine>d__35:MoveNext () (at Assets/QA/FullSystems.cs:209)
UnityEngine.SetupCoroutine:InvokeMoveNext (System.Collections.IEnumerator,intptr)

(Filename: Assets/QA/FullSystems.cs Line: 30)

FULL_QA PASS BGM singleton on clear return
UnityEngine.Debug:ExtractStackTraceNoAlloc (byte*,int,string)
UnityEngine.StackTraceUtility:ExtractStackTrace ()
UnityEngine.DebugLogHandler:Internal_Log (UnityEngine.LogType,UnityEngine.LogOption,string,UnityEngine.Object)
UnityEngine.DebugLogHandler:LogFormat (UnityEngine.LogType,UnityEngine.Object,string,object[])
UnityEngine.Logger:Log (UnityEngine.LogType,object)
UnityEngine.Debug:Log (object)
FullSystems:Log (string) (at Assets/QA/FullSystems.cs:30)
FullSystems:Check (bool,string) (at Assets/QA/FullSystems.cs:31)
FullSystems/<Routine>d__35:MoveNext () (at Assets/QA/FullSystems.cs:209)
UnityEngine.SetupCoroutine:InvokeMoveNext (System.Collections.IEnumerator,intptr)

(Filename: Assets/QA/FullSystems.cs Line: 30)

FULL_QA PASS upcoming stage refuses launch with message
UnityEngine.Debug:ExtractStackTraceNoAlloc (byte*,int,string)
UnityEngine.StackTraceUtility:ExtractStackTrace ()
UnityEngine.DebugLogHandler:Internal_Log (UnityEngine.LogType,UnityEngine.LogOption,string,UnityEngine.Object)
UnityEngine.DebugLogHandler:LogFormat (UnityEngine.LogType,UnityEngine.Object,string,object[])
UnityEngine.Logger:Log (UnityEngine.LogType,object)
UnityEngine.Debug:Log (object)
FullSystems:Log (string) (at Assets/QA/FullSystems.cs:30)
FullSystems:Check (bool,string) (at Assets/QA/FullSystems.cs:31)
FullSystems/<Routine>d__35:MoveNext () (at Assets/QA/FullSystems.cs:212)
UnityEngine.SetupCoroutine:InvokeMoveNext (System.Collections.IEnumerator,intptr)

(Filename: Assets/QA/FullSystems.cs Line: 30)

FULL_QA PASS new selection clears error
UnityEngine.Debug:ExtractStackTraceNoAlloc (byte*,int,string)
UnityEngine.StackTraceUtility:ExtractStackTrace ()
UnityEngine.DebugLogHandler:Internal_Log (UnityEngine.LogType,UnityEngine.LogOption,string,UnityEngine.Object)
UnityEngine.DebugLogHandler:LogFormat (UnityEngine.LogType,UnityEngine.Object,string,object[])
UnityEngine.Logger:Log (UnityEngine.LogType,object)
UnityEngine.Debug:Log (object)
FullSystems:Log (string) (at Assets/QA/FullSystems.cs:30)
FullSystems:Check (bool,string) (at Assets/QA/FullSystems.cs:31)
FullSystems/<Routine>d__35:MoveNext () (at Assets/QA/FullSystems.cs:213)
UnityEngine.SetupCoroutine:InvokeMoveNext (System.Collections.IEnumerator,intptr)

(Filename: Assets/QA/FullSystems.cs Line: 30)

FULL_QA PASS menu help pauses
UnityEngine.Debug:ExtractStackTraceNoAlloc (byte*,int,string)
UnityEngine.StackTraceUtility:ExtractStackTrace ()
UnityEngine.DebugLogHandler:Internal_Log (UnityEngine.LogType,UnityEngine.LogOption,string,UnityEngine.Object)
UnityEngine.DebugLogHandler:LogFormat (UnityEngine.LogType,UnityEngine.Object,string,object[])
UnityEngine.Logger:Log (UnityEngine.LogType,object)
UnityEngine.Debug:Log (object)
FullSystems:Log (string) (at Assets/QA/FullSystems.cs:30)
FullSystems:Check (bool,string) (at Assets/QA/FullSystems.cs:31)
FullSystems/<Routine>d__35:MoveNext () (at Assets/QA/FullSystems.cs:214)
UnityEngine.SetupCoroutine:InvokeMoveNext (System.Collections.IEnumerator,intptr)

(Filename: Assets/QA/FullSystems.cs Line: 30)

FULL_QA PASS help close resumes
UnityEngine.Debug:ExtractStackTraceNoAlloc (byte*,int,string)
UnityEngine.StackTraceUtility:ExtractStackTrace ()
UnityEngine.DebugLogHandler:Internal_Log (UnityEngine.LogType,UnityEngine.LogOption,string,UnityEngine.Object)
UnityEngine.DebugLogHandler:LogFormat (UnityEngine.LogType,UnityEngine.Object,string,object[])
UnityEngine.Logger:Log (UnityEngine.LogType,object)
UnityEngine.Debug:Log (object)
FullSystems:Log (string) (at Assets/QA/FullSystems.cs:30)
FullSystems:Check (bool,string) (at Assets/QA/FullSystems.cs:31)
FullSystems/<Routine>d__35:MoveNext () (at Assets/QA/FullSystems.cs:214)
UnityEngine.SetupCoroutine:InvokeMoveNext (System.Collections.IEnumerator,intptr)

(Filename: Assets/QA/FullSystems.cs Line: 30)

FULL_QA PASS menu main reselect transition starts
UnityEngine.Debug:ExtractStackTraceNoAlloc (byte*,int,string)
UnityEngine.StackTraceUtility:ExtractStackTrace ()
UnityEngine.DebugLogHandler:Internal_Log (UnityEngine.LogType,UnityEngine.LogOption,string,UnityEngine.Object)
UnityEngine.DebugLogHandler:LogFormat (UnityEngine.LogType,UnityEngine.Object,string,object[])
UnityEngine.Logger:Log (UnityEngine.LogType,object)
UnityEngine.Debug:Log (object)
FullSystems:Log (string) (at Assets/QA/FullSystems.cs:30)
FullSystems:Check (bool,string) (at Assets/QA/FullSystems.cs:31)
FullSystems/<Routine>d__35:MoveNext () (at Assets/QA/FullSystems.cs:215)
UnityEngine.SetupCoroutine:InvokeMoveNext (System.Collections.IEnumerator,intptr)

(Filename: Assets/QA/FullSystems.cs Line: 30)

Unloading 5 Unused Serialized files (Serialized files now loaded: 0)
UnloadTime: 4.500200 ms
Loaded scene 'Assets/Scenes/MainStage.unity'
	Deserialize:            71.365 ms
	Integration:            798.121 ms
	Integration of assets:  0.067 ms
	Thread Wait Time:       1.196 ms
	Total Operation Time:   870.749 ms
Unloading 9 unused Assets / (3.5 MB). Loaded Objects now: 2677.
Memory consumption went from 333.6 MB to 330.2 MB.
Total: 14.895300 ms (FindLiveObjects: 0.354800 ms CreateObjectMapping: 0.043300 ms MarkObjects: 14.038500 ms  DeleteObjects: 0.455800 ms)

FULL_QA PASS fresh MainStage after clear and reselect
UnityEngine.Debug:ExtractStackTraceNoAlloc (byte*,int,string)
UnityEngine.StackTraceUtility:ExtractStackTrace ()
UnityEngine.DebugLogHandler:Internal_Log (UnityEngine.LogType,UnityEngine.LogOption,string,UnityEngine.Object)
UnityEngine.DebugLogHandler:LogFormat (UnityEngine.LogType,UnityEngine.Object,string,object[])
UnityEngine.Logger:Log (UnityEngine.LogType,object)
UnityEngine.Debug:Log (object)
FullSystems:Log (string) (at Assets/QA/FullSystems.cs:30)
FullSystems:Check (bool,string) (at Assets/QA/FullSystems.cs:31)
FullSystems/<Routine>d__35:MoveNext () (at Assets/QA/FullSystems.cs:217)
UnityEngine.SetupCoroutine:InvokeMoveNext (System.Collections.IEnumerator,intptr)

(Filename: Assets/QA/FullSystems.cs Line: 30)

FULL_QA PASS BGM singleton after menu reselect
UnityEngine.Debug:ExtractStackTraceNoAlloc (byte*,int,string)
UnityEngine.StackTraceUtility:ExtractStackTrace ()
UnityEngine.DebugLogHandler:Internal_Log (UnityEngine.LogType,UnityEngine.LogOption,string,UnityEngine.Object)
UnityEngine.DebugLogHandler:LogFormat (UnityEngine.LogType,UnityEngine.Object,string,object[])
UnityEngine.Logger:Log (UnityEngine.LogType,object)
UnityEngine.Debug:Log (object)
FullSystems:Log (string) (at Assets/QA/FullSystems.cs:30)
FullSystems:Check (bool,string) (at Assets/QA/FullSystems.cs:31)
FullSystems/<Routine>d__35:MoveNext () (at Assets/QA/FullSystems.cs:218)
UnityEngine.SetupCoroutine:InvokeMoveNext (System.Collections.IEnumerator,intptr)

(Filename: Assets/QA/FullSystems.cs Line: 30)

[Physics::Module] Cleanup current backend.
[Physics::Module] Id: 0xf2b8ea05
Input System module state changed to: ShutdownInProgress.
Input System polling thread exited.
Input System module state changed to: Shutdown.
[Licensing::IpcConnector] LicenseClient-田尻大翔-6000.3.21-notifications channel disconnected successfully.
[Licensing::IpcConnector] LicenseClient-田尻大翔-6000.3.21 channel disconnected successfully.
AcceleratorClientConnectionCallback - disconnected - :0
Cleanup mono
Checking for leaked weakptr:
  Found no leaked weakptrs.
[Package Manager] Server process was shutdown
##utp:{"type":"MemoryLeaks","version":2,"phase":"Immediate","time":1790831758980,"processId":17896,"allocatedMemory":17143345,"memoryLabels":[{"Default":29313},{"Permanent":15236},{"NewDelete":69459},{"Thread":4230344},{"Manager":33885},{"VertexData":104},{"Geometry":816},{"Texture":296},{"Shader":80341},{"Material":24},{"GfxDevice":55944},{"Audio":2664},{"Font":6932481},{"FreeType":9017},{"FontEngine":736},{"Physics":2146},{"Physics2D":16},{"Serialization":720},{"Input":14984},{"JobScheduler":33024},{"TextLib":280},{"Mono":32},{"ScriptingNativeRuntime":155060},{"BaseObject":1686992},{"Resource":1336},{"Renderer":3000},{"Transform":4685},{"File":6862},{"WebCam":616},{"Culling":32},{"Terrain":11394},{"Wind":24},{"STL":40},{"String":14696},{"DynamicArray":88086},{"HashMap":55874},{"Utility":2660822},{"Curl":2478},{"PoolAlloc":2056},{"AI":80},{"TypeTree":11341},{"ScriptManager":512},{"RuntimeInitializeOnLoadManager":64},{"SpriteAtlas":112},{"GI":7792},{"Director":8240},{"CloudService":6880},{"WebRequest":7191},{"VR":47994},{"SceneManager":504},{"Video":208},{"LazyScriptCache":32},{"Camera":17},{"Secure":2377},{"Image":16384},{"SerializationCache":1576},{"APIUpdating":10320},{"Subsystems":336},{"VirtualTexturing":57888},{"StaticSafetyDebugInfo":278528},{"Analytics":464},{"Hierarchy":608},{"CoreStats":13112},{"Identifiers":6480},{"Gui":96},{"EditorUtility":92154},{"VersionControl":4},{"Undo":947},{"AssetDatabase":320161},{"EditorGi":328},{"UnityConnect":29232},{"Upm":1896},{"AssetCompliance":64},{"DrivenProperties":72},{"LocalIPC":218},{"ProfilerEditor":9746},{"CoreBusinessMetrics":3496},{"Licensing":664},{"AssetReference":32},{"IPCStream":32}]}
