frame,realtime,preview,transition,outcome,far,mid,near,legacy_hidden,body_simulated,mover_enabled,rope_enabled,cam_x,cam_y,ortho
3,14.9494762,False,True,WaitingToStart,False,False,False,False,False,False,False,-4,0,8.7
4,14.9742222,False,True,WaitingToStart,False,False,False,False,False,False,False,-4,0,8.7
5,14.9919291,False,True,WaitingToStart,False,False,False,False,False,False,False,-4,0,8.7
6,14.9947767,False,True,WaitingToStart,False,False,False,False,False,False,False,-4,0,8.7
7,14.9972935,False,True,WaitingToStart,False,False,False,False,False,False,False,-4,0,8.7
8,14.999898,False,True,WaitingToStart,False,False,False,False,False,False,False,-4,0,8.7
9,15.0025835,False,True,WaitingToStart,False,False,False,False,False,False,False,-4,0,8.7
10,15.0055819,False,True,WaitingToStart,False,False,False,False,False,False,False,-4,0,8.7
11,15.0081778,False,True,WaitingToStart,False,False,False,False,False,False,False,-4,0,8.7
12,15.013113,False,True,WaitingToStart,False,False,False,False,False,False,False,-4,0,8.7
13,15.016016,False,True,WaitingToStart,False,False,False,False,False,False,False,-4,0,8.7
14,15.01901,False,True,WaitingToStart,False,False,False,False,False,False,False,-4,0,8.7
15,15.0220165,False,True,WaitingToStart,False,False,False,False,False,False,False,-4,0,8.7
16,15.0247946,False,True,WaitingToStart,False,False,False,False,False,False,False,-4,0,8.7
17,15.0273342,False,True,WaitingToStart,False,False,False,False,False,False,False,-4,0,8.7
18,15.02978,False,True,WaitingToStart,False,False,False,False,False,False,False,-4,0,8.7
19,15.03223,False,True,WaitingToStart,False,False,False,False,False,False,False,-4,0,8.7
20,15.0345631,False,True,WaitingToStart,False,False,False,False,False,False,False,-4,0,8.7
21,15.0369864,False,True,WaitingToStart,False,False,False,False,False,False,False,-4,0,8.7
22,15.0400143,False,True,WaitingToStart,False,False,False,False,False,False,False,-4,0,8.7
23,15.0428314,False,True,WaitingToStart,False,False,False,False,False,False,False,-4,0,8.7
24,15.0453529,False,True,WaitingToStart,False,False,False,False,False,False,False,-4,0,8.7
25,15.0477781,False,True,WaitingToStart,False,False,False,False,False,False,False,-4,0,8.7
26,15.0506706,False,True,WaitingToStart,False,False,False,False,False,False,False,-4,0,8.7
27,15.0532236,False,True,WaitingToStart,False,False,False,False,False,False,False,-4,0,8.7
28,15.0558691,False,True,WaitingToStart,False,False,False,False,False,False,False,-4,0,8.7
29,15.0583248,False,True,WaitingToStart,False,False,False,False,False,False,False,-4,0,8.7
30,15.0606537,False,True,WaitingToStart,False,False,False,False,False,False,False,-4,0,8.7
31,15.0628357,False,True,WaitingToStart,False,False,False,False,False,False,False,-4,0,8.7
32,15.0653267,False,True,WaitingToStart,False,False,False,False,False,False,False,-4,0,8.7
33,15.0676394,False,True,WaitingToStart,False,False,False,False,False,False,False,-4,0,8.7
34,15.0701027,False,True,WaitingToStart,False,False,False,False,False,False,False,-4,0,8.7
35,15.0760937,False,True,WaitingToStart,False,False,False,False,False,False,False,-4,0,8.7
36,15.0788231,False,True,WaitingToStart,False,False,False,False,False,False,False,-4,0,8.7
37,15.0813065,False,True,WaitingToStart,False,False,False,False,False,False,False,-4,0,8.7
38,15.0836554,False,True,WaitingToStart,False,False,False,False,False,False,False,-4,0,8.7
39,15.086319,False,True,WaitingToStart,False,False,False,False,False,False,False,-4,0,8.7
40,15.089592,False,True,WaitingToStart,False,False,False,False,False,False,False,-4,0,8.7
41,15.0923967,False,True,WaitingToStart,False,False,False,False,False,False,False,-4,0,8.7
42,15.0950947,False,True,WaitingToStart,False,False,False,False,False,False,False,-4,0,8.7
43,15.0981579,False,True,WaitingToStart,False,False,False,False,False,False,False,-4,0,8.7
44,15.1006765,False,True,WaitingToStart,False,False,False,False,False,False,False,-4,0,8.7
45,15.1032629,False,True,WaitingToStart,False,False,False,False,False,False,False,-4,0,8.7
46,15.1062536,False,True,WaitingToStart,False,False,False,False,False,False,False,-4,0,8.7
47,15.1087208,False,True,WaitingToStart,False,False,False,False,False,False,False,-4,0,8.7
48,15.1112614,False,True,WaitingToStart,False,False,False,False,False,False,False,-4,0,8.7
49,15.1140661,False,True,WaitingToStart,False,False,False,False,False,False,False,-4,0,8.7
50,15.1166525,False,True,WaitingToStart,False,False,False,False,False,False,False,-4,0,8.7
51,15.1190577,False,True,WaitingToStart,False,False,False,False,False,False,False,-4,0,8.7
52,15.12226,False,True,WaitingToStart,False,False,False,False,False,False,False,-4,0,8.7
53,15.1250057,False,True,WaitingToStart,False,False,False,False,False,False,False,-4,0,8.7
54,15.1274261,False,True,WaitingToStart,False,False,False,False,False,False,False,-4,0,8.7
55,15.1299782,False,True,WaitingToStart,False,False,False,False,False,False,False,-4,0,8.7
56,15.1324425,False,True,WaitingToStart,False,False,False,False,False,False,False,-4,0,8.7
57,15.1351061,False,True,WaitingToStart,False,False,False,False,False,False,False,-4,0,8.7
58,15.1380405,False,True,WaitingToStart,False,False,False,False,False,False,False,-4,0,8.7
59,15.140975,False,True,WaitingToStart,False,False,False,False,False,False,False,-4,0,8.7
60,15.1438055,False,True,WaitingToStart,False,False,False,False,False,False,False,-4,0,8.7
61,15.1466656,False,True,WaitingToStart,False,False,False,False,False,False,False,-4,0,8.7
62,15.1498251,False,True,WaitingToStart,False,False,False,False,False,False,False,-4,0,8.7
63,15.1536665,False,True,WaitingToStart,False,False,False,False,False,False,False,-4,0,8.7
64,15.1580238,False,True,WaitingToStart,False,False,False,False,False,False,False,-4,0,8.7
65,15.1609392,False,True,WaitingToStart,False,False,False,False,False,False,False,-4,0,8.7
66,15.1635551,False,True,WaitingToStart,False,False,False,False,False,False,False,-4,0,8.7
67,15.1660929,False,True,WaitingToStart,False,False,False,False,False,False,False,-4,0,8.7
68,15.1686392,False,True,WaitingToStart,False,False,False,False,False,False,False,-4,0,8.7
69,15.1714077,False,True,WaitingToStart,False,False,False,False,False,False,False,-4,0,8.7
70,15.1749611,False,True,WaitingToStart,False,False,False,False,False,False,False,-4,0,8.7
71,15.1775255,False,True,WaitingToStart,False,False,False,False,False,False,False,-4,0,8.7
72,15.1807413,False,True,WaitingToStart,False,False,False,False,False,False,False,-4,0,8.7
73,15.18356,False,True,WaitingToStart,False,False,False,False,False,False,False,-4,0,8.7
74,15.1862192,False,True,WaitingToStart,False,False,False,False,False,False,False,-4,0,8.7
75,15.1888514,False,True,WaitingToStart,False,False,False,False,False,False,False,-4,0,8.7
76,15.1920834,False,True,WaitingToStart,False,False,False,False,False,False,False,-4,0,8.7
77,15.1949463,False,True,WaitingToStart,False,False,False,False,False,False,False,-4,0,8.7
78,15.1976614,False,True,WaitingToStart,False,False,False,False,False,False,False,-4,0,8.7
79,15.1999941,False,True,WaitingToStart,False,False,False,False,False,False,False,-4,0,8.7
80,15.2022982,False,True,WaitingToStart,False,False,False,False,False,False,False,-4,0,8.7
81,15.2049532,False,True,WaitingToStart,False,False,False,False,False,False,False,-4,0,8.7
82,15.208087,False,True,WaitingToStart,False,False,False,False,False,False,False,-4,0,8.7
83,15.210743,False,True,WaitingToStart,False,False,False,False,False,False,False,-4,0,8.7
84,15.2130861,False,True,WaitingToStart,False,False,False,False,False,False,False,-4,0,8.7
85,15.2158279,False,True,WaitingToStart,False,False,False,False,False,False,False,-4,0,8.7
86,15.2182989,False,True,WaitingToStart,False,False,False,False,False,False,False,-4,0,8.7
87,15.2217207,False,True,WaitingToStart,False,False,False,False,False,False,False,-4,0,8.7
88,15.2242966,False,True,WaitingToStart,False,False,False,False,False,False,False,-4,0,8.7
89,15.2266321,False,True,WaitingToStart,False,False,False,False,False,False,False,-4,0,8.7
90,15.2289352,False,True,WaitingToStart,False,False,False,False,False,False,False,-4,0,8.7
91,15.2312822,False,True,WaitingToStart,False,False,False,False,False,False,False,-4,0,8.7
92,15.2339973,False,True,WaitingToStart,False,False,False,False,False,False,False,-4,0,8.7
93,15.2364082,False,True,WaitingToStart,False,False,False,False,False,False,False,-4,0,8.7
94,15.2392626,False,True,WaitingToStart,False,False,False,False,False,False,False,-4,0,8.7
95,15.2419863,False,True,WaitingToStart,False,False,False,False,False,False,False,-4,0,8.7
96,15.2448587,False,True,WaitingToStart,False,False,False,False,False,False,False,-4,0,8.7
97,15.2476549,False,True,WaitingToStart,False,False,False,False,False,False,False,-4,0,8.7
98,15.2502108,False,True,WaitingToStart,False,False,False,False,False,False,False,-4,0,8.7
99,15.2530136,False,True,WaitingToStart,False,False,False,False,False,False,False,-4,0,8.7
100,15.2561007,False,True,WaitingToStart,False,False,False,False,False,False,False,-4,0,8.7
101,15.2587156,False,True,WaitingToStart,False,False,False,False,False,False,False,-4,0,8.7
102,15.2610111,False,True,WaitingToStart,False,False,False,False,False,False,False,-4,0,8.7
103,15.26325,False,True,WaitingToStart,False,False,False,False,False,False,False,-4,0,8.7
104,15.2653522,False,True,WaitingToStart,False,False,False,False,False,False,False,-4,0,8.7
105,15.2676353,False,True,WaitingToStart,False,False,False,False,False,False,False,-4,0,8.7
106,15.270052,False,True,WaitingToStart,False,False,False,False,False,False,False,-4,0,8.7
107,15.2727108,False,True,WaitingToStart,False,False,False,False,False,False,False,-4,0,8.7
108,15.2755527,False,True,WaitingToStart,False,False,False,False,False,False,False,-4,0,8.7
109,15.2781219,False,True,WaitingToStart,False,False,False,False,False,False,False,-4,0,8.7
110,15.2806683,False,True,WaitingToStart,False,False,False,False,False,False,False,-4,0,8.7
111,15.2835112,False,True,WaitingToStart,False,False,False,False,False,False,False,-4,0,8.7
112,15.2860136,False,True,WaitingToStart,False,False,False,False,False,False,False,-4,0,8.7
113,15.2885256,False,True,WaitingToStart,False,False,False,False,False,False,False,-4,0,8.7
114,15.2911854,False,True,WaitingToStart,False,False,False,False,False,False,False,-4,0,8.7
115,15.2934933,False,True,WaitingToStart,False,False,False,False,False,False,False,-4,0,8.7
116,15.29588,False,True,WaitingToStart,False,False,False,False,False,False,False,-4,0,8.7
117,15.298233,False,True,WaitingToStart,False,False,False,False,False,False,False,-4,0,8.7
118,15.3006783,False,True,WaitingToStart,False,False,False,False,False,False,False,-4,0,8.7
119,15.3031378,False,True,WaitingToStart,False,False,False,False,False,False,False,-4,0,8.7
120,15.3055534,False,True,WaitingToStart,False,False,False,False,False,False,False,-4,0,8.7
121,15.3079166,False,True,WaitingToStart,False,False,False,False,False,False,False,-4,0,8.7
122,15.3103237,False,True,WaitingToStart,False,False,False,False,False,False,False,-4,0,8.7
123,15.3126011,False,True,WaitingToStart,False,False,False,False,False,False,False,-4,0,8.7
124,15.3148212,False,True,WaitingToStart,False,False,False,False,False,False,False,-4,0,8.7
125,15.3170595,False,True,WaitingToStart,False,False,False,False,False,False,False,-4,0,8.7
126,15.3195572,False,True,WaitingToStart,False,False,False,False,False,False,False,-4,0,8.7
127,15.3222923,False,True,WaitingToStart,False,False,False,False,False,False,False,-4,0,8.7
128,15.3248339,False,True,WaitingToStart,False,False,False,False,False,False,False,-4,0,8.7
129,15.3271494,False,True,WaitingToStart,False,False,False,False,False,False,False,-4,0,8.7
130,15.3294706,False,True,WaitingToStart,False,False,False,False,False,False,False,-4,0,8.7
131,15.3317652,False,True,WaitingToStart,False,False,False,False,False,False,False,-4,0,8.7
132,15.3341818,False,True,WaitingToStart,False,False,False,False,False,False,False,-4,0,8.7
133,15.336524,False,True,WaitingToStart,False,False,False,False,False,False,False,-4,0,8.7
134,15.3391323,False,True,WaitingToStart,False,False,False,False,False,False,False,-4,0,8.7
135,15.341732,False,True,WaitingToStart,False,False,False,False,False,False,False,-4,0,8.7
136,15.344346,False,True,WaitingToStart,False,False,False,False,False,False,False,-4,0,8.7
137,15.3469572,False,True,WaitingToStart,False,False,False,False,False,False,False,-4,0,8.7
138,15.3495636,False,True,WaitingToStart,False,False,False,False,False,False,False,-4,0,8.7
139,15.3520994,False,True,WaitingToStart,False,False,False,False,False,False,False,-4,0,8.7
140,15.3543682,False,True,WaitingToStart,False,False,False,False,False,False,False,-4,0,8.7
141,15.3567076,False,True,WaitingToStart,False,False,False,False,False,False,False,-4,0,8.7
142,15.3589344,False,True,WaitingToStart,False,False,False,False,False,False,False,-4,0,8.7
143,15.36131,False,True,WaitingToStart,False,False,False,False,False,False,False,-4,0,8.7
144,15.363965,False,True,WaitingToStart,False,False,False,False,False,False,False,-4,0,8.7
145,15.3664112,False,True,WaitingToStart,False,False,False,False,False,False,False,-4,0,8.7
146,15.36871,False,True,WaitingToStart,False,False,False,False,False,False,False,-4,0,8.7
147,15.37129,False,True,WaitingToStart,False,False,False,False,False,False,False,-4,0,8.7
148,15.3739376,False,True,WaitingToStart,False,False,False,False,False,False,False,-4,0,8.7
149,15.3763895,False,True,WaitingToStart,False,False,False,False,False,False,False,-4,0,8.7
150,15.3788042,False,True,WaitingToStart,False,False,False,False,False,False,False,-4,0,8.7
151,15.3814325,False,True,WaitingToStart,False,False,False,False,False,False,False,-4,0,8.7
152,15.3838491,False,True,WaitingToStart,False,False,False,False,False,False,False,-4,0,8.7
153,15.386302,False,True,WaitingToStart,False,False,False,False,False,False,False,-4,0,8.7
154,15.3887968,False,True,WaitingToStart,False,False,False,False,False,False,False,-4,0,8.7
155,15.3912268,False,True,WaitingToStart,False,False,False,False,False,False,False,-4,0,8.7
156,15.3937263,False,True,WaitingToStart,False,False,False,False,False,False,False,-4,0,8.7
157,15.3961344,False,True,WaitingToStart,False,False,False,False,False,False,False,-4,0,8.7
158,15.3983049,False,True,WaitingToStart,False,False,False,False,False,False,False,-4,0,8.7
159,15.4005089,False,True,WaitingToStart,False,False,False,False,False,False,False,-4,0,8.7
160,15.4032173,False,True,WaitingToStart,False,False,False,False,False,False,False,-4,0,8.7
161,15.40594,False,True,WaitingToStart,False,False,False,False,False,False,False,-4,0,8.7
162,15.4084778,False,True,WaitingToStart,False,False,False,False,False,False,False,-4,0,8.7
163,15.410924,False,True,WaitingToStart,False,False,False,False,False,False,False,-4,0,8.7
164,15.4132729,False,True,WaitingToStart,False,False,False,False,False,False,False,-4,0,8.7
165,15.4158239,False,True,WaitingToStart,False,False,False,False,False,False,False,-4,0,8.7
166,15.4181643,False,True,WaitingToStart,False,False,False,False,False,False,False,-4,0,8.7
167,15.421773,False,True,WaitingToStart,False,False,False,False,False,False,False,-4,0,8.7
168,15.4260368,False,True,WaitingToStart,False,False,False,False,False,False,False,-4,0,8.7
169,15.4309654,False,True,WaitingToStart,False,False,False,False,False,False,False,-4,0,8.7
170,15.4358969,False,True,WaitingToStart,False,False,False,False,False,False,False,-4,0,8.7
171,15.4389,False,True,WaitingToStart,False,False,False,False,False,False,False,-4,0,8.7
172,15.4415722,False,True,WaitingToStart,False,False,False,False,False,False,False,-4,0,8.7
173,15.444128,False,True,WaitingToStart,False,False,False,False,False,False,False,-4,0,8.7
174,15.4464235,False,True,WaitingToStart,False,False,False,False,False,False,False,-4,0,8.7
175,15.448781,False,True,WaitingToStart,False,False,False,False,False,False,False,-4,0,8.7
176,15.45125,False,True,WaitingToStart,False,False,False,False,False,False,False,-4,0,8.7
177,15.45414,False,True,WaitingToStart,False,False,False,False,False,False,False,-4,0,8.7
178,15.4567623,False,True,WaitingToStart,False,False,False,False,False,False,False,-4,0,8.7
179,15.4594164,False,True,WaitingToStart,False,False,False,False,False,False,False,-4,0,8.7
180,15.4618664,False,True,WaitingToStart,False,False,False,False,False,False,False,-4,0,8.7
181,15.4642,False,True,WaitingToStart,False,False,False,False,False,False,False,-4,0,8.7
182,15.4665,False,True,WaitingToStart,False,False,False,False,False,False,False,-4,0,8.7
183,15.4690123,False,True,WaitingToStart,False,False,False,False,False,False,False,-4,0,8.7
184,15.47157,False,True,WaitingToStart,False,False,False,False,False,False,False,-4,0,8.7
185,15.4746847,False,True,WaitingToStart,False,False,False,False,False,False,False,-4,0,8.7
186,15.4815149,False,True,WaitingToStart,False,False,False,False,False,False,False,-4,0,8.7
187,15.484683,False,True,WaitingToStart,False,False,False,False,False,False,False,-4,0,8.7
188,15.488718,False,True,WaitingToStart,False,False,False,False,False,False,False,-4,0,8.7
189,15.4920187,False,True,WaitingToStart,False,False,False,False,False,False,False,-4,0,8.7
190,15.49481,False,True,WaitingToStart,False,False,False,False,False,False,False,-4,0,8.7
191,15.4976625,False,True,WaitingToStart,False,False,False,False,False,False,False,-4,0,8.7
192,15.5002232,False,True,WaitingToStart,False,False,False,False,False,False,False,-4,0,8.7
193,15.5027227,False,True,WaitingToStart,False,False,False,False,False,False,False,-4,0,8.7
194,15.5052929,False,True,WaitingToStart,False,False,False,False,False,False,False,-4,0,8.7
195,15.5078182,False,True,WaitingToStart,False,False,False,False,False,False,False,-4,0,8.7
196,15.5101547,False,True,WaitingToStart,False,False,False,False,False,False,False,-4,0,8.7
197,15.5124989,False,True,WaitingToStart,False,False,False,False,False,False,False,-4,0,8.7
198,15.5148535,False,True,WaitingToStart,False,False,False,False,False,False,False,-4,0,8.7
199,15.5175934,False,True,WaitingToStart,False,False,False,False,False,False,False,-4,0,8.7
200,15.5202427,False,True,WaitingToStart,False,False,False,False,False,False,False,-4,0,8.7
201,15.5228243,False,True,WaitingToStart,False,False,False,False,False,False,False,-4,0,8.7
202,15.5254164,False,True,WaitingToStart,False,False,False,False,False,False,False,-4,0,8.7
203,15.5282383,False,True,WaitingToStart,False,False,False,False,False,False,False,-4,0,8.7
204,15.5312319,False,True,WaitingToStart,False,False,False,False,False,False,False,-4,0,8.7
205,15.5337839,False,True,WaitingToStart,False,False,False,False,False,False,False,-4,0,8.7
206,15.5367079,False,True,WaitingToStart,False,False,False,False,False,False,False,-4,0,8.7
207,15.53993,False,True,WaitingToStart,False,False,False,False,False,False,False,-4,0,8.7
208,15.5427074,False,True,WaitingToStart,False,False,False,False,False,False,False,-4,0,8.7
209,15.5452795,False,True,WaitingToStart,False,False,False,False,False,False,False,-4,0,8.7
210,15.5478268,False,True,WaitingToStart,False,False,False,False,False,False,False,-4,0,8.7
211,15.5509624,False,True,WaitingToStart,False,False,False,False,False,False,False,-4,0,8.7
212,15.5537252,False,True,WaitingToStart,False,False,False,False,False,False,False,-4,0,8.7
213,15.5584555,False,True,WaitingToStart,False,False,False,False,False,False,False,-4,0,8.7
214,15.5662746,True,True,Playing,True,True,True,True,False,False,False,63,0,8.7
215,15.8134155,True,True,Playing,True,True,True,True,False,False,False,63,0,8.7
216,15.8179531,True,True,Playing,True,True,True,True,False,False,False,63,0,8.7
217,15.8217916,True,True,Playing,True,True,True,True,False,False,False,63,0,8.7
218,15.8246288,True,True,Playing,True,True,True,True,False,False,False,63,0,8.7
219,15.8272762,True,True,Playing,True,True,True,True,False,False,False,63,0,8.7
220,15.82998,True,True,Playing,True,True,True,True,False,False,False,63,0,8.7
221,15.8335142,True,True,Playing,True,True,True,True,False,False,False,63,0,8.7
222,15.836791,True,True,Playing,True,True,True,True,False,False,False,63,0,8.7
223,15.84153,True,True,Playing,True,True,True,True,False,False,False,63,0,8.7
224,15.844347,True,True,Playing,True,True,True,True,False,False,False,63,0,8.7
225,15.8472919,True,True,Playing,True,True,True,True,False,False,False,63,0,8.7
226,15.8502035,True,True,Playing,True,True,True,True,False,False,False,63,0,8.7
227,15.853076,True,True,Playing,True,True,True,True,False,False,False,63,0,8.7
228,15.8558559,True,True,Playing,True,True,True,True,False,False,False,63,0,8.7
229,15.8587627,True,True,Playing,True,True,True,True,False,False,False,63,0,8.7
230,15.8610573,True,True,Playing,True,True,True,True,False,False,False,63,0,8.7
231,15.863698,True,True,Playing,True,True,True,True,False,False,False,63,0,8.7
232,15.8664112,True,True,Playing,True,True,True,True,False,False,False,63,0,8.7
233,15.8695669,True,True,Playing,True,True,True,True,False,False,False,63,0,8.7
234,15.8724146,True,True,Playing,True,True,True,True,False,False,False,63,0,8.7
235,15.87512,True,True,Playing,True,True,True,True,False,False,False,63,0,8.7
236,15.877943,True,True,Playing,True,True,True,True,False,False,False,63,0,8.7
237,15.8806133,True,True,Playing,True,True,True,True,False,False,False,63,0,8.7
238,15.8830032,True,True,Playing,True,True,True,True,False,False,False,63,0,8.7
239,15.8855686,True,True,Playing,True,True,True,True,False,False,False,63,0,8.7
240,15.8886194,True,True,Playing,True,True,True,True,False,False,False,63,0,8.7
241,15.8918686,True,True,Playing,True,True,True,True,False,False,False,63,0,8.7
242,15.8945179,True,True,Playing,True,True,True,True,False,False,False,63,0,8.7
243,15.8970766,True,True,Playing,True,True,True,True,False,False,False,63,0,8.7
244,15.8996172,True,True,Playing,True,True,True,True,False,False,False,63,0,8.7
245,15.9020863,True,True,Playing,True,True,True,True,False,False,False,63,0,8.7
246,15.9063425,True,True,Playing,True,True,True,True,False,False,False,63,0,8.7
247,15.9092712,True,True,Playing,True,True,True,True,False,False,False,63,0,8.7
248,15.9118681,True,True,Playing,True,True,True,True,False,False,False,63,0,8.7
249,15.914607,True,True,Playing,True,True,True,True,False,False,False,63,0,8.7
250,15.9170055,True,True,Playing,True,True,True,True,False,False,False,63,0,8.7
251,15.919878,True,True,Playing,True,True,True,True,False,False,False,63,0,8.7
252,15.922555,True,True,Playing,True,True,True,True,False,False,False,63,0,8.7
253,15.9251995,True,True,Playing,True,True,True,True,False,False,False,63,0,8.7
254,15.9276705,True,True,Playing,True,True,True,True,False,False,False,63,0,8.7
255,15.9303513,True,True,Playing,True,True,True,True,False,False,False,63,0,8.7
256,15.9328918,True,True,Playing,True,True,True,True,False,False,False,63,0,8.7
257,15.9352055,True,True,Playing,True,True,True,True,False,False,False,63,0,8.7
258,15.9375725,True,True,Playing,True,True,True,True,False,False,False,63,0,8.7
259,15.9402437,True,True,Playing,True,True,True,True,False,False,False,63,0,8.7
260,15.9431086,True,True,Playing,True,True,True,True,False,False,False,63,0,8.7
261,15.9457331,True,True,Playing,True,True,True,True,False,False,False,63,0,8.7
262,15.9482841,True,True,Playing,True,True,True,True,False,False,False,63,0,8.7
263,15.9506721,True,True,Playing,True,True,True,True,False,False,False,63,0,8.7
264,15.9534626,True,True,Playing,True,True,True,True,False,False,False,63,0,8.7
265,15.9564772,True,True,Playing,True,True,True,True,False,False,False,63,0,8.7
266,15.9591045,True,True,Playing,True,True,True,True,False,False,False,63,0,8.7
267,15.9619684,True,True,Playing,True,True,True,True,False,False,False,63,0,8.7
268,15.9644918,True,True,Playing,True,True,True,True,False,False,False,63,0,8.7
269,15.96721,True,True,Playing,True,True,True,True,False,False,False,63,0,8.7
270,15.9696369,True,True,Playing,True,True,True,True,False,False,False,63,0,8.7
271,15.97299,True,True,Playing,True,True,True,True,False,False,False,63,0,8.7
272,15.9764,True,True,Playing,True,True,True,True,False,False,False,63,0,8.7
273,15.9808121,True,True,Playing,True,True,True,True,False,False,False,63,0,8.7
274,15.9834089,True,True,Playing,True,True,True,True,False,False,False,63,0,8.7
275,15.9858055,True,True,Playing,True,True,True,True,False,False,False,63,0,8.7
276,15.9885149,True,True,Playing,True,True,True,True,False,False,False,63,0,8.7
277,15.9911289,True,True,Playing,True,True,True,True,False,False,False,63,0,8.7
278,15.9936171,True,True,Playing,True,True,True,True,False,False,False,63,0,8.7
279,15.9961042,True,True,Playing,True,True,True,True,False,False,False,63,0,8.7
280,15.9984732,True,True,Playing,True,True,True,True,False,False,False,63,0,8.7
281,16.0008469,True,True,Playing,True,True,True,True,False,False,False,63,0,8.7
282,16.0040054,True,True,Playing,True,True,True,True,False,False,False,63,0,8.7
283,16.00708,True,True,Playing,True,True,True,True,False,False,False,63,0,8.7
284,16.0104141,True,True,Playing,True,True,True,True,False,False,False,63,0,8.7
285,16.012928,True,True,Playing,True,True,True,True,False,False,False,63,0,8.7
286,16.01643,True,True,Playing,True,True,True,True,False,False,False,63,0,8.7
287,16.0200024,True,True,Playing,True,True,True,True,False,False,False,63,0,8.7
288,16.02353,True,True,Playing,True,True,True,True,False,False,False,63,0,8.7
289,16.0264244,True,True,Playing,True,True,True,True,False,False,False,63,0,8.7
290,16.0291061,True,True,Playing,True,True,True,True,False,False,False,63,0,8.7
291,16.0317421,True,True,Playing,True,True,True,True,False,False,False,63,0,8.7
292,16.0347061,True,True,Playing,True,True,True,True,False,False,False,63,0,8.7
293,16.03843,True,True,Playing,True,True,True,True,False,False,False,63,0,8.7
294,16.041647,True,True,Playing,True,True,True,True,False,False,False,63,0,8.7
295,16.0441265,True,True,Playing,True,True,True,True,False,False,False,63,0,8.7
296,16.0465317,True,True,Playing,True,True,True,True,False,False,False,63,0,8.7
297,16.04927,True,True,Playing,True,True,True,True,False,False,False,63,0,8.7
298,16.0518265,True,True,Playing,True,True,True,True,False,False,False,63,0,8.7
299,16.05477,True,True,Playing,True,True,True,True,False,False,False,63,0,8.7
300,16.0574951,True,True,Playing,True,True,True,True,False,False,False,63,0,8.7
301,16.0602875,True,True,Playing,True,True,True,True,False,False,False,63,0,8.7
302,16.0626965,True,True,Playing,True,True,True,True,False,False,False,63,0,8.7
303,16.0651436,True,True,Playing,True,True,True,True,False,False,False,63,0,8.7
304,16.0678577,True,True,Playing,True,True,True,True,False,False,False,63,0,8.7
305,16.0723839,True,True,Playing,True,True,True,True,False,False,False,63,0,8.7
306,16.07542,True,True,Playing,True,True,True,True,False,False,False,63,0,8.7
307,16.0780926,True,True,Playing,True,True,True,True,False,False,False,63,0,8.7
308,16.0806713,True,True,Playing,True,True,True,True,False,False,False,63,0,8.7
309,16.08383,True,True,Playing,True,True,True,True,False,False,False,63,0,8.7
310,16.0864124,True,True,Playing,True,True,True,True,False,False,False,63,0,8.7
311,16.088953,True,True,Playing,True,True,True,True,False,False,False,63,0,8.7
312,16.0913944,True,True,Playing,True,True,True,True,False,False,False,63,0,8.7
313,16.09371,True,True,Playing,True,True,True,True,False,False,False,63,0,8.7
314,16.09611,True,True,Playing,True,True,True,True,False,False,False,63,0,8.7
315,16.0983963,True,True,Playing,True,True,True,True,False,False,False,63,0,8.7
316,16.1011066,True,True,Playing,True,True,True,True,False,False,False,63,0,8.7
317,16.1041355,True,True,Playing,True,True,True,True,False,False,False,63,0,8.7
318,16.1070366,True,True,Playing,True,True,True,True,False,False,False,63,0,8.7
319,16.1097088,True,True,Playing,True,True,True,True,False,False,False,63,0,8.7
320,16.1124325,True,True,Playing,True,True,True,True,False,False,False,63,0,8.7
321,16.1150322,True,True,Playing,True,True,True,True,False,False,False,63,0,8.7
322,16.117363,True,True,Playing,True,True,True,True,False,False,False,63,0,8.7
323,16.119873,True,True,Playing,True,True,True,True,False,False,False,63,0,8.7
324,16.1232262,True,True,Playing,True,True,True,True,False,False,False,63,0,8.7
325,16.126009,True,True,Playing,True,True,True,True,False,False,False,63,0,8.7
326,16.1289387,True,True,Playing,True,True,True,True,False,False,False,63,0,8.7
327,16.1315,True,True,Playing,True,True,True,True,False,False,False,63,0,8.7
328,16.1341572,True,True,Playing,True,True,True,True,False,False,False,63,0,8.7
329,16.1371365,True,True,Playing,True,True,True,True,False,False,False,63,0,8.7
330,16.1408463,True,True,Playing,True,True,True,True,False,False,False,63,0,8.7
331,16.1436749,True,True,Playing,True,True,True,True,False,False,False,63,0,8.7
332,16.1463833,True,True,Playing,True,True,True,True,False,False,False,63,0,8.7
333,16.1492577,True,True,Playing,True,True,True,True,False,False,False,63,0,8.7
334,16.15195,True,True,Playing,True,True,True,True,False,False,False,63,0,8.7
335,16.1550064,True,True,Playing,True,True,True,True,False,False,False,63,0,8.7
336,16.1583576,True,True,Playing,True,True,True,True,False,False,False,63,0,8.7
337,16.1611824,True,True,Playing,True,True,True,True,False,False,False,63,0,8.7
338,16.1638355,True,True,Playing,True,True,True,True,False,False,False,63,0,8.7
339,16.1666222,True,True,Playing,True,True,True,True,False,False,False,63,0,8.7
340,16.1692486,True,True,Playing,True,True,True,True,False,False,False,63,0,8.7
341,16.1730957,True,True,Playing,True,True,True,True,False,False,False,63,0,8.7
342,16.1758766,True,True,Playing,True,True,True,True,False,False,False,63,0,8.7
343,16.1788158,True,True,Playing,True,True,True,True,False,False,False,63,0,8.7
344,16.1888351,True,False,Playing,True,True,True,True,False,False,False,63,0,8.7
345,16.44808,True,False,Playing,True,True,True,True,False,False,False,63,0,8.7
346,16.4537,True,False,Playing,True,True,True,True,False,False,False,63,0,8.7
347,16.4570713,True,False,Playing,True,True,True,True,False,False,False,63,0,8.7
348,16.4601364,True,False,Playing,True,True,True,True,False,False,False,63,0,8.7
349,16.4629765,True,False,Playing,True,True,True,True,False,False,False,63,0,8.7
350,16.4658127,True,False,Playing,True,True,True,True,False,False,False,63,0,8.7
351,16.46841,True,False,Playing,True,True,True,True,False,False,False,63,0,8.7
352,16.47158,True,False,Playing,True,True,True,True,False,False,False,63,0,8.7
353,16.47534,True,False,Playing,True,True,True,True,False,False,False,63,0,8.7
354,16.4779758,True,False,Playing,True,True,True,True,False,False,False,63,0,8.7
355,16.4804287,True,False,Playing,True,True,True,True,False,False,False,63,0,8.7
356,16.4830036,True,False,Playing,True,True,True,True,False,False,False,63,0,8.7
357,16.4855156,True,False,Playing,True,True,True,True,False,False,False,63,0,8.7
358,16.488781,True,False,Playing,True,True,True,True,False,False,False,63,0,8.7
359,16.4918232,True,False,Playing,True,True,True,True,False,False,False,63,0,8.7
360,16.4945068,True,False,Playing,True,True,True,True,False,False,False,63,0,8.7
361,16.4972343,True,False,Playing,True,True,True,True,False,False,False,63,0,8.7
362,16.5000648,True,False,Playing,True,True,True,True,False,False,False,63,0,8.7
363,16.502985,True,False,Playing,True,True,True,True,False,False,False,63,0,8.7
364,16.5066757,True,False,Playing,True,True,True,True,False,False,False,63,0,8.7
365,16.5095539,True,False,Playing,True,True,True,True,False,False,False,63,0,8.7
366,16.5123081,True,False,Playing,True,True,True,True,False,False,False,63,0,8.7
367,16.5150166,True,False,Playing,True,True,True,True,False,False,False,63,0,8.7
368,16.51752,True,False,Playing,True,True,True,True,False,False,False,63,0,8.7
369,16.5205936,True,False,Playing,True,True,True,True,False,False,False,63,0,8.7
370,16.5234585,True,False,Playing,True,True,True,True,False,False,False,63,0,8.7
371,16.52596,True,False,Playing,True,True,True,True,False,False,False,63,0,8.7
372,16.5287,True,False,Playing,True,True,True,True,False,False,False,63,0,8.7
373,16.5310764,True,False,Playing,True,True,True,True,False,False,False,63,0,8.7
374,16.5335312,True,False,Playing,True,True,True,True,False,False,False,63,0,8.7
375,16.5361671,True,False,Playing,True,True,True,True,False,False,False,63,0,8.7
376,16.54066,True,False,Playing,True,True,True,True,False,False,False,63,0,8.7
377,16.5439224,True,False,Playing,True,True,True,True,False,False,False,63,0,8.7
378,16.5463829,True,False,Playing,True,True,True,True,False,False,False,63,0,8.7
379,16.5488358,True,False,Playing,True,True,True,True,False,False,False,63,0,8.7
380,16.5509968,True,False,Playing,True,True,True,True,False,False,False,63,0,8.7
381,16.5536747,True,False,Playing,True,True,True,True,False,False,False,63,0,8.7
382,16.5566216,True,False,Playing,True,True,True,True,False,False,False,63,0,8.7
383,16.55949,True,False,Playing,True,True,True,True,False,False,False,63,0,8.7
384,16.5619354,True,False,Playing,True,True,True,True,False,False,False,63,0,8.7
385,16.5642719,True,False,Playing,True,True,True,True,False,False,False,63,0,8.7
386,16.56714,True,False,Playing,True,True,True,True,False,False,False,63,0,8.7
387,16.5699825,True,False,Playing,True,True,True,True,False,False,False,63,0,8.7
388,16.5728,True,False,Playing,True,True,True,True,False,False,False,63,0,8.7
389,16.5758953,True,False,Playing,True,True,True,True,False,False,False,63,0,8.7
390,16.578455,True,False,Playing,True,True,True,True,False,False,False,63,0,8.7
391,16.5811558,True,False,Playing,True,True,True,True,False,False,False,63,0,8.7
392,16.584301,True,False,Playing,True,True,True,True,False,False,False,63,0,8.7
393,16.58677,True,False,Playing,True,True,True,True,False,False,False,63,0,8.7
394,16.59038,True,False,Playing,True,True,True,True,False,False,False,63,0,8.7
395,16.593317,True,False,Playing,True,True,True,True,False,False,False,63,0,8.7
396,16.5959568,True,False,Playing,True,True,True,True,False,False,False,63,0,8.7
397,16.5982571,True,False,Playing,True,True,True,True,False,False,False,63,0,8.7
398,16.6007977,True,False,Playing,True,True,True,True,False,False,False,63,0,8.7
399,16.6032448,True,False,Playing,True,True,True,True,False,False,False,63,0,8.7
400,16.605875,True,False,Playing,True,True,True,True,False,False,False,63,0,8.7
401,16.6089363,True,False,Playing,True,True,True,True,False,False,False,63,0,8.7
402,16.6116047,True,False,Playing,True,True,True,True,False,False,False,63,0,8.7
403,16.6139565,True,False,Playing,True,True,True,True,False,False,False,63,0,8.7
404,16.61624,True,False,Playing,True,True,True,True,False,False,False,63,0,8.7
405,16.6184654,True,False,Playing,True,True,True,True,False,False,False,63,0,8.7
406,16.6208763,True,False,Playing,True,True,True,True,False,False,False,63,0,8.7
407,16.6234074,True,False,Playing,True,True,True,True,False,False,False,63,0,8.7
408,16.6257267,True,False,Playing,True,True,True,True,False,False,False,63,0,8.7
409,16.6280174,True,False,Playing,True,True,True,True,False,False,False,63,0,8.7
410,16.63025,True,False,Playing,True,True,True,True,False,False,False,63,0,8.7
411,16.6324825,True,False,Playing,True,True,True,True,False,False,False,63,0,8.7
412,16.63484,True,False,Playing,True,True,True,True,False,False,False,63,0,8.7
413,16.6371632,True,False,Playing,True,True,True,True,False,False,False,63,0,8.7
414,16.63983,True,False,Playing,True,True,True,True,False,False,False,63,0,8.7
415,16.6424484,True,False,Playing,True,True,True,True,False,False,False,63,0,8.7
416,16.6448135,True,False,Playing,True,True,True,True,False,False,False,63,0,8.7
417,16.6474781,True,False,Playing,True,True,True,True,False,False,False,63,0,8.7
418,16.6501122,True,False,Playing,True,True,True,True,False,False,False,63,0,8.7
419,16.6527462,True,False,Playing,True,True,True,True,False,False,False,63,0,8.7
420,16.6553783,True,False,Playing,True,True,True,True,False,False,False,63,0,8.7
421,16.65793,True,False,Playing,True,True,True,True,False,False,False,63,0,8.7
422,16.660614,True,False,Playing,True,True,True,True,False,False,False,63,0,8.7
423,16.6632156,True,False,Playing,True,True,True,True,False,False,False,63,0,8.7
424,16.6656857,True,False,Playing,True,True,True,True,False,False,False,63,0,8.7
425,16.66844,True,False,Playing,True,True,True,True,False,False,False,63,0,8.7
426,16.6715431,True,False,Playing,True,True,True,True,False,False,False,63,0,8.7
427,16.67434,True,False,Playing,True,True,True,True,False,False,False,63,0,8.7
428,16.6770325,True,False,Playing,True,True,True,True,False,False,False,63,0,8.7
429,16.6798687,True,False,Playing,True,True,True,True,False,False,False,63,0,8.7
430,16.68279,True,False,Playing,True,True,True,True,False,False,False,63,0,8.7
431,16.6853733,True,False,Playing,True,True,True,True,False,False,False,63,0,8.7
432,16.69008,True,False,Playing,True,True,True,True,False,False,False,63,0,8.7
433,16.69289,True,False,Playing,True,True,True,True,False,False,False,63,0,8.7
434,16.6957989,True,False,Playing,True,True,True,True,False,False,False,63,0,8.7
435,16.6982784,True,False,Playing,True,True,True,True,False,False,False,63,0,8.7
436,16.7005444,True,False,Playing,True,True,True,True,False,False,False,63,0,8.7
437,16.7035561,True,False,Playing,True,True,True,True,False,False,False,63,0,8.7
438,16.7066441,True,False,Playing,True,True,True,True,False,False,False,63,0,8.7
439,16.7096157,True,False,Playing,True,True,True,True,False,False,False,63,0,8.7
440,16.712244,True,False,Playing,True,True,True,True,False,False,False,63,0,8.7
441,16.7147236,True,False,Playing,True,True,True,True,False,False,False,63,0,8.7
442,16.7171917,True,False,Playing,True,True,True,True,False,False,False,63,0,8.7
443,16.7200451,True,False,Playing,True,True,True,True,False,False,False,63,0,8.7
444,16.72285,True,False,Playing,True,True,True,True,False,False,False,63,0,8.7
445,16.7254314,True,False,Playing,True,True,True,True,False,False,False,63,0,8.7
446,16.7279453,True,False,Playing,True,True,True,True,False,False,False,63,0,8.7
447,16.7302132,True,False,Playing,True,True,True,True,False,False,False,63,0,8.7
448,16.7325268,True,False,Playing,True,True,True,True,False,False,False,63,0,8.7
449,16.7350864,True,False,Playing,True,True,True,True,False,False,False,63,0,8.7
450,16.7377663,True,False,Playing,True,True,True,True,False,False,False,63,0,8.7
451,16.7410889,True,False,Playing,True,True,True,True,False,False,False,63,0,8.7
452,16.74368,True,False,Playing,True,True,True,True,False,False,False,63,0,8.7
453,16.7461185,True,False,Playing,True,True,True,True,False,False,False,63,0,8.7
454,16.7485714,True,False,Playing,True,True,True,True,False,False,False,63,0,8.7
455,16.7509785,True,False,Playing,True,True,True,True,False,False,False,63,0,8.7
456,16.7538452,True,False,Playing,True,True,True,True,False,False,False,63,0,8.7
457,16.75686,True,False,Playing,True,True,True,True,False,False,False,63,0,8.7
458,16.7594738,True,False,Playing,True,True,True,True,False,False,False,63,0,8.7
459,16.7620449,True,False,Playing,True,True,True,True,False,False,False,63,0,8.7
460,16.7643833,True,False,Playing,True,True,True,True,False,False,False,63,0,8.7
461,16.7665977,True,False,Playing,True,True,True,True,False,False,False,63,0,8.7
462,16.76961,True,False,Playing,True,True,True,True,False,False,False,63,0,8.7
463,16.7729,True,False,Playing,True,True,True,True,False,False,False,63,0,8.7
464,16.77554,True,False,Playing,True,True,True,True,False,False,False,63,0,8.7
465,16.7779427,True,False,Playing,True,True,True,True,False,False,False,63,0,8.7
466,16.7802773,True,False,Playing,True,True,True,True,False,False,False,63,0,8.7
467,16.7825527,True,False,Playing,True,True,True,True,False,False,False,63,0,8.7
468,16.78486,True,False,Playing,True,True,True,True,False,False,False,63,0,8.7
469,16.78876,True,False,Playing,True,True,True,True,False,False,False,63,0,8.7
470,16.791317,True,False,Playing,True,True,True,True,False,False,False,63,0,8.7
471,16.7938919,True,False,Playing,True,True,True,True,False,False,False,63,0,8.7
472,16.7960815,True,False,Playing,True,True,True,True,False,False,False,63,0,8.7
473,16.79831,True,False,Playing,True,True,True,True,False,False,False,63,0,8.7
474,16.8008327,True,False,Playing,True,True,True,True,False,False,False,63,0,8.7
475,16.804163,True,False,Playing,True,True,True,True,False,False,False,63,0,8.7
476,16.80686,True,False,Playing,True,True,True,True,False,False,False,63,0,8.7
477,16.8096237,True,False,Playing,True,True,True,True,False,False,False,63,0,8.7
478,16.8121128,True,False,Playing,True,True,True,True,False,False,False,63,0,8.7
479,16.81458,True,False,Playing,True,True,True,True,False,False,False,63,0,8.7
480,16.8169384,True,False,Playing,True,True,True,True,False,False,False,63,0,8.7
481,16.81959,True,False,Playing,True,True,True,True,False,False,False,63,0,8.7
482,16.82244,True,False,Playing,True,True,True,True,False,False,False,63,0,8.7
483,16.8252277,True,False,Playing,True,True,True,True,False,False,False,63,0,8.7
484,16.8276138,True,False,Playing,True,True,True,True,False,False,False,63,0,8.7
485,16.8304272,True,False,Playing,True,True,True,True,False,False,False,63,0,8.7
486,16.8329716,True,False,Playing,True,True,True,True,False,False,False,63,0,8.7
487,16.8355522,True,False,Playing,True,True,True,True,False,False,False,63,0,8.7
488,16.8379421,True,False,Playing,True,True,True,True,False,False,False,63,0,8.7
489,16.8402824,True,False,Playing,True,True,True,True,False,False,False,63,0,8.7
490,16.8427372,True,False,Playing,True,True,True,True,False,False,False,63,0,8.7
491,16.8452168,True,False,Playing,True,True,True,True,False,False,False,63,0,8.7
492,16.84763,True,False,Playing,True,True,True,True,False,False,False,63,0,8.7
493,16.8501987,True,False,Playing,True,True,True,True,False,False,False,63,0,8.7
494,16.85274,True,False,Playing,True,True,True,True,False,False,False,63,0,8.7
495,16.85546,True,False,Playing,True,True,True,True,False,False,False,63,0,8.7
496,16.857851,True,False,Playing,True,True,True,True,False,False,False,63,0,8.7
497,16.86047,True,False,Playing,True,True,True,True,False,False,False,63,0,8.7
498,16.8629589,True,False,Playing,True,True,True,True,False,False,False,63,0,8.7
499,16.8656025,True,False,Playing,True,True,True,True,False,False,False,63,0,8.7
500,16.8679371,True,False,Playing,True,True,True,True,False,False,False,63,0,8.7
501,16.8718758,True,False,Playing,True,True,True,True,False,False,False,63,0,8.7
502,16.8746071,True,False,Playing,True,True,True,True,False,False,False,63,0,8.7
503,16.8772926,True,False,Playing,True,True,True,True,False,False,False,63,0,8.7
504,16.8801842,True,False,Playing,True,True,True,True,False,False,False,63,0,8.7
505,16.882555,True,False,Playing,True,True,True,True,False,False,False,63,0,8.7
506,16.8848114,True,False,Playing,True,True,True,True,False,False,False,63,0,8.7
507,16.8873,True,False,Playing,True,True,True,True,False,False,False,63,0,8.7
508,16.8900585,True,False,Playing,True,True,True,True,False,False,False,62.9999924,0,8.7
509,16.892519,True,False,Playing,True,True,True,True,False,False,False,62.99999,0,8.7
510,16.8948612,True,False,Playing,True,True,True,True,False,False,False,62.9999771,0,8.7
511,16.8972874,True,False,Playing,True,True,True,True,False,False,False,62.99996,0,8.7
512,16.900198,True,False,Playing,True,True,True,True,False,False,False,62.9999352,0,8.7
513,16.902977,True,False,Playing,True,True,True,True,False,False,False,62.9999046,0,8.7
514,16.9064941,True,False,Playing,True,True,True,True,False,False,False,62.999855,0,8.7
515,16.9094315,True,False,Playing,True,True,True,True,False,False,False,62.99979,0,8.7
516,16.9122715,True,False,Playing,True,True,True,True,False,False,False,62.9997139,0,8.7
517,16.9148064,True,False,Playing,True,True,True,True,False,False,False,62.9996376,0,8.7
518,16.91727,True,False,Playing,True,True,True,True,False,False,False,62.9995461,0,8.7
519,16.9201412,True,False,Playing,True,True,True,True,False,False,False,62.9994354,0,8.7
520,16.9226456,True,False,Playing,True,True,True,True,False,False,False,62.9993134,0,8.7
521,16.9252262,True,False,Playing,True,True,True,True,False,False,False,62.99918,0,8.7
522,16.9279156,True,False,Playing,True,True,True,True,False,False,False,62.99902,0,8.7
523,16.9337177,True,False,Playing,True,True,True,True,False,False,False,62.9986153,0,8.7
524,16.9362774,True,False,Playing,True,True,True,True,False,False,False,62.9983826,0,8.7
525,16.9391384,True,False,Playing,True,True,True,True,False,False,False,62.9981232,0,8.7
526,16.94202,True,False,Playing,True,True,True,True,False,False,False,62.99784,0,8.7
527,16.9449253,True,False,Playing,True,True,True,True,False,False,False,62.9975,0,8.7
528,16.9476357,True,False,Playing,True,True,True,True,False,False,False,62.99716,0,8.7
529,16.95037,True,False,Playing,True,True,True,True,False,False,False,62.9968033,0,8.7
530,16.9533386,True,False,Playing,True,True,True,True,False,False,False,62.99636,0,8.7
531,16.956234,True,False,Playing,True,True,True,True,False,False,False,62.9959373,0,8.7
532,16.9587154,True,False,Playing,True,True,True,True,False,False,False,62.9954834,0,8.7
533,16.9614525,True,False,Playing,True,True,True,True,False,False,False,62.99499,0,8.7
534,16.9639454,True,False,Playing,True,True,True,True,False,False,False,62.9945,0,8.7
535,16.9662228,True,False,Playing,True,True,True,True,False,False,False,62.9940262,0,8.7
536,16.9684162,True,False,Playing,True,True,True,True,False,False,False,62.99354,0,8.7
537,16.9710369,True,False,Playing,True,True,True,True,False,False,False,62.9929733,0,8.7
538,16.9740238,True,False,Playing,True,True,True,True,False,False,False,62.9922562,0,8.7
539,16.9763966,True,False,Playing,True,True,True,True,False,False,False,62.9916153,0,8.7
540,16.9793377,True,False,Playing,True,True,True,True,False,False,False,62.9908638,0,8.7
541,16.98192,True,False,Playing,True,True,True,True,False,False,False,62.9900856,0,8.7
542,16.9840965,True,False,Playing,True,True,True,True,False,False,False,62.9893951,0,8.7
543,16.98655,True,False,Playing,True,True,True,True,False,False,False,62.9886436,0,8.7
544,16.9890041,True,False,Playing,True,True,True,True,False,False,False,62.9878235,0,8.7
545,16.9913845,True,False,Playing,True,True,True,True,False,False,False,62.9870033,0,8.7
546,16.9937077,True,False,Playing,True,True,True,True,False,False,False,62.9861641,0,8.7
547,16.99636,True,False,Playing,True,True,True,True,False,False,False,62.9851646,0,8.7
548,16.99859,True,False,Playing,True,True,True,True,False,False,False,62.9842529,0,8.7
549,17.0010662,True,False,Playing,True,True,True,True,False,False,False,62.983284,0,8.7
550,17.0038757,True,False,Playing,True,True,True,True,False,False,False,62.9821,0,8.7
551,17.0063629,True,False,Playing,True,True,True,True,False,False,False,62.9809723,0,8.7
552,17.0093,True,False,Playing,True,True,True,True,False,False,False,62.9796181,0,8.7
553,17.0117264,True,False,Playing,True,True,True,True,False,False,False,62.9784431,0,8.7
554,17.0142155,True,False,Playing,True,True,True,True,False,False,False,62.9771652,0,8.7
555,17.0166073,True,False,Playing,True,True,True,True,False,False,False,62.9759,0,8.7
556,17.0196476,True,False,Playing,True,True,True,True,False,False,False,62.97438,0,8.7
557,17.0224018,True,False,Playing,True,True,True,True,False,False,False,62.972744,0,8.7
558,17.0250645,True,False,Playing,True,True,True,True,False,False,False,62.97114,0,8.7
559,17.0276775,True,False,Playing,True,True,True,True,False,False,False,62.96958,0,8.7
560,17.0300255,True,False,Playing,True,True,True,True,False,False,False,62.9680328,0,8.7
561,17.0323582,True,False,Playing,True,True,True,True,False,False,False,62.9665527,0,8.7
562,17.0352039,True,False,Playing,True,True,True,True,False,False,False,62.964653,0,8.7
563,17.0378113,True,False,Playing,True,True,True,True,False,False,False,62.96286,0,8.7
564,17.040947,True,False,Playing,True,True,True,True,False,False,False,62.9606628,0,8.7
565,17.0435715,True,False,Playing,True,True,True,True,False,False,False,62.9586029,0,8.7
566,17.04617,True,False,Playing,True,True,True,True,False,False,False,62.95653,0,8.7
567,17.0486279,True,False,Playing,True,True,True,True,False,False,False,62.954628,0,8.7
568,17.0514183,True,False,Playing,True,True,True,True,False,False,False,62.9524956,0,8.7
569,17.0542583,True,False,Playing,True,True,True,True,False,False,False,62.9499931,0,8.7
570,17.0568771,True,False,Playing,True,True,True,True,False,False,False,62.94763,0,8.7
571,17.0592632,True,False,Playing,True,True,True,True,False,False,False,62.94543,0,8.7
572,17.0617676,True,False,Playing,True,True,True,True,False,False,False,62.9431229,0,8.7
573,17.064291,True,False,Playing,True,True,True,True,False,False,False,62.94084,0,8.7
574,17.0667324,True,False,Playing,True,True,True,True,False,False,False,62.9384,0,8.7
575,17.0697327,True,False,Playing,True,True,True,True,False,False,False,62.93553,0,8.7
576,17.0723877,True,False,Playing,True,True,True,True,False,False,False,62.93275,0,8.7
577,17.0753155,True,False,Playing,True,True,True,True,False,False,False,62.9296036,0,8.7
578,17.07769,True,False,Playing,True,True,True,True,False,False,False,62.9269,0,8.7
579,17.0803318,True,False,Playing,True,True,True,True,False,False,False,62.9240379,0,8.7
580,17.0829277,True,False,Playing,True,True,True,True,False,False,False,62.9210129,0,8.7
581,17.0851917,True,False,Playing,True,True,True,True,False,False,False,62.91835,0,8.7
582,17.0877323,True,False,Playing,True,True,True,True,False,False,False,62.9153671,0,8.7
583,17.0901623,True,False,Playing,True,True,True,True,False,False,False,62.91237,0,8.7
584,17.0923576,True,False,Playing,True,True,True,True,False,False,False,62.9094429,0,8.7
585,17.0947437,True,False,Playing,True,True,True,True,False,False,False,62.906517,0,8.7
586,17.0970631,True,False,Playing,True,True,True,True,False,False,False,62.90342,0,8.7
587,17.0995235,True,False,Playing,True,True,True,True,False,False,False,62.9001923,0,8.7
588,17.10191,True,False,Playing,True,True,True,True,False,False,False,62.8968735,0,8.7
589,17.1047211,True,False,Playing,True,True,True,True,False,False,False,62.89306,0,8.7
590,17.107481,True,False,Playing,True,True,True,True,False,False,False,62.8891,0,8.7
591,17.1099815,True,False,Playing,True,True,True,True,False,False,False,62.88544,0,8.7
592,17.1126289,True,False,Playing,True,True,True,True,False,False,False,62.88139,0,8.7
593,17.1151924,True,False,Playing,True,True,True,True,False,False,False,62.8775444,0,8.7
594,17.1175766,True,False,Playing,True,True,True,True,False,False,False,62.8737373,0,8.7
595,17.1206532,True,False,Playing,True,True,True,True,False,False,False,62.8689842,0,8.7
596,17.1234913,True,False,Playing,True,True,True,True,False,False,False,62.86428,0,8.7
597,17.1260567,True,False,Playing,True,True,True,True,False,False,False,62.85999,0,8.7
598,17.12838,True,False,Playing,True,True,True,True,False,False,False,62.8560257,0,8.7
599,17.13092,True,False,Playing,True,True,True,True,False,False,False,62.8516159,0,8.7
600,17.1334553,True,False,Playing,True,True,True,True,False,False,False,62.8472137,0,8.7
601,17.1357441,True,False,Playing,True,True,True,True,False,False,False,62.8429871,0,8.7
602,17.138195,True,False,Playing,True,True,True,True,False,False,False,62.8385162,0,8.7
603,17.1409454,True,False,Playing,True,True,True,True,False,False,False,62.8335571,0,8.7
604,17.1435051,True,False,Playing,True,True,True,True,False,False,False,62.8286247,0,8.7
605,17.1460438,True,False,Playing,True,True,True,True,False,False,False,62.8236542,0,8.7
606,17.1488056,True,False,Playing,True,True,True,True,False,False,False,62.818306,0,8.7
607,17.1511154,True,False,Playing,True,True,True,True,False,False,False,62.8134766,0,8.7
608,17.1537781,True,False,Playing,True,True,True,True,False,False,False,62.8084221,0,8.7
609,17.1565876,True,False,Playing,True,True,True,True,False,False,False,62.80229,0,8.7
610,17.1590939,True,False,Playing,True,True,True,True,False,False,False,62.79688,0,8.7
611,17.1614151,True,False,Playing,True,True,True,True,False,False,False,62.7918434,0,8.7
612,17.1636944,True,False,Playing,True,True,True,True,False,False,False,62.7868958,0,8.7
613,17.1658916,True,False,Playing,True,True,True,True,False,False,False,62.7818871,0,8.7
614,17.1681976,True,False,Playing,True,True,True,True,False,False,False,62.7767029,0,8.7
615,17.1707363,True,False,Playing,True,True,True,True,False,False,False,62.7711334,0,8.7
616,17.1733379,True,False,Playing,True,True,True,True,False,False,False,62.7654,0,8.7
617,17.1757126,True,False,Playing,True,True,True,True,False,False,False,62.7592125,0,8.7
618,17.17817,True,False,Playing,True,True,True,True,False,False,False,62.75343,0,8.7
619,17.1806755,True,False,Playing,True,True,True,True,False,False,False,62.74735,0,8.7
620,17.1828785,True,False,Playing,True,True,True,True,False,False,False,62.7416649,0,8.7
621,17.18511,True,False,Playing,True,True,True,True,False,False,False,62.73625,0,8.7
622,17.1883411,True,False,Playing,True,True,True,True,False,False,False,62.7283363,0,8.7
623,17.19104,True,False,Playing,True,True,True,True,False,False,False,62.7212029,0,8.7
624,17.19365,True,False,Playing,True,True,True,True,False,False,False,62.71421,0,8.7
625,17.19604,True,False,Playing,True,True,True,True,False,False,False,62.7076035,0,8.7
626,17.1996174,True,False,Playing,True,True,True,True,False,False,False,62.6979942,0,8.7
627,17.2046967,True,False,Playing,True,True,True,True,False,False,False,62.68759,0,8.7
628,17.2084465,True,False,Playing,True,True,True,True,False,False,False,62.67346,0,8.7
629,17.2110577,True,False,Playing,True,True,True,True,False,False,False,62.66538,0,8.7
630,17.2136421,True,False,Playing,True,True,True,True,False,False,False,62.6577377,0,8.7
631,17.2160931,True,False,Playing,True,True,True,True,False,False,False,62.650238,0,8.7
632,17.2186947,True,False,Playing,True,True,True,True,False,False,False,62.64254,0,8.7
633,17.2211685,True,False,Playing,True,True,True,True,False,False,False,62.63496,0,8.7
634,17.2237282,True,False,Playing,True,True,True,True,False,False,False,62.6269264,0,8.7
635,17.22653,True,False,Playing,True,True,True,True,False,False,False,62.6179962,0,8.7
636,17.2291451,True,False,Playing,True,True,True,True,False,False,False,62.6097755,0,8.7
637,17.2314034,True,False,Playing,True,True,True,True,False,False,False,62.60221,0,8.7
638,17.233963,True,False,Playing,True,True,True,True,False,False,False,62.59375,0,8.7
639,17.2374268,True,False,Playing,True,True,True,True,False,False,False,62.5827866,0,8.7
640,17.2405033,True,False,Playing,True,True,True,True,False,False,False,62.5723953,0,8.7
641,17.2433,True,False,Playing,True,True,True,True,False,False,False,62.5622063,0,8.7
642,17.24623,True,False,Playing,True,True,True,True,False,False,False,62.5522041,0,8.7
643,17.24982,True,False,Playing,True,True,True,True,False,False,False,62.5396233,0,8.7
644,17.2525158,True,False,Playing,True,True,True,True,False,False,False,62.529438,0,8.7
645,17.25509,True,False,Playing,True,True,True,True,False,False,False,62.52016,0,8.7
646,17.25759,True,False,Playing,True,True,True,True,False,False,False,62.5104828,0,8.7
647,17.2600136,True,False,Playing,True,True,True,True,False,False,False,62.5016441,0,8.7
648,17.2626743,True,False,Playing,True,True,True,True,False,False,False,62.49182,0,8.7
649,17.2649536,True,False,Playing,True,True,True,True,False,False,False,62.4826126,0,8.7
650,17.2675438,True,False,Playing,True,True,True,True,False,False,False,62.4725266,0,8.7
651,17.270153,True,False,Playing,True,True,True,True,False,False,False,62.46285,0,8.7
652,17.2727222,True,False,Playing,True,True,True,True,False,False,False,62.4527245,0,8.7
653,17.2752819,True,False,Playing,True,True,True,True,False,False,False,62.44198,0,8.7
654,17.2779255,True,False,Playing,True,True,True,True,False,False,False,62.4316063,0,8.7
655,17.2803535,True,False,Playing,True,True,True,True,False,False,False,62.42177,0,8.7
656,17.2828541,True,False,Playing,True,True,True,True,False,False,False,62.41078,0,8.7
657,17.2854118,True,False,Playing,True,True,True,True,False,False,False,62.4010048,0,8.7
658,17.2880116,True,False,Playing,True,True,True,True,False,False,False,62.38923,0,8.7
659,17.29029,True,False,Playing,True,True,True,True,False,False,False,62.3794556,0,8.7
660,17.29256,True,False,Playing,True,True,True,True,False,False,False,62.36977,0,8.7
661,17.2953644,True,False,Playing,True,True,True,True,False,False,False,62.3577042,0,8.7
662,17.29785,True,False,Playing,True,True,True,True,False,False,False,62.346077,0,8.7
663,17.3003559,True,False,Playing,True,True,True,True,False,False,False,62.33543,0,8.7
664,17.30286,True,False,Playing,True,True,True,True,False,False,False,62.3240051,0,8.7
665,17.3056526,True,False,Playing,True,True,True,True,False,False,False,62.3117,0,8.7
666,17.30799,True,False,Playing,True,True,True,True,False,False,False,62.30042,0,8.7
667,17.3102665,True,False,Playing,True,True,True,True,False,False,False,62.28988,0,8.7
668,17.3125324,True,False,Playing,True,True,True,True,False,False,False,62.2789574,0,8.7
669,17.31499,True,False,Playing,True,True,True,True,False,False,False,62.2675552,0,8.7
670,17.3172836,True,False,Playing,True,True,True,True,False,False,False,62.2565842,0,8.7
671,17.3198929,True,False,Playing,True,True,True,True,False,False,False,62.2441444,0,8.7
672,17.322506,True,False,Playing,True,True,True,True,False,False,False,62.2316666,0,8.7
673,17.3254337,True,False,Playing,True,True,True,True,False,False,False,62.2173,0,8.7
674,17.3277779,True,False,Playing,True,True,True,True,False,False,False,62.2051125,0,8.7
675,17.3303,True,False,Playing,True,True,True,True,False,False,False,62.1927223,0,8.7
676,17.3329849,True,False,Playing,True,True,True,True,False,False,False,62.17924,0,8.7
677,17.33531,True,False,Playing,True,True,True,True,False,False,False,62.1671143,0,8.7
678,17.33768,True,False,Playing,True,True,True,True,False,False,False,62.1550941,0,8.7
679,17.3403015,True,False,Playing,True,True,True,True,False,False,False,62.1416359,0,8.7
680,17.343029,True,False,Playing,True,True,True,True,False,False,False,62.1274261,0,8.7
681,17.3460617,True,False,Playing,True,True,True,True,False,False,False,62.1119347,0,8.7
682,17.3488884,True,False,Playing,True,True,True,True,False,False,False,62.09632,0,8.7
683,17.3514557,True,False,Playing,True,True,True,True,False,False,False,62.0822639,0,8.7
684,17.3544922,True,False,Playing,True,True,True,True,False,False,False,62.0670853,0,8.7
685,17.3574257,True,False,Playing,True,True,True,True,False,False,False,62.0496864,0,8.7
686,17.3605576,True,False,Playing,True,True,True,True,False,False,False,62.0328026,0,8.7
687,17.3631973,True,False,Playing,True,True,True,True,False,False,False,62.01696,0,8.7
688,17.3657379,True,False,Playing,True,True,True,True,False,False,False,62.00285,0,8.7
689,17.36813,True,False,Playing,True,True,True,True,False,False,False,61.988884,0,8.7
690,17.37392,True,False,Playing,True,True,True,True,False,False,False,61.9562378,0,8.7
691,17.378582,True,False,Playing,True,True,True,True,False,False,False,61.9389458,0,8.7
692,17.3862381,True,False,Playing,True,True,True,True,False,False,False,61.8943062,0,8.7
693,17.390152,True,False,Playing,True,True,True,True,False,False,False,61.8613548,0,8.7
694,17.3948059,True,False,Playing,True,True,True,True,False,False,False,61.8300476,0,8.7
695,17.3979149,True,False,Playing,True,True,True,True,False,False,False,61.80992,0,8.7
696,17.4005642,True,False,Playing,True,True,True,True,False,False,False,61.79269,0,8.7
697,17.4048424,True,False,Playing,True,True,True,True,False,False,False,61.7699852,0,8.7
698,17.4082451,True,False,Playing,True,True,True,True,False,False,False,61.7446823,0,8.7
699,17.412138,True,False,Playing,True,True,True,True,False,False,False,61.71868,0,8.7
700,17.4151382,True,False,Playing,True,True,True,True,False,False,False,61.69826,0,8.7
701,17.4182568,True,False,Playing,True,True,True,True,False,False,False,61.6775627,0,8.7
702,17.4231148,True,False,Playing,True,True,True,True,False,False,False,61.64676,0,8.7
703,17.426075,True,False,Playing,True,True,True,True,False,False,False,61.6245842,0,8.7
704,17.4289265,True,False,Playing,True,True,True,True,False,False,False,61.6068344,0,8.7
705,17.4327564,True,False,Playing,True,True,True,True,False,False,False,61.5843925,0,8.7
706,17.4361019,True,False,Playing,True,True,True,True,False,False,False,61.5557442,0,8.7
707,17.44658,True,False,Playing,True,True,True,True,False,False,False,61.48355,0,8.7
708,17.4498444,True,False,Playing,True,True,True,True,False,False,False,61.4576759,0,8.7
709,17.45269,True,False,Playing,True,True,True,True,False,False,False,61.4367065,0,8.7
710,17.4557686,True,False,Playing,True,True,True,True,False,False,False,61.413475,0,8.7
711,17.45872,True,False,Playing,True,True,True,True,False,False,False,61.3919067,0,8.7
712,17.4629383,True,False,Playing,True,True,True,True,False,False,False,61.366806,0,8.7
713,17.469471,True,False,Playing,True,True,True,True,False,False,False,61.3201637,0,8.7
714,17.4735374,True,False,Playing,True,True,True,True,False,False,False,61.2806664,0,8.7
715,17.4764843,True,False,Playing,True,True,True,True,False,False,False,61.25676,0,8.7
716,17.4795551,True,False,Playing,True,True,True,True,False,False,False,61.2336922,0,8.7
717,17.4821243,True,False,Playing,True,True,True,True,False,False,False,61.2123833,0,8.7
718,17.48493,True,False,Playing,True,True,True,True,False,False,False,61.1906967,0,8.7
719,17.4878178,True,False,Playing,True,True,True,True,False,False,False,61.16801,0,8.7
720,17.4906635,True,False,Playing,True,True,True,True,False,False,False,61.1441879,0,8.7
721,17.4933548,True,False,Playing,True,True,True,True,False,False,False,61.1230659,0,8.7
722,17.4960136,True,False,Playing,True,True,True,True,False,False,False,61.10125,0,8.7
723,17.4990845,True,False,Playing,True,True,True,True,False,False,False,61.076252,0,8.7
724,17.50175,True,False,Playing,True,True,True,True,False,False,False,61.0554237,0,8.7
725,17.5047646,True,False,Playing,True,True,True,True,False,False,False,61.0314064,0,8.7
726,17.5076942,True,False,Playing,True,True,True,True,False,False,False,61.00726,0,8.7
727,17.51029,True,False,Playing,True,True,True,True,False,False,False,60.9840775,0,8.7
728,17.5125866,True,False,Playing,True,True,True,True,False,False,False,60.9635353,0,8.7
729,17.5151882,True,False,Playing,True,True,True,True,False,False,False,60.9428329,0,8.7
730,17.5179729,True,False,Playing,True,True,True,True,False,False,False,60.9192924,0,8.7
731,17.52166,True,False,Playing,True,True,True,True,False,False,False,60.88826,0,8.7
732,17.5241318,True,False,Playing,True,True,True,True,False,False,False,60.8663673,0,8.7
733,17.5273933,True,False,Playing,True,True,True,True,False,False,False,60.8387451,0,8.7
734,17.5306377,True,False,Playing,True,True,True,True,False,False,False,60.81485,0,8.7
735,17.5371437,True,False,Playing,True,True,True,True,False,False,False,60.7572479,0,8.7
736,17.54168,True,False,Playing,True,True,True,True,False,False,False,60.72445,0,8.7
737,17.5477943,True,False,Playing,True,True,True,True,False,False,False,60.6703262,0,8.7
738,17.5558929,True,False,Playing,True,True,True,True,False,False,False,60.5968742,0,8.7
739,17.56008,True,False,Playing,True,True,True,True,False,False,False,60.5479622,0,8.7
740,17.563076,True,False,Playing,True,True,True,True,False,False,False,60.5194244,0,8.7
741,17.5656662,True,False,Playing,True,True,True,True,False,False,False,60.4949951,0,8.7
742,17.56866,True,False,Playing,True,True,True,True,False,False,False,60.47077,0,8.7
743,17.5724735,True,False,Playing,True,True,True,True,False,False,False,60.43294,0,8.7
744,17.5753384,True,False,Playing,True,True,True,True,False,False,False,60.40705,0,8.7
745,17.5782413,True,False,Playing,True,True,True,True,False,False,False,60.3767853,0,8.7
746,17.5807667,True,False,Playing,True,True,True,True,False,False,False,60.35311,0,8.7
747,17.5830536,True,False,Playing,True,True,True,True,False,False,False,60.3308372,0,8.7
748,17.5868759,True,False,Playing,True,True,True,True,False,False,False,60.29659,0,8.7
749,17.5927429,True,False,Playing,True,True,True,True,False,False,False,60.2384644,0,8.7
750,17.5953865,True,False,Playing,True,True,True,True,False,False,False,60.21248,0,8.7
751,17.5977764,True,False,Playing,True,True,True,True,False,False,False,60.1888428,0,8.7
752,17.6004658,True,False,Playing,True,True,True,True,False,False,False,60.1620865,0,8.7
753,17.6036682,True,False,Playing,True,True,True,True,False,False,False,60.1320839,0,8.7
754,17.6094379,True,False,Playing,True,True,True,True,False,False,False,60.1014366,0,8.7
755,17.6165562,True,False,Playing,True,True,True,True,False,False,False,60.0059433,0,8.7
756,17.6200924,True,False,Playing,True,True,True,True,False,False,False,59.9685631,0,8.7
757,17.6235466,True,False,Playing,True,True,True,True,False,False,False,59.9340668,0,8.7
758,17.6268368,True,False,Playing,True,True,True,True,False,False,False,59.9010735,0,8.7
759,17.6308155,True,False,Playing,True,True,True,True,False,False,False,59.86062,0,8.7
760,17.633728,True,False,Playing,True,True,True,True,False,False,False,59.828907,0,8.7
761,17.6364079,True,False,Playing,True,True,True,True,False,False,False,59.8015862,0,8.7
762,17.639782,True,False,Playing,True,True,True,True,False,False,False,59.7676468,0,8.7
763,17.643013,True,False,Playing,True,True,True,True,False,False,False,59.73559,0,8.7
764,17.6458054,True,False,Playing,True,True,True,True,False,False,False,59.7031631,0,8.7
765,17.6516724,True,False,Playing,True,True,True,True,False,False,False,59.66315,0,8.7
766,17.6584816,True,False,Playing,True,True,True,True,False,False,False,59.5758629,0,8.7
767,17.66157,True,False,Playing,True,True,True,True,False,False,False,59.54061,0,8.7
768,17.6643963,True,False,Playing,True,True,True,True,False,False,False,59.5083656,0,8.7
769,17.6670876,True,False,Playing,True,True,True,True,False,False,False,59.4791222,0,8.7
770,17.6702976,True,False,Playing,True,True,True,True,False,False,False,59.44703,0,8.7
771,17.6788349,True,False,Playing,True,True,True,True,False,False,False,59.3608475,0,8.7
772,17.681366,True,False,Playing,True,True,True,True,False,False,False,59.3246422,0,8.7
773,17.6904259,True,False,Playing,True,True,True,True,False,False,False,59.22828,0,8.7
774,17.69334,True,False,Playing,True,True,True,True,False,False,False,59.1956253,0,8.7
775,17.6961212,True,False,Playing,True,True,True,True,False,False,False,59.16387,0,8.7
776,17.6990147,True,False,Playing,True,True,True,True,False,False,False,59.1308746,0,8.7
777,17.701561,True,False,Playing,True,True,True,True,False,False,False,59.1036148,0,8.7
778,17.704071,True,False,Playing,True,True,True,True,False,False,False,59.076107,0,8.7
779,17.7067032,True,False,Playing,True,True,True,True,False,False,False,59.0466957,0,8.7
780,17.7095222,True,False,Playing,True,True,True,True,False,False,False,59.01535,0,8.7
781,17.7121449,True,False,Playing,True,True,True,True,False,False,False,58.9854927,0,8.7
782,17.7145462,True,False,Playing,True,True,True,True,False,False,False,58.95843,0,8.7
783,17.7168026,True,False,Playing,True,True,True,True,False,False,False,58.9332542,0,8.7
784,17.71957,True,False,Playing,True,True,True,True,False,False,False,58.9048424,0,8.7
785,17.7222919,True,False,Playing,True,True,True,True,False,False,False,58.87248,0,8.7
786,17.7255726,True,False,Playing,True,True,True,True,False,False,False,58.83609,0,8.7
787,17.7292747,True,False,Playing,True,True,True,True,False,False,False,58.7939377,0,8.7
788,17.731699,True,False,Playing,True,True,True,True,False,False,False,58.7647743,0,8.7
789,17.7344551,True,False,Playing,True,True,True,True,False,False,False,58.7348862,0,8.7
790,17.7371883,True,False,Playing,True,True,True,True,False,False,False,58.70628,0,8.7
791,17.740097,True,False,Playing,True,True,True,True,False,False,False,58.6711845,0,8.7
792,17.7429123,True,False,Playing,True,True,True,True,False,False,False,58.6388168,0,8.7
793,17.74542,True,False,Playing,True,True,True,True,False,False,False,58.6093521,0,8.7
794,17.7478352,True,False,Playing,True,True,True,True,False,False,False,58.5809479,0,8.7
795,17.7503414,True,False,Playing,True,True,True,True,False,False,False,58.55261,0,8.7
796,17.7531338,True,False,Playing,True,True,True,True,False,False,False,58.5208054,0,8.7
797,17.75566,True,False,Playing,True,True,True,True,False,False,False,58.4912567,0,8.7
798,17.7579365,True,False,Playing,True,True,True,True,False,False,False,58.46478,0,8.7
799,17.7605782,True,False,Playing,True,True,True,True,False,False,False,58.4341545,0,8.7
800,17.7632122,True,False,Playing,True,True,True,True,False,False,False,58.403244,0,8.7
801,17.7654266,True,False,Playing,True,True,True,True,False,False,False,58.3778038,0,8.7
802,17.7678947,True,False,Playing,True,True,True,True,False,False,False,58.34978,0,8.7
803,17.7708149,True,False,Playing,True,True,True,True,False,False,False,58.3166161,0,8.7
804,17.7737389,True,False,Playing,True,True,True,True,False,False,False,58.28223,0,8.7
805,17.7760754,True,False,Playing,True,True,True,True,False,False,False,58.25416,0,8.7
806,17.7784843,True,False,Playing,True,True,True,True,False,False,False,58.22759,0,8.7
807,17.780777,True,False,Playing,True,True,True,True,False,False,False,58.1986,0,8.7
808,17.7830334,True,False,Playing,True,True,True,True,False,False,False,58.17259,0,8.7
809,17.7855053,True,False,Playing,True,True,True,True,False,False,False,58.14627,0,8.7
810,17.7884426,True,False,Playing,True,True,True,True,False,False,False,58.1121941,0,8.7
811,17.79088,True,False,Playing,True,True,True,True,False,False,False,58.0807457,0,8.7
812,17.793417,True,False,Playing,True,True,True,True,False,False,False,58.0508881,0,8.7
813,17.7959518,True,False,Playing,True,True,True,True,False,False,False,58.02078,0,8.7
814,17.7986584,True,False,Playing,True,True,True,True,False,False,False,57.99157,0,8.7
815,17.8009644,True,False,Playing,True,True,True,True,False,False,False,57.9620323,0,8.7
816,17.8038177,True,False,Playing,True,True,True,True,False,False,False,57.93015,0,8.7
817,17.8063488,True,False,Playing,True,True,True,True,False,False,False,57.8987427,0,8.7
818,17.808691,True,False,Playing,True,True,True,True,False,False,False,57.8701324,0,8.7
819,17.81098,True,False,Playing,True,True,True,True,False,False,False,57.8427849,0,8.7
820,17.8136635,True,False,Playing,True,True,True,True,False,False,False,57.81231,0,8.7
821,17.81621,True,False,Playing,True,True,True,True,False,False,False,57.7813339,0,8.7
822,17.81888,True,False,Playing,True,True,True,True,False,False,False,57.7544823,0,8.7
823,17.8215637,True,False,Playing,True,True,True,True,False,False,False,57.71823,0,8.7
824,17.8239346,True,False,Playing,True,True,True,True,False,False,False,57.6895523,0,8.7
825,17.826355,True,False,Playing,True,True,True,True,False,False,False,57.66166,0,8.7
826,17.8295116,True,False,Playing,True,True,True,True,False,False,False,57.6237755,0,8.7
827,17.8325634,True,False,Playing,True,True,True,True,False,False,False,57.58805,0,8.7
828,17.8357239,True,False,Playing,True,True,True,True,False,False,False,57.5522728,0,8.7
829,17.83916,True,False,Playing,True,True,True,True,False,False,False,57.51037,0,8.7
830,17.8421173,True,False,Playing,True,True,True,True,False,False,False,57.47379,0,8.7
831,17.8447456,True,False,Playing,True,True,True,True,False,False,False,57.44219,0,8.7
832,17.8474522,True,False,Playing,True,True,True,True,False,False,False,57.40959,0,8.7
833,17.8499413,True,False,Playing,True,True,True,True,False,False,False,57.3791351,0,8.7
834,17.8530083,True,False,Playing,True,True,True,True,False,False,False,57.3433762,0,8.7
835,17.8555965,True,False,Playing,True,True,True,True,False,False,False,57.3112679,0,8.7
836,17.8579826,True,False,Playing,True,True,True,True,False,False,False,57.28218,0,8.7
837,17.8605728,True,False,Playing,True,True,True,True,False,False,False,57.2529449,0,8.7
838,17.863245,True,False,Playing,True,True,True,True,False,False,False,57.2194023,0,8.7
839,17.8658371,True,False,Playing,True,True,True,True,False,False,False,57.1884651,0,8.7
840,17.8691082,True,False,Playing,True,True,True,True,False,False,False,57.1503334,0,8.7
841,17.8716221,True,False,Playing,True,True,True,True,False,False,False,57.11982,0,8.7
842,17.8741856,True,False,Playing,True,True,True,True,False,False,False,57.0888939,0,8.7
843,17.87673,True,False,Playing,True,True,True,True,False,False,False,57.05809,0,8.7
844,17.8792267,True,False,Playing,True,True,True,True,False,False,False,57.0277443,0,8.7
845,17.8815575,True,False,Playing,True,True,True,True,False,False,False,56.9995422,0,8.7
846,17.8840446,True,False,Playing,True,True,True,True,False,False,False,56.9697762,0,8.7
847,17.886797,True,False,Playing,True,True,True,True,False,False,False,56.9374161,0,8.7
848,17.8896179,True,False,Playing,True,True,True,True,False,False,False,56.90365,0,8.7
849,17.8922749,True,False,Playing,True,True,True,True,False,False,False,56.8718719,0,8.7
850,17.8947678,True,False,Playing,True,True,True,True,False,False,False,56.841877,0,8.7
851,17.8974514,True,False,Playing,True,True,True,True,False,False,False,56.80997,0,8.7
852,17.9002666,True,False,Playing,True,True,True,True,False,False,False,56.77574,0,8.7
853,17.903244,True,False,Playing,True,True,True,True,False,False,False,56.7410164,0,8.7
854,17.9056778,True,False,Playing,True,True,True,True,False,False,False,56.70999,0,8.7
855,17.9085884,True,False,Playing,True,True,True,True,False,False,False,56.6798134,0,8.7
856,17.910923,True,False,Playing,True,True,True,True,False,False,False,56.6473579,0,8.7
857,17.91349,True,False,Playing,True,True,True,True,False,False,False,56.6165352,0,8.7
858,17.9159451,True,False,Playing,True,True,True,True,False,False,False,56.5870743,0,8.7
859,17.9183159,True,False,Playing,True,True,True,True,False,False,False,56.55885,0,8.7
860,17.9215431,True,False,Playing,True,True,True,True,False,False,False,56.52086,0,8.7
861,17.9247017,True,False,Playing,True,True,True,True,False,False,False,56.4834671,0,8.7
862,17.9272118,True,False,Playing,True,True,True,True,False,False,False,56.45279,0,8.7
863,17.92975,True,False,Playing,True,True,True,True,False,False,False,56.42161,0,8.7
864,17.9322071,True,False,Playing,True,True,True,True,False,False,False,56.39171,0,8.7
865,17.9346981,True,False,Playing,True,True,True,True,False,False,False,56.3635254,0,8.7
866,17.9377613,True,False,Playing,True,True,True,True,False,False,False,56.3254433,0,8.7
867,17.9412,True,False,Playing,True,True,True,True,False,False,False,56.28641,0,8.7
868,17.9437237,True,False,Playing,True,True,True,True,False,False,False,56.2548943,0,8.7
869,17.94657,True,False,Playing,True,True,True,True,False,False,False,56.2206535,0,8.7
870,17.9492149,True,False,Playing,True,True,True,True,False,False,False,56.18872,0,8.7
871,17.9516754,True,False,Playing,True,True,True,True,False,False,False,56.1592751,0,8.7
872,17.9543571,True,False,Playing,True,True,True,True,False,False,False,56.12656,0,8.7
873,17.9567051,True,False,Playing,True,True,True,True,False,False,False,56.0980072,0,8.7
874,17.9592762,True,False,Playing,True,True,True,True,False,False,False,56.067276,0,8.7
875,17.961607,True,False,Playing,True,True,True,True,False,False,False,56.0387726,0,8.7
876,17.9642277,True,False,Playing,True,True,True,True,False,False,False,56.0086021,0,8.7
877,17.96648,True,False,Playing,True,True,True,True,False,False,False,55.9804535,0,8.7
878,17.9696655,True,False,Playing,True,True,True,True,False,False,False,55.94383,0,8.7
879,17.97316,True,False,Playing,True,True,True,True,False,False,False,55.9021873,0,8.7
880,17.9759369,True,False,Playing,True,True,True,True,False,False,False,55.8687668,0,8.7
881,17.9785519,True,False,Playing,True,True,True,True,False,False,False,55.8366127,0,8.7
882,17.9811649,True,False,Playing,True,True,True,True,False,False,False,55.80565,0,8.7
883,17.98355,True,False,Playing,True,True,True,True,False,False,False,55.7769547,0,8.7
884,17.9863224,True,False,Playing,True,True,True,True,False,False,False,55.74282,0,8.7
885,17.9887352,True,False,Playing,True,True,True,True,False,False,False,55.71372,0,8.7
886,17.9911633,True,False,Playing,True,True,True,True,False,False,False,55.6851463,0,8.7
887,17.9939919,True,False,Playing,True,True,True,True,False,False,False,55.65163,0,8.7
888,17.996809,True,False,Playing,True,True,True,True,False,False,False,55.6169167,0,8.7
889,17.99935,True,False,Playing,True,True,True,True,False,False,False,55.58662,0,8.7
890,18.0020313,True,False,Playing,True,True,True,True,False,False,False,55.5586357,0,8.7
891,18.007782,True,False,Playing,True,True,True,True,False,False,False,55.4870529,0,8.7
892,18.0103588,True,False,Playing,True,True,True,True,False,False,False,55.4547,0,8.7
893,18.0126266,True,False,Playing,True,True,True,True,False,False,False,55.4272041,0,8.7
894,18.0149021,True,False,Playing,True,True,True,True,False,False,False,55.3993073,0,8.7
895,18.017601,True,False,Playing,True,True,True,True,False,False,False,55.368557,0,8.7
896,18.0200062,True,False,Playing,True,True,True,True,False,False,False,55.3382759,0,8.7
897,18.02272,True,False,Playing,True,True,True,True,False,False,False,55.3072929,0,8.7
898,18.0252533,True,False,Playing,True,True,True,True,False,False,False,55.2760429,0,8.7
899,18.0277081,True,False,Playing,True,True,True,True,False,False,False,55.24555,0,8.7
900,18.0303345,True,False,Playing,True,True,True,True,False,False,False,55.21491,0,8.7
901,18.0330257,True,False,Playing,True,True,True,True,False,False,False,55.18311,0,8.7
902,18.035574,True,False,Playing,True,True,True,True,False,False,False,55.15126,0,8.7
903,18.0381947,True,False,Playing,True,True,True,True,False,False,False,55.12164,0,8.7
904,18.040781,True,False,Playing,True,True,True,True,False,False,False,55.08955,0,8.7
905,18.0431175,True,False,Playing,True,True,True,True,False,False,False,55.0617332,0,8.7
906,18.0459385,True,False,Playing,True,True,True,True,False,False,False,55.0280762,0,8.7
907,18.0483227,True,False,Playing,True,True,True,True,False,False,False,54.9983826,0,8.7
908,18.05058,True,False,Playing,True,True,True,True,False,False,False,54.9712639,0,8.7
909,18.0529652,True,False,Playing,True,True,True,True,False,False,False,54.9436455,0,8.7
910,18.0553551,True,False,Playing,True,True,True,True,False,False,False,54.91408,0,8.7
911,18.0578156,True,False,Playing,True,True,True,True,False,False,False,54.885006,0,8.7
912,18.0604782,True,False,Playing,True,True,True,True,False,False,False,54.85376,0,8.7
913,18.0631752,True,False,Playing,True,True,True,True,False,False,False,54.8204231,0,8.7
914,18.06576,True,False,Playing,True,True,True,True,False,False,False,54.78936,0,8.7
915,18.0684433,True,False,Playing,True,True,True,True,False,False,False,54.7578735,0,8.7
916,18.0710487,True,False,Playing,True,True,True,True,False,False,False,54.7263947,0,8.7
917,18.0735626,True,False,Playing,True,True,True,True,False,False,False,54.6966248,0,8.7
918,18.0758648,True,False,Playing,True,True,True,True,False,False,False,54.66832,0,8.7
919,18.0785618,True,False,Playing,True,True,True,True,False,False,False,54.6390228,0,8.7
920,18.0810452,True,False,Playing,True,True,True,True,False,False,False,54.6063728,0,8.7
921,18.0836048,True,False,Playing,True,True,True,True,False,False,False,54.5764351,0,8.7
922,18.086689,True,False,Playing,True,True,True,True,False,False,False,54.5408363,0,8.7
923,18.08982,True,False,Playing,True,True,True,True,False,False,False,54.5021,0,8.7
924,18.0927353,True,False,Playing,True,True,True,True,False,False,False,54.4672546,0,8.7
925,18.0954514,True,False,Playing,True,True,True,True,False,False,False,54.43398,0,8.7
926,18.09807,True,False,Playing,True,True,True,True,False,False,False,54.402153,0,8.7
927,18.1004486,True,False,Playing,True,True,True,True,False,False,False,54.37342,0,8.7
928,18.1037216,True,False,Playing,True,True,True,True,False,False,False,54.3371277,0,8.7
929,18.1065369,True,False,Playing,True,True,True,True,False,False,False,54.301033,0,8.7
930,18.10919,True,False,Playing,True,True,True,True,False,False,False,54.2697258,0,8.7
931,18.11167,True,False,Playing,True,True,True,True,False,False,False,54.23868,0,8.7
932,18.1144714,True,False,Playing,True,True,True,True,False,False,False,54.2048836,0,8.7
933,18.1172276,True,False,Playing,True,True,True,True,False,False,False,54.1729736,0,8.7
934,18.1206284,True,False,Playing,True,True,True,True,False,False,False,54.13211,0,8.7
935,18.123106,True,False,Playing,True,True,True,True,False,False,False,54.10185,0,8.7
936,18.1255169,True,False,Playing,True,True,True,True,False,False,False,54.0726166,0,8.7
937,18.1280823,True,False,Playing,True,True,True,True,False,False,False,54.0421753,0,8.7
938,18.130579,True,False,Playing,True,True,True,True,False,False,False,54.0110664,0,8.7
939,18.1332836,True,False,Playing,True,True,True,True,False,False,False,53.9803963,0,8.7
940,18.1357784,True,False,Playing,True,True,True,True,False,False,False,53.9494553,0,8.7
941,18.1392918,True,False,Playing,True,True,True,True,False,False,False,53.9100342,0,8.7
942,18.1419544,True,False,Playing,True,True,True,True,False,False,False,53.8758659,0,8.7
943,18.1446323,True,False,Playing,True,True,True,True,False,False,False,53.84361,0,8.7
944,18.1470928,True,False,Playing,True,True,True,True,False,False,False,53.813427,0,8.7
945,18.1496449,True,False,Playing,True,True,True,True,False,False,False,53.78353,0,8.7
946,18.1522961,True,False,Playing,True,True,True,True,False,False,False,53.7511559,0,8.7
947,18.15534,True,False,Playing,True,True,True,True,False,False,False,53.71601,0,8.7
948,18.1577339,True,False,Playing,True,True,True,True,False,False,False,53.68613,0,8.7
949,18.1601,True,False,Playing,True,True,True,True,False,False,False,53.65824,0,8.7
950,18.1624966,True,False,Playing,True,True,True,True,False,False,False,53.6277771,0,8.7
951,18.1648941,True,False,Playing,True,True,True,True,False,False,False,53.6002121,0,8.7
952,18.1671124,True,False,Playing,True,True,True,True,False,False,False,53.5730858,0,8.7
953,18.17381,True,False,Playing,True,True,True,True,False,False,False,53.53399,0,8.7
954,18.1768818,True,False,Playing,True,True,True,True,False,False,False,53.4579,0,8.7
955,18.1792679,True,False,Playing,True,True,True,True,False,False,False,53.42728,0,8.7
956,18.181921,True,False,Playing,True,True,True,True,False,False,False,53.396183,0,8.7
957,18.1843777,True,False,Playing,True,True,True,True,False,False,False,53.3661346,0,8.7
958,18.18706,True,False,Playing,True,True,True,True,False,False,False,53.33495,0,8.7
959,18.1894913,True,False,Playing,True,True,True,True,False,False,False,53.3047562,0,8.7
960,18.1918259,True,False,Playing,True,True,True,True,False,False,False,53.27697,0,8.7
961,18.19435,True,False,Playing,True,True,True,True,False,False,False,53.246727,0,8.7
962,18.1967468,True,False,Playing,True,True,True,True,False,False,False,53.2166176,0,8.7
963,18.1993675,True,False,Playing,True,True,True,True,False,False,False,53.1890221,0,8.7
964,18.20215,True,False,Playing,True,True,True,True,False,False,False,53.15407,0,8.7
965,18.2049255,True,False,Playing,True,True,True,True,False,False,False,53.1213341,0,8.7
966,18.2075577,True,False,Playing,True,True,True,True,False,False,False,53.0889969,0,8.7
967,18.21016,True,False,Playing,True,True,True,True,False,False,False,53.0571671,0,8.7
968,18.21269,True,False,Playing,True,True,True,True,False,False,False,53.0262947,0,8.7
969,18.2154446,True,False,Playing,True,True,True,True,False,False,False,52.9937057,0,8.7
970,18.2178173,True,False,Playing,True,True,True,True,False,False,False,52.96526,0,8.7
971,18.2205,True,False,Playing,True,True,True,True,False,False,False,52.9333038,0,8.7
972,18.2229939,True,False,Playing,True,True,True,True,False,False,False,52.9033,0,8.7
973,18.22534,True,False,Playing,True,True,True,True,False,False,False,52.8752823,0,8.7
974,18.2278824,True,False,Playing,True,True,True,True,False,False,False,52.844223,0,8.7
975,18.230957,True,False,Playing,True,True,True,True,False,False,False,52.80902,0,8.7
976,18.2345848,True,False,Playing,True,True,True,True,False,False,False,52.76527,0,8.7
977,18.2374039,True,False,Playing,True,True,True,True,False,False,False,52.73225,0,8.7
978,18.24139,True,False,Playing,True,True,True,True,False,False,False,52.6847267,0,8.7
979,18.2439079,True,False,Playing,True,True,True,True,False,False,False,52.6520653,0,8.7
980,18.2464485,True,False,Playing,True,True,True,True,False,False,False,52.6214561,0,8.7
981,18.24925,True,False,Playing,True,True,True,True,False,False,False,52.58841,0,8.7
982,18.2519913,True,False,Playing,True,True,True,True,False,False,False,52.5559,0,8.7
983,18.2546349,True,False,Playing,True,True,True,True,False,False,False,52.52402,0,8.7
984,18.2570419,True,False,Playing,True,True,True,True,False,False,False,52.4948,0,8.7
985,18.2593956,True,False,Playing,True,True,True,True,False,False,False,52.465786,0,8.7
986,18.2621,True,False,Playing,True,True,True,True,False,False,False,52.433918,0,8.7
987,18.26479,True,False,Playing,True,True,True,True,False,False,False,52.401165,0,8.7
988,18.2673473,True,False,Playing,True,True,True,True,False,False,False,52.3704758,0,8.7
989,18.269968,True,False,Playing,True,True,True,True,False,False,False,52.3395538,0,8.7
990,18.2723675,True,False,Playing,True,True,True,True,False,False,False,52.3106155,0,8.7
991,18.2747726,True,False,Playing,True,True,True,True,False,False,False,52.2811356,0,8.7
992,18.2774258,True,False,Playing,True,True,True,True,False,False,False,52.2496529,0,8.7
993,18.2801323,True,False,Playing,True,True,True,True,False,False,False,52.2172356,0,8.7
994,18.2826424,True,False,Playing,True,True,True,True,False,False,False,52.1886368,0,8.7
995,18.2853222,True,False,Playing,True,True,True,True,False,False,False,52.1561432,0,8.7
996,18.287817,True,False,Playing,True,True,True,True,False,False,False,52.1255951,0,8.7
997,18.2903252,True,False,Playing,True,True,True,True,False,False,False,52.0949326,0,8.7
998,18.2926083,True,False,Playing,True,True,True,True,False,False,False,52.0665855,0,8.7
999,18.29482,True,False,Playing,True,True,True,True,False,False,False,52.0405045,0,8.7
1000,18.29749,True,False,Playing,True,True,True,True,False,False,False,52.008873,0,8.7
1001,18.3000088,True,False,Playing,True,True,True,True,False,False,False,51.9787445,0,8.7
1002,18.3023472,True,False,Playing,True,True,True,True,False,False,False,51.95041,0,8.7
1003,18.30513,True,False,Playing,True,True,True,True,False,False,False,51.91857,0,8.7
1004,18.3078537,True,False,Playing,True,True,True,True,False,False,False,51.8851242,0,8.7
1005,18.3103447,True,False,Playing,True,True,True,True,False,False,False,51.85491,0,8.7
1006,18.3126545,True,False,Playing,True,True,True,True,False,False,False,51.8271332,0,8.7
1007,18.3149471,True,False,Playing,True,True,True,True,False,False,False,51.79912,0,8.7
1008,18.3175774,True,False,Playing,True,True,True,True,False,False,False,51.7684441,0,8.7
1009,18.3202648,True,False,Playing,True,True,True,True,False,False,False,51.7375565,0,8.7
1010,18.322773,True,False,Playing,True,True,True,True,False,False,False,51.7054176,0,8.7
1011,18.3251553,True,False,Playing,True,True,True,True,False,False,False,51.6768227,0,8.7
1012,18.3274841,True,False,Playing,True,True,True,True,False,False,False,51.6495628,0,8.7
1013,18.3300686,True,False,Playing,True,True,True,True,False,False,False,51.61846,0,8.7
1014,18.332655,True,False,Playing,True,True,True,True,False,False,False,51.58723,0,8.7
1015,18.3350563,True,False,Playing,True,True,True,True,False,False,False,51.557785,0,8.7
1016,18.3376884,True,False,Playing,True,True,True,True,False,False,False,51.52719,0,8.7
1017,18.34038,True,False,Playing,True,True,True,True,False,False,False,51.49496,0,8.7
1018,18.3431683,True,False,Playing,True,True,True,True,False,False,False,51.46348,0,8.7
1019,18.3454857,True,False,Playing,True,True,True,True,False,False,False,51.4326134,0,8.7
1020,18.3478546,True,False,Playing,True,True,True,True,False,False,False,51.4046745,0,8.7
1021,18.3504276,True,False,Playing,True,True,True,True,False,False,False,51.3732033,0,8.7
1022,18.3531914,True,False,Playing,True,True,True,True,False,False,False,51.34142,0,8.7
1023,18.3556786,True,False,Playing,True,True,True,True,False,False,False,51.3108635,0,8.7
1024,18.3580246,True,False,Playing,True,True,True,True,False,False,False,51.2826653,0,8.7
1025,18.36045,True,False,Playing,True,True,True,True,False,False,False,51.2532654,0,8.7
1026,18.3628025,True,False,Playing,True,True,True,True,False,False,False,51.22494,0,8.7
1027,18.3651028,True,False,Playing,True,True,True,True,False,False,False,51.197258,0,8.7
1028,18.3677063,True,False,Playing,True,True,True,True,False,False,False,51.16637,0,8.7
1029,18.3704643,True,False,Playing,True,True,True,True,False,False,False,51.1349564,0,8.7
1030,18.3732834,True,False,Playing,True,True,True,True,False,False,False,51.101265,0,8.7
1031,18.3757725,True,False,Playing,True,True,True,True,False,False,False,51.0696373,0,8.7
1032,18.37803,True,False,Playing,True,True,True,True,False,False,False,51.042202,0,8.7
1033,18.3808651,True,False,Playing,True,True,True,True,False,False,False,51.00894,0,8.7
1034,18.38327,True,False,Playing,True,True,True,True,False,False,False,50.9795265,0,8.7
1035,18.3864632,True,False,Playing,True,True,True,True,False,False,False,50.9446068,0,8.7
1036,18.3893871,True,False,Playing,True,True,True,True,False,False,False,50.9097824,0,8.7
1037,18.3920975,True,False,Playing,True,True,True,True,False,False,False,50.8753777,0,8.7
1038,18.3951912,True,False,Playing,True,True,True,True,False,False,False,50.8376656,0,8.7
1039,18.3980083,True,False,Playing,True,True,True,True,False,False,False,50.80421,0,8.7
1040,18.4012527,True,False,Playing,True,True,True,True,False,False,False,50.7639275,0,8.7
1041,18.40397,True,False,Playing,True,True,True,True,False,False,False,50.73241,0,8.7
1042,18.406971,True,False,Playing,True,True,True,True,False,False,False,50.6963234,0,8.7
1043,18.40971,True,False,Playing,True,True,True,True,False,False,False,50.66248,0,8.7
1044,18.4120274,True,False,Playing,True,True,True,True,False,False,False,50.634388,0,8.7
1045,18.4147911,True,False,Playing,True,True,True,True,False,False,False,50.6024437,0,8.7
1046,18.4172535,True,False,Playing,True,True,True,True,False,False,False,50.5713654,0,8.7
1047,18.4200287,True,False,Playing,True,True,True,True,False,False,False,50.53909,0,8.7
1048,18.42269,True,False,Playing,True,True,True,True,False,False,False,50.5071526,0,8.7
1049,18.4249878,True,False,Playing,True,True,True,True,False,False,False,50.4790077,0,8.7
1050,18.4271717,True,False,Playing,True,True,True,True,False,False,False,50.45234,0,8.7
1051,18.42968,True,False,Playing,True,True,True,True,False,False,False,50.422493,0,8.7
1052,18.4320087,True,False,Playing,True,True,True,True,False,False,False,50.39432,0,8.7
1053,18.4343624,True,False,Playing,True,True,True,True,False,False,False,50.3667,0,8.7
1054,18.43677,True,False,Playing,True,True,True,True,False,False,False,50.33817,0,8.7
1055,18.439333,True,False,Playing,True,True,True,True,False,False,False,50.30762,0,8.7
1056,18.44215,True,False,Playing,True,True,True,True,False,False,False,50.2737,0,8.7
1057,18.4447575,True,False,Playing,True,True,True,True,False,False,False,50.2427521,0,8.7
1058,18.4471169,True,False,Playing,True,True,True,True,False,False,False,50.21302,0,8.7
1059,18.4494152,True,False,Playing,True,True,True,True,False,False,False,50.185936,0,8.7
1060,18.451725,True,False,Playing,True,True,True,True,False,False,False,50.1573029,0,8.7
1061,18.4546757,True,False,Playing,True,True,True,True,False,False,False,50.12479,0,8.7
1062,18.4573822,True,False,Playing,True,True,True,True,False,False,False,50.09153,0,8.7
1063,18.4598083,True,False,Playing,True,True,True,True,False,False,False,50.0611153,0,8.7
1064,18.4622078,True,False,Playing,True,True,True,True,False,False,False,50.0316238,0,8.7
1065,18.4647732,True,False,Playing,True,True,True,True,False,False,False,50.001297,0,8.7
1066,18.4673958,True,False,Playing,True,True,True,True,False,False,False,49.9707832,0,8.7
1067,18.4703579,True,False,Playing,True,True,True,True,False,False,False,49.9368629,0,8.7
1068,18.4731731,True,False,Playing,True,True,True,True,False,False,False,49.903347,0,8.7
1069,18.4758549,True,False,Playing,True,True,True,True,False,False,False,49.8686,0,8.7
1070,18.4784851,True,False,Playing,True,True,True,True,False,False,False,49.83671,0,8.7
1071,18.4808331,True,False,Playing,True,True,True,True,False,False,False,49.8082962,0,8.7
1072,18.4835548,True,False,Playing,True,True,True,True,False,False,False,49.7782822,0,8.7
1073,18.48677,True,False,Playing,True,True,True,True,False,False,False,49.7385063,0,8.7
1074,18.49251,True,False,Playing,True,True,True,True,False,False,False,49.672245,0,8.7
1075,18.4954586,True,False,Playing,True,True,True,True,False,False,False,49.6333542,0,8.7
1076,18.49792,True,False,Playing,True,True,True,True,False,False,False,49.6034622,0,8.7
1077,18.5002537,True,False,Playing,True,True,True,True,False,False,False,49.5752869,0,8.7
1078,18.5029583,True,False,Playing,True,True,True,True,False,False,False,49.5440331,0,8.7
1079,18.5056362,True,False,Playing,True,True,True,True,False,False,False,49.5117149,0,8.7
1080,18.5081425,True,False,Playing,True,True,True,True,False,False,False,49.4811554,0,8.7
1081,18.5108147,True,False,Playing,True,True,True,True,False,False,False,49.4503021,0,8.7
1082,18.5133724,True,False,Playing,True,True,True,True,False,False,False,49.4176674,0,8.7
1083,18.51575,True,False,Playing,True,True,True,True,False,False,False,49.3898544,0,8.7
1084,18.5180511,True,False,Playing,True,True,True,True,False,False,False,49.3619423,0,8.7
1085,18.5207024,True,False,Playing,True,True,True,True,False,False,False,49.3308372,0,8.7
1086,18.5231,True,False,Playing,True,True,True,True,False,False,False,49.30127,0,8.7
1087,18.5253773,True,False,Playing,True,True,True,True,False,False,False,49.2740936,0,8.7
1088,18.52781,True,False,Playing,True,True,True,True,False,False,False,49.2444839,0,8.7
1089,18.5304,True,False,Playing,True,True,True,True,False,False,False,49.21363,0,8.7
1090,18.5327854,True,False,Playing,True,True,True,True,False,False,False,49.18592,0,8.7
1091,18.53527,True,False,Playing,True,True,True,True,False,False,False,49.1557045,0,8.7
1092,18.5384464,True,False,Playing,True,True,True,True,False,False,False,49.1188354,0,8.7
1093,18.5409985,True,False,Playing,True,True,True,True,False,False,False,49.08714,0,8.7
1094,18.5433044,True,False,Playing,True,True,True,True,False,False,False,49.05836,0,8.7
1095,18.54603,True,False,Playing,True,True,True,True,False,False,False,49.0271034,0,8.7
1096,18.5485134,True,False,Playing,True,True,True,True,False,False,False,48.9963455,0,8.7
1097,18.55092,True,False,Playing,True,True,True,True,False,False,False,48.9679,0,8.7
1098,18.55356,True,False,Playing,True,True,True,True,False,False,False,48.93735,0,8.7
1099,18.55634,True,False,Playing,True,True,True,True,False,False,False,48.90375,0,8.7
1100,18.5586281,True,False,Playing,True,True,True,True,False,False,False,48.8749962,0,8.7
1101,18.5609283,True,False,Playing,True,True,True,True,False,False,False,48.8480644,0,8.7
1102,18.5631046,True,False,Playing,True,True,True,True,False,False,False,48.82093,0,8.7
1103,18.5655689,True,False,Playing,True,True,True,True,False,False,False,48.7918,0,8.7
1104,18.56787,True,False,Playing,True,True,True,True,False,False,False,48.7648735,0,8.7
1105,18.5707321,True,False,Playing,True,True,True,True,False,False,False,48.73152,0,8.7
1106,18.5731,True,False,Playing,True,True,True,True,False,False,False,48.70102,0,8.7
1107,18.575613,True,False,Playing,True,True,True,True,False,False,False,48.6719933,0,8.7
1108,18.5780754,True,False,Playing,True,True,True,True,False,False,False,48.6415863,0,8.7
1109,18.5804,True,False,Playing,True,True,True,True,False,False,False,48.614006,0,8.7
1110,18.5830688,True,False,Playing,True,True,True,True,False,False,False,48.5832939,0,8.7
1111,18.5861225,True,False,Playing,True,True,True,True,False,False,False,48.54993,0,8.7
1112,18.5885658,True,False,Playing,True,True,True,True,False,False,False,48.5154,0,8.7
1113,18.5909939,True,False,Playing,True,True,True,True,False,False,False,48.48684,0,8.7
1114,18.5933571,True,False,Playing,True,True,True,True,False,False,False,48.45834,0,8.7
1115,18.5957489,True,False,Playing,True,True,True,True,False,False,False,48.4298553,0,8.7
1116,18.5981617,True,False,Playing,True,True,True,True,False,False,False,48.4008179,0,8.7
1117,18.6005287,True,False,Playing,True,True,True,True,False,False,False,48.3722229,0,8.7
1118,18.60285,True,False,Playing,True,True,True,True,False,False,False,48.343914,0,8.7
1119,18.6053638,True,False,Playing,True,True,True,True,False,False,False,48.3147278,0,8.7
1120,18.607872,True,False,Playing,True,True,True,True,False,False,False,48.2845955,0,8.7
1121,18.6102028,True,False,Playing,True,True,True,True,False,False,False,48.25632,0,8.7
1122,18.612566,True,False,Playing,True,True,True,True,False,False,False,48.22753,0,8.7
1123,18.6150455,True,False,Playing,True,True,True,True,False,False,False,48.1983337,0,8.7
1124,18.6173153,True,False,Playing,True,True,True,True,False,False,False,48.17024,0,8.7
1125,18.6197453,True,False,Playing,True,True,True,True,False,False,False,48.1430779,0,8.7
1126,18.6220951,True,False,Playing,True,True,True,True,False,False,False,48.1133881,0,8.7
1127,18.6246471,True,False,Playing,True,True,True,True,False,False,False,48.0835037,0,8.7
1128,18.6271057,True,False,Playing,True,True,True,True,False,False,False,48.0535469,0,8.7
1129,18.629858,True,False,Playing,True,True,True,True,False,False,False,48.02106,0,8.7
1130,18.6323338,True,False,Playing,True,True,True,True,False,False,False,47.9899559,0,8.7
1131,18.6348133,True,False,Playing,True,True,True,True,False,False,False,47.9610329,0,8.7
1132,18.6379013,True,False,Playing,True,True,True,True,False,False,False,47.92446,0,8.7
1133,18.6403427,True,False,Playing,True,True,True,True,False,False,False,47.8953362,0,8.7
1134,18.642828,True,False,Playing,True,True,True,True,False,False,False,47.8653564,0,8.7
1135,18.6455746,True,False,Playing,True,True,True,True,False,False,False,47.83288,0,8.7
1136,18.6478958,True,False,Playing,True,True,True,True,False,False,False,47.8035469,0,8.7
1137,18.650425,True,False,Playing,True,True,True,True,False,False,False,47.77437,0,8.7
1138,18.65287,True,False,Playing,True,True,True,True,False,False,False,47.7443123,0,8.7
1139,18.6553345,True,False,Playing,True,True,True,True,False,False,False,47.7154045,0,8.7
1140,18.6580143,True,False,Playing,True,True,True,True,False,False,False,47.68247,0,8.7
1141,18.6605225,True,False,Playing,True,True,True,True,False,False,False,47.6524048,0,8.7
1142,18.6629887,True,False,Playing,True,True,True,True,False,False,False,47.62186,0,8.7
1143,18.6652374,True,False,Playing,True,True,True,True,False,False,False,47.59562,0,8.7
1144,18.6677666,True,False,Playing,True,True,True,True,False,False,False,47.56643,0,8.7
1145,18.6706543,True,False,Playing,True,True,True,True,False,False,False,47.5323448,0,8.7
1146,18.6735935,True,False,Playing,True,True,True,True,False,False,False,47.498085,0,8.7
1147,18.676487,True,False,Playing,True,True,True,True,False,False,False,47.4622269,0,8.7
1148,18.678793,True,False,Playing,True,True,True,True,False,False,False,47.4322624,0,8.7
1149,18.6813278,True,False,Playing,True,True,True,True,False,False,False,47.40314,0,8.7
1150,18.6838474,True,False,Playing,True,True,True,True,False,False,False,47.372654,0,8.7
1151,18.6861725,True,False,Playing,True,True,True,True,False,False,False,47.3448563,0,8.7
1152,18.6888256,True,False,Playing,True,True,True,True,False,False,False,47.31301,0,8.7
1153,18.6914444,True,False,Playing,True,True,True,True,False,False,False,47.2810974,0,8.7
1154,18.69405,True,False,Playing,True,True,True,True,False,False,False,47.2494926,0,8.7
1155,18.6966534,True,False,Playing,True,True,True,True,False,False,False,47.21887,0,8.7
1156,18.69927,True,False,Playing,True,True,True,True,False,False,False,47.187767,0,8.7
1157,18.7018661,True,False,Playing,True,True,True,True,False,False,False,47.1562843,0,8.7
1158,18.704464,True,False,Playing,True,True,True,True,False,False,False,47.12554,0,8.7
1159,18.70712,True,False,Playing,True,True,True,True,False,False,False,47.0937958,0,8.7
1160,18.7093658,True,False,Playing,True,True,True,True,False,False,False,47.065403,0,8.7
1161,18.7116623,True,False,Playing,True,True,True,True,False,False,False,47.0390244,0,8.7
1162,18.71385,True,False,Playing,True,True,True,True,False,False,False,47.0116959,0,8.7
1163,18.7160454,True,False,Playing,True,True,True,True,False,False,False,46.98574,0,8.7
1164,18.7182846,True,False,Playing,True,True,True,True,False,False,False,46.9588165,0,8.7
1165,18.7214241,True,False,Playing,True,True,True,True,False,False,False,46.9222527,0,8.7
1166,18.72376,True,False,Playing,True,True,True,True,False,False,False,46.8930435,0,8.7
1167,18.7262363,True,False,Playing,True,True,True,True,False,False,False,46.8638649,0,8.7
1168,18.7284946,True,False,Playing,True,True,True,True,False,False,False,46.83609,0,8.7
1169,18.7308083,True,False,Playing,True,True,True,True,False,False,False,46.8092079,0,8.7
1170,18.733017,True,False,Playing,True,True,True,True,False,False,False,46.7819328,0,8.7
1171,18.73593,True,False,Playing,True,True,True,True,False,False,False,46.7533264,0,8.7
1172,18.7387962,True,False,Playing,True,True,True,True,False,False,False,46.713028,0,8.7
1173,18.74152,True,False,Playing,True,True,True,True,False,False,False,46.68175,0,8.7
1174,18.7437935,True,False,Playing,True,True,True,True,False,False,False,46.65328,0,8.7
1175,18.74631,True,False,Playing,True,True,True,True,False,False,False,46.62263,0,8.7
1176,18.74855,True,False,Playing,True,True,True,True,False,False,False,46.59589,0,8.7
1177,18.7512722,True,False,Playing,True,True,True,True,False,False,False,46.56506,0,8.7
1178,18.7539577,True,False,Playing,True,True,True,True,False,False,False,46.53153,0,8.7
1179,18.7563972,True,False,Playing,True,True,True,True,False,False,False,46.50235,0,8.7
1180,18.7586746,True,False,Playing,True,True,True,True,False,False,False,46.4745026,0,8.7
1181,18.7613983,True,False,Playing,True,True,True,True,False,False,False,46.44209,0,8.7
1182,18.7639866,True,False,Playing,True,True,True,True,False,False,False,46.4108276,0,8.7
1183,18.7666378,True,False,Playing,True,True,True,True,False,False,False,46.3798943,0,8.7
1184,18.770071,True,False,Playing,True,True,True,True,False,False,False,46.33838,0,8.7
1185,18.7730427,True,False,Playing,True,True,True,True,False,False,False,46.3031235,0,8.7
1186,18.7759018,True,False,Playing,True,True,True,True,False,False,False,46.26874,0,8.7
1187,18.7786674,True,False,Playing,True,True,True,True,False,False,False,46.2350578,0,8.7
1188,18.78154,True,False,Playing,True,True,True,True,False,False,False,46.20185,0,8.7
1189,18.78423,True,False,Playing,True,True,True,True,False,False,False,46.1681061,0,8.7
1190,18.7870846,True,False,Playing,True,True,True,True,False,False,False,46.1337738,0,8.7
1191,18.7895641,True,False,Playing,True,True,True,True,False,False,False,46.1044159,0,8.7
1192,18.792263,True,False,Playing,True,True,True,True,False,False,False,46.07138,0,8.7
1193,18.7948074,True,False,Playing,True,True,True,True,False,False,False,46.04143,0,8.7
1194,18.7970676,True,False,Playing,True,True,True,True,False,False,False,46.0140076,0,8.7
1195,18.7995224,True,False,Playing,True,True,True,True,False,False,False,45.98472,0,8.7
1196,18.8020134,True,False,Playing,True,True,True,True,False,False,False,45.954464,0,8.7
1197,18.8046036,True,False,Playing,True,True,True,True,False,False,False,45.92437,0,8.7
1198,18.807436,True,False,Playing,True,True,True,True,False,False,False,45.8907166,0,8.7
1199,18.809967,True,False,Playing,True,True,True,True,False,False,False,45.8594322,0,8.7
1200,18.8127575,True,False,Playing,True,True,True,True,False,False,False,45.82637,0,8.7
1201,18.8160229,True,False,Playing,True,True,True,True,False,False,False,45.79059,0,8.7
1202,18.819294,True,False,Playing,True,True,True,True,False,False,False,45.74831,0,8.7
1203,18.8218746,True,False,Playing,True,True,True,True,False,False,False,45.7168427,0,8.7
1204,18.8246021,True,False,Playing,True,True,True,True,False,False,False,45.68439,0,8.7
1205,18.8270817,True,False,Playing,True,True,True,True,False,False,False,45.6536331,0,8.7
1206,18.82952,True,False,Playing,True,True,True,True,False,False,False,45.6251068,0,8.7
1207,18.8317223,True,False,Playing,True,True,True,True,False,False,False,45.5977936,0,8.7
1208,18.8342247,True,False,Playing,True,True,True,True,False,False,False,45.56874,0,8.7
1209,18.8371086,True,False,Playing,True,True,True,True,False,False,False,45.53401,0,8.7
1210,18.8400784,True,False,Playing,True,True,True,True,False,False,False,45.49833,0,8.7
1211,18.8426914,True,False,Playing,True,True,True,True,False,False,False,45.466835,0,8.7
1212,18.84534,True,False,Playing,True,True,True,True,False,False,False,45.4352264,0,8.7
1213,18.8477688,True,False,Playing,True,True,True,True,False,False,False,45.40565,0,8.7
1214,18.8502522,True,False,Playing,True,True,True,True,False,False,False,45.37519,0,8.7
1215,18.85264,True,False,Playing,True,True,True,True,False,False,False,45.3468056,0,8.7
1216,18.8551235,True,False,Playing,True,True,True,True,False,False,False,45.3177032,0,8.7
1217,18.8573933,True,False,Playing,True,True,True,True,False,False,False,45.2896233,0,8.7
1218,18.86007,True,False,Playing,True,True,True,True,False,False,False,45.2576752,0,8.7
1219,18.8627777,True,False,Playing,True,True,True,True,False,False,False,45.2255936,0,8.7
1220,18.8653736,True,False,Playing,True,True,True,True,False,False,False,45.1935043,0,8.7
1221,18.8680153,True,False,Playing,True,True,True,True,False,False,False,45.1638336,0,8.7
1222,18.87059,True,False,Playing,True,True,True,True,False,False,False,45.1326065,0,8.7
1223,18.8729973,True,False,Playing,True,True,True,True,False,False,False,45.10252,0,8.7
1224,18.8753166,True,False,Playing,True,True,True,True,False,False,False,45.075264,0,8.7
1225,18.8781242,True,False,Playing,True,True,True,True,False,False,False,45.0417557,0,8.7
1226,18.8807163,True,False,Playing,True,True,True,True,False,False,False,45.01024,0,8.7
1227,18.8832474,True,False,Playing,True,True,True,True,False,False,False,44.979496,0,8.7
1228,18.8857441,True,False,Playing,True,True,True,True,False,False,False,44.9497032,0,8.7
1229,18.8881283,True,False,Playing,True,True,True,True,False,False,False,44.921196,0,8.7
1230,18.8906975,True,False,Playing,True,True,True,True,False,False,False,44.89074,0,8.7
1231,18.89344,True,False,Playing,True,True,True,True,False,False,False,44.8582649,0,8.7
1232,18.8961029,True,False,Playing,True,True,True,True,False,False,False,44.8254738,0,8.7
1233,18.8985348,True,False,Playing,True,True,True,True,False,False,False,44.79614,0,8.7
1234,18.9009361,True,False,Playing,True,True,True,True,False,False,False,44.76674,0,8.7
1235,18.9040031,True,False,Playing,True,True,True,True,False,False,False,44.7325478,0,8.7
1236,18.90733,True,False,Playing,True,True,True,True,False,False,False,44.6921234,0,8.7
1237,18.9098511,True,False,Playing,True,True,True,True,False,False,False,44.66045,0,8.7
1238,18.9122047,True,False,Playing,True,True,True,True,False,False,False,44.63161,0,8.7
1239,18.9147034,True,False,Playing,True,True,True,True,False,False,False,44.60136,0,8.7
1240,18.9171066,True,False,Playing,True,True,True,True,False,False,False,44.5731049,0,8.7
1241,18.9198341,True,False,Playing,True,True,True,True,False,False,False,44.5405731,0,8.7
1242,18.9223919,True,False,Playing,True,True,True,True,False,False,False,44.5103874,0,8.7
1243,18.92519,True,False,Playing,True,True,True,True,False,False,False,44.47661,0,8.7
1244,18.9276085,True,False,Playing,True,True,True,True,False,False,False,44.4465141,0,8.7
1245,18.9300556,True,False,Playing,True,True,True,True,False,False,False,44.4177055,0,8.7
1246,18.9324322,True,False,Playing,True,True,True,True,False,False,False,44.3894119,0,8.7
1247,18.93497,True,False,Playing,True,True,True,True,False,False,False,44.3608932,0,8.7
1248,18.9381218,True,False,Playing,True,True,True,True,False,False,False,44.324543,0,8.7
1249,18.9407253,True,False,Playing,True,True,True,True,False,False,False,44.2907066,0,8.7
1250,18.9431915,True,False,Playing,True,True,True,True,False,False,False,44.2616234,0,8.7
1251,18.945755,True,False,Playing,True,True,True,True,False,False,False,44.22989,0,8.7
1252,18.9480972,True,False,Playing,True,True,True,True,False,False,False,44.2013054,0,8.7
1253,18.9503384,True,False,Playing,True,True,True,True,False,False,False,44.1749,0,8.7
1254,18.9531384,True,False,Playing,True,True,True,True,False,False,False,44.1411629,0,8.7
1255,18.9555435,True,False,Playing,True,True,True,True,False,False,False,44.1124458,0,8.7
1256,18.9577217,True,False,Playing,True,True,True,True,False,False,False,44.08523,0,8.7
1257,18.9600029,True,False,Playing,True,True,True,True,False,False,False,44.0592346,0,8.7
1258,18.9652443,True,False,Playing,True,True,True,True,False,False,False,43.99607,0,8.7
1259,18.967577,True,False,Playing,True,True,True,True,False,False,False,43.96727,0,8.7
1260,18.9703331,True,False,Playing,True,True,True,True,False,False,False,43.93598,0,8.7
1261,18.9730721,True,False,Playing,True,True,True,True,False,False,False,43.9022331,0,8.7
1262,18.975544,True,False,Playing,True,True,True,True,False,False,False,43.87195,0,8.7
1263,18.9778881,True,False,Playing,True,True,True,True,False,False,False,43.84338,0,8.7
1264,18.9801788,True,False,Playing,True,True,True,True,False,False,False,43.81677,0,8.7
1265,18.9824181,True,False,Playing,True,True,True,True,False,False,False,43.7890434,0,8.7
1266,18.9850578,True,False,Playing,True,True,True,True,False,False,False,43.7614059,0,8.7
1267,18.987812,True,False,Playing,True,True,True,True,False,False,False,43.7250671,0,8.7
1268,18.9903755,True,False,Playing,True,True,True,True,False,False,False,43.6945,0,8.7
1269,18.9931316,True,False,Playing,True,True,True,True,False,False,False,43.66193,0,8.7
1270,18.9956379,True,False,Playing,True,True,True,True,False,False,False,43.63107,0,8.7
1271,18.99856,True,False,Playing,True,True,True,True,False,False,False,43.59835,0,8.7
1272,19.0015926,True,False,Playing,True,True,True,True,False,False,False,43.5618362,0,8.7
1273,19.004467,True,False,Playing,True,True,True,True,False,False,False,43.52645,0,8.7
1274,19.0071564,True,False,Playing,True,True,True,True,False,False,False,43.4935074,0,8.7
1275,19.010025,True,False,Playing,True,True,True,True,False,False,False,43.4589844,0,8.7
1276,19.0123024,True,False,Playing,True,True,True,True,False,False,False,43.4304581,0,8.7
1277,19.0149345,True,False,Playing,True,True,True,True,False,False,False,43.4009743,0,8.7
1278,19.0175762,True,False,Playing,True,True,True,True,False,False,False,43.3693924,0,8.7
1279,19.0206165,True,False,Playing,True,True,True,True,False,False,False,43.3325081,0,8.7
1280,19.0229683,True,False,Playing,True,True,True,True,False,False,False,43.30265,0,8.7
1281,19.0251827,True,False,Playing,True,True,True,True,False,False,False,43.2762871,0,8.7
1282,19.0275917,True,False,Playing,True,True,True,True,False,False,False,43.2487679,0,8.7
1283,19.0307217,True,False,Playing,True,True,True,True,False,False,False,43.2122078,0,8.7
1284,19.03392,True,False,Playing,True,True,True,True,False,False,False,43.1729431,0,8.7
1285,19.0370541,True,False,Playing,True,True,True,True,False,False,False,43.1350365,0,8.7
1286,19.0396786,True,False,Playing,True,True,True,True,False,False,False,43.1034622,0,8.7
1287,19.0423641,True,False,Playing,True,True,True,True,False,False,False,43.0712051,0,8.7
1288,19.0448189,True,False,Playing,True,True,True,True,False,False,False,43.0405159,0,8.7
1289,19.04733,True,False,Playing,True,True,True,True,False,False,False,43.0110626,0,8.7
1290,19.04993,True,False,Playing,True,True,True,True,False,False,False,42.9796028,0,8.7
1291,19.0524445,True,False,Playing,True,True,True,True,False,False,False,42.94959,0,8.7
1292,19.05517,True,False,Playing,True,True,True,True,False,False,False,42.91651,0,8.7
1293,19.0576553,True,False,Playing,True,True,True,True,False,False,False,42.88743,0,8.7
1294,19.0603333,True,False,Playing,True,True,True,True,False,False,False,42.8553162,0,8.7
1295,19.0634689,True,False,Playing,True,True,True,True,False,False,False,42.81777,0,8.7
1296,19.0664711,True,False,Playing,True,True,True,True,False,False,False,42.78168,0,8.7
1297,19.0693741,True,False,Playing,True,True,True,True,False,False,False,42.74782,0,8.7
1298,19.0721874,True,False,Playing,True,True,True,True,False,False,False,42.713295,0,8.7
1299,19.07492,True,False,Playing,True,True,True,True,False,False,False,42.6800156,0,8.7
1300,19.077734,True,False,Playing,True,True,True,True,False,False,False,42.647,0,8.7
1301,19.0806751,True,False,Playing,True,True,True,True,False,False,False,42.61122,0,8.7
1302,19.0831814,True,False,Playing,True,True,True,True,False,False,False,42.5805969,0,8.7
1303,19.0861034,True,False,Playing,True,True,True,True,False,False,False,42.54847,0,8.7
1304,19.088747,True,False,Playing,True,True,True,True,False,False,False,42.51525,0,8.7
1305,19.0911522,True,False,Playing,True,True,True,True,False,False,False,42.4851723,0,8.7
1306,19.093647,True,False,Playing,True,True,True,True,False,False,False,42.4545975,0,8.7
1307,19.09644,True,False,Playing,True,True,True,True,False,False,False,42.4218636,0,8.7
1308,19.0991268,True,False,Playing,True,True,True,True,False,False,False,42.39015,0,8.7
1309,19.101717,True,False,Playing,True,True,True,True,False,False,False,42.3592033,0,8.7
1310,19.1042786,True,False,Playing,True,True,True,True,False,False,False,42.32732,0,8.7
1311,19.1070671,True,False,Playing,True,True,True,True,False,False,False,42.29464,0,8.7
1312,19.1095715,True,False,Playing,True,True,True,True,False,False,False,42.2640572,0,8.7
1313,19.1120358,True,False,Playing,True,True,True,True,False,False,False,42.2345467,0,8.7
1314,19.1143742,True,False,Playing,True,True,True,True,False,False,False,42.2055779,0,8.7
1315,19.1166649,True,False,Playing,True,True,True,True,False,False,False,42.1787567,0,8.7
1316,19.1194973,True,False,Playing,True,True,True,True,False,False,False,42.1467628,0,8.7
1317,19.1221485,True,False,Playing,True,True,True,True,False,False,False,42.1142578,0,8.7
1318,19.1244946,True,False,Playing,True,True,True,True,False,False,False,42.084446,0,8.7
1319,19.1267929,True,False,Playing,True,True,True,True,False,False,False,42.0569344,0,8.7
1320,19.1297,True,False,Playing,True,True,True,True,False,False,False,42.02279,0,8.7
1321,19.132267,True,False,Playing,True,True,True,True,False,False,False,41.9921761,0,8.7
1322,19.1347332,True,False,Playing,True,True,True,True,False,False,False,41.96168,0,8.7
1323,19.1372013,True,False,Playing,True,True,True,True,False,False,False,41.9325027,0,8.7
1324,19.14008,True,False,Playing,True,True,True,True,False,False,False,41.8996048,0,8.7
1325,19.1425419,True,False,Playing,True,True,True,True,False,False,False,41.8680038,0,8.7
1326,19.14502,True,False,Playing,True,True,True,True,False,False,False,41.83874,0,8.7
1327,19.1475582,True,False,Playing,True,True,True,True,False,False,False,41.8085365,0,8.7
1328,19.1498337,True,False,Playing,True,True,True,True,False,False,False,41.77967,0,8.7
1329,19.1530972,True,False,Playing,True,True,True,True,False,False,False,41.7451,0,8.7
1330,19.1563263,True,False,Playing,True,True,True,True,False,False,False,41.7041435,0,8.7
1331,19.15871,True,False,Playing,True,True,True,True,False,False,False,41.6740036,0,8.7
1332,19.161396,True,False,Playing,True,True,True,True,False,False,False,41.64255,0,8.7
1333,19.16369,True,False,Playing,True,True,True,True,False,False,False,41.61432,0,8.7
1334,19.1663971,True,False,Playing,True,True,True,True,False,False,False,41.5812149,0,8.7
1335,19.1694622,True,False,Playing,True,True,True,True,False,False,False,41.54908,0,8.7
1336,19.172575,True,False,Playing,True,True,True,True,False,False,False,41.5088654,0,8.7
1337,19.175106,True,False,Playing,True,True,True,True,False,False,False,41.4777451,0,8.7
1338,19.1776848,True,False,Playing,True,True,True,True,False,False,False,41.446743,0,8.7
1339,19.1801414,True,False,Playing,True,True,True,True,False,False,False,41.41729,0,8.7
1340,19.1827259,True,False,Playing,True,True,True,True,False,False,False,41.38734,0,8.7
1341,19.1856022,True,False,Playing,True,True,True,True,False,False,False,41.3522377,0,8.7
1342,19.1880665,True,False,Playing,True,True,True,True,False,False,False,41.3218269,0,8.7
1343,19.1907387,True,False,Playing,True,True,True,True,False,False,False,41.29065,0,8.7
1344,19.1931973,True,False,Playing,True,True,True,True,False,False,False,41.26094,0,8.7
1345,19.1956959,True,False,Playing,True,True,True,True,False,False,False,41.2314949,0,8.7
1346,19.1983376,True,False,Playing,True,True,True,True,False,False,False,41.1986847,0,8.7
1347,19.20071,True,False,Playing,True,True,True,True,False,False,False,41.1706543,0,8.7
1348,19.2033882,True,False,Playing,True,True,True,True,False,False,False,41.13832,0,8.7
1349,19.2058125,True,False,Playing,True,True,True,True,False,False,False,41.1092339,0,8.7
1350,19.2081757,True,False,Playing,True,True,True,True,False,False,False,41.080864,0,8.7
1351,19.2104836,True,False,Playing,True,True,True,True,False,False,False,41.0528374,0,8.7
1352,19.2128448,True,False,Playing,True,True,True,True,False,False,False,41.02498,0,8.7
1353,19.2155552,True,False,Playing,True,True,True,True,False,False,False,40.9925766,0,8.7
1354,19.2180042,True,False,Playing,True,True,True,True,False,False,False,40.9630623,0,8.7
1355,19.220768,True,False,Playing,True,True,True,True,False,False,False,40.9300766,0,8.7
1356,19.22332,True,False,Playing,True,True,True,True,False,False,False,40.89909,0,8.7
1357,19.2257118,True,False,Playing,True,True,True,True,False,False,False,40.8698921,0,8.7
1358,19.2286034,True,False,Playing,True,True,True,True,False,False,False,40.8383369,0,8.7
1359,19.2315617,True,False,Playing,True,True,True,True,False,False,False,40.8008957,0,8.7
1360,19.2343178,True,False,Playing,True,True,True,True,False,False,False,40.7694626,0,8.7
1361,19.2375546,True,False,Playing,True,True,True,True,False,False,False,40.7302322,0,8.7
1362,19.24029,True,False,Playing,True,True,True,True,False,False,False,40.696434,0,8.7
1363,19.2428627,True,False,Playing,True,True,True,True,False,False,False,40.66595,0,8.7
1364,19.2454948,True,False,Playing,True,True,True,True,False,False,False,40.632267,0,8.7
1365,19.2481422,True,False,Playing,True,True,True,True,False,False,False,40.6015739,0,8.7
1366,19.250452,True,False,Playing,True,True,True,True,False,False,False,40.5732956,0,8.7
1367,19.2533684,True,False,Playing,True,True,True,True,False,False,False,40.53875,0,8.7
1368,19.2560787,True,False,Playing,True,True,True,True,False,False,False,40.506546,0,8.7
1369,19.258606,True,False,Playing,True,True,True,True,False,False,False,40.47561,0,8.7
1370,19.2612419,True,False,Playing,True,True,True,True,False,False,False,40.4438362,0,8.7
1371,19.2638588,True,False,Playing,True,True,True,True,False,False,False,40.4132729,0,8.7
1372,19.266304,True,False,Playing,True,True,True,True,False,False,False,40.38324,0,8.7
1373,19.2693768,True,False,Playing,True,True,True,True,False,False,False,40.3500557,0,8.7
1374,19.2725086,True,False,Playing,True,True,True,True,False,False,False,40.31078,0,8.7
1375,19.2752018,True,False,Playing,True,True,True,True,False,False,False,40.2766457,0,8.7
1376,19.2777481,True,False,Playing,True,True,True,True,False,False,False,40.2454948,0,8.7
1377,19.2801647,True,False,Playing,True,True,True,True,False,False,False,40.217247,0,8.7
1378,19.2824936,True,False,Playing,True,True,True,True,False,False,False,40.18866,0,8.7
1379,19.2850018,True,False,Playing,True,True,True,True,False,False,False,40.1589355,0,8.7
1380,19.2877254,True,False,Playing,True,True,True,True,False,False,False,40.12685,0,8.7
1381,19.2901115,True,False,Playing,True,True,True,True,False,False,False,40.09801,0,8.7
1382,19.2924767,True,False,Playing,True,True,True,True,False,False,False,40.0689049,0,8.7
1383,19.2949219,True,False,Playing,True,True,True,True,False,False,False,40.0398369,0,8.7
1384,19.2972717,True,False,Playing,True,True,True,True,False,False,False,40.01175,0,8.7
1385,19.29995,True,False,Playing,True,True,True,True,False,False,False,39.97984,0,8.7
1386,19.30306,True,False,Playing,True,True,True,True,False,False,False,39.9437332,0,8.7
1387,19.3061237,True,False,Playing,True,True,True,True,False,False,False,39.9083,0,8.7
1388,19.3090057,True,False,Playing,True,True,True,True,False,False,False,39.8712578,0,8.7
1389,19.3116379,True,False,Playing,True,True,True,True,False,False,False,39.83952,0,8.7
1390,19.3141823,True,False,Playing,True,True,True,True,False,False,False,39.80854,0,8.7
1391,19.3167763,True,False,Playing,True,True,True,True,False,False,False,39.77903,0,8.7
1392,19.320076,True,False,Playing,True,True,True,True,False,False,False,39.73912,0,8.7
1393,19.3226833,True,False,Playing,True,True,True,True,False,False,False,39.706707,0,8.7
1394,19.3249989,True,False,Playing,True,True,True,True,False,False,False,39.6781731,0,8.7
1395,19.32734,True,False,Playing,True,True,True,True,False,False,False,39.6509,0,8.7
1396,19.3298,True,False,Playing,True,True,True,True,False,False,False,39.62092,0,8.7
1397,19.3321018,True,False,Playing,True,True,True,True,False,False,False,39.59346,0,8.7
1398,19.3345184,True,False,Playing,True,True,True,True,False,False,False,39.5642662,0,8.7
1399,19.3376446,True,False,Playing,True,True,True,True,False,False,False,39.53142,0,8.7
1400,19.340559,True,False,Playing,True,True,True,True,False,False,False,39.49204,0,8.7
1401,19.34316,True,False,Playing,True,True,True,True,False,False,False,39.46149,0,8.7
1402,19.3459358,True,False,Playing,True,True,True,True,False,False,False,39.4271774,0,8.7
1403,19.3486919,True,False,Playing,True,True,True,True,False,False,False,39.39683,0,8.7
1404,19.3516941,True,False,Playing,True,True,True,True,False,False,False,39.3591461,0,8.7
1405,19.354311,True,False,Playing,True,True,True,True,False,False,False,39.3276863,0,8.7
1406,19.3566971,True,False,Playing,True,True,True,True,False,False,False,39.2981262,0,8.7
1407,19.3591251,True,False,Playing,True,True,True,True,False,False,False,39.26975,0,8.7
1408,19.36143,True,False,Playing,True,True,True,True,False,False,False,39.24127,0,8.7
1409,19.36417,True,False,Playing,True,True,True,True,False,False,False,39.2098465,0,8.7
1410,19.3666763,True,False,Playing,True,True,True,True,False,False,False,39.17889,0,8.7
1411,19.3695831,True,False,Playing,True,True,True,True,False,False,False,39.14497,0,8.7
1412,19.3722134,True,False,Playing,True,True,True,True,False,False,False,39.1125565,0,8.7
1413,19.3747482,True,False,Playing,True,True,True,True,False,False,False,39.0815239,0,8.7
1414,19.3772354,True,False,Playing,True,True,True,True,False,False,False,39.05171,0,8.7
1415,19.3800926,True,False,Playing,True,True,True,True,False,False,False,39.01843,0,8.7
1416,19.38289,True,False,Playing,True,True,True,True,False,False,False,38.9844856,0,8.7
1417,19.386055,True,False,Playing,True,True,True,True,False,False,False,38.94675,0,8.7
1418,19.3887615,True,False,Playing,True,True,True,True,False,False,False,38.91372,0,8.7
1419,19.39167,True,False,Playing,True,True,True,True,False,False,False,38.8789024,0,8.7
1420,19.3941669,True,False,Playing,True,True,True,True,False,False,False,38.84831,0,8.7
1421,19.3967762,True,False,Playing,True,True,True,True,False,False,False,38.8175,0,8.7
1422,19.3998032,True,False,Playing,True,True,True,True,False,False,False,38.78114,0,8.7
1423,19.40254,True,False,Playing,True,True,True,True,False,False,False,38.749855,0,8.7
1424,19.4051857,True,False,Playing,True,True,True,True,False,False,False,38.7166862,0,8.7
1425,19.4081154,True,False,Playing,True,True,True,True,False,False,False,38.68264,0,8.7
1426,19.41106,True,False,Playing,True,True,True,True,False,False,False,38.6468,0,8.7
1427,19.4134159,True,False,Playing,True,True,True,True,False,False,False,38.617897,0,8.7
1428,19.4158783,True,False,Playing,True,True,True,True,False,False,False,38.58851,0,8.7
1429,19.4184361,True,False,Playing,True,True,True,True,False,False,False,38.55814,0,8.7
1430,19.4213943,True,False,Playing,True,True,True,True,False,False,False,38.5224724,0,8.7
1431,19.4237919,True,False,Playing,True,True,True,True,False,False,False,38.493042,0,8.7
1432,19.4264,True,False,Playing,True,True,True,True,False,False,False,38.4623642,0,8.7
1433,19.428669,True,False,Playing,True,True,True,True,False,False,False,38.4345627,0,8.7
1434,19.4311943,True,False,Playing,True,True,True,True,False,False,False,38.4041862,0,8.7
1435,19.4336185,True,False,Playing,True,True,True,True,False,False,False,38.3748169,0,8.7
1436,19.4360256,True,False,Playing,True,True,True,True,False,False,False,38.3466759,0,8.7
1437,19.4385662,True,False,Playing,True,True,True,True,False,False,False,38.31675,0,8.7
1438,19.4410782,True,False,Playing,True,True,True,True,False,False,False,38.2856522,0,8.7
1439,19.44344,True,False,Playing,True,True,True,True,False,False,False,38.2579041,0,8.7
1440,19.44574,True,False,Playing,True,True,True,True,False,False,False,38.2302475,0,8.7
1441,19.4508877,True,False,Playing,True,True,True,True,False,False,False,38.16953,0,8.7
1442,19.4535789,True,False,Playing,True,True,True,True,False,False,False,38.1358337,0,8.7
1443,19.45614,True,False,Playing,True,True,True,True,False,False,False,38.1052742,0,8.7
1444,19.4585114,True,False,Playing,True,True,True,True,False,False,False,38.07656,0,8.7
1445,19.4609318,True,False,Playing,True,True,True,True,False,False,False,38.04963,0,8.7
1446,19.4636555,True,False,Playing,True,True,True,True,False,False,False,38.01563,0,8.7
1447,19.4665051,True,False,Playing,True,True,True,True,False,False,False,37.98161,0,8.7
1448,19.4697723,True,False,Playing,True,True,True,True,False,False,False,37.9454155,0,8.7
1449,19.4730167,True,False,Playing,True,True,True,True,False,False,False,37.905262,0,8.7
1450,19.4761238,True,False,Playing,True,True,True,True,False,False,False,37.86718,0,8.7
1451,19.47959,True,False,Playing,True,True,True,True,False,False,False,37.82536,0,8.7
1452,19.4822845,True,False,Playing,True,True,True,True,False,False,False,37.79123,0,8.7
1453,19.4852829,True,False,Playing,True,True,True,True,False,False,False,37.75767,0,8.7
1454,19.4881058,True,False,Playing,True,True,True,True,False,False,False,37.7223358,0,8.7
1455,19.490696,True,False,Playing,True,True,True,True,False,False,False,37.6913261,0,8.7
1456,19.4934216,True,False,Playing,True,True,True,True,False,False,False,37.6587372,0,8.7
1457,19.4957867,True,False,Playing,True,True,True,True,False,False,False,37.629055,0,8.7
1458,19.5012169,True,False,Playing,True,True,True,True,False,False,False,37.5894852,0,8.7
1459,19.50452,True,False,Playing,True,True,True,True,False,False,False,37.5266533,0,8.7
1460,19.5073013,True,False,Playing,True,True,True,True,False,False,False,37.493187,0,8.7
1461,19.5103111,True,False,Playing,True,True,True,True,False,False,False,37.4565353,0,8.7
1462,19.51289,True,False,Playing,True,True,True,True,False,False,False,37.42458,0,8.7
1463,19.5152168,True,False,Playing,True,True,True,True,False,False,False,37.3962555,0,8.7
1464,19.5176,True,False,Playing,True,True,True,True,False,False,False,37.36847,0,8.7
1465,19.52023,True,False,Playing,True,True,True,True,False,False,False,37.3369,0,8.7
1466,19.5227,True,False,Playing,True,True,True,True,False,False,False,37.3063774,0,8.7
1467,19.5253029,True,False,Playing,True,True,True,True,False,False,False,37.275444,0,8.7
1468,19.5277386,True,False,Playing,True,True,True,True,False,False,False,37.2460861,0,8.7
1469,19.53002,True,False,Playing,True,True,True,True,False,False,False,37.21846,0,8.7
1470,19.53227,True,False,Playing,True,True,True,True,False,False,False,37.19068,0,8.7
1471,19.5350456,True,False,Playing,True,True,True,True,False,False,False,37.1599731,0,8.7
1472,19.53809,True,False,Playing,True,True,True,True,False,False,False,37.12494,0,8.7
1473,19.5409069,True,False,Playing,True,True,True,True,False,False,False,37.08926,0,8.7
1474,19.5436611,True,False,Playing,True,True,True,True,False,False,False,37.0554771,0,8.7
1475,19.5462933,True,False,Playing,True,True,True,True,False,False,False,37.0248566,0,8.7
1476,19.54877,True,False,Playing,True,True,True,True,False,False,False,36.9931221,0,8.7
1477,19.5513649,True,False,Playing,True,True,True,True,False,False,False,36.9648056,0,8.7
1478,19.5541344,True,False,Playing,True,True,True,True,False,False,False,36.9313965,0,8.7
1479,19.5565739,True,False,Playing,True,True,True,True,False,False,False,36.89981,0,8.7
1480,19.5603466,True,False,Playing,True,True,True,True,False,False,False,36.856472,0,8.7
1481,19.56317,True,False,Playing,True,True,True,True,False,False,False,36.82196,0,8.7
1482,19.5660667,True,False,Playing,True,True,True,True,False,False,False,36.7869835,0,8.7
1483,19.5691,True,False,Playing,True,True,True,True,False,False,False,36.753418,0,8.7
1484,19.5718117,True,False,Playing,True,True,True,True,False,False,False,36.7174,0,8.7
1485,19.574585,True,False,Playing,True,True,True,True,False,False,False,36.6842461,0,8.7
1486,19.57691,True,False,Playing,True,True,True,True,False,False,False,36.65578,0,8.7
1487,19.579855,True,False,Playing,True,True,True,True,False,False,False,36.6216736,0,8.7
1488,19.5822678,True,False,Playing,True,True,True,True,False,False,False,36.59144,0,8.7
1489,19.5852127,True,False,Playing,True,True,True,True,False,False,False,36.5562553,0,8.7
1490,19.5876045,True,False,Playing,True,True,True,True,False,False,False,36.526825,0,8.7
1491,19.59,True,False,Playing,True,True,True,True,False,False,False,36.4990463,0,8.7
1492,19.59226,True,False,Playing,True,True,True,True,False,False,False,36.4713364,0,8.7
1493,19.5944748,True,False,Playing,True,True,True,True,False,False,False,36.4448242,0,8.7
1494,19.5970726,True,False,Playing,True,True,True,True,False,False,False,36.41424,0,8.7
1495,19.6000767,True,False,Playing,True,True,True,True,False,False,False,36.3790779,0,8.7
1496,19.6028042,True,False,Playing,True,True,True,True,False,False,False,36.34542,0,8.7
1497,19.605299,True,False,Playing,True,True,True,True,False,False,False,36.3155746,0,8.7
1498,19.6075516,True,False,Playing,True,True,True,True,False,False,False,36.28794,0,8.7
1499,19.6098328,True,False,Playing,True,True,True,True,False,False,False,36.2612457,0,8.7
1500,19.6126156,True,False,Playing,True,True,True,True,False,False,False,36.22744,0,8.7
1501,19.61536,True,False,Playing,True,True,True,True,False,False,False,36.194603,0,8.7
1502,19.6181412,True,False,Playing,True,True,True,True,False,False,False,36.16144,0,8.7
1503,19.6206436,True,False,Playing,True,True,True,True,False,False,False,36.1313133,0,8.7
1504,19.6229935,True,False,Playing,True,True,True,True,False,False,False,36.1030273,0,8.7
1505,19.6254082,True,False,Playing,True,True,True,True,False,False,False,36.07379,0,8.7
1506,19.62771,True,False,Playing,True,True,True,True,False,False,False,36.0465279,0,8.7
1507,19.6300259,True,False,Playing,True,True,True,True,False,False,False,36.01864,0,8.7
1508,19.6324921,True,False,Playing,True,True,True,True,False,False,False,35.98869,0,8.7
1509,19.6351261,True,False,Playing,True,True,True,True,False,False,False,35.9587173,0,8.7
1510,19.6382828,True,False,Playing,True,True,True,True,False,False,False,35.919838,0,8.7
1511,19.6407967,True,False,Playing,True,True,True,True,False,False,False,35.8894,0,8.7
1512,19.6431065,True,False,Playing,True,True,True,True,False,False,False,35.86158,0,8.7
1513,19.646059,True,False,Playing,True,True,True,True,False,False,False,35.8265877,0,8.7
1514,19.6485844,True,False,Playing,True,True,True,True,False,False,False,35.795826,0,8.7
1515,19.65448,True,False,Playing,True,True,True,True,False,False,False,35.7657623,0,8.7
1516,19.6579742,True,False,Playing,True,True,True,True,False,False,False,35.68523,0,8.7
1517,19.6612148,True,False,Playing,True,True,True,True,False,False,False,35.64623,0,8.7
1518,19.6643658,True,False,Playing,True,True,True,True,False,False,False,35.6101074,0,8.7
1519,19.6676426,True,False,Playing,True,True,True,True,False,False,False,35.57263,0,8.7
1520,19.6708469,True,False,Playing,True,True,True,True,False,False,False,35.53086,0,8.7
1521,19.6741638,True,False,Playing,True,True,True,True,False,False,False,35.4917145,0,8.7
1522,19.6773529,True,False,Playing,True,True,True,True,False,False,False,35.45271,0,8.7
1523,19.679884,True,False,Playing,True,True,True,True,False,False,False,35.4202957,0,8.7
1524,19.6826973,True,False,Playing,True,True,True,True,False,False,False,35.38665,0,8.7
1525,19.6853981,True,False,Playing,True,True,True,True,False,False,False,35.3546944,0,8.7
1526,19.68855,True,False,Playing,True,True,True,True,False,False,False,35.3182335,0,8.7
1527,19.691967,True,False,Playing,True,True,True,True,False,False,False,35.27713,0,8.7
1528,19.694561,True,False,Playing,True,True,True,True,False,False,False,35.24433,0,8.7
1529,19.6969643,True,False,Playing,True,True,True,True,False,False,False,35.2156334,0,8.7
1530,19.6999149,True,False,Playing,True,True,True,True,False,False,False,35.180027,0,8.7
1531,19.70265,True,False,Playing,True,True,True,True,False,False,False,35.1493263,0,8.7
1532,19.7057571,True,False,Playing,True,True,True,True,False,False,False,35.1099243,0,8.7
1533,19.7083,True,False,Playing,True,True,True,True,False,False,False,35.0801125,0,8.7
1534,19.7105865,True,False,Playing,True,True,True,True,False,False,False,35.0514336,0,8.7
1535,19.71281,True,False,Playing,True,True,True,True,False,False,False,35.0245247,0,8.7
1536,19.7150249,True,False,Playing,True,True,True,True,False,False,False,34.99769,0,8.7
1537,19.71759,True,False,Playing,True,True,True,True,False,False,False,34.9693222,0,8.7
1538,19.7211838,True,False,Playing,True,True,True,True,False,False,False,34.92556,0,8.7
1539,19.7242584,True,False,Playing,True,True,True,True,False,False,False,34.8906021,0,8.7
1540,19.7273331,True,False,Playing,True,True,True,True,False,False,False,34.8512955,0,8.7
1541,19.7299118,True,False,Playing,True,True,True,True,False,False,False,34.82019,0,8.7
1542,19.732214,True,False,Playing,True,True,True,True,False,False,False,34.7916069,0,8.7
1543,19.7347622,True,False,Playing,True,True,True,True,False,False,False,34.76164,0,8.7
1544,19.7378731,True,False,Playing,True,True,True,True,False,False,False,34.7253532,0,8.7
1545,19.7407475,True,False,Playing,True,True,True,True,False,False,False,34.6911964,0,8.7
1546,19.7433128,True,False,Playing,True,True,True,True,False,False,False,34.6590729,0,8.7
1547,19.7459812,True,False,Playing,True,True,True,True,False,False,False,34.6275558,0,8.7
1548,19.74843,True,False,Playing,True,True,True,True,False,False,False,34.59798,0,8.7
1549,19.75153,True,False,Playing,True,True,True,True,False,False,False,34.5626945,0,8.7
1550,19.75488,True,False,Playing,True,True,True,True,False,False,False,34.5216751,0,8.7
1551,19.7576618,True,False,Playing,True,True,True,True,False,False,False,34.48816,0,8.7
1552,19.7603626,True,False,Playing,True,True,True,True,False,False,False,34.4547119,0,8.7
1553,19.7627316,True,False,Playing,True,True,True,True,False,False,False,34.42633,0,8.7
1554,19.7651062,True,False,Playing,True,True,True,True,False,False,False,34.3985329,0,8.7
1555,19.7679863,True,False,Playing,True,True,True,True,False,False,False,34.3643646,0,8.7
1556,19.7715721,True,False,Playing,True,True,True,True,False,False,False,34.3214035,0,8.7
1557,19.7744675,True,False,Playing,True,True,True,True,False,False,False,34.2865028,0,8.7
1558,19.7772617,True,False,Playing,True,True,True,True,False,False,False,34.25224,0,8.7
1559,19.7799549,True,False,Playing,True,True,True,True,False,False,False,34.22133,0,8.7
1560,19.7826176,True,False,Playing,True,True,True,True,False,False,False,34.1886444,0,8.7
1561,19.7854462,True,False,Playing,True,True,True,True,False,False,False,34.15547,0,8.7
1562,19.7882767,True,False,Playing,True,True,True,True,False,False,False,34.12048,0,8.7
1563,19.7909889,True,False,Playing,True,True,True,True,False,False,False,34.0868225,0,8.7
1564,19.7935524,True,False,Playing,True,True,True,True,False,False,False,34.0567245,0,8.7
1565,19.7962513,True,False,Playing,True,True,True,True,False,False,False,34.0242233,0,8.7
1566,19.7986488,True,False,Playing,True,True,True,True,False,False,False,33.9953651,0,8.7
1567,19.8012619,True,False,Playing,True,True,True,True,False,False,False,33.966568,0,8.7
1568,19.80392,True,False,Playing,True,True,True,True,False,False,False,33.9323425,0,8.7
1569,19.8064156,True,False,Playing,True,True,True,True,False,False,False,33.90217,0,8.7
1570,19.8089714,True,False,Playing,True,True,True,True,False,False,False,33.87162,0,8.7
1571,19.81166,True,False,Playing,True,True,True,True,False,False,False,33.8397064,0,8.7
1572,19.8147278,True,False,Playing,True,True,True,True,False,False,False,33.8035469,0,8.7
1573,19.81816,True,False,Playing,True,True,True,True,False,False,False,33.7673454,0,8.7
1574,19.82103,True,False,Playing,True,True,True,True,False,False,False,33.7274857,0,8.7
1575,19.8239059,True,False,Playing,True,True,True,True,False,False,False,33.69318,0,8.7
1576,20.07583,True,False,Playing,True,True,True,True,False,False,False,30.67394,0,8.7
1577,20.0805759,True,False,Playing,True,True,True,True,False,False,False,30.61515,0,8.7
1578,20.0840111,True,False,Playing,True,True,True,True,False,False,False,30.5734615,0,8.7
1579,20.0874329,True,False,Playing,True,True,True,True,False,False,False,30.5313377,0,8.7
1580,20.0904522,True,False,Playing,True,True,True,True,False,False,False,30.49388,0,8.7
1581,20.09334,True,False,Playing,True,True,True,True,False,False,False,30.4603939,0,8.7
1582,20.0963116,True,False,Playing,True,True,True,True,False,False,False,30.42554,0,8.7
1583,20.09913,True,False,Playing,True,True,True,True,False,False,False,30.3900585,0,8.7
1584,20.1044388,True,False,Playing,True,True,True,True,False,False,False,30.3278751,0,8.7
1585,20.107666,True,False,Playing,True,True,True,True,False,False,False,30.2890987,0,8.7
1586,20.11042,True,False,Playing,True,True,True,True,False,False,False,30.2538986,0,8.7
1587,20.11308,True,False,Playing,True,True,True,True,False,False,False,30.2254066,0,8.7
1588,20.1158848,True,False,Playing,True,True,True,True,False,False,False,30.1895638,0,8.7
1589,20.1193848,True,False,Playing,True,True,True,True,False,False,False,30.1482372,0,8.7
1590,20.12256,True,False,Playing,True,True,True,True,False,False,False,30.1090088,0,8.7
1591,20.1253548,True,False,Playing,True,True,True,True,False,False,False,30.0743256,0,8.7
1592,20.1280251,True,False,Playing,True,True,True,True,False,False,False,30.0433388,0,8.7
1593,20.1309166,True,False,Playing,True,True,True,True,False,False,False,30.0082264,0,8.7
1594,20.1333675,True,False,Playing,True,True,True,True,False,False,False,29.9788837,0,8.7
1595,20.1371784,True,False,Playing,True,True,True,True,False,False,False,29.9372025,0,8.7
1596,20.139967,True,False,Playing,True,True,True,True,False,False,False,29.8998165,0,8.7
1597,20.142395,True,False,Playing,True,True,True,True,False,False,False,29.8696556,0,8.7
1598,20.1452827,True,False,Playing,True,True,True,True,False,False,False,29.83531,0,8.7
1599,20.1478863,True,False,Playing,True,True,True,True,False,False,False,29.80518,0,8.7
1600,20.1507759,True,False,Playing,True,True,True,True,False,False,False,29.773859,0,8.7
1601,20.1534271,True,False,Playing,True,True,True,True,False,False,False,29.73822,0,8.7
1602,20.1562576,True,False,Playing,True,True,True,True,False,False,False,29.7038574,0,8.7
1603,20.1587,True,False,Playing,True,True,True,True,False,False,False,29.674469,0,8.7
1604,20.1609535,True,False,Playing,True,True,True,True,False,False,False,29.6461811,0,8.7
1605,20.16321,True,False,Playing,True,True,True,True,False,False,False,29.6202221,0,8.7
1606,20.1654434,True,False,Playing,True,True,True,True,False,False,False,29.5930672,0,8.7
1607,20.17001,True,False,Playing,True,True,True,True,False,False,False,29.5421524,0,8.7
1608,20.1727734,True,False,Playing,True,True,True,True,False,False,False,29.50747,0,8.7
1609,20.1755657,True,False,Playing,True,True,True,True,False,False,False,29.4728718,0,8.7
1610,20.1778889,True,False,Playing,True,True,True,True,False,False,False,29.4433155,0,8.7
1611,20.1807785,True,False,Playing,True,True,True,True,False,False,False,29.4097385,0,8.7
1612,20.1834049,True,False,Playing,True,True,True,True,False,False,False,29.3781776,0,8.7
1613,20.1873455,True,False,Playing,True,True,True,True,False,False,False,29.3322811,0,8.7
1614,20.1902313,True,False,Playing,True,True,True,True,False,False,False,29.2973251,0,8.7
1615,20.1928711,True,False,Playing,True,True,True,True,False,False,False,29.2642746,0,8.7
1616,20.1953182,True,False,Playing,True,True,True,True,False,False,False,29.234108,0,8.7
1617,20.1977654,True,False,Playing,True,True,True,True,False,False,False,29.20561,0,8.7
1618,20.2000237,True,False,Playing,True,True,True,True,False,False,False,29.1780586,0,8.7
1619,20.2034416,True,False,Playing,True,True,True,True,False,False,False,29.1389027,0,8.7
1620,20.2061119,True,False,Playing,True,True,True,True,False,False,False,29.1062717,0,8.7
1621,20.2083569,True,False,Playing,True,True,True,True,False,False,False,29.07789,0,8.7
1622,20.2107735,True,False,Playing,True,True,True,True,False,False,False,29.0488739,0,8.7
1623,20.2134228,True,False,Playing,True,True,True,True,False,False,False,29.0177631,0,8.7
1624,20.2171688,True,False,Playing,True,True,True,True,False,False,False,28.9733715,0,8.7
1625,20.2200928,True,False,Playing,True,True,True,True,False,False,False,28.9382572,0,8.7
1626,20.2229576,True,False,Playing,True,True,True,True,False,False,False,28.90426,0,8.7
1627,20.2282887,True,False,Playing,True,True,True,True,False,False,False,28.8395042,0,8.7
1628,20.2308464,True,False,Playing,True,True,True,True,False,False,False,28.8086,0,8.7
1629,20.2331982,True,False,Playing,True,True,True,True,False,False,False,28.7801266,0,8.7
1630,20.2366714,True,False,Playing,True,True,True,True,False,False,False,28.7399235,0,8.7
1631,20.23921,True,False,Playing,True,True,True,True,False,False,False,28.70879,0,8.7
1632,20.2414684,True,False,Playing,True,True,True,True,False,False,False,28.6810036,0,8.7
1633,20.2436943,True,False,Playing,True,True,True,True,False,False,False,28.6548653,0,8.7
1634,20.2458057,True,False,Playing,True,True,True,True,False,False,False,28.6281967,0,8.7
1635,20.2479725,True,False,Playing,True,True,True,True,False,False,False,28.603014,0,8.7
1636,20.2508659,True,False,Playing,True,True,True,True,False,False,False,28.5698185,0,8.7
1637,20.25455,True,False,Playing,True,True,True,True,False,False,False,28.5262184,0,8.7
1638,20.2571449,True,False,Playing,True,True,True,True,False,False,False,28.4943581,0,8.7
1639,20.2597084,True,False,Playing,True,True,True,True,False,False,False,28.4623184,0,8.7
1640,20.26213,True,False,Playing,True,True,True,True,False,False,False,28.4325581,0,8.7
1641,20.2648335,True,False,Playing,True,True,True,True,False,False,False,28.4012165,0,8.7
1642,20.2679234,True,False,Playing,True,True,True,True,False,False,False,28.3660736,0,8.7
1643,20.2710838,True,False,Playing,True,True,True,True,False,False,False,28.3275776,0,8.7
1644,20.2739582,True,False,Playing,True,True,True,True,False,False,False,28.2915668,0,8.7
1645,20.2765446,True,False,Playing,True,True,True,True,False,False,False,28.261034,0,8.7
1646,20.2788525,True,False,Playing,True,True,True,True,False,False,False,28.2322273,0,8.7
1647,20.2813988,True,False,Playing,True,True,True,True,False,False,False,28.20403,0,8.7
1648,20.2840557,True,False,Playing,True,True,True,True,False,False,False,28.1717815,0,8.7
1649,20.28745,True,False,Playing,True,True,True,True,False,False,False,28.1301689,0,8.7
1650,20.29012,True,False,Playing,True,True,True,True,False,False,False,28.0982647,0,8.7
1651,20.292984,True,False,Playing,True,True,True,True,False,False,False,28.063139,0,8.7
1652,20.2960072,True,False,Playing,True,True,True,True,False,False,False,28.02716,0,8.7
1653,20.2987576,True,False,Playing,True,True,True,True,False,False,False,27.9942513,0,8.7
1654,20.3022442,True,False,Playing,True,True,True,True,False,False,False,27.9594631,0,8.7
1655,20.30541,True,False,Playing,True,True,True,True,False,False,False,27.9159889,0,8.7
1656,20.3079624,True,False,Playing,True,True,True,True,False,False,False,27.883934,0,8.7
1657,20.310606,True,False,Playing,True,True,True,True,False,False,False,27.8523884,0,8.7
1658,20.3129539,True,False,Playing,True,True,True,True,False,False,False,27.8229733,0,8.7
1659,20.3155937,True,False,Playing,True,True,True,True,False,False,False,27.7925549,0,8.7
1660,20.3182735,True,False,Playing,True,True,True,True,False,False,False,27.7595711,0,8.7
1661,20.3207436,True,False,Playing,True,True,True,True,False,False,False,27.72996,0,8.7
1662,20.32321,True,False,Playing,True,True,True,True,False,False,False,27.7007961,0,8.7
1663,20.3255,True,False,Playing,True,True,True,True,False,False,False,27.6728287,0,8.7
1664,20.3279953,True,False,Playing,True,True,True,True,False,False,False,27.6419544,0,8.7
1665,20.330265,True,False,Playing,True,True,True,True,False,False,False,27.6151581,0,8.7
1666,20.3325653,True,False,Playing,True,True,True,True,False,False,False,27.5873718,0,8.7
1667,20.3353729,True,False,Playing,True,True,True,True,False,False,False,27.55477,0,8.7
1668,20.33806,True,False,Playing,True,True,True,True,False,False,False,27.5224571,0,8.7
1669,20.3405037,True,False,Playing,True,True,True,True,False,False,False,27.49343,0,8.7
1670,20.34331,True,False,Playing,True,True,True,True,False,False,False,27.4586334,0,8.7
1671,20.3458157,True,False,Playing,True,True,True,True,False,False,False,27.4287453,0,8.7
1672,20.3481636,True,False,Playing,True,True,True,True,False,False,False,27.400774,0,8.7
1673,20.3505383,True,False,Playing,True,True,True,True,False,False,False,27.3721924,0,8.7
1674,20.3536224,True,False,Playing,True,True,True,True,False,False,False,27.3376884,0,8.7
1675,20.3564053,True,False,Playing,True,True,True,True,False,False,False,27.30289,0,8.7
1676,20.35909,True,False,Playing,True,True,True,True,False,False,False,27.270319,0,8.7
1677,20.3615932,True,False,Playing,True,True,True,True,False,False,False,27.2398357,0,8.7
1678,20.3639641,True,False,Playing,True,True,True,True,False,False,False,27.2111034,0,8.7
1679,20.3663158,True,False,Playing,True,True,True,True,False,False,False,27.1828136,0,8.7
1680,20.3691864,True,False,Playing,True,True,True,True,False,False,False,27.149292,0,8.7
1681,20.3719158,True,False,Playing,True,True,True,True,False,False,False,27.1162167,0,8.7
1682,20.3744717,True,False,Playing,True,True,True,True,False,False,False,27.0848713,0,8.7
1683,20.37684,True,False,Playing,True,True,True,True,False,False,False,27.0563583,0,8.7
1684,20.3794651,True,False,Playing,True,True,True,True,False,False,False,27.0251579,0,8.7
1685,20.38174,True,False,Playing,True,True,True,True,False,False,False,26.99726,0,8.7
1686,20.384201,True,False,Playing,True,True,True,True,False,False,False,26.9687767,0,8.7
1687,20.387331,True,False,Playing,True,True,True,True,False,False,False,26.9316883,0,8.7
1688,20.3898087,True,False,Playing,True,True,True,True,False,False,False,26.9011822,0,8.7
1689,20.3921623,True,False,Playing,True,True,True,True,False,False,False,26.8724251,0,8.7
1690,20.3948612,True,False,Playing,True,True,True,True,False,False,False,26.8412952,0,8.7
1691,20.3976555,True,False,Playing,True,True,True,True,False,False,False,26.8080215,0,8.7
1692,20.40034,True,False,Playing,True,True,True,True,False,False,False,26.7761612,0,8.7
1693,20.4034538,True,False,Playing,True,True,True,True,False,False,False,26.7384319,0,8.7
1694,20.4059982,True,False,Playing,True,True,True,True,False,False,False,26.707098,0,8.7
1695,20.40838,True,False,Playing,True,True,True,True,False,False,False,26.6793346,0,8.7
1696,20.410717,True,False,Playing,True,True,True,True,False,False,False,26.64988,0,8.7
1697,20.4129829,True,False,Playing,True,True,True,True,False,False,False,26.6222363,0,8.7
1698,20.4155464,True,False,Playing,True,True,True,True,False,False,False,26.59181,0,8.7
1699,20.4188976,True,False,Playing,True,True,True,True,False,False,False,26.5563221,0,8.7
1700,20.4216747,True,False,Playing,True,True,True,True,False,False,False,26.5191345,0,8.7
1701,20.4242,True,False,Playing,True,True,True,True,False,False,False,26.4888725,0,8.7
1702,20.4265728,True,False,Playing,True,True,True,True,False,False,False,26.4603863,0,8.7
1703,20.4292564,True,False,Playing,True,True,True,True,False,False,False,26.427803,0,8.7
1704,20.4320774,True,False,Playing,True,True,True,True,False,False,False,26.3945541,0,8.7
1705,20.4355621,True,False,Playing,True,True,True,True,False,False,False,26.3531055,0,8.7
1706,20.43852,True,False,Playing,True,True,True,True,False,False,False,26.3169479,0,8.7
1707,20.4410419,True,False,Playing,True,True,True,True,False,False,False,26.2864532,0,8.7
1708,20.4435387,True,False,Playing,True,True,True,True,False,False,False,26.2567577,0,8.7
1709,20.4459438,True,False,Playing,True,True,True,True,False,False,False,26.2273617,0,8.7
1710,20.4482727,True,False,Playing,True,True,True,True,False,False,False,26.1995316,0,8.7
1711,20.451561,True,False,Playing,True,True,True,True,False,False,False,26.1632824,0,8.7
1712,20.4543114,True,False,Playing,True,True,True,True,False,False,False,26.12783,0,8.7
1713,20.45683,True,False,Playing,True,True,True,True,False,False,False,26.0967731,0,8.7
1714,20.4593048,True,False,Playing,True,True,True,True,False,False,False,26.0673771,0,8.7
1715,20.4619,True,False,Playing,True,True,True,True,False,False,False,26.036005,0,8.7
1716,20.46462,True,False,Playing,True,True,True,True,False,False,False,26.0052814,0,8.7
1717,20.4674873,True,False,Playing,True,True,True,True,False,False,False,25.9692574,0,8.7
1718,20.4709911,True,False,Playing,True,True,True,True,False,False,False,25.9279518,0,8.7
1719,20.4735432,True,False,Playing,True,True,True,True,False,False,False,25.8973541,0,8.7
1720,20.4761639,True,False,Playing,True,True,True,True,False,False,False,25.8648548,0,8.7
1721,20.4785843,True,False,Playing,True,True,True,True,False,False,False,25.8362331,0,8.7
1722,20.4809151,True,False,Playing,True,True,True,True,False,False,False,25.8075237,0,8.7
1723,20.4831944,True,False,Playing,True,True,True,True,False,False,False,25.7794971,0,8.7
1724,20.4859962,True,False,Playing,True,True,True,True,False,False,False,25.7468147,0,8.7
1725,20.4882622,True,False,Playing,True,True,True,True,False,False,False,25.7193069,0,8.7
1726,20.4905243,True,False,Playing,True,True,True,True,False,False,False,25.6920185,0,8.7
1727,20.4926968,True,False,Playing,True,True,True,True,False,False,False,25.6658611,0,8.7
1728,20.4953289,True,False,Playing,True,True,True,True,False,False,False,25.6353035,0,8.7
1729,20.4992237,True,False,Playing,True,True,True,True,False,False,False,25.5888233,0,8.7
1730,20.50197,True,False,Playing,True,True,True,True,False,False,False,25.5559521,0,8.7
1731,20.5061474,True,False,Playing,True,True,True,True,False,False,False,25.5065842,0,8.7
1732,20.5090466,True,False,Playing,True,True,True,True,False,False,False,25.4735336,0,8.7
1733,20.5117188,True,False,Playing,True,True,True,True,False,False,False,25.4404049,0,8.7
1734,20.51446,True,False,Playing,True,True,True,True,False,False,False,25.4054489,0,8.7
1735,20.5168743,True,False,Playing,True,True,True,True,False,False,False,25.3776627,0,8.7
1736,20.5198364,True,False,Playing,True,True,True,True,False,False,False,25.3418,0,8.7
1737,20.5256939,True,False,Playing,True,True,True,True,False,False,False,25.2718773,0,8.7
1738,20.5283184,True,False,Playing,True,True,True,True,False,False,False,25.2395458,0,8.7
1739,20.53075,True,False,Playing,True,True,True,True,False,False,False,25.2094269,0,8.7
1740,20.5333614,True,False,Playing,True,True,True,True,False,False,False,25.1820869,0,8.7
1741,20.5367775,True,False,Playing,True,True,True,True,False,False,False,25.138422,0,8.7
1742,20.5398445,True,False,Playing,True,True,True,True,False,False,False,25.1012,0,8.7
1743,20.5426445,True,False,Playing,True,True,True,True,False,False,False,25.0677376,0,8.7
1744,20.5454559,True,False,Playing,True,True,True,True,False,False,False,25.03407,0,8.7
1745,20.54836,True,False,Playing,True,True,True,True,False,False,False,24.9998646,0,8.7
1746,20.5509586,True,False,Playing,True,True,True,True,False,False,False,24.9694614,0,8.7
1747,20.5542545,True,False,Playing,True,True,True,True,False,False,False,24.9283752,0,8.7
1748,20.556963,True,False,Playing,True,True,True,True,False,False,False,24.8947659,0,8.7
1749,20.5596962,True,False,Playing,True,True,True,True,False,False,False,24.86349,0,8.7
1750,20.5621,True,False,Playing,True,True,True,True,False,False,False,24.83406,0,8.7
1751,20.5643654,True,False,Playing,True,True,True,True,False,False,False,24.80576,0,8.7
1752,20.5673084,True,False,Playing,True,True,True,True,False,False,False,24.77443,0,8.7
1753,20.5701523,True,False,Playing,True,True,True,True,False,False,False,24.7378769,0,8.7
1754,20.5731945,True,False,Playing,True,True,True,True,False,False,False,24.7014256,0,8.7
1755,20.5761013,True,False,Playing,True,True,True,True,False,False,False,24.6680241,0,8.7
1756,20.5788975,True,False,Playing,True,True,True,True,False,False,False,24.634182,0,8.7
1757,20.5815144,True,False,Playing,True,True,True,True,False,False,False,24.6012077,0,8.7
1758,20.5842113,True,False,Playing,True,True,True,True,False,False,False,24.5685768,0,8.7
1759,20.5874252,True,False,Playing,True,True,True,True,False,False,False,24.5315685,0,8.7
1760,20.5902615,True,False,Playing,True,True,True,True,False,False,False,24.4956474,0,8.7
1761,20.592886,True,False,Playing,True,True,True,True,False,False,False,24.4669819,0,8.7
1762,20.5951576,True,False,Playing,True,True,True,True,False,False,False,24.4369659,0,8.7
1763,20.5979176,True,False,Playing,True,True,True,True,False,False,False,24.4048824,0,8.7
1764,20.60056,True,False,Playing,True,True,True,True,False,False,False,24.37262,0,8.7
1765,20.6042385,True,False,Playing,True,True,True,True,False,False,False,24.3306122,0,8.7
1766,20.6072865,True,False,Playing,True,True,True,True,False,False,False,24.2916622,0,8.7
1767,20.6098843,True,False,Playing,True,True,True,True,False,False,False,24.2608566,0,8.7
1768,20.6123772,True,False,Playing,True,True,True,True,False,False,False,24.23053,0,8.7
1769,20.615139,True,False,Playing,True,True,True,True,False,False,False,24.1975517,0,8.7
1770,20.6181965,True,False,Playing,True,True,True,True,False,False,False,24.16471,0,8.7
1771,20.6210175,True,False,Playing,True,True,True,True,False,False,False,24.1273251,0,8.7
1772,20.62378,True,False,Playing,True,True,True,True,False,False,False,24.0935764,0,8.7
1773,20.6261387,True,False,Playing,True,True,True,True,False,False,False,24.0650463,0,8.7
1774,20.62863,True,False,Playing,True,True,True,True,False,False,False,24.03754,0,8.7
1775,20.6308212,True,False,Playing,True,True,True,True,False,False,False,24.0082111,0,8.7
1776,20.6330338,True,False,Playing,True,True,True,True,False,False,False,23.9818668,0,8.7
1777,20.6357174,True,False,Playing,True,True,True,True,False,False,False,23.9506454,0,8.7
1778,20.6389484,True,False,Playing,True,True,True,True,False,False,False,23.9150276,0,8.7
1779,20.64199,True,False,Playing,True,True,True,True,False,False,False,23.8758068,0,8.7
1780,20.6446419,True,False,Playing,True,True,True,True,False,False,False,23.8429642,0,8.7
1781,20.6473331,True,False,Playing,True,True,True,True,False,False,False,23.8101921,0,8.7
1782,20.6503468,True,False,Playing,True,True,True,True,False,False,False,23.77626,0,8.7
1783,20.6532288,True,False,Playing,True,True,True,True,False,False,False,23.7421112,0,8.7
1784,20.6556,True,False,Playing,True,True,True,True,False,False,False,23.7108059,0,8.7
1785,20.6579876,True,False,Playing,True,True,True,True,False,False,False,23.6828728,0,8.7
1786,20.6611862,True,False,Playing,True,True,True,True,False,False,False,23.6452484,0,8.7
1787,20.6639748,True,False,Playing,True,True,True,True,False,False,False,23.61433,0,8.7
1788,20.66669,True,False,Playing,True,True,True,True,False,False,False,23.5814533,0,8.7
1789,20.6694069,True,False,Playing,True,True,True,True,False,False,False,23.5466175,0,8.7
1790,20.6723824,True,False,Playing,True,True,True,True,False,False,False,23.5104237,0,8.7
1791,20.6753712,True,False,Playing,True,True,True,True,False,False,False,23.4757481,0,8.7
1792,20.678154,True,False,Playing,True,True,True,True,False,False,False,23.4406624,0,8.7
1793,20.6813011,True,False,Playing,True,True,True,True,False,False,False,23.4030914,0,8.7
1794,20.68453,True,False,Playing,True,True,True,True,False,False,False,23.3652649,0,8.7
1795,20.687233,True,False,Playing,True,True,True,True,False,False,False,23.33195,0,8.7
1796,20.6895771,True,False,Playing,True,True,True,True,False,False,False,23.3036633,0,8.7
1797,20.69188,True,False,Playing,True,True,True,True,False,False,False,23.2761135,0,8.7
1798,20.6943932,True,False,Playing,True,True,True,True,False,False,False,23.2460461,0,8.7
1799,20.6967831,True,False,Playing,True,True,True,True,False,False,False,23.2168846,0,8.7
1800,20.6992321,True,False,Playing,True,True,True,True,False,False,False,23.1880245,0,8.7
1801,20.7019253,True,False,Playing,True,True,True,True,False,False,False,23.1557,0,8.7
1802,20.7043839,True,False,Playing,True,True,True,True,False,False,False,23.1258411,0,8.7
1803,20.7067184,True,False,Playing,True,True,True,True,False,False,False,23.09793,0,8.7
1804,20.709425,True,False,Playing,True,True,True,True,False,False,False,23.0658379,0,8.7
1805,20.7121124,True,False,Playing,True,True,True,True,False,False,False,23.0342026,0,8.7
1806,20.71443,True,False,Playing,True,True,True,True,False,False,False,23.0050488,0,8.7
1807,20.7169037,True,False,Playing,True,True,True,True,False,False,False,22.9768429,0,8.7
1808,20.7194424,True,False,Playing,True,True,True,True,False,False,False,22.9450836,0,8.7
1809,20.72182,True,False,Playing,True,True,True,True,False,False,False,22.91666,0,8.7
1810,20.7240429,True,False,Playing,True,True,True,True,False,False,False,22.8895645,0,8.7
1811,20.7268963,True,False,Playing,True,True,True,True,False,False,False,22.8562183,0,8.7
1812,20.7293472,True,False,Playing,True,True,True,True,False,False,False,22.8267155,0,8.7
1813,20.73197,True,False,Playing,True,True,True,True,False,False,False,22.7951221,0,8.7
1814,20.73495,True,False,Playing,True,True,True,True,False,False,False,22.7601948,0,8.7
1815,20.73759,True,False,Playing,True,True,True,True,False,False,False,22.7285862,0,8.7
1816,20.7400284,True,False,Playing,True,True,True,True,False,False,False,22.6979275,0,8.7
1817,20.7429771,True,False,Playing,True,True,True,True,False,False,False,22.6627979,0,8.7
1818,20.7455616,True,False,Playing,True,True,True,True,False,False,False,22.6319084,0,8.7
1819,20.7480659,True,False,Playing,True,True,True,True,False,False,False,22.6021843,0,8.7
1820,20.750679,True,False,Playing,True,True,True,True,False,False,False,22.5702629,0,8.7
1821,20.7531147,True,False,Playing,True,True,True,True,False,False,False,22.5411987,0,8.7
1822,20.7557983,True,False,Playing,True,True,True,True,False,False,False,22.5092068,0,8.7
1823,20.7584362,True,False,Playing,True,True,True,True,False,False,False,22.4805012,0,8.7
1824,20.7612553,True,False,Playing,True,True,True,True,False,False,False,22.44422,0,8.7
1825,20.76389,True,False,Playing,True,True,True,True,False,False,False,22.4126949,0,8.7
1826,20.76622,True,False,Playing,True,True,True,True,False,False,False,22.38332,0,8.7
1827,20.7699547,True,False,Playing,True,True,True,True,False,False,False,22.341671,0,8.7
1828,20.7729626,True,False,Playing,True,True,True,True,False,False,False,22.305706,0,8.7
1829,20.77569,True,False,Playing,True,True,True,True,False,False,False,22.2710819,0,8.7
1830,20.778553,True,False,Playing,True,True,True,True,False,False,False,22.23737,0,8.7
1831,20.7811832,True,False,Playing,True,True,True,True,False,False,False,22.20445,0,8.7
1832,20.7840271,True,False,Playing,True,True,True,True,False,False,False,22.1714916,0,8.7
1833,20.7865257,True,False,Playing,True,True,True,True,False,False,False,22.14088,0,8.7
1834,20.7896461,True,False,Playing,True,True,True,True,False,False,False,22.1028824,0,8.7
1835,20.7920361,True,False,Playing,True,True,True,True,False,False,False,22.0744247,0,8.7
1836,20.79429,True,False,Playing,True,True,True,True,False,False,False,22.0471783,0,8.7
1837,20.7968178,True,False,Playing,True,True,True,True,False,False,False,22.0170746,0,8.7
1838,20.8002834,True,False,Playing,True,True,True,True,False,False,False,21.9772511,0,8.7
1839,20.803236,True,False,Playing,True,True,True,True,False,False,False,21.9414978,0,8.7
1840,20.8058128,True,False,Playing,True,True,True,True,False,False,False,21.91012,0,8.7
1841,20.8085976,True,False,Playing,True,True,True,True,False,False,False,21.8761349,0,8.7
1842,20.8113117,True,False,Playing,True,True,True,True,False,False,False,21.8430367,0,8.7
1843,20.8139114,True,False,Playing,True,True,True,True,False,False,False,21.8114357,0,8.7
1844,20.81639,True,False,Playing,True,True,True,True,False,False,False,21.781538,0,8.7
1845,20.81907,True,False,Playing,True,True,True,True,False,False,False,21.7505074,0,8.7
1846,20.821701,True,False,Playing,True,True,True,True,False,False,False,21.7194176,0,8.7
1847,20.8246231,True,False,Playing,True,True,True,True,False,False,False,21.68475,0,8.7
1848,20.8276157,True,False,Playing,True,True,True,True,False,False,False,21.6483021,0,8.7
1849,20.8320236,True,False,Playing,True,True,True,True,False,False,False,21.5977116,0,8.7
1850,20.83666,True,False,Playing,True,True,True,True,False,False,False,21.5408764,0,8.7
1851,20.83985,True,False,Playing,True,True,True,True,False,False,False,21.5019627,0,8.7
1852,20.8426113,True,False,Playing,True,True,True,True,False,False,False,21.4679832,0,8.7
1853,20.8451939,True,False,Playing,True,True,True,True,False,False,False,21.43651,0,8.7
1854,20.8475285,True,False,Playing,True,True,True,True,False,False,False,21.40806,0,8.7
1855,20.8503761,True,False,Playing,True,True,True,True,False,False,False,21.3805733,0,8.7
1856,20.8531,True,False,Playing,True,True,True,True,False,False,False,21.3419189,0,8.7
1857,20.8555984,True,False,Playing,True,True,True,True,False,False,False,21.3125439,0,8.7
1858,20.8578587,True,False,Playing,True,True,True,True,False,False,False,21.2842941,0,8.7
1859,20.8606834,True,False,Playing,True,True,True,True,False,False,False,21.2512188,0,8.7
1860,20.8633556,True,False,Playing,True,True,True,True,False,False,False,21.2197571,0,8.7
1861,20.8658028,True,False,Playing,True,True,True,True,False,False,False,21.1908321,0,8.7
1862,20.8683262,True,False,Playing,True,True,True,True,False,False,False,21.1592884,0,8.7
1863,20.8709679,True,False,Playing,True,True,True,True,False,False,False,21.1285019,0,8.7
1864,20.8733063,True,False,Playing,True,True,True,True,False,False,False,21.0987778,0,8.7
1865,20.8757076,True,False,Playing,True,True,True,True,False,False,False,21.07009,0,8.7
1866,20.8780155,True,False,Playing,True,True,True,True,False,False,False,21.0417881,0,8.7
1867,20.8804665,True,False,Playing,True,True,True,True,False,False,False,21.01321,0,8.7
1868,20.8832169,True,False,Playing,True,True,True,True,False,False,False,20.9811172,0,8.7
1869,20.8862762,True,False,Playing,True,True,True,True,False,False,False,20.94463,0,8.7
1870,20.88891,True,False,Playing,True,True,True,True,False,False,False,20.9118977,0,8.7
1871,20.89135,True,False,Playing,True,True,True,True,False,False,False,20.8832359,0,8.7
1872,20.8940735,True,False,Playing,True,True,True,True,False,False,False,20.8501587,0,8.7
1873,20.8964157,True,False,Playing,True,True,True,True,False,False,False,20.8213654,0,8.7
1874,20.8987751,True,False,Playing,True,True,True,True,False,False,False,20.79268,0,8.7
1875,20.901392,True,False,Playing,True,True,True,True,False,False,False,20.7631073,0,8.7
1876,20.90434,True,False,Playing,True,True,True,True,False,False,False,20.72743,0,8.7
1877,20.9070473,True,False,Playing,True,True,True,True,False,False,False,20.69457,0,8.7
1878,20.9096222,True,False,Playing,True,True,True,True,False,False,False,20.6648788,0,8.7
1879,20.9122028,True,False,Playing,True,True,True,True,False,False,False,20.6331787,0,8.7
1880,20.91444,True,False,Playing,True,True,True,True,False,False,False,20.6046181,0,8.7
1881,20.9169312,True,False,Playing,True,True,True,True,False,False,False,20.5765438,0,8.7
1882,20.91973,True,False,Playing,True,True,True,True,False,False,False,20.5428944,0,8.7
1883,20.9221249,True,False,Playing,True,True,True,True,False,False,False,20.5127068,0,8.7
1884,20.9244728,True,False,Playing,True,True,True,True,False,False,False,20.4852867,0,8.7
1885,20.9267559,True,False,Playing,True,True,True,True,False,False,False,20.45696,0,8.7
1886,20.9292812,True,False,Playing,True,True,True,True,False,False,False,20.4265022,0,8.7
1887,20.9316273,True,False,Playing,True,True,True,True,False,False,False,20.39866,0,8.7
1888,20.9339352,True,False,Playing,True,True,True,True,False,False,False,20.37139,0,8.7
1889,20.9367466,True,False,Playing,True,True,True,True,False,False,False,20.3384933,0,8.7
1890,20.9395657,True,False,Playing,True,True,True,True,False,False,False,20.3049412,0,8.7
1891,20.9422016,True,False,Playing,True,True,True,True,False,False,False,20.2727928,0,8.7
1892,20.9448071,True,False,Playing,True,True,True,True,False,False,False,20.2407455,0,8.7
1893,20.9472065,True,False,Playing,True,True,True,True,False,False,False,20.2117672,0,8.7
1894,20.9498959,True,False,Playing,True,True,True,True,False,False,False,20.182148,0,8.7
1895,20.9523582,True,False,Playing,True,True,True,True,False,False,False,20.1509418,0,8.7
1896,20.9548244,True,False,Playing,True,True,True,True,False,False,False,20.12129,0,8.7
1897,20.95728,True,False,Playing,True,True,True,True,False,False,False,20.091032,0,8.7
1898,20.95953,True,False,Playing,True,True,True,True,False,False,False,20.0633926,0,8.7
1899,20.9620457,True,False,Playing,True,True,True,True,False,False,False,20.0341835,0,8.7
1900,20.9644413,True,False,Playing,True,True,True,True,False,False,False,20.0050869,0,8.7
1901,20.9673977,True,False,Playing,True,True,True,True,False,False,False,19.9704,0,8.7
1902,20.9747944,True,False,Playing,True,True,True,True,False,False,False,19.88491,0,8.7
1903,20.9774456,True,False,Playing,True,True,True,True,False,False,False,19.8496284,0,8.7
1904,20.9801025,True,False,Playing,True,True,True,True,False,False,False,19.8171921,0,8.7
1905,20.9824657,True,False,Playing,True,True,True,True,False,False,False,19.7887478,0,8.7
1906,20.9855289,True,False,Playing,True,True,True,True,False,False,False,19.75331,0,8.7
1907,20.9879436,True,False,Playing,True,True,True,True,False,False,False,19.72398,0,8.7
1908,20.9902515,True,False,Playing,True,True,True,True,False,False,False,19.69545,0,8.7
1909,20.9927521,True,False,Playing,True,True,True,True,False,False,False,19.665947,0,8.7
1910,20.9950867,True,False,Playing,True,True,True,True,False,False,False,19.6366825,0,8.7
1911,20.9975128,True,False,Playing,True,True,True,True,False,False,False,19.6090069,0,8.7
1912,21.0001659,True,False,Playing,True,True,True,True,False,False,False,19.580019,0,8.7
1913,21.0036316,True,False,Playing,True,True,True,True,False,False,False,19.5362377,0,8.7
1914,21.0065327,True,False,Playing,True,True,True,True,False,False,False,19.50147,0,8.7
1915,21.0095615,True,False,Playing,True,True,True,True,False,False,False,19.4654636,0,8.7
1916,21.01221,True,False,Playing,True,True,True,True,False,False,False,19.432642,0,8.7
1917,21.01502,True,False,Playing,True,True,True,True,False,False,False,19.398777,0,8.7
1918,21.0179787,True,False,Playing,True,True,True,True,False,False,False,19.3636189,0,8.7
1919,21.0208149,True,False,Playing,True,True,True,True,False,False,False,19.3303967,0,8.7
1920,21.02359,True,False,Playing,True,True,True,True,False,False,False,19.2961922,0,8.7
1921,21.026125,True,False,Playing,True,True,True,True,False,False,False,19.2650585,0,8.7
1922,21.0284958,True,False,Playing,True,True,True,True,False,False,False,19.236557,0,8.7
1923,21.03103,True,False,Playing,True,True,True,True,False,False,False,19.2064133,0,8.7
1924,21.033741,True,False,Playing,True,True,True,True,False,False,False,19.174593,0,8.7
1925,21.03658,True,False,Playing,True,True,True,True,False,False,False,19.1407089,0,8.7
1926,21.03947,True,False,Playing,True,True,True,True,False,False,False,19.1058559,0,8.7
1927,21.042448,True,False,Playing,True,True,True,True,False,False,False,19.0711327,0,8.7
1928,21.0451984,True,False,Playing,True,True,True,True,False,False,False,19.03599,0,8.7
1929,21.0482254,True,False,Playing,True,True,True,True,False,False,False,19.0020218,0,8.7
1930,21.0509586,True,False,Playing,True,True,True,True,False,False,False,18.96823,0,8.7
1931,21.0535946,True,False,Playing,True,True,True,True,False,False,False,18.9360771,0,8.7
1932,21.05601,True,False,Playing,True,True,True,True,False,False,False,18.9061089,0,8.7
1933,21.0584526,True,False,Playing,True,True,True,True,False,False,False,18.8779182,0,8.7
1934,21.0606441,True,False,Playing,True,True,True,True,False,False,False,18.8498688,0,8.7
1935,21.0631771,True,False,Playing,True,True,True,True,False,False,False,18.8217945,0,8.7
1936,21.0657349,True,False,Playing,True,True,True,True,False,False,False,18.790102,0,8.7
1937,21.0683422,True,False,Playing,True,True,True,True,False,False,False,18.7589684,0,8.7
1938,21.0716057,True,False,Playing,True,True,True,True,False,False,False,18.721014,0,8.7
1939,21.0740719,True,False,Playing,True,True,True,True,False,False,False,18.689621,0,8.7
1940,21.0765934,True,False,Playing,True,True,True,True,False,False,False,18.6608353,0,8.7
1941,21.0791225,True,False,Playing,True,True,True,True,False,False,False,18.6318,0,8.7
1942,21.08171,True,False,Playing,True,True,True,True,False,False,False,18.59853,0,8.7
1943,21.0843849,True,False,Playing,True,True,True,True,False,False,False,18.5666046,0,8.7
1944,21.0870762,True,False,Playing,True,True,True,True,False,False,False,18.5340729,0,8.7
1945,21.08956,True,False,Playing,True,True,True,True,False,False,False,18.504015,0,8.7
1946,21.09218,True,False,Playing,True,True,True,True,False,False,False,18.4721146,0,8.7
1947,21.0948486,True,False,Playing,True,True,True,True,False,False,False,18.44136,0,8.7
1948,21.0973511,True,False,Playing,True,True,True,True,False,False,False,18.41014,0,8.7
1949,21.0998974,True,False,Playing,True,True,True,True,False,False,False,18.3816624,0,8.7
1950,21.10315,True,False,Playing,True,True,True,True,False,False,False,18.3424644,0,8.7
1951,21.10612,True,False,Playing,True,True,True,True,False,False,False,18.3069267,0,8.7
1952,21.1090069,True,False,Playing,True,True,True,True,False,False,False,18.2736282,0,8.7
1953,21.1116829,True,False,Playing,True,True,True,True,False,False,False,18.2394238,0,8.7
1954,21.1141319,True,False,Playing,True,True,True,True,False,False,False,18.2097359,0,8.7
1955,21.1167622,True,False,Playing,True,True,True,True,False,False,False,18.1802521,0,8.7
1956,21.1195431,True,False,Playing,True,True,True,True,False,False,False,18.1443787,0,8.7
1957,21.1220722,True,False,Playing,True,True,True,True,False,False,False,18.1140518,0,8.7
1958,21.1246929,True,False,Playing,True,True,True,True,False,False,False,18.0821762,0,8.7
1959,21.127039,True,False,Playing,True,True,True,True,False,False,False,18.0541611,0,8.7
1960,21.12984,True,False,Playing,True,True,True,True,False,False,False,18.0210762,0,8.7
1961,21.1322155,True,False,Playing,True,True,True,True,False,False,False,17.9919147,0,8.7
1962,21.13526,True,False,Playing,True,True,True,True,False,False,False,17.9570522,0,8.7
1963,21.13827,True,False,Playing,True,True,True,True,False,False,False,17.92067,0,8.7
1964,21.1407928,True,False,Playing,True,True,True,True,False,False,False,17.8896923,0,8.7
1965,21.143158,True,False,Playing,True,True,True,True,False,False,False,17.8616657,0,8.7
1966,21.1459427,True,False,Playing,True,True,True,True,False,False,False,17.8281288,0,8.7
1967,21.14874,True,False,Playing,True,True,True,True,False,False,False,17.7956371,0,8.7
1968,21.1517,True,False,Playing,True,True,True,True,False,False,False,17.7595482,0,8.7
1969,21.1545773,True,False,Playing,True,True,True,True,False,False,False,17.7243023,0,8.7
1970,21.1576366,True,False,Playing,True,True,True,True,False,False,False,17.6878376,0,8.7
1971,21.1602325,True,False,Playing,True,True,True,True,False,False,False,17.65644,0,8.7
1972,21.1627331,True,False,Playing,True,True,True,True,False,False,False,17.6276512,0,8.7
1973,21.16528,True,False,Playing,True,True,True,True,False,False,False,17.5955315,0,8.7
1974,21.1680813,True,False,Playing,True,True,True,True,False,False,False,17.56326,0,8.7
1975,21.1711235,True,False,Playing,True,True,True,True,False,False,False,17.5260525,0,8.7
1976,21.1740513,True,False,Playing,True,True,True,True,False,False,False,17.4904289,0,8.7
1977,21.17696,True,False,Playing,True,True,True,True,False,False,False,17.4577351,0,8.7
1978,21.1797848,True,False,Playing,True,True,True,True,False,False,False,17.4219322,0,8.7
1979,21.1824455,True,False,Playing,True,True,True,True,False,False,False,17.3903446,0,8.7
1980,21.18543,True,False,Playing,True,True,True,True,False,False,False,17.355093,0,8.7
1981,21.188076,True,False,Playing,True,True,True,True,False,False,False,17.3225346,0,8.7
1982,21.1905289,True,False,Playing,True,True,True,True,False,False,False,17.2916756,0,8.7
1983,21.1929817,True,False,Playing,True,True,True,True,False,False,False,17.2625561,0,8.7
1984,21.1953068,True,False,Playing,True,True,True,True,False,False,False,17.2350483,0,8.7
1985,21.197628,True,False,Playing,True,True,True,True,False,False,False,17.2073784,0,8.7
1986,21.2000465,True,False,Playing,True,True,True,True,False,False,False,17.17828,0,8.7
1987,21.2030373,True,False,Playing,True,True,True,True,False,False,False,17.144228,0,8.7
1988,21.205843,True,False,Playing,True,True,True,True,False,False,False,17.109005,0,8.7
1989,21.2085037,True,False,Playing,True,True,True,True,False,False,False,17.0771217,0,8.7
1990,21.2108765,True,False,Playing,True,True,True,True,False,False,False,17.0479412,0,8.7
1991,21.2133389,True,False,Playing,True,True,True,True,False,False,False,17.0188751,0,8.7
1992,21.2157078,True,False,Playing,True,True,True,True,False,False,False,16.9902782,0,8.7
1993,21.2186337,True,False,Playing,True,True,True,True,False,False,False,16.9567642,0,8.7
1994,21.22103,True,False,Playing,True,True,True,True,False,False,False,16.9264774,0,8.7
1995,21.224041,True,False,Playing,True,True,True,True,False,False,False,16.8918667,0,8.7
1996,21.2264614,True,False,Playing,True,True,True,True,False,False,False,16.86124,0,8.7
1997,21.2289925,True,False,Playing,True,True,True,True,False,False,False,16.8323784,0,8.7
1998,21.2315369,True,False,Playing,True,True,True,True,False,False,False,16.8005314,0,8.7
1999,21.23536,True,False,Playing,True,True,True,True,False,False,False,16.7654228,0,8.7
2000,21.2383289,True,False,Playing,True,True,True,True,False,False,False,16.719162,0,8.7
2001,21.2408371,True,False,Playing,True,True,True,True,False,False,False,16.6887474,0,8.7
2002,21.24313,True,False,Playing,True,True,True,True,False,False,False,16.6609974,0,8.7
2003,21.2456245,True,False,Playing,True,True,True,True,False,False,False,16.6316643,0,8.7
2004,21.2481632,True,False,Playing,True,True,True,True,False,False,False,16.60064,0,8.7
2005,21.2510223,True,False,Playing,True,True,True,True,False,False,False,16.56679,0,8.7
2006,21.2537518,True,False,Playing,True,True,True,True,False,False,False,16.533453,0,8.7
2007,21.2561245,True,False,Playing,True,True,True,True,False,False,False,16.5051746,0,8.7
2008,21.2586689,True,False,Playing,True,True,True,True,False,False,False,16.4763126,0,8.7
2009,21.2610531,True,False,Playing,True,True,True,True,False,False,False,16.4461746,0,8.7
2010,21.2635384,True,False,Playing,True,True,True,True,False,False,False,16.4156761,0,8.7
2011,21.2661057,True,False,Playing,True,True,True,True,False,False,False,16.385334,0,8.7
2012,21.2692528,True,False,Playing,True,True,True,True,False,False,False,16.3477783,0,8.7
2013,21.2721214,True,False,Playing,True,True,True,True,False,False,False,16.3140335,0,8.7
2014,21.27488,True,False,Playing,True,True,True,True,False,False,False,16.2800121,0,8.7
2015,21.2775688,True,False,Playing,True,True,True,True,False,False,False,16.2483749,0,8.7
2016,21.2803745,True,False,Playing,True,True,True,True,False,False,False,16.2140961,0,8.7
2017,21.2835541,True,False,Playing,True,True,True,True,False,False,False,16.17991,0,8.7
2018,21.2863884,True,False,Playing,True,True,True,True,False,False,False,16.1417484,0,8.7
2019,21.2893219,True,False,Playing,True,True,True,True,False,False,False,16.1079,0,8.7
2020,21.2922935,True,False,Playing,True,True,True,True,False,False,False,16.071455,0,8.7
2021,21.2951527,True,False,Playing,True,True,True,True,False,False,False,16.0365925,0,8.7
2022,21.2979832,True,False,Playing,True,True,True,True,False,False,False,16.0042324,0,8.7
2023,21.3011341,True,False,Playing,True,True,True,True,False,False,False,15.9687824,0,8.7
2024,21.3041821,True,False,Playing,True,True,True,True,False,False,False,15.9279041,0,8.7
2025,21.30692,True,False,Playing,True,True,True,True,False,False,False,15.8966074,0,8.7
2026,21.3097744,True,False,Playing,True,True,True,True,False,False,False,15.8613482,0,8.7
2027,21.31224,True,False,Playing,True,True,True,True,False,False,False,15.8313293,0,8.7
2028,21.31468,True,False,Playing,True,True,True,True,False,False,False,15.8027477,0,8.7
2029,21.3171444,True,False,Playing,True,True,True,True,False,False,False,15.7728605,0,8.7
2030,21.3199463,True,False,Playing,True,True,True,True,False,False,False,15.7397346,0,8.7
2031,21.3224354,True,False,Playing,True,True,True,True,False,False,False,15.7098427,0,8.7
2032,21.3247814,True,False,Playing,True,True,True,True,False,False,False,15.6813211,0,8.7
2033,21.3271828,True,False,Playing,True,True,True,True,False,False,False,15.6528873,0,8.7
2034,21.3296871,True,False,Playing,True,True,True,True,False,False,False,15.6228046,0,8.7
2035,21.3320522,True,False,Playing,True,True,True,True,False,False,False,15.5936756,0,8.7
2036,21.33493,True,False,Playing,True,True,True,True,False,False,False,15.5594873,0,8.7
2037,21.3374958,True,False,Playing,True,True,True,True,False,False,False,15.5288849,0,8.7
2038,21.34031,True,False,Playing,True,True,True,True,False,False,False,15.4949636,0,8.7
2039,21.3429089,True,False,Playing,True,True,True,True,False,False,False,15.4636869,0,8.7
2040,21.3455715,True,False,Playing,True,True,True,True,False,False,False,15.4319582,0,8.7
2041,21.3481312,True,False,Playing,True,True,True,True,False,False,False,15.4008808,0,8.7
2042,21.3506527,True,False,Playing,True,True,True,True,False,False,False,15.370594,0,8.7
2043,21.3533745,True,False,Playing,True,True,True,True,False,False,False,15.3389854,0,8.7
2044,21.3557358,True,False,Playing,True,True,True,True,False,False,False,15.3096209,0,8.7
2045,21.3583,True,False,Playing,True,True,True,True,False,False,False,15.2791986,0,8.7
2046,21.3606968,True,False,Playing,True,True,True,True,False,False,False,15.2497625,0,8.7
2047,21.36307,True,False,Playing,True,True,True,True,False,False,False,15.2214918,0,8.7
2048,21.3655472,True,False,Playing,True,True,True,True,False,False,False,15.1917648,0,8.7
2049,21.36803,True,False,Playing,True,True,True,True,False,False,False,15.1636343,0,8.7
2050,21.3708858,True,False,Playing,True,True,True,True,False,False,False,15.1290741,0,8.7
2051,21.3737278,True,False,Playing,True,True,True,True,False,False,False,15.0945463,0,8.7
2052,21.3765182,True,False,Playing,True,True,True,True,False,False,False,15.0615406,0,8.7
2053,21.379179,True,False,Playing,True,True,True,True,False,False,False,15.0288448,0,8.7
2054,21.3814774,True,False,Playing,True,True,True,True,False,False,False,15.0000277,0,8.7
2055,21.38407,True,False,Playing,True,True,True,True,False,False,False,14.9700851,0,8.7
2056,21.38646,True,False,Playing,True,True,True,True,False,False,False,14.9414549,0,8.7
2057,21.389225,True,False,Playing,True,True,True,True,False,False,False,14.9083805,0,8.7
2058,21.3917637,True,False,Playing,True,True,True,True,False,False,False,14.8779507,0,8.7
2059,21.3943081,True,False,Playing,True,True,True,True,False,False,False,14.8469009,0,8.7
2060,21.3967686,True,False,Playing,True,True,True,True,False,False,False,14.8173294,0,8.7
2061,21.3992252,True,False,Playing,True,True,True,True,False,False,False,14.7880449,0,8.7
2062,21.4020367,True,False,Playing,True,True,True,True,False,False,False,14.7546587,0,8.7
2063,21.4047947,True,False,Playing,True,True,True,True,False,False,False,14.7218237,0,8.7
2064,21.4078865,True,False,Playing,True,True,True,True,False,False,False,14.6852551,0,8.7
2065,21.41058,True,False,Playing,True,True,True,True,False,False,False,14.6517935,0,8.7
2066,21.4132824,True,False,Playing,True,True,True,True,False,False,False,14.6191311,0,8.7
2067,21.4163074,True,False,Playing,True,True,True,True,False,False,False,14.5846148,0,8.7
2068,21.422142,True,False,Playing,True,True,True,True,False,False,False,14.5150919,0,8.7
2069,21.4246922,True,False,Playing,True,True,True,True,False,False,False,14.4828768,0,8.7
2070,21.4270687,True,False,Playing,True,True,True,True,False,False,False,14.4541073,0,8.7
2071,21.4295044,True,False,Playing,True,True,True,True,False,False,False,14.4247065,0,8.7
2072,21.4318771,True,False,Playing,True,True,True,True,False,False,False,14.396349,0,8.7
2073,21.4350033,True,False,Playing,True,True,True,True,False,False,False,14.3594685,0,8.7
2074,21.4375973,True,False,Playing,True,True,True,True,False,False,False,14.3277283,0,8.7
2075,21.4405861,True,False,Playing,True,True,True,True,False,False,False,14.2921381,0,8.7
2076,21.443058,True,False,Playing,True,True,True,True,False,False,False,14.2621708,0,8.7
2077,21.4454975,True,False,Playing,True,True,True,True,False,False,False,14.233098,0,8.7
2078,21.4479351,True,False,Playing,True,True,True,True,False,False,False,14.20371,0,8.7
2079,21.45044,True,False,Playing,True,True,True,True,False,False,False,14.1738186,0,8.7
2080,21.4528389,True,False,Playing,True,True,True,True,False,False,False,14.1442747,0,8.7
2081,21.45517,True,False,Playing,True,True,True,True,False,False,False,14.1170387,0,8.7
2082,21.4573536,True,False,Playing,True,True,True,True,False,False,False,14.0901546,0,8.7
2083,21.4595718,True,False,Playing,True,True,True,True,False,False,False,14.0634823,0,8.7
2084,21.4622173,True,False,Playing,True,True,True,True,False,False,False,14.031662,0,8.7
2085,21.4648476,True,False,Playing,True,True,True,True,False,False,False,14.0014143,0,8.7
2086,21.46786,True,False,Playing,True,True,True,True,False,False,False,13.9660006,0,8.7
2087,21.4710941,True,False,Playing,True,True,True,True,False,False,False,13.9276943,0,8.7
2088,21.47372,True,False,Playing,True,True,True,True,False,False,False,13.8948,0,8.7
2089,21.4765835,True,False,Playing,True,True,True,True,False,False,False,13.8604279,0,8.7
2090,21.4797077,True,False,Playing,True,True,True,True,False,False,False,13.82197,0,8.7
2091,21.4824085,True,False,Playing,True,True,True,True,False,False,False,13.7896233,0,8.7
2092,21.4862041,True,False,Playing,True,True,True,True,False,False,False,13.7458019,0,8.7
2093,21.489027,True,False,Playing,True,True,True,True,False,False,False,13.7112665,0,8.7
2094,21.4917431,True,False,Playing,True,True,True,True,False,False,False,13.6786709,0,8.7
2095,21.4943314,True,False,Playing,True,True,True,True,False,False,False,13.6465549,0,8.7
2096,21.4966888,True,False,Playing,True,True,True,True,False,False,False,13.6173592,0,8.7
2097,21.4990349,True,False,Playing,True,True,True,True,False,False,False,13.5899668,0,8.7
2098,21.5018139,True,False,Playing,True,True,True,True,False,False,False,13.5579357,0,8.7
2099,21.5043926,True,False,Playing,True,True,True,True,False,False,False,13.5262146,0,8.7
2100,21.5072842,True,False,Playing,True,True,True,True,False,False,False,13.4916992,0,8.7
2101,21.5100613,True,False,Playing,True,True,True,True,False,False,False,13.4578657,0,8.7
2102,21.5128384,True,False,Playing,True,True,True,True,False,False,False,13.4241562,0,8.7
2103,21.5157433,True,False,Playing,True,True,True,True,False,False,False,13.3909464,0,8.7
2104,21.5189342,True,False,Playing,True,True,True,True,False,False,False,13.35199,0,8.7
2105,21.5215664,True,False,Playing,True,True,True,True,False,False,False,13.3201017,0,8.7
2106,21.5241661,True,False,Playing,True,True,True,True,False,False,False,13.2885885,0,8.7
2107,21.526722,True,False,Playing,True,True,True,True,False,False,False,13.2581539,0,8.7
2108,21.5291634,True,False,Playing,True,True,True,True,False,False,False,13.2281713,0,8.7
2109,21.532032,True,False,Playing,True,True,True,True,False,False,False,13.1977568,0,8.7
2110,21.5349884,True,False,Playing,True,True,True,True,False,False,False,13.15939,0,8.7
2111,21.5377789,True,False,Playing,True,True,True,True,False,False,False,13.1265278,0,8.7
2112,21.5406513,True,False,Playing,True,True,True,True,False,False,False,13.0907784,0,8.7
2113,21.5436459,True,False,Playing,True,True,True,True,False,False,False,13.0562105,0,8.7
2114,21.5463047,True,False,Playing,True,True,True,True,False,False,False,13.02213,0,8.7
2115,21.5489979,True,False,Playing,True,True,True,True,False,False,False,12.9918194,0,8.7
2116,21.5519314,True,False,Playing,True,True,True,True,False,False,False,12.9566641,0,8.7
2117,21.5546322,True,False,Playing,True,True,True,True,False,False,False,12.92353,0,8.7
2118,21.5574036,True,False,Playing,True,True,True,True,False,False,False,12.8908272,0,8.7
2119,21.5597553,True,False,Playing,True,True,True,True,False,False,False,12.8618383,0,8.7
2120,21.5620365,True,False,Playing,True,True,True,True,False,False,False,12.8333769,0,8.7
2121,21.5648155,True,False,Playing,True,True,True,True,False,False,False,12.8015242,0,8.7
2122,21.5676441,True,False,Playing,True,True,True,True,False,False,False,12.7691765,0,8.7
2123,21.571,True,False,Playing,True,True,True,True,False,False,False,12.7280912,0,8.7
2124,21.5752926,True,False,Playing,True,True,True,True,False,False,False,12.6916265,0,8.7
2125,21.5783978,True,False,Playing,True,True,True,True,False,False,False,12.6397076,0,8.7
2126,21.5812569,True,False,Playing,True,True,True,True,False,False,False,12.6034822,0,8.7
2127,21.583992,True,False,Playing,True,True,True,True,False,False,False,12.5715065,0,8.7
2128,21.5864162,True,False,Playing,True,True,True,True,False,False,False,12.5416145,0,8.7
2129,21.58905,True,False,Playing,True,True,True,True,False,False,False,12.5106125,0,8.7
2130,21.5915165,True,False,Playing,True,True,True,True,False,False,False,12.4805374,0,8.7
2131,21.5940151,True,False,Playing,True,True,True,True,False,False,False,12.4508257,0,8.7
2132,21.596384,True,False,Playing,True,True,True,True,False,False,False,12.4215775,0,8.7
2133,21.598875,True,False,Playing,True,True,True,True,False,False,False,12.3929281,0,8.7
2134,21.6013489,True,False,Playing,True,True,True,True,False,False,False,12.3628807,0,8.7
2135,21.6039772,True,False,Playing,True,True,True,True,False,False,False,12.3312321,0,8.7
2136,21.6063652,True,False,Playing,True,True,True,True,False,False,False,12.3020277,0,8.7
2137,21.6092014,True,False,Playing,True,True,True,True,False,False,False,12.2683306,0,8.7
2138,21.6119461,True,False,Playing,True,True,True,True,False,False,False,12.2350731,0,8.7
2139,21.614666,True,False,Playing,True,True,True,True,False,False,False,12.2027054,0,8.7
2140,21.61718,True,False,Playing,True,True,True,True,False,False,False,12.172842,0,8.7
2141,21.6195679,True,False,Playing,True,True,True,True,False,False,False,12.1436653,0,8.7
2142,21.6219158,True,False,Playing,True,True,True,True,False,False,False,12.1159267,0,8.7
2143,21.62411,True,False,Playing,True,True,True,True,False,False,False,12.08899,0,8.7
2144,21.626627,True,False,Playing,True,True,True,True,False,False,False,12.0596981,0,8.7
2145,21.6292782,True,False,Playing,True,True,True,True,False,False,False,12.027626,0,8.7
2146,21.6318722,True,False,Playing,True,True,True,True,False,False,False,11.9964323,0,8.7
2147,21.6343956,True,False,Playing,True,True,True,True,False,False,False,11.9675112,0,8.7
2148,21.6371422,True,False,Playing,True,True,True,True,False,False,False,11.9333267,0,8.7
2149,21.6395512,True,False,Playing,True,True,True,True,False,False,False,11.9041986,0,8.7
2150,21.6422081,True,False,Playing,True,True,True,True,False,False,False,11.8720741,0,8.7
2151,21.6451759,True,False,Playing,True,True,True,True,False,False,False,11.8362331,0,8.7
2152,21.6478252,True,False,Playing,True,True,True,True,False,False,False,11.8049479,0,8.7
2153,21.6509552,True,False,Playing,True,True,True,True,False,False,False,11.769002,0,8.7
2154,21.65364,True,False,Playing,True,True,True,True,False,False,False,11.7360191,0,8.7
2155,21.6562729,True,False,Playing,True,True,True,True,False,False,False,11.7029772,0,8.7
2156,21.6587868,True,False,Playing,True,True,True,True,False,False,False,11.6729822,0,8.7
2157,21.6612568,True,False,Playing,True,True,True,True,False,False,False,11.6433506,0,8.7
2158,21.6636887,True,False,Playing,True,True,True,True,False,False,False,11.615,0,8.7
2159,21.6659718,True,False,Playing,True,True,True,True,False,False,False,11.5863667,0,8.7
2160,21.6688156,True,False,Playing,True,True,True,True,False,False,False,11.5556688,0,8.7
2161,21.6714554,True,False,Playing,True,True,True,True,False,False,False,11.5214367,0,8.7
2162,21.67405,True,False,Playing,True,True,True,True,False,False,False,11.4899912,0,8.7
2163,21.6763611,True,False,Playing,True,True,True,True,False,False,False,11.4622364,0,8.7
2164,21.6787415,True,False,Playing,True,True,True,True,False,False,False,11.4340782,0,8.7
2165,21.6817017,True,False,Playing,True,True,True,True,False,False,False,11.39818,0,8.7
2166,21.6851349,True,False,Playing,True,True,True,True,False,False,False,11.35827,0,8.7
2167,21.6881943,True,False,Playing,True,True,True,True,False,False,False,11.3222036,0,8.7
2168,21.6910744,True,False,Playing,True,True,True,True,False,False,False,11.286027,0,8.7
2169,21.6935329,True,False,Playing,True,True,True,True,False,False,False,11.2567263,0,8.7
2170,21.6958771,True,False,Playing,True,True,True,True,False,False,False,11.22761,0,8.7
2171,21.6982918,True,False,Playing,True,True,True,True,False,False,False,11.1992235,0,8.7
2172,21.7011185,True,False,Playing,True,True,True,True,False,False,False,11.168602,0,8.7
2173,21.7044144,True,False,Playing,True,True,True,True,False,False,False,11.12673,0,8.7
2174,21.7067986,True,False,Playing,True,True,True,True,False,False,False,11.0963745,0,8.7
2175,21.709631,True,False,Playing,True,True,True,True,False,False,False,11.0636244,0,8.7
2176,21.7122555,True,False,Playing,True,True,True,True,False,False,False,11.0318317,0,8.7
2177,21.7150555,True,False,Playing,True,True,True,True,False,False,False,10.9978828,0,8.7
2178,21.7180023,True,False,Playing,True,True,True,True,False,False,False,10.9642935,0,8.7
2179,21.7207775,True,False,Playing,True,True,True,True,False,False,False,10.929738,0,8.7
2180,21.723156,True,False,Playing,True,True,True,True,False,False,False,10.9017467,0,8.7
2181,21.7254734,True,False,Playing,True,True,True,True,False,False,False,10.8730221,0,8.7
2182,21.7279568,True,False,Playing,True,True,True,True,False,False,False,10.8439255,0,8.7
2183,21.7302837,True,False,Playing,True,True,True,True,False,False,False,10.8149042,0,8.7
2184,21.7325687,True,False,Playing,True,True,True,True,False,False,False,10.787776,0,8.7
2185,21.73522,True,False,Playing,True,True,True,True,False,False,False,10.7565794,0,8.7
2186,21.7379932,True,False,Playing,True,True,True,True,False,False,False,10.7233849,0,8.7
2187,21.7403641,True,False,Playing,True,True,True,True,False,False,False,10.6938248,0,8.7
2188,21.7427025,True,False,Playing,True,True,True,True,False,False,False,10.6668167,0,8.7
2189,21.7450428,True,False,Playing,True,True,True,True,False,False,False,10.6380081,0,8.7
2190,21.7473717,True,False,Playing,True,True,True,True,False,False,False,10.6104765,0,8.7
2191,21.7505817,True,False,Playing,True,True,True,True,False,False,False,10.5734568,0,8.7
2192,21.7532654,True,False,Playing,True,True,True,True,False,False,False,10.5402622,0,8.7
2193,21.7557049,True,False,Playing,True,True,True,True,False,False,False,10.5100317,0,8.7
2194,21.7582054,True,False,Playing,True,True,True,True,False,False,False,10.4809828,0,8.7
2195,21.7606411,True,False,Playing,True,True,True,True,False,False,False,10.4511108,0,8.7
2196,21.76301,True,False,Playing,True,True,True,True,False,False,False,10.4235764,0,8.7
2197,21.76524,True,False,Playing,True,True,True,True,False,False,False,10.3952579,0,8.7
2198,21.7682362,True,False,Playing,True,True,True,True,False,False,False,10.3603668,0,8.7
2199,21.7707272,True,False,Playing,True,True,True,True,False,False,False,10.330204,0,8.7
2200,21.77336,True,False,Playing,True,True,True,True,False,False,False,10.2990026,0,8.7
2201,21.7756348,True,False,Playing,True,True,True,True,False,False,False,10.2704573,0,8.7
2202,21.7779732,True,False,Playing,True,True,True,True,False,False,False,10.24382,0,8.7
2203,21.7805958,True,False,Playing,True,True,True,True,False,False,False,10.2121315,0,8.7
2204,21.78359,True,False,Playing,True,True,True,True,False,False,False,10.1763058,0,8.7
2205,21.78605,True,False,Playing,True,True,True,True,False,False,False,10.1465263,0,8.7
2206,21.7886562,True,False,Playing,True,True,True,True,False,False,False,10.1153011,0,8.7
2207,21.79118,True,False,Playing,True,True,True,True,False,False,False,10.085434,0,8.7
2208,21.7936287,True,False,Playing,True,True,True,True,False,False,False,10.054719,0,8.7
2209,21.7959461,True,False,Playing,True,True,True,True,False,False,False,10.0271158,0,8.7
2210,21.7985153,True,False,Playing,True,True,True,True,False,False,False,9.998407,0,8.7
2211,21.80118,True,False,Playing,True,True,True,True,False,False,False,9.965181,0,8.7
2212,21.8036461,True,False,Playing,True,True,True,True,False,False,False,9.935669,0,8.7
2213,21.8060875,True,False,Playing,True,True,True,True,False,False,False,9.905605,0,8.7
2214,21.80892,True,False,Playing,True,True,True,True,False,False,False,9.874824,0,8.7
2215,21.8114166,True,False,Playing,True,True,True,True,False,False,False,9.842293,0,8.7
2216,21.8142529,True,False,Playing,True,True,True,True,False,False,False,9.808044,0,8.7
2217,21.8173542,True,False,Playing,True,True,True,True,False,False,False,9.771751,0,8.7
2218,21.820282,True,False,Playing,True,True,True,True,False,False,False,9.73541451,0,8.7
2219,21.8226833,True,False,Playing,True,True,True,True,False,False,False,9.707308,0,8.7
2220,21.8250179,True,False,Playing,True,True,True,True,False,False,False,9.678191,0,8.7
2221,21.8277473,True,False,Playing,True,True,True,True,False,False,False,9.647061,0,8.7
2222,21.8301659,True,False,Playing,True,True,True,True,False,False,False,9.616528,0,8.7
2223,21.8324738,True,False,Playing,True,True,True,True,False,False,False,9.589092,0,8.7
2224,21.8351688,True,False,Playing,True,True,True,True,False,False,False,9.557511,0,8.7
2225,21.8378181,True,False,Playing,True,True,True,True,False,False,False,9.526082,0,8.7
2226,21.840292,True,False,Playing,True,True,True,True,False,False,False,9.49529648,0,8.7
2227,21.842823,True,False,Playing,True,True,True,True,False,False,False,9.464882,0,8.7
2228,21.8454418,True,False,Playing,True,True,True,True,False,False,False,9.433653,0,8.7
2229,21.84781,True,False,Playing,True,True,True,True,False,False,False,9.404887,0,8.7
2230,21.850996,True,False,Playing,True,True,True,True,False,False,False,9.370995,0,8.7
2231,21.854084,True,False,Playing,True,True,True,True,False,False,False,9.332377,0,8.7
2232,21.8567829,True,False,Playing,True,True,True,True,False,False,False,9.297941,0,8.7
2233,21.86278,True,False,Playing,True,True,True,True,False,False,False,9.227172,0,8.7
2234,21.8653526,True,False,Playing,True,True,True,True,False,False,False,9.194569,0,8.7
2235,21.86793,True,False,Playing,True,True,True,True,False,False,False,9.165236,0,8.7
2236,21.8708744,True,False,Playing,True,True,True,True,False,False,False,9.128804,0,8.7
2237,21.8732376,True,False,Playing,True,True,True,True,False,False,False,9.099663,0,8.7
2238,21.8755817,True,False,Playing,True,True,True,True,False,False,False,9.072168,0,8.7
2239,21.8781338,True,False,Playing,True,True,True,True,False,False,False,9.041977,0,8.7
2240,21.880722,True,False,Playing,True,True,True,True,False,False,False,9.009633,0,8.7
2241,21.88364,True,False,Playing,True,True,True,True,False,False,False,8.976943,0,8.7
2242,21.8863087,True,False,Playing,True,True,True,True,False,False,False,8.94389248,0,8.7
2243,21.8887119,True,False,Playing,True,True,True,True,False,False,False,8.914309,0,8.7
2244,21.8911839,True,False,Playing,True,True,True,True,False,False,False,8.885331,0,8.7
2245,21.8937969,True,False,Playing,True,True,True,True,False,False,False,8.853499,0,8.7
2246,21.896122,True,False,Playing,True,True,True,True,False,False,False,8.824478,0,8.7
2247,21.8986549,True,False,Playing,True,True,True,True,False,False,False,8.795014,0,8.7
2248,21.90141,True,False,Playing,True,True,True,True,False,False,False,8.762503,0,8.7
2249,21.90387,True,False,Playing,True,True,True,True,False,False,False,8.732137,0,8.7
2250,21.9066944,True,False,Playing,True,True,True,True,False,False,False,8.701246,0,8.7
2251,21.9092827,True,False,Playing,True,True,True,True,False,False,False,8.667653,0,8.7
2252,21.9115276,True,False,Playing,True,True,True,True,False,False,False,8.6394825,0,8.7
2253,21.9141827,True,False,Playing,True,True,True,True,False,False,False,8.608832,0,8.7
2254,21.91714,True,False,Playing,True,True,True,True,False,False,False,8.573766,0,8.7
2255,21.9199181,True,False,Playing,True,True,True,True,False,False,False,8.540823,0,8.7
2256,21.9225368,True,False,Playing,True,True,True,True,False,False,False,8.5085,0,8.7
2257,21.92491,True,False,Playing,True,True,True,True,False,False,False,8.479495,0,8.7
2258,21.9274063,True,False,Playing,True,True,True,True,False,False,False,8.44910049,0,8.7
2259,21.93011,True,False,Playing,True,True,True,True,False,False,False,8.417448,0,8.7
2260,21.9324455,True,False,Playing,True,True,True,True,False,False,False,8.390072,0,8.7
2261,21.9353313,True,False,Playing,True,True,True,True,False,False,False,8.35621548,0,8.7
2262,21.9377174,True,False,Playing,True,True,True,True,False,False,False,8.326367,0,8.7
2263,21.94018,True,False,Playing,True,True,True,True,False,False,False,8.297491,0,8.7
2264,21.942503,True,False,Playing,True,True,True,True,False,False,False,8.26805,0,8.7
2265,21.9448986,True,False,Playing,True,True,True,True,False,False,False,8.239857,0,8.7
2266,21.9473743,True,False,Playing,True,True,True,True,False,False,False,8.21056,0,8.7
2267,21.9501038,True,False,Playing,True,True,True,True,False,False,False,8.177869,0,8.7
2268,21.952755,True,False,Playing,True,True,True,True,False,False,False,8.145877,0,8.7
2269,21.9555588,True,False,Playing,True,True,True,True,False,False,False,8.112359,0,8.7
2270,21.95801,True,False,Playing,True,True,True,True,False,False,False,8.082121,0,8.7
2271,21.9608879,True,False,Playing,True,True,True,True,False,False,False,8.04826,0,8.7
2272,21.963522,True,False,Playing,True,True,True,True,False,False,False,8.016272,0,8.7
2273,21.9662018,True,False,Playing,True,True,True,True,False,False,False,7.98711872,0,8.7
2274,21.9689255,True,False,Playing,True,True,True,True,False,False,False,7.95358944,0,8.7
2275,21.9714642,True,False,Playing,True,True,True,True,False,False,False,7.921446,0,8.7
2276,21.9743443,True,False,Playing,True,True,True,True,False,False,False,7.88685369,0,8.7
2277,21.9767647,True,False,Playing,True,True,True,True,False,False,False,7.857877,0,8.7
2278,21.9795971,True,False,Playing,True,True,True,True,False,False,False,7.824196,0,8.7
2279,21.9821815,True,False,Playing,True,True,True,True,False,False,False,7.79334164,0,8.7
2280,21.9855671,True,False,Playing,True,True,True,True,False,False,False,7.753546,0,8.7
2281,21.98815,True,False,Playing,True,True,True,True,False,False,False,7.72143841,0,8.7
2282,21.9910336,True,False,Playing,True,True,True,True,False,False,False,7.686551,0,8.7
2283,21.9935284,True,False,Playing,True,True,True,True,False,False,False,7.65669966,0,8.7
2284,21.995945,True,False,Playing,True,True,True,True,False,False,False,7.62788248,0,8.7
2285,21.99832,True,False,Playing,True,True,True,True,False,False,False,7.59834671,0,8.7
2286,22.0015564,True,False,Playing,True,True,True,True,False,False,False,7.563779,0,8.7
2287,22.0043831,True,False,Playing,True,True,True,True,False,False,False,7.527446,0,8.7
2288,22.0070877,True,False,Playing,True,True,True,True,False,False,False,7.49383259,0,8.7
2289,22.00977,True,False,Playing,True,True,True,True,False,False,False,7.4612174,0,8.7
2290,22.2542133,True,False,Playing,True,True,True,True,False,False,False,4.53233242,0,8.7
2291,22.258152,True,False,Playing,True,True,True,True,False,False,False,4.48231363,0,8.7
2292,22.2604847,True,False,Playing,True,True,True,True,False,False,False,4.452566,0,8.7
2293,22.2628231,True,False,Playing,True,True,True,True,False,False,False,4.424919,0,8.7
2294,22.26501,True,False,Playing,True,True,True,True,False,False,False,4.397811,0,8.7
2295,22.2678375,True,False,Playing,True,True,True,True,False,False,False,4.365727,0,8.7
2296,22.2704563,True,False,Playing,True,True,True,True,False,False,False,4.33350754,0,8.7
2297,22.2729034,True,False,Playing,True,True,True,True,False,False,False,4.30580854,0,8.7
2298,22.27601,True,False,Playing,True,True,True,True,False,False,False,4.26633644,0,8.7
2299,22.2789555,True,False,Playing,True,True,True,True,False,False,False,4.23327827,0,8.7
2300,22.2814369,True,False,Playing,True,True,True,True,False,False,False,4.200316,0,8.7
2301,22.284256,True,False,Playing,True,True,True,True,False,False,False,4.167813,0,8.7
2302,22.2868748,True,False,Playing,True,True,True,True,False,False,False,4.13593245,0,8.7
2303,22.2897015,True,False,Playing,True,True,True,True,False,False,False,4.102199,0,8.7
2304,22.3080578,True,False,Playing,True,True,True,True,False,False,False,3.8837502,0,8.7
2305,22.3104744,True,False,Playing,True,True,True,True,False,False,False,3.85279655,0,8.7
2306,22.3126411,True,False,Playing,True,True,True,True,False,False,False,3.82628345,0,8.7
2307,22.31476,True,False,Playing,True,True,True,True,False,False,False,3.80078888,0,8.7
2308,22.3173256,True,False,Playing,True,True,True,True,False,False,False,3.77090549,0,8.7
2309,22.3197,True,False,Playing,True,True,True,True,False,False,False,3.74163723,0,8.7
2310,22.3221817,True,False,Playing,True,True,True,True,False,False,False,3.71242452,0,8.7
2311,22.3244915,True,False,Playing,True,True,True,True,False,False,False,3.68433428,0,8.7
2312,22.32677,True,False,Playing,True,True,True,True,False,False,False,3.65713835,0,8.7
2313,22.3295212,True,False,Playing,True,True,True,True,False,False,False,3.62463927,0,8.7
2314,22.3320255,True,False,Playing,True,True,True,True,False,False,False,3.59418464,0,8.7
2315,22.334877,True,False,Playing,True,True,True,True,False,False,False,3.561362,0,8.7
2316,22.33743,True,False,Playing,True,True,True,True,False,False,False,3.52989316,0,8.7
2317,22.3400173,True,False,Playing,True,True,True,True,False,False,False,3.49850821,0,8.7
2318,22.3422756,True,False,Playing,True,True,True,True,False,False,False,3.47126436,0,8.7
2319,22.3446674,True,False,Playing,True,True,True,True,False,False,False,3.44253922,0,8.7
2320,22.3469543,True,False,Playing,True,True,True,True,False,False,False,3.41513562,0,8.7
2321,22.3508568,True,False,Playing,True,True,True,True,False,False,False,3.36903858,0,8.7
2322,22.3532677,True,False,Playing,True,True,True,True,False,False,False,3.339095,0,8.7
2323,22.3555145,True,False,Playing,True,True,True,True,False,False,False,3.312135,0,8.7
2324,22.3579712,True,False,Playing,True,True,True,True,False,False,False,3.28215981,0,8.7
2325,22.3602753,True,False,Playing,True,True,True,True,False,False,False,3.25517559,0,8.7
2326,22.36295,True,False,Playing,True,True,True,True,False,False,False,3.22311568,0,8.7
2327,22.3656616,True,False,Playing,True,True,True,True,False,False,False,3.1904726,0,8.7
2328,22.36884,True,False,Playing,True,True,True,True,False,False,False,3.15601254,0,8.7
2329,22.3715839,True,False,Playing,True,True,True,True,False,False,False,3.11973953,0,8.7
2330,22.3742619,True,False,Playing,True,True,True,True,False,False,False,3.08651352,0,8.7
2331,22.3768539,True,False,Playing,True,True,True,True,False,False,False,3.05642653,0,8.7
2332,22.3794384,True,False,Playing,True,True,True,True,False,False,False,3.02494955,0,8.7
2333,22.38199,True,False,Playing,True,True,True,True,False,False,False,2.99449921,0,8.7
2334,22.385025,True,False,Playing,True,True,True,True,False,False,False,2.95845366,0,8.7
2335,22.38776,True,False,Playing,True,True,True,True,False,False,False,2.92512369,0,8.7
2336,22.39032,True,False,Playing,True,True,True,True,False,False,False,2.89417815,0,8.7
2337,22.3929825,True,False,Playing,True,True,True,True,False,False,False,2.86297679,0,8.7
2338,22.3956184,True,False,Playing,True,True,True,True,False,False,False,2.83117247,0,8.7
2339,22.3981,True,False,Playing,True,True,True,True,False,False,False,2.80071,0,8.7
2340,22.4012928,True,False,Playing,True,True,True,True,False,False,False,2.76508784,0,8.7
2341,22.4042969,True,False,Playing,True,True,True,True,False,False,False,2.72913837,0,8.7
2342,22.4069,True,False,Playing,True,True,True,True,False,False,False,2.69454646,0,8.7
2343,22.40984,True,False,Playing,True,True,True,True,False,False,False,2.66059351,0,8.7
2344,22.4125366,True,False,Playing,True,True,True,True,False,False,False,2.62905288,0,8.7
2345,22.4152565,True,False,Playing,True,True,True,True,False,False,False,2.59667349,0,8.7
2346,22.4183788,True,False,Playing,True,True,True,True,False,False,False,2.55890679,0,8.7
2347,22.42118,True,False,Playing,True,True,True,True,False,False,False,2.524339,0,8.7
2348,22.4237881,True,False,Playing,True,True,True,True,False,False,False,2.49301,0,8.7
2349,22.4584713,True,False,Playing,True,True,True,True,False,False,False,2.08145475,0,8.7
2350,22.4617062,True,False,Playing,True,True,True,True,False,False,False,2.0382328,0,8.7
2351,22.46509,True,False,Playing,True,True,True,True,False,False,False,1.99809,0,8.7
2352,22.4717579,True,False,Playing,True,True,True,True,False,False,False,1.91915035,0,8.7
2353,22.4747086,True,False,Playing,True,True,True,True,False,False,False,1.882426,0,8.7
2354,22.4774342,True,False,Playing,True,True,True,True,False,False,False,1.84928787,0,8.7
2355,22.4808483,True,False,Playing,True,True,True,True,False,False,False,1.81249166,0,8.7
2356,22.4848022,True,False,Playing,True,True,True,True,False,False,False,1.76205754,0,8.7
2357,22.4876385,True,False,Playing,True,True,True,True,False,False,False,1.72816467,0,8.7
2358,22.490593,True,False,Playing,True,True,True,True,False,False,False,1.692239,0,8.7
2359,22.4935646,True,False,Playing,True,True,True,True,False,False,False,1.65709615,0,8.7
2360,22.49578,True,False,Playing,True,True,True,True,False,False,False,1.62860644,0,8.7
2361,22.4981518,True,False,Playing,True,True,True,True,False,False,False,1.60107517,0,8.7
2362,22.5029774,True,False,Playing,True,True,True,True,False,False,False,1.54479456,0,8.7
2363,22.5059147,True,False,Playing,True,True,True,True,False,False,False,1.50992322,0,8.7
2364,22.5086422,True,False,Playing,True,True,True,True,False,False,False,1.47551513,0,8.7
2365,22.5116272,True,False,Playing,True,True,True,True,False,False,False,1.44040024,0,8.7
2366,22.5141068,True,False,Playing,True,True,True,True,False,False,False,1.40988588,0,8.7
2367,22.5166283,True,False,Playing,True,True,True,True,False,False,False,1.38105273,0,8.7
2368,22.5190525,True,False,Playing,True,True,True,True,False,False,False,1.35167241,0,8.7
2369,22.521328,True,False,Playing,True,True,True,True,False,False,False,1.32476413,0,8.7
2370,22.5236416,True,False,Playing,True,True,True,True,False,False,False,1.29683757,0,8.7
2371,22.5258942,True,False,Playing,True,True,True,True,False,False,False,1.2703526,0,8.7
2372,22.528038,True,False,Playing,True,True,True,True,False,False,False,1.24409127,0,8.7
2373,22.5303345,True,False,Playing,True,True,True,True,False,False,False,1.218988,0,8.7
2374,22.53273,True,False,Playing,True,True,True,True,False,False,False,1.19015884,0,8.7
2375,22.53571,True,False,Playing,True,True,True,True,False,False,False,1.15459657,0,8.7
2376,22.5384083,True,False,Playing,True,True,True,True,False,False,False,1.12196159,0,8.7
2377,22.5411777,True,False,Playing,True,True,True,True,False,False,False,1.08984184,0,8.7
2378,22.5438385,True,False,Playing,True,True,True,True,False,False,False,1.05661988,0,8.7
2379,22.5464973,True,False,Playing,True,True,True,True,False,False,False,1.02669239,0,8.7
2380,22.54933,True,False,Playing,True,True,True,True,False,False,False,0.9946525,0,8.7
2381,22.5522079,True,False,Playing,True,True,True,True,False,False,False,0.9597013,0,8.7
2382,22.554884,True,False,Playing,True,True,True,True,False,False,False,0.927541554,0,8.7
2383,22.5575237,True,False,Playing,True,True,True,True,False,False,False,0.8953898,0,8.7
2384,22.5599918,True,False,Playing,True,True,True,True,False,False,False,0.866249144,0,8.7
2385,22.5624924,True,False,Playing,True,True,True,True,False,False,False,0.837324142,0,8.7
2386,22.5651264,True,False,Playing,True,True,True,True,False,False,False,0.807588458,0,8.7
2387,22.5680161,True,False,Playing,True,True,True,True,False,False,False,0.773875237,0,8.7
2388,22.57078,True,False,Playing,True,True,True,True,False,False,False,0.741244256,0,8.7
2389,22.57337,True,False,Playing,True,True,True,True,False,False,False,0.711141169,0,8.7
2390,22.5756359,True,False,Playing,True,True,True,True,False,False,False,0.6833144,0,8.7
2391,22.5780487,True,False,Playing,True,True,True,True,False,False,False,0.6567775,0,8.7
2392,22.5803814,True,False,Playing,True,True,True,True,False,False,False,0.6290146,0,8.7
2393,22.58264,True,False,Playing,True,True,True,True,False,False,False,0.6026814,0,8.7
2394,22.5849342,True,False,Playing,True,True,True,True,False,False,False,0.5760846,0,8.7
2395,22.5875587,True,False,Playing,True,True,True,True,False,False,False,0.5465007,0,8.7
2396,22.58973,True,False,Playing,True,True,True,True,False,False,False,0.520367146,0,8.7
2397,22.59195,True,False,Playing,True,True,True,True,False,False,False,0.494880557,0,8.7
2398,22.5942078,True,False,Playing,True,True,True,True,False,False,False,0.4686272,0,8.7
2399,22.5964165,True,False,Playing,True,True,True,True,False,False,False,0.443484068,0,8.7
2400,22.5987034,True,False,Playing,True,True,True,True,False,False,False,0.417086959,0,8.7
2401,22.6012554,True,False,Playing,True,True,True,True,False,False,False,0.389288127,0,8.7
2402,22.6042328,True,False,Playing,True,True,True,True,False,False,False,0.3545406,0,8.7
2403,22.6071224,True,False,Playing,True,True,True,True,False,False,False,0.321925581,0,8.7
2404,22.6098385,True,False,Playing,True,True,True,True,False,False,False,0.2904567,0,8.7
2405,22.6124611,True,False,Playing,True,True,True,True,False,False,False,0.260285735,0,8.7
2406,22.6148472,True,False,Playing,True,True,True,True,False,False,False,0.23330158,0,8.7
2407,22.6173649,True,False,Playing,True,True,True,True,False,False,False,0.2055347,0,8.7
2408,22.6199532,True,False,Playing,True,True,True,True,False,False,False,0.17567122,0,8.7
2409,22.62251,True,False,Playing,True,True,True,True,False,False,False,0.14715755,0,8.7
2410,22.6248932,True,False,Playing,True,True,True,True,False,False,False,0.119478524,0,8.7
2411,22.62721,True,False,Playing,True,True,True,True,False,False,False,0.09409177,0,8.7
2412,22.6293716,True,False,Playing,True,True,True,True,False,False,False,0.06917226,0,8.7
2413,22.631794,True,False,Playing,True,True,True,True,False,False,False,0.04242772,0,8.7
2414,22.6344719,True,False,Playing,True,True,True,True,False,False,False,0.01290369,0,8.7
2415,22.636879,True,False,Playing,True,True,True,True,False,False,False,-0.01433605,0,8.7
2416,22.6397457,True,False,Playing,True,True,True,True,False,False,False,-0.044439137,0,8.7
2417,22.64221,True,False,Playing,True,True,True,True,False,False,False,-0.0743705,0,8.7
2418,22.644804,True,False,Playing,True,True,True,True,False,False,False,-0.102137387,0,8.7
2419,22.6473637,True,False,Playing,True,True,True,True,False,False,False,-0.130607128,0,8.7
2420,22.6501656,True,False,Playing,True,True,True,True,False,False,False,-0.161728561,0,8.7
2421,22.6527386,True,False,Playing,True,True,True,True,False,False,False,-0.18933171,0,8.7
2422,22.6551418,True,False,Playing,True,True,True,True,False,False,False,-0.216395736,0,8.7
2423,22.6574116,True,False,Playing,True,True,True,True,False,False,False,-0.24178648,0,8.7
2424,22.65962,True,False,Playing,True,True,True,True,False,False,False,-0.265420079,0,8.7
2425,22.66176,True,False,Playing,True,True,True,True,False,False,False,-0.289257348,0,8.7
2426,22.66395,True,False,Playing,True,True,True,True,False,False,False,-0.31296283,0,8.7
2427,22.6660843,True,False,Playing,True,True,True,True,False,False,False,-0.336256981,0,8.7
2428,22.6689262,True,False,Playing,True,True,True,True,False,False,False,-0.366320133,0,8.7
2429,22.6717339,True,False,Playing,True,True,True,True,False,False,False,-0.395720363,0,8.7
2430,22.6742554,True,False,Playing,True,True,True,True,False,False,False,-0.4243219,0,8.7
2431,22.6766014,True,False,Playing,True,True,True,True,False,False,False,-0.449496984,0,8.7
2432,22.6791916,True,False,Playing,True,True,True,True,False,False,False,-0.47611773,0,8.7
2433,22.6816978,True,False,Playing,True,True,True,True,False,False,False,-0.5035412,0,8.7
2434,22.6847515,True,False,Playing,True,True,True,True,False,False,False,-0.534199357,0,8.7
2435,22.688076,True,False,Playing,True,True,True,True,False,False,False,-0.570200861,0,8.7
2436,22.69094,True,False,Playing,True,True,True,True,False,False,False,-0.6009988,0,8.7
2437,22.69356,True,False,Playing,True,True,True,True,False,False,False,-0.62916106,0,8.7
2438,22.6965179,True,False,Playing,True,True,True,True,False,False,False,-0.660314441,0,8.7
2439,22.6997738,True,False,Playing,True,True,True,True,False,False,False,-0.691695452,0,8.7
2440,22.7026749,True,False,Playing,True,True,True,True,False,False,False,-0.7238552,0,8.7
2441,22.70522,True,False,Playing,True,True,True,True,False,False,False,-0.751055,0,8.7
2442,22.7078724,True,False,Playing,True,True,True,True,False,False,False,-0.778282762,0,8.7
2443,22.7104473,True,False,Playing,True,True,True,True,False,False,False,-0.804931462,0,8.7
2444,22.7130337,True,False,Playing,True,True,True,True,False,False,False,-0.8311848,0,8.7
2445,22.7156315,True,False,Playing,True,True,True,True,False,False,False,-0.857010841,0,8.7
2446,22.7184353,True,False,Playing,True,True,True,True,False,False,False,-0.8865668,0,8.7
2447,22.7211361,True,False,Playing,True,True,True,True,False,False,False,-0.9143776,0,8.7
2448,22.72374,True,False,Playing,True,True,True,True,False,False,False,-0.940619,0,8.7
2449,22.7263622,True,False,Playing,True,True,True,True,False,False,False,-0.967068,0,8.7
2450,22.7288685,True,False,Playing,True,True,True,True,False,False,False,-0.9933693,0,8.7
2451,22.7313938,True,False,Playing,True,True,True,True,False,False,False,-1.01775765,0,8.7
2452,22.7343941,True,False,Playing,True,True,True,True,False,False,False,-1.04742944,0,8.7
2453,22.7369976,True,False,Playing,True,True,True,True,False,False,False,-1.07337928,0,8.7
2454,22.739706,True,False,Playing,True,True,True,True,False,False,False,-1.10071087,0,8.7
2455,22.7422333,True,False,Playing,True,True,True,True,False,False,False,-1.12575018,0,8.7
2456,22.7447872,True,False,Playing,True,True,True,True,False,False,False,-1.15113688,0,8.7
2457,22.7474022,True,False,Playing,True,True,True,True,False,False,False,-1.17584479,0,8.7
2458,22.7503719,True,False,Playing,True,True,True,True,False,False,False,-1.20432651,0,8.7
2459,22.7529545,True,False,Playing,True,True,True,True,False,False,False,-1.23017251,0,8.7
2460,22.7557182,True,False,Playing,True,True,True,True,False,False,False,-1.25596261,0,8.7
2461,22.758215,True,False,Playing,True,True,True,True,False,False,False,-1.28117764,0,8.7
2462,22.7607479,True,False,Playing,True,True,True,True,False,False,False,-1.3054502,0,8.7
2463,22.76326,True,False,Playing,True,True,True,True,False,False,False,-1.330126,0,8.7
2464,22.7661819,True,False,Playing,True,True,True,True,False,False,False,-1.35705042,0,8.7
2465,22.7691536,True,False,Playing,True,True,True,True,False,False,False,-1.38463354,0,8.7
2466,22.77463,True,False,Playing,True,True,True,True,False,False,False,-1.43664908,0,8.7
2467,22.7768917,True,False,Playing,True,True,True,True,False,False,False,-1.45887685,0,8.7
2468,22.7793846,True,False,Playing,True,True,True,True,False,False,False,-1.4822669,0,8.7
2469,22.7816353,True,False,Playing,True,True,True,True,False,False,False,-1.50276566,0,8.7
2470,22.785223,True,False,Playing,True,True,True,True,False,False,False,-1.5347017,0,8.7
2471,22.7881069,True,False,Playing,True,True,True,True,False,False,False,-1.56157,0,8.7
2472,22.790926,True,False,Playing,True,True,True,True,False,False,False,-1.58753991,0,8.7
2473,22.7936,True,False,Playing,True,True,True,True,False,False,False,-1.61167264,0,8.7
2474,22.7966423,True,False,Playing,True,True,True,True,False,False,False,-1.63997865,0,8.7
2475,22.7997074,True,False,Playing,True,True,True,True,False,False,False,-1.666827,0,8.7
2476,22.8025627,True,False,Playing,True,True,True,True,False,False,False,-1.69247735,0,8.7
2477,22.8053246,True,False,Playing,True,True,True,True,False,False,False,-1.716694,0,8.7
2478,22.8081551,True,False,Playing,True,True,True,True,False,False,False,-1.74198484,0,8.7
2479,22.8110962,True,False,Playing,True,True,True,True,False,False,False,-1.76760328,0,8.7
2480,22.81414,True,False,Playing,True,True,True,True,False,False,False,-1.79416811,0,8.7
2481,22.8173885,True,False,Playing,True,True,True,True,False,False,False,-1.82055724,0,8.7
2482,22.82074,True,False,Playing,True,True,True,True,False,False,False,-1.85161078,0,8.7
2483,22.8235264,True,False,Playing,True,True,True,True,False,False,False,-1.87637854,0,8.7
2484,22.8261833,True,False,Playing,True,True,True,True,False,False,False,-1.89908957,0,8.7
2485,22.82946,True,False,Playing,True,True,True,True,False,False,False,-1.92620957,0,8.7
2486,22.8321934,True,False,Playing,True,True,True,True,False,False,False,-1.95005083,0,8.7
2487,22.835453,True,False,Playing,True,True,True,True,False,False,False,-1.97646391,0,8.7
2488,22.83849,True,False,Playing,True,True,True,True,False,False,False,-2.00266933,0,8.7
2489,22.8411369,True,False,Playing,True,True,True,True,False,False,False,-2.02498913,0,8.7
2490,22.8438663,True,False,Playing,True,True,True,True,False,False,False,-2.04740477,0,8.7
2491,22.8464279,True,False,Playing,True,True,True,True,False,False,False,-2.068139,0,8.7
2492,22.8491688,True,False,Playing,True,True,True,True,False,False,False,-2.08741951,0,8.7
2493,22.85188,True,False,Playing,True,True,True,True,False,False,False,-2.112495,0,8.7
2494,22.8544083,True,False,Playing,True,True,True,True,False,False,False,-2.13309336,0,8.7
2495,22.8567638,True,False,Playing,True,True,True,True,False,False,False,-2.151939,0,8.7
2496,22.8594456,True,False,Playing,True,True,True,True,False,False,False,-2.17327213,0,8.7
2497,22.8623638,True,False,Playing,True,True,True,True,False,False,False,-2.19637871,0,8.7
2498,22.8650932,True,False,Playing,True,True,True,True,False,False,False,-2.218335,0,8.7
2499,22.8680172,True,False,Playing,True,True,True,True,False,False,False,-2.24005175,0,8.7
2500,22.8703613,True,False,Playing,True,True,True,True,False,False,False,-2.25905681,0,8.7
2501,22.8725853,True,False,Playing,True,True,True,True,False,False,False,-2.276724,0,8.7
2502,22.8751087,True,False,Playing,True,True,True,True,False,False,False,-2.295721,0,8.7
2503,22.8772316,True,False,Playing,True,True,True,True,False,False,False,-2.312542,0,8.7
2504,22.87951,True,False,Playing,True,True,True,True,False,False,False,-2.32988977,0,8.7
2505,22.8816338,True,False,Playing,True,True,True,True,False,False,False,-2.34581971,0,8.7
2506,22.8843174,True,False,Playing,True,True,True,True,False,False,False,-2.36520815,0,8.7
2507,22.8865986,True,False,Playing,True,True,True,True,False,False,False,-2.38286757,0,8.7
2508,22.8888874,True,False,Playing,True,True,True,True,False,False,False,-2.39968014,0,8.7
2509,22.8913364,True,False,Playing,True,True,True,True,False,False,False,-2.41737556,0,8.7
2510,22.8939934,True,False,Playing,True,True,True,True,False,False,False,-2.43727517,0,8.7
2511,22.8966045,True,False,Playing,True,True,True,True,False,False,False,-2.45640016,0,8.7
2512,22.8995762,True,False,Playing,True,True,True,True,False,False,False,-2.476132,0,8.7
2513,22.9023228,True,False,Playing,True,True,True,True,False,False,False,-2.49764919,0,8.7
2514,22.9053211,True,False,Playing,True,True,True,True,False,False,False,-2.5191462,0,8.7
2515,22.9079933,True,False,Playing,True,True,True,True,False,False,False,-2.538271,0,8.7
2516,22.91062,True,False,Playing,True,True,True,True,False,False,False,-2.55670118,0,8.7
2517,22.91314,True,False,Playing,True,True,True,True,False,False,False,-2.57438445,0,8.7
2518,22.9157543,True,False,Playing,True,True,True,True,False,False,False,-2.5914607,0,8.7
2519,22.9184589,True,False,Playing,True,True,True,True,False,False,False,-2.61078119,0,8.7
2520,22.9206467,True,False,Playing,True,True,True,True,False,False,False,-2.62638,0,8.7
2521,22.9228115,True,False,Playing,True,True,True,True,False,False,False,-2.641016,0,8.7
2522,22.9249249,True,False,Playing,True,True,True,True,False,False,False,-2.65568423,0,8.7
2523,22.9271278,True,False,Playing,True,True,True,True,False,False,False,-2.67023277,0,8.7
2524,22.929739,True,False,Playing,True,True,True,True,False,False,False,-2.687273,0,8.7
2525,22.932497,True,False,Playing,True,True,True,True,False,False,False,-2.7048645,0,8.7
2526,22.9355412,True,False,Playing,True,True,True,True,False,False,False,-2.725443,0,8.7
2527,22.9383774,True,False,Playing,True,True,True,True,False,False,False,-2.74250722,0,8.7
2528,22.9407387,True,False,Playing,True,True,True,True,False,False,False,-2.75993085,0,8.7
2529,22.9429989,True,False,Playing,True,True,True,True,False,False,False,-2.77425957,0,8.7
2530,22.9452362,True,False,Playing,True,True,True,True,False,False,False,-2.788241,0,8.7
2531,22.9473648,True,False,Playing,True,True,True,True,False,False,False,-2.80201864,0,8.7
2532,22.9498978,True,False,Playing,True,True,True,True,False,False,False,-2.81747746,0,8.7
2533,22.95237,True,False,Playing,True,True,True,True,False,False,False,-2.83321977,0,8.7
2534,22.9548473,True,False,Playing,True,True,True,True,False,False,False,-2.84867072,0,8.7
2535,22.9572372,True,False,Playing,True,True,True,True,False,False,False,-2.86359453,0,8.7
2536,22.9597626,True,False,Playing,True,True,True,True,False,False,False,-2.87886953,0,8.7
2537,22.9622955,True,False,Playing,True,True,True,True,False,False,False,-2.89432859,0,8.7
2538,22.9651833,True,False,Playing,True,True,True,True,False,False,False,-2.91110134,0,8.7
2539,22.96882,True,False,Playing,True,True,True,True,False,False,False,-2.93204331,0,8.7
2540,22.9717388,True,False,Playing,True,True,True,True,False,False,False,-2.95092058,0,8.7
2541,22.97454,True,False,Playing,True,True,True,True,False,False,False,-2.9669466,0,8.7
2542,22.9774113,True,False,Playing,True,True,True,True,False,False,False,-2.98320818,0,8.7
2543,22.9799938,True,False,Playing,True,True,True,True,False,False,False,-2.99859524,0,8.7
2544,22.9829483,True,False,Playing,True,True,True,True,False,False,False,-3.01501656,0,8.7
2545,22.9856548,True,False,Playing,True,True,True,True,False,False,False,-3.03030753,0,8.7
2546,22.98828,True,False,Playing,True,True,True,True,False,False,False,-3.04525518,0,8.7
2547,22.9910069,True,False,Playing,True,True,True,True,False,False,False,-3.06012321,0,8.7
2548,22.9937229,True,False,Playing,True,True,True,True,False,False,False,-3.07475543,0,8.7
2549,22.996479,True,False,Playing,True,True,True,True,False,False,False,-3.08866477,0,8.7
2550,22.9999352,True,False,Playing,True,True,True,True,False,False,False,-3.10657978,0,8.7
2551,23.00348,True,False,Playing,True,True,True,True,False,False,False,-3.126735,0,8.7
2552,23.0063972,True,False,Playing,True,True,True,True,False,False,False,-3.14231753,0,8.7
2553,23.00918,True,False,Playing,True,True,True,True,False,False,False,-3.15706158,0,8.7
2554,23.0119057,True,False,Playing,True,True,True,True,False,False,False,-3.17124271,0,8.7
2555,23.0147038,True,False,Playing,True,True,True,True,False,False,False,-3.18486047,0,8.7
2556,23.0176182,True,False,Playing,True,True,True,True,False,False,False,-3.20014358,0,8.7
2557,23.02037,True,False,Playing,True,True,True,True,False,False,False,-3.21372962,0,8.7
2558,23.0231266,True,False,Playing,True,True,True,True,False,False,False,-3.22720766,0,8.7
2559,23.0257282,True,False,Playing,True,True,True,True,False,False,False,-3.24003077,0,8.7
2560,23.02841,True,False,Playing,True,True,True,True,False,False,False,-3.25321746,0,8.7
2561,23.0310287,True,False,Playing,True,True,True,True,False,False,False,-3.265769,0,8.7
2562,23.0339737,True,False,Playing,True,True,True,True,False,False,False,-3.2791512,0,8.7
2563,23.0369358,True,False,Playing,True,True,True,True,False,False,False,-3.29312849,0,8.7
2564,23.039711,True,False,Playing,True,True,True,True,False,False,False,-3.306407,0,8.7
2565,23.042366,True,False,Playing,True,True,True,True,False,False,False,-3.318607,0,8.7
2566,23.045,True,False,Playing,True,True,True,True,False,False,False,-3.33042383,0,8.7
2567,23.0475445,True,False,Playing,True,True,True,True,False,False,False,-3.34161377,0,8.7
2568,23.0503559,True,False,Playing,True,True,True,True,False,False,False,-3.354345,0,8.7
2569,23.0530777,True,False,Playing,True,True,True,True,False,False,False,-3.366074,0,8.7
2570,23.0557,True,False,Playing,True,True,True,True,False,False,False,-3.37750745,0,8.7
2571,23.0582085,True,False,Playing,True,True,True,True,False,False,False,-3.38836575,0,8.7
2572,23.0608082,True,False,Playing,True,True,True,True,False,False,False,-3.39934,0,8.7
2573,23.0634365,True,False,Playing,True,True,True,True,False,False,False,-3.41020632,0,8.7
2574,23.0665073,True,False,Playing,True,True,True,True,False,False,False,-3.422143,0,8.7
2575,23.0695782,True,False,Playing,True,True,True,True,False,False,False,-3.43543339,0,8.7
2576,23.0723515,True,False,Playing,True,True,True,True,False,False,False,-3.446823,0,8.7
2577,23.0752,True,False,Playing,True,True,True,True,False,False,False,-3.457034,0,8.7
2578,23.0778847,True,False,Playing,True,True,True,True,False,False,False,-3.468763,0,8.7
2579,23.0807934,True,False,Playing,True,True,True,True,False,False,False,-3.48007274,0,8.7
2580,23.0835361,True,False,Playing,True,True,True,True,False,False,False,-3.49072742,0,8.7
2581,23.0862579,True,False,Playing,True,True,True,True,False,False,False,-3.50081921,0,8.7
2582,23.0888157,True,False,Playing,True,True,True,True,False,False,False,-3.51059532,0,8.7
2583,23.09144,True,False,Playing,True,True,True,True,False,False,False,-3.52023959,0,8.7
2584,23.0939255,True,False,Playing,True,True,True,True,False,False,False,-3.52940869,0,8.7
2585,23.0965424,True,False,Playing,True,True,True,True,False,False,False,-3.53870153,0,8.7
2586,23.0996647,True,False,Playing,True,True,True,True,False,False,False,-3.54898071,0,8.7
2587,23.1025066,True,False,Playing,True,True,True,True,False,False,False,-3.55974722,0,8.7
2588,23.1051331,True,False,Playing,True,True,True,True,False,False,False,-3.569108,0,8.7
2589,23.1077557,True,False,Playing,True,True,True,True,False,False,False,-3.57791781,0,8.7
2590,23.110466,True,False,Playing,True,True,True,True,False,False,False,-3.586935,0,8.7
2591,23.112936,True,False,Playing,True,True,True,True,False,False,False,-3.59489417,0,8.7
2592,23.1158047,True,False,Playing,True,True,True,True,False,False,False,-3.60403538,0,8.7
2593,23.1186714,True,False,Playing,True,True,True,True,False,False,False,-3.61400318,0,8.7
2594,23.1215,True,False,Playing,True,True,True,True,False,False,False,-3.62261724,0,8.7
2595,23.1240959,True,False,Playing,True,True,True,True,False,False,False,-3.6312592,0,8.7
2596,23.12671,True,False,Playing,True,True,True,True,False,False,False,-3.639406,0,8.7
2597,23.12938,True,False,Playing,True,True,True,True,False,False,False,-3.64734888,0,8.7
2598,23.1321259,True,False,Playing,True,True,True,True,False,False,False,-3.65543175,0,8.7
2599,23.13534,True,False,Playing,True,True,True,True,False,False,False,-3.66483665,0,8.7
2600,23.1380711,True,False,Playing,True,True,True,True,False,False,False,-3.673187,0,8.7
2601,23.1406879,True,False,Playing,True,True,True,True,False,False,False,-3.68072677,0,8.7
2602,23.1435146,True,False,Playing,True,True,True,True,False,False,False,-3.68847823,0,8.7
2603,23.1461143,True,False,Playing,True,True,True,True,False,False,False,-3.69600987,0,8.7
2604,23.14885,True,False,Playing,True,True,True,True,False,False,False,-3.70291471,0,8.7
2605,23.1516266,True,False,Playing,True,True,True,True,False,False,False,-3.71092963,0,8.7
2606,23.1542549,True,False,Playing,True,True,True,True,False,False,False,-3.718054,0,8.7
2607,23.1568336,True,False,Playing,True,True,True,True,False,False,False,-3.72473931,0,8.7
2608,23.1595364,True,False,Playing,True,True,True,True,False,False,False,-3.731772,0,8.7
2609,23.1620789,True,False,Playing,True,True,True,True,False,False,False,-3.73818135,0,8.7
2610,23.1647129,True,False,Playing,True,True,True,True,False,False,False,-3.74458313,0,8.7
2611,23.168,True,False,Playing,True,True,True,True,False,False,False,-3.752027,0,8.7
2612,23.1710052,True,False,Playing,True,True,True,True,False,False,False,-3.75999784,0,8.7
2613,23.1736965,True,False,Playing,True,True,True,True,False,False,False,-3.76628375,0,8.7
2614,23.1764317,True,False,Playing,True,True,True,True,False,False,False,-3.77264929,0,8.7
2615,23.17896,True,False,Playing,True,True,True,True,False,False,False,-3.77848,0,8.7
2616,23.18145,True,False,Playing,True,True,True,True,False,False,False,-3.78414273,0,8.7
2617,23.1846981,True,False,Playing,True,True,True,True,False,False,False,-3.79087186,0,8.7
2618,23.18741,True,False,Playing,True,True,True,True,False,False,False,-3.79710579,0,8.7
2619,23.1901951,True,False,Playing,True,True,True,True,False,False,False,-3.80290818,0,8.7
2620,23.1928749,True,False,Playing,True,True,True,True,False,False,False,-3.808463,0,8.7
2621,23.201582,True,False,Playing,True,True,True,True,False,False,False,-3.82546353,0,8.7
2622,23.2041664,True,False,Playing,True,True,True,True,False,False,False,-3.83076286,0,8.7
2623,23.2064972,True,False,Playing,True,True,True,True,False,False,False,-3.83520365,0,8.7
2624,23.2086334,True,False,Playing,True,True,True,True,False,False,False,-3.839365,0,8.7
2625,23.21088,True,False,Playing,True,True,True,True,False,False,False,-3.84326673,0,8.7
2626,23.213665,True,False,Playing,True,True,True,True,False,False,False,-3.84824252,0,8.7
2627,23.2163086,True,False,Playing,True,True,True,True,False,False,False,-3.85298681,0,8.7
2628,23.219017,True,False,Playing,True,True,True,True,False,False,False,-3.85753155,0,8.7
2629,23.2212353,True,False,Playing,True,True,True,True,False,False,False,-3.86144114,0,8.7
2630,23.2234936,True,False,Playing,True,True,True,True,False,False,False,-3.86515117,0,8.7
2631,23.2261143,True,False,Playing,True,True,True,True,False,False,False,-3.869452,0,8.7
2632,23.2285442,True,False,Playing,True,True,True,True,False,False,False,-3.87323,0,8.7
2633,23.2310219,True,False,Playing,True,True,True,True,False,False,False,-3.87711167,0,8.7
2634,23.2336769,True,False,Playing,True,True,True,True,False,False,False,-3.88115716,0,8.7
2635,23.2364769,True,False,Playing,True,True,True,True,False,False,False,-3.88533425,0,8.7
2636,23.238678,True,False,Playing,True,True,True,True,False,False,False,-3.88874078,0,8.7
2637,23.2409458,True,False,Playing,True,True,True,True,False,False,False,-3.89185977,0,8.7
2638,23.2431068,True,False,Playing,True,True,True,True,False,False,False,-3.89494658,0,8.7
2639,23.245512,True,False,Playing,True,True,True,True,False,False,False,-3.89796972,0,8.7
2640,23.2477837,True,False,Playing,True,True,True,True,False,False,False,-3.90137219,0,8.7
2641,23.2505245,True,False,Playing,True,True,True,True,False,False,False,-3.90491843,0,8.7
2642,23.2527847,True,False,Playing,True,True,True,True,False,False,False,-3.90793753,0,8.7
2643,23.2550163,True,False,Playing,True,True,True,True,False,False,False,-3.91076088,0,8.7
2644,23.2573147,True,False,Playing,True,True,True,True,False,False,False,-3.91352463,0,8.7
2645,23.2601166,True,False,Playing,True,True,True,True,False,False,False,-3.916935,0,8.7
2646,23.2628784,True,False,Playing,True,True,True,True,False,False,False,-3.92018557,0,8.7
2647,23.26559,True,False,Playing,True,True,True,True,False,False,False,-3.92322874,0,8.7
2648,23.268631,True,False,Playing,True,True,True,True,False,False,False,-3.926823,0,8.7
2649,23.2717075,True,False,Playing,True,True,True,True,False,False,False,-3.93003774,0,8.7
2650,23.2773037,True,False,Playing,True,True,True,True,False,False,False,-3.93578434,0,8.7
2651,23.2796917,True,False,Playing,True,True,True,True,False,False,False,-3.93832016,0,8.7
2652,23.2821,True,False,Playing,True,True,True,True,False,False,False,-3.94055271,0,8.7
2653,23.2844124,True,False,Playing,True,True,True,True,False,False,False,-3.94294477,0,8.7
2654,23.2865963,True,False,Playing,True,True,True,True,False,False,False,-3.94499731,0,8.7
2655,23.2887535,True,False,Playing,True,True,True,True,False,False,False,-3.94693017,0,8.7
2656,23.29094,True,False,Playing,True,True,True,True,False,False,False,-3.948863,0,8.7
2657,23.2933311,True,False,Playing,True,True,True,True,False,False,False,-3.95084,0,8.7
2658,23.2959251,True,False,Playing,True,True,True,True,False,False,False,-3.95304823,0,8.7
2659,23.2987156,True,False,Playing,True,True,True,True,False,False,False,-3.95523262,0,8.7
2660,23.3016777,True,False,Playing,True,True,True,True,False,False,False,-3.95763278,0,8.7
2661,23.3044186,True,False,Playing,True,True,True,True,False,False,False,-3.95970941,0,8.7
2662,23.3069859,True,False,Playing,True,True,True,True,False,False,False,-3.96165037,0,8.7
2663,23.3097515,True,False,Playing,True,True,True,True,False,False,False,-3.96358323,0,8.7
2664,23.3124218,True,False,Playing,True,True,True,True,False,False,False,-3.96541619,0,8.7
2665,23.3149738,True,False,Playing,True,True,True,True,False,False,False,-3.96714139,0,8.7
2666,23.3179855,True,False,Playing,True,True,True,True,False,False,False,-3.96898246,0,8.7
2667,23.32062,True,False,Playing,True,True,True,True,False,False,False,-3.97064781,0,8.7
2668,23.323473,True,False,Playing,True,True,True,True,False,False,False,-3.972317,0,8.7
2669,23.3260918,True,False,Playing,True,True,True,True,False,False,False,-3.97387838,0,8.7
2670,23.32865,True,False,Playing,True,True,True,True,False,False,False,-3.97526026,0,8.7
2671,23.3312473,True,False,Playing,True,True,True,True,False,False,False,-3.97666979,0,8.7
2672,23.3341846,True,False,Playing,True,True,True,True,False,False,False,-3.97814751,0,8.7
2673,23.3369789,True,False,Playing,True,True,True,True,False,False,False,-3.97952533,0,8.7
2674,23.3397751,True,False,Playing,True,True,True,True,False,False,False,-3.9807992,0,8.7
2675,23.3425617,True,False,Playing,True,True,True,True,False,False,False,-3.98208117,0,8.7
2676,23.34529,True,False,Playing,True,True,True,True,False,False,False,-3.9832232,0,8.7
2677,23.3480015,True,False,Playing,True,True,True,True,False,False,False,-3.98434949,0,8.7
2678,23.3508739,True,False,Playing,True,True,True,True,False,False,False,-3.98547554,0,8.7
2679,23.3534355,True,False,Playing,True,True,True,True,False,False,False,-3.986386,0,8.7
2680,23.3558769,True,False,Playing,True,True,True,True,False,False,False,-3.9873085,0,8.7
2681,23.3581314,True,False,Playing,True,True,True,True,False,False,False,-3.98804331,0,8.7
2682,23.3603134,True,False,Playing,True,True,True,True,False,False,False,-3.98878217,0,8.7
2683,23.3624783,True,False,Playing,True,True,True,True,False,False,False,-3.98945713,0,8.7
2684,23.36453,True,False,Playing,True,True,True,True,False,False,False,-3.99010015,0,8.7
2685,23.3675461,True,False,Playing,True,True,True,True,False,False,False,-3.99091482,0,8.7
2686,23.3705482,True,False,Playing,True,True,True,True,False,False,False,-3.99173737,0,8.7
2687,23.3733253,True,False,Playing,True,True,True,True,False,False,False,-3.99244833,0,8.7
2688,23.375864,True,False,Playing,True,True,True,True,False,False,False,-3.99307537,0,8.7
2689,23.378397,True,False,Playing,True,True,True,True,False,False,False,-3.99364638,0,8.7
2690,23.3808155,True,False,Playing,True,True,True,True,False,False,False,-3.99417734,0,8.7
2691,23.38364,True,False,Playing,True,True,True,True,False,False,False,-3.99470854,0,8.7
2692,23.3862514,True,False,Playing,True,True,True,True,False,False,False,-3.995216,0,8.7
2693,23.3889332,True,False,Playing,True,True,True,True,False,False,False,-3.995687,0,8.7
2694,23.39152,True,False,Playing,True,True,True,True,False,False,False,-3.99611044,0,8.7
2695,23.3938751,True,False,Playing,True,True,True,True,False,False,False,-3.99647379,0,8.7
2696,23.39615,True,False,Playing,True,True,True,True,False,False,False,-3.99680519,0,8.7
2697,23.3986988,True,False,Playing,True,True,True,True,False,False,False,-3.99712873,0,8.7
2698,23.4014835,True,False,Playing,True,True,True,True,False,False,False,-3.997468,0,8.7
2699,23.4041233,True,False,Playing,True,True,True,True,False,False,False,-3.99779153,0,8.7
2700,23.4067516,True,False,Playing,True,True,True,True,False,False,False,-3.99806714,0,8.7
2701,23.4094334,True,False,Playing,True,True,True,True,False,False,False,-3.99832273,0,8.7
2702,23.41197,True,False,Playing,True,True,True,True,False,False,False,-3.99854231,0,8.7
2703,23.4146614,True,False,Playing,True,True,True,True,False,False,False,-3.998754,0,8.7
2704,23.41732,True,False,Playing,True,True,True,True,False,False,False,-3.99894166,0,8.7
2705,23.4200745,True,False,Playing,True,True,True,True,False,False,False,-3.99911356,0,8.7
2706,23.4227238,True,False,Playing,True,True,True,True,False,False,False,-3.999257,0,8.7
2707,23.42549,True,False,Playing,True,True,True,True,False,False,False,-3.999393,0,8.7
2708,23.4282227,True,False,Playing,True,True,True,True,False,False,False,-3.99951267,0,8.7
2709,23.4309711,True,False,Playing,True,True,True,True,False,False,False,-3.99961257,0,8.7
2710,23.4341469,True,False,Playing,True,True,True,True,False,False,False,-3.99970841,0,8.7
2711,23.4370155,True,False,Playing,True,True,True,True,False,False,False,-3.99978447,0,8.7
2712,23.439743,True,False,Playing,True,True,True,True,False,False,False,-3.99984431,0,8.7
2713,23.44239,True,False,Playing,True,True,True,True,False,False,False,-3.99988818,0,8.7
2714,23.4452286,True,False,Playing,True,True,True,True,False,False,False,-3.99992418,0,8.7
2715,23.44791,True,False,Playing,True,True,True,True,False,False,False,-3.999952,0,8.7
2716,23.4513588,True,False,Playing,True,True,True,True,False,False,False,-3.99997616,0,8.7
2717,23.4541225,True,False,Playing,True,True,True,True,False,False,False,-3.999988,0,8.7
2718,23.456871,True,False,Playing,True,True,True,True,False,False,False,-3.999996,0,8.7
2719,23.4596786,True,False,Playing,True,True,True,True,False,False,False,-4,0,8.7
2720,23.4622288,True,False,Playing,True,True,True,True,False,False,False,-4,0,8.7
2721,23.4646645,True,False,Playing,True,True,True,True,False,False,False,-4,0,8.7
2722,23.4686127,False,False,Playing,True,True,True,True,True,True,True,-4,0,8.7
