[Licensing::Module] Trying to connect to existing licensing client channel...
Built from '6000.3/staging' branch; Version is '6000.3.21f1 (c02631ffc030) revision 12592689'; Using compiler version '194234433'; Build Type 'Release'
[Licensing::IpcConnector] Successfully connected to: "LicenseClient-田尻大翔" at "2026-10-01T11:16:16.7515474Z"
OS: 'Windows 11  (10.0.26200) Professional' Language: 'ja' Physical Memory: 16052 MB
BatchMode: 1, IsHumanControllingUs: 0, StartBugReporterOnCrash: 0, Is64bit: 1
System  architecture: x64
Process architecture: x64
Date: 2026-10-01T11:16:16Z

COMMAND LINE ARGUMENTS:
C:\Program Files\Unity\Hub\Editor\6000.3.21f1\Editor\Unity.exe
-batchmode
-force-d3d11
-projectPath
C:\Users\田尻大翔\Documents\Codex\2026-08-07\new-chat\outputs\HimoHitoPrototype\.codex_tmp\Tutorial2p5DProof_20261001\ProofProject
-executeMethod
ProofEntry.Build
-proofBuild
C:\Users\田尻大翔\Documents\Codex\2026-08-07\new-chat\outputs\HimoHitoPrototype\output\Tutorial2p5DProof_20261001_Proof01\Game
-logFile
C:\Users\田尻大翔\Documents\Codex\2026-08-07\new-chat\outputs\HimoHitoPrototype\.codex_tmp\Tutorial2p5DProof_20261001\UnityBuild.log
Successfully changed project path to: C:\Users\田尻大翔\Documents\Codex\2026-08-07\new-chat\outputs\HimoHitoPrototype\.codex_tmp\Tutorial2p5DProof_20261001\ProofProject
C:/Users/田尻大翔/Documents/Codex/2026-08-07/new-chat/outputs/HimoHitoPrototype/.codex_tmp/Tutorial2p5DProof_20261001/ProofProject
[UnityMemory] Configuration Parameters - Can be set up in boot.config
    "memorysetup-temp-allocator-size-nav-mesh-worker=65536"
    "memorysetup-temp-allocator-size-audio-worker=65536"
    "memorysetup-temp-allocator-size-gfx=262144"
    "memorysetup-allocator-temp-initial-block-size-main=262144"
    "memorysetup-allocator-temp-initial-block-size-worker=262144"
    "memorysetup-temp-allocator-size-background-worker=32768"
    "memorysetup-temp-allocator-size-job-worker=262144"
    "memorysetup-temp-allocator-size-preload-manager=33554432"
    "memorysetup-temp-allocator-size-gi-baking-worker=262144"
    "memorysetup-temp-allocator-size-gi-baking-worker=262144"
    "memorysetup-temp-allocator-size-gi-baking-worker=262144"
    "memorysetup-temp-allocator-size-gi-baking-worker=262144"
    "memorysetup-temp-allocator-size-gi-baking-worker=262144"
    "memorysetup-bucket-allocator-granularity=16"
    "memorysetup-bucket-allocator-bucket-count=8"
    "memorysetup-bucket-allocator-block-size=33554432"
    "memorysetup-bucket-allocator-block-count=8"
    "memorysetup-main-allocator-block-size=16777216"
    "memorysetup-thread-allocator-block-size=16777216"
    "memorysetup-gfx-main-allocator-block-size=16777216"
    "memorysetup-gfx-thread-allocator-block-size=16777216"
    "memorysetup-cache-allocator-block-size=4194304"
    "memorysetup-typetree-allocator-block-size=2097152"
    "memorysetup-profiler-bucket-allocator-granularity=16"
    "memorysetup-profiler-bucket-allocator-bucket-count=8"
    "memorysetup-profiler-bucket-allocator-block-size=33554432"
    "memorysetup-profiler-bucket-allocator-block-count=8"
    "memorysetup-profiler-allocator-block-size=16777216"
    "memorysetup-profiler-editor-allocator-block-size=1048576"
    "memorysetup-temp-allocator-size-main=16777216"
    "memorysetup-job-temp-allocator-block-size=2097152"
    "memorysetup-job-temp-allocator-block-size-background=1048576"
    "memorysetup-job-temp-allocator-reduction-small-platforms=262144"
    "memorysetup-temp-allocator-size-cloud-worker=32768"
Player connection [5520]  Target information:

Player connection [5520]  * "[IP] 192.168.40.81 [Port] 55505 [Flags] 2 [Guid] 1853150499 [EditorId] 1853150499 [Version] 1048832 [Id] WindowsEditor(7,DESKTOP-UM0GV1L) [Debug] 1 [PackageName] WindowsEditor [ProjectName] Editor" 

Player connection [5520] Host joined multi-casting on [225.0.0.222:54997]...
Player connection [5520] Host joined alternative multi-casting on [225.0.0.222:34997]...
Input System module state changed to: Initialized.
[Physics::Module] Initialized fallback backend.
[Physics::Module] Id: 0xdecafbad
[Package Manager] Connected to IPC stream "Upm-30924" after 0.7 seconds.
[Licensing::Module] Licensing is not yet initialized.
[Licensing::Client] Error: HandshakeResponse reported an error:
	ResponseCode: 505
	ResponseStatus: Unsupported protocol version '1.18.1'.
[Licensing::Module] Error: Failed to handshake to channel: "LicenseClient-田尻大翔"
[Licensing::IpcConnector] LicenseClient-田尻大翔 channel disconnected successfully.
[Licensing::IpcConnector] Successfully connected to: "LicenseClient-田尻大翔-6000.3.21" at "2026-10-01T11:16:23.593871Z"
[Licensing::Client] Code 10 while verifying Licensing Client signature (process Id: 13432, path: "C:/Program Files/Unity/Hub/Editor/6000.3.21f1/Editor/Data/Resources/Licensing/Client/Unity.Licensing.Client.exe")
[Licensing::Module] LicensingClient has failed validation; ignoring
[Licensing::Client] Handshaking with LicensingClient:
  Version:                 1.18.1+9fbee8e
  Session Id:              970d601231a945ce86667911814e6324
  Correlation Id:          8285086f732106bd6d26c44468156621
  External correlation Id: 4381812205185464052
  Machine Id:              dNinDYak6EUa2pX7RMEoTuNEbYA=
[Licensing::Module] Successfully connected to LicensingClient on channel: "LicenseClient-田尻大翔-6000.3.21" (connect: 0.00s, validation: 0.00s, handshake: 0.03s)
[Licensing::IpcConnector] Successfully connected to: "LicenseClient-田尻大翔-6000.3.21-notifications" at "2026-10-01T11:16:23.632274Z"
[Licensing::Module] Error: Access token is unavailable; failed to update
[Licensing::Client] Successfully resolved entitlement details
[Licensing::Module] License group:
  Id: 15669713720629-UnityPersXXXX
  Product: Unity Personal
  Type: Assigned
  Expiration: Unlimited
[Licensing::Client] Successfully updated license, isAsync: True, time: 0.01
[Licensing::Client] Successfully resolved entitlement details
[Licensing::Module] Licensing Background thread has ended after 6.91s
[Licensing::Module] Licensing is initialized (took 5.69s).
[Licensing::Client] Successfully resolved entitlement details
Library Redirect Path: Library/
[Physics::Module] Selected backend.
[Physics::Module] Name: PhysX
[Physics::Module] Id: 0xf2b8ea05
[Physics::Module] SDK Version: 4.1.2
[Physics::Module] Integration Version: 1.0.0
[Physics::Module] Threading Mode: Multi-Threaded
Refreshing native plugins compatible for Editor in 0.00 ms, found 0 plugins.
Preloading 0 native plugins for Editor in 0.00 ms.
Initialize engine version: 6000.3.21f1 (c02631ffc030)
[Subsystems] Discovering subsystems at path C:/Program Files/Unity/Hub/Editor/6000.3.21f1/Editor/Data/Resources/UnitySubsystems
[Subsystems] Discovering subsystems at path C:/Users/田尻大翔/Documents/Codex/2026-08-07/new-chat/outputs/HimoHitoPrototype/.codex_tmp/Tutorial2p5DProof_20261001/ProofProject/Assets
Forcing GfxDevice: Direct3D 11
GfxDevice: creating device client; kGfxThreadingModeNonThreaded
Direct3D:
    Version:  Direct3D 11.0 [level 11.1]
    Renderer: Intel(R) Iris(R) Xe Graphics (ID=0xa7a0)
    Vendor:   Intel
    VRAM:     8026 MB
    Driver:   31.0.101.4255
Initialize mono
Mono path[0] = 'C:/Program Files/Unity/Hub/Editor/6000.3.21f1/Editor/Data/Managed'
Mono path[1] = 'C:/Program Files/Unity/Hub/Editor/6000.3.21f1/Editor/Data/MonoBleedingEdge/lib/mono/unityjit-win32'
Mono config path = 'C:/Program Files/Unity/Hub/Editor/6000.3.21f1/Editor/Data/MonoBleedingEdge/etc'
Using monoOptions --debugger-agent=transport=dt_socket,embedding=1,server=y,suspend=n,address=127.0.0.1:56924
Using cacheserver namespaces - metadata:defaultmetadata, artifacts:defaultartifacts
Using cacheserver namespaces - metadata:defaultmetadata, artifacts:defaultartifacts
ImportWorker Server TCP listen port: 0
AcceleratorClientConnectionCallback - disconnected - :0
Begin MonoManager ReloadAssembly
Registering precompiled unity dll's ...
Register platform support module: C:/Program Files/Unity/Hub/Editor/6000.3.21f1/Editor/Data/PlaybackEngines/WindowsStandaloneSupport/UnityEditor.WindowsStandalone.Extensions.dll
Registered in 0.006693 seconds.
- Loaded All Assemblies, in  1.148 seconds
Native extension for WindowsStandalone target not found
Package Manager log level set to [2]
ScheduleIndexationOnStartup MainProcess:False IndexOnStartup:False
Mono: successfully reloaded assembly
- Finished resetting the current domain, in  1.190 seconds
Domain Reload Profiling: 2329ms
	BeginReloadAssembly (396ms)
		ExecutionOrderSort (0ms)
		DisableScriptedObjects (0ms)
		BackupInstance (0ms)
		ReleaseScriptingObjects (0ms)
		CreateAndSetChildDomain (9ms)
	RebuildCommonClasses (110ms)
	RebuildNativeTypeToScriptingClass (31ms)
	initialDomainReloadingComplete (139ms)
	LoadAllAssembliesAndSetupDomain (464ms)
		LoadAssemblies (379ms)
		RebuildTransferFunctionScriptingTraits (0ms)
		AnalyzeDomain (456ms)
			TypeCache.Refresh (446ms)
				TypeCache.ScanAssembly (414ms)
			BuildScriptInfoCaches (0ms)
			ResolveRequiredComponents (1ms)
	FinalizeReload (1191ms)
		ReleaseScriptCaches (0ms)
		RebuildScriptCaches (0ms)
		SetupLoadedEditorAssemblies (1081ms)
			LogAssemblyErrors (0ms)
			InitializePlatformSupportModulesInManaged (143ms)
			SetLoadedEditorAssemblies (10ms)
			BeforeProcessingInitializeOnLoad (241ms)
			ProcessInitializeOnLoadAttributes (377ms)
			ProcessInitializeOnLoadMethodAttributes (310ms)
			AfterProcessingInitializeOnLoad (0ms)
			EditorAssembliesLoaded (0ms)
		ExecutionOrderSort2 (0ms)
		AwakeInstancesAfterBackupRestoration (0ms)
[Licensing::Client] Successfully resolved entitlement details
Application.AssetDatabase Initial Refresh Start
[Package Manager] Restoring resolved packages state from cache
[Licensing::Client] Successfully resolved entitlement details
[Package Manager] Registered 5 packages:
  Built-in packages:
    com.unity.modules.audio@1.0.0 (location: C:\Users\田尻大翔\Documents\Codex\2026-08-07\new-chat\outputs\HimoHitoPrototype\.codex_tmp\Tutorial2p5DProof_20261001\ProofProject\Library\PackageCache\com.unity.modules.audio)
    com.unity.modules.imgui@1.0.0 (location: C:\Users\田尻大翔\Documents\Codex\2026-08-07\new-chat\outputs\HimoHitoPrototype\.codex_tmp\Tutorial2p5DProof_20261001\ProofProject\Library\PackageCache\com.unity.modules.imgui)
    com.unity.modules.jsonserialize@1.0.0 (location: C:\Users\田尻大翔\Documents\Codex\2026-08-07\new-chat\outputs\HimoHitoPrototype\.codex_tmp\Tutorial2p5DProof_20261001\ProofProject\Library\PackageCache\com.unity.modules.jsonserialize)
    com.unity.modules.particlesystem@1.0.0 (location: C:\Users\田尻大翔\Documents\Codex\2026-08-07\new-chat\outputs\HimoHitoPrototype\.codex_tmp\Tutorial2p5DProof_20261001\ProofProject\Library\PackageCache\com.unity.modules.particlesystem)
    com.unity.modules.physics2d@1.0.0 (location: C:\Users\田尻大翔\Documents\Codex\2026-08-07\new-chat\outputs\HimoHitoPrototype\.codex_tmp\Tutorial2p5DProof_20261001\ProofProject\Library\PackageCache\com.unity.modules.physics2d)
[Subsystems] No new subsystems found in resolved package list.
[Package Manager] Done registering packages in 0.02 seconds
Starting: C:\Program Files\Unity\Hub\Editor\6000.3.21f1\Editor\Data\Tools\BuildPipeline\bee_backend.exe --ipc --defer-dag-verification --dagfile="Library/Bee/1900b0aE.dag" --continue-on-failure --profile="Library/Bee/backend1.traceevents" ScriptAssemblies
WorkingDir: C:/Users/田尻大翔/Documents/Codex/2026-08-07/new-chat/outputs/HimoHitoPrototype/.codex_tmp/Tutorial2p5DProof_20261001/ProofProject
DisplayProgressbar: Compiling Scripts
ExitCode: 0 Duration: 0s262ms
*** Tundra build success (0.14 seconds), 0 items updated, 155 evaluated
AssetDatabase: script compilation time: 1.442476s
Begin MonoManager ReloadAssembly
- Loaded All Assemblies, in  1.034 seconds
Refreshing native plugins compatible for Editor in 0.00 ms, found 0 plugins.
Native extension for WindowsStandalone target not found
ScheduleIndexationOnStartup MainProcess:True IndexOnStartup:True
Mono: successfully reloaded assembly
- Finished resetting the current domain, in  1.510 seconds
Domain Reload Profiling: 2534ms
	BeginReloadAssembly (742ms)
		ExecutionOrderSort (0ms)
		DisableScriptedObjects (82ms)
		BackupInstance (0ms)
		ReleaseScriptingObjects (0ms)
		CreateAndSetChildDomain (203ms)
	RebuildCommonClasses (125ms)
	RebuildNativeTypeToScriptingClass (44ms)
	initialDomainReloadingComplete (66ms)
	LoadAllAssembliesAndSetupDomain (45ms)
		LoadAssemblies (358ms)
		RebuildTransferFunctionScriptingTraits (0ms)
		AnalyzeDomain (34ms)
			TypeCache.Refresh (13ms)
				TypeCache.ScanAssembly (3ms)
			BuildScriptInfoCaches (2ms)
			ResolveRequiredComponents (7ms)
	FinalizeReload (1511ms)
		ReleaseScriptCaches (0ms)
		RebuildScriptCaches (0ms)
		SetupLoadedEditorAssemblies (927ms)
			LogAssemblyErrors (0ms)
			InitializePlatformSupportModulesInManaged (88ms)
			SetLoadedEditorAssemblies (7ms)
			BeforeProcessingInitializeOnLoad (331ms)
			ProcessInitializeOnLoadAttributes (335ms)
			ProcessInitializeOnLoadMethodAttributes (148ms)
			AfterProcessingInitializeOnLoad (18ms)
			EditorAssembliesLoaded (0ms)
		ExecutionOrderSort2 (0ms)
		AwakeInstancesAfterBackupRestoration (80ms)
Asset Pipeline Refresh (id=d7cee94b69b156b42af6f4d868537760): Total: 4.381 seconds - Initiated by InitialRefreshV2(ForceSynchronousImport)
	Summary:
		Imports: total=0 (actual=0, local cache=0, cache server=0)
		Asset DB Process Time: managed=0 ms, native=1802 ms
		Asset DB Callback time: managed=46 ms, native=22 ms
		Scripting: domain reloads=1, domain reload time=1035 ms, compile time=1450 ms, other=22 ms
		Project Asset Count: scripts=44, non-scripts=101
		Asset File Changes: new=0, changed=0, moved=0, deleted=0
		Scan Filter Count: 0
	InvokeCustomDependenciesCallbacks: 0.004ms
	InvokePackagesCallback: 29.443ms
	ApplyChangesToAssetFolders: 0.694ms
	Scan: 89.321ms
	OnSourceAssetsModified: 0.005ms
	CategorizeAssetsWithTransientArtifact: 0.891ms
	ProcessAssetsWithTransientArtifactChanges: 6.280ms
	CategorizeAssets: 2.292ms
	ImportOutOfDateAssets: 1514.741ms (63.644ms without children)
		CompileScripts: 1450.047ms
		ReloadNativeAssets: 0.001ms
		UnloadImportedAssets: 0.307ms
		EnsureUptoDateAssetsAreRegisteredWithGuidPM: 0.082ms
		InitializingProgressBar: 0.002ms
		PostProcessAllAssetNotificationsAddChangedAssets: 0.001ms
		OnDemandSchedulerStart: 0.657ms
	PostProcessAllAssets: 46.915ms
	GatherAllCurrentPrimaryArtifactRevisions: 0.006ms
	UnloadStreamsBegin: 4.260ms
	PersistCurrentRevisions: 0.018ms
	UnloadStreamsEnd: 0.003ms
	GenerateScriptTypeHashes: 0.003ms
	Untracked: 2685.849ms

Application.AssetDatabase Initial Refresh End
Launched and connected shader compiler UnityShaderCompiler.exe after 0.04 seconds
Scanning for USB devices : 3.500ms
Initializing Unity extensions:
[MODES] ModeService[none].Initialize
[MODES] ModeService[none].LoadModes
[MODES] Loading mode Default (0) for mode-current-id-ヒモヒト
Unloading 3 Unused Serialized files (Serialized files now loaded: 0)
Unloading 139 unused Assets / (509.8 KB). Loaded Objects now: 767.
Memory consumption went from 88.7 MB to 88.2 MB.
Total: 12.906300 ms (FindLiveObjects: 0.093400 ms CreateObjectMapping: 0.025900 ms MarkObjects: 12.276300 ms  DeleteObjects: 0.507800 ms)

Start importing Assets/Resources/Proof/Tutorial2p5D/Tutorial2p5D_Far.png using Guid(4f4e4caf96b5f8049b587eaa1a23167a) (TextureImporter) -> (artifact id: '2e88ee78935d7d7c172f79d9378176d7') in 0.2572092 seconds
Refreshing native plugins compatible for Editor in 0.00 ms, found 0 plugins.
Preloading 0 native plugins for Editor in 0.00 ms.
Asset Pipeline Refresh (id=dca267b087485f24eb447ec8ba86ee2a): Total: 0.472 seconds - Initiated by StopAssetImportingV2(NoUpdateAssetOptions)
	Summary:
		Imports: total=1 (actual=1, local cache=0, cache server=0)
		Asset DB Process Time: managed=10 ms, native=361 ms
		Asset DB Callback time: managed=98 ms, native=1 ms
		Scripting: domain reloads=0, domain reload time=0 ms, compile time=0 ms, other=0 ms
		Project Asset Count: scripts=44, non-scripts=101
		Asset File Changes: new=0, changed=0, moved=0, deleted=0
		Scan Filter Count: 5
	InvokeCustomDependenciesCallbacks: 0.002ms
	InvokePackagesCallback: 0.003ms
	ApplyChangesToAssetFolders: 0.082ms
	Scan: 89.752ms
	OnSourceAssetsModified: 0.003ms
	CategorizeAssetsWithTransientArtifact: 0.045ms
	ProcessAssetsWithTransientArtifactChanges: 0.017ms
	CategorizeAssets: 0.200ms
	ImportOutOfDateAssets: 262.426ms (-0.654ms without children)
		ImportManagerImport: 261.137ms (3.162ms without children)
			ImportInProcess: 257.902ms
			UpdateCategorizedAssets: 0.073ms
		ReloadNativeAssets: 0.001ms
		UnloadImportedAssets: 0.509ms
		ReloadImportedAssets: 0.841ms
		EnsureUptoDateAssetsAreRegisteredWithGuidPM: 0.043ms
		InitializingProgressBar: 0.012ms
		PostProcessAllAssetNotificationsAddChangedAssets: 0.001ms
		OnDemandSchedulerStart: 0.535ms
	PostProcessAllAssets: 99.435ms
	Hotreload: 0.609ms
	GatherAllCurrentPrimaryArtifactRevisions: 0.024ms
	UnloadStreamsBegin: 0.222ms
	PersistCurrentRevisions: 0.015ms
	UnloadStreamsEnd: 0.002ms
	Untracked: 19.255ms

Start importing Assets/Resources/Proof/Tutorial2p5D/Tutorial2p5D_Mid.png using Guid(39ac56522502d1c4b8776a5049fe3b4c) (TextureImporter) -> (artifact id: '0894c34ca03761e3e7c6b9ff0f29a2ef') in 0.2586138 seconds
Refreshing native plugins compatible for Editor in 0.00 ms, found 0 plugins.
Preloading 0 native plugins for Editor in 0.00 ms.
Asset Pipeline Refresh (id=b7774d48076adec4f913349c48524405): Total: 0.296 seconds - Initiated by StopAssetImportingV2(NoUpdateAssetOptions)
Start importing Assets/Resources/Proof/Tutorial2p5D/Tutorial2p5D_Near.png using Guid(8d1d8c5c1b94b6a47b98de00f191fbd5) (TextureImporter) -> (artifact id: 'f172322247afa5a4d62730e6ab91b323') in 0.1721688 seconds
Refreshing native plugins compatible for Editor in 0.00 ms, found 0 plugins.
Preloading 0 native plugins for Editor in 0.00 ms.
Asset Pipeline Refresh (id=731f00e44c5a4d244bcb3931dab685c9): Total: 0.205 seconds - Initiated by StopAssetImportingV2(NoUpdateAssetOptions)
Start importing ProjectSettings/ProjectSettings.asset using Guid(00000000000000004000000000000000) (LibraryAssetImporter) -> (artifact id: '6b535c7655c9216a35176b22e3b4d581') in 0.010128 seconds
Refreshing native plugins compatible for Editor in 0.00 ms, found 0 plugins.
Preloading 0 native plugins for Editor in 0.00 ms.
Asset Pipeline Refresh (id=2be344fe8c74d09438496c348ffb2adb): Total: 0.042 seconds - Initiated by StopAssetImportingV2(NoUpdateAssetOptions)
Starting: C:\Program Files\Unity\Hub\Editor\6000.3.21f1\Editor\Data\Tools\BuildPipeline\bee_backend.exe --ipc --defer-dag-verification --dagfile="Library/Bee/1900b0aESkipCompile.dag" --continue-on-failure --profile="Library/Bee/backend1.traceevents" ScriptAssembliesAndTypeDB
WorkingDir: C:/Users/田尻大翔/Documents/Codex/2026-08-07/new-chat/outputs/HimoHitoPrototype/.codex_tmp/Tutorial2p5DProof_20261001/ProofProject
ExitCode: 4 Duration: 0s122ms
[             ] Require frontend run.  Library/Bee/1900b0aESkipCompile.dag couldn't be loaded
Starting: C:\Program Files\Unity\Hub\Editor\6000.3.21f1\Editor\Data\netcorerun\netcorerun.exe "C:\Program Files\Unity\Hub\Editor\6000.3.21f1\Editor\Data\Tools\BuildPipeline\ScriptCompilationBuildProgram.exe" "Library/Bee/1900b0aESkipCompile.dag.json" "Library/Bee/1900b0aESkipCompile-inputdata.json" "Library\Bee\buildprogram0.traceevents"
WorkingDir: C:/Users/田尻大翔/Documents/Codex/2026-08-07/new-chat/outputs/HimoHitoPrototype/.codex_tmp/Tutorial2p5DProof_20261001/ProofProject
ExitCode: 0 Duration: 0s631ms
Starting: C:\Program Files\Unity\Hub\Editor\6000.3.21f1\Editor\Data\Tools\BuildPipeline\bee_backend.exe --ipc --defer-dag-verification --dagfile="Library/Bee/1900b0aESkipCompile.dag" --continue-on-failure --dagfilejson="Library\Bee\1900b0aESkipCompile.dag.json" --profile="Library/Bee/backend2.traceevents" ScriptAssembliesAndTypeDB
WorkingDir: C:/Users/田尻大翔/Documents/Codex/2026-08-07/new-chat/outputs/HimoHitoPrototype/.codex_tmp/Tutorial2p5DProof_20261001/ProofProject
ExitCode: 0 Duration: 0s850ms
Finished compiling graph: 4 nodes, 5 flattened edges (5 ToBuild, 0 ToUse), maximum node priority 3
[2/3        0s] BuildPlayerDataGenerator Library/BuildPlayerData/Editor/TypeDb-All.json
*** Tundra build success (0.76 seconds), 1 items updated, 3 evaluated
Asset Pipeline Refresh (id=761bc37624e5686499feecdf5c8dbae6): Total: 0.030 seconds - Initiated by RefreshV2(NoUpdateAssetOptions)
[ScriptCompilation] Requested script compilation because: Recompiling scripts for player build.
BuildPlayer: start building target 19
Starting: C:\Program Files\Unity\Hub\Editor\6000.3.21f1\Editor\Data\Tools\BuildPipeline\bee_backend.exe --ipc --defer-dag-verification --dagfile="Library/Bee/1900b0aP.dag" --continue-on-failure --profile="Library/Bee/backend1.traceevents" ScriptAssembliesAndTypeDB
WorkingDir: C:/Users/田尻大翔/Documents/Codex/2026-08-07/new-chat/outputs/HimoHitoPrototype/.codex_tmp/Tutorial2p5DProof_20261001/ProofProject
ExitCode: 4 Duration: 0s83ms
[             ] Require frontend run.  Library/Bee/1900b0aP.dag couldn't be loaded
Starting: C:\Program Files\Unity\Hub\Editor\6000.3.21f1\Editor\Data\netcorerun\netcorerun.exe "C:\Program Files\Unity\Hub\Editor\6000.3.21f1\Editor\Data\Tools\BuildPipeline\ScriptCompilationBuildProgram.exe" "Library/Bee/1900b0aP.dag.json" "Library/Bee/1900b0aP-inputdata.json" "Library\Bee\buildprogram0.traceevents"
WorkingDir: C:/Users/田尻大翔/Documents/Codex/2026-08-07/new-chat/outputs/HimoHitoPrototype/.codex_tmp/Tutorial2p5DProof_20261001/ProofProject
ExitCode: 0 Duration: 0s803ms
Starting: C:\Program Files\Unity\Hub\Editor\6000.3.21f1\Editor\Data\Tools\BuildPipeline\bee_backend.exe --ipc --defer-dag-verification --dagfile="Library/Bee/1900b0aP.dag" --continue-on-failure --dagfilejson="Library\Bee\1900b0aP.dag.json" --profile="Library/Bee/backend2.traceevents" ScriptAssembliesAndTypeDB
WorkingDir: C:/Users/田尻大翔/Documents/Codex/2026-08-07/new-chat/outputs/HimoHitoPrototype/.codex_tmp/Tutorial2p5DProof_20261001/ProofProject
Total cache size 268344980
Total cache size after purge 268344980, took 00:00:03.2285346
ExitCode: 0 Duration: 5s108ms
Finished compiling graph: 60 nodes, 171 flattened edges (167 ToBuild, 2 ToUse), maximum node priority 14
[ 1/59      0s] MovedFromExtractor Library/Bee/artifacts/mvdfrm/UnityEngine.UnityConnectModule.dll_6047E38371445F5F.mvfrm
[ 2/59      0s] MovedFromExtractor Library/Bee/artifacts/mvdfrm/UnityEngine.UnityConsentModule.dll_31ED7AAF7E4EF5AF.mvfrm
[ 3/59      0s] MovedFromExtractor Library/Bee/artifacts/mvdfrm/UnityEngine.dll_004D1EE00EB6F51C.mvfrm
[ 4/59      0s] MovedFromExtractor Library/Bee/artifacts/mvdfrm/UnityEngine.TextRenderingModule.dll_B89906AC4A47A549.mvfrm
[ 5/59      0s] MovedFromExtractor Library/Bee/artifacts/mvdfrm/UnityEngine.SubstanceModule.dll_7C59D930E64FD25A.mvfrm
[ 6/59      0s] MovedFromExtractor Library/Bee/artifacts/mvdfrm/UnityEngine.UnityAnalyticsCommonModule.dll_C8F7C5B0C8173846.mvfrm
[ 7/59      0s] MovedFromExtractor Library/Bee/artifacts/mvdfrm/UnityEngine.ClusterRendererModule.dll_F3222EB4830FACA7.mvfrm
[ 8/59      0s] MovedFromExtractor Library/Bee/artifacts/mvdfrm/UnityEngine.AudioModule.dll_B52F1536F5038A80.mvfrm
[ 9/59      0s] MovedFromExtractor Library/Bee/artifacts/mvdfrm/UnityEngine.ARModule.dll_F1F22C45481F2A5B.mvfrm
[10/59      0s] MovedFromExtractor Library/Bee/artifacts/mvdfrm/UnityEngine.ClusterInputModule.dll_F284D48A2844317A.mvfrm
[11/59      0s] MovedFromExtractor Library/Bee/artifacts/mvdfrm/UnityEngine.TLSModule.dll_B615E437036099E5.mvfrm
[12/59      0s] MovedFromExtractor Library/Bee/artifacts/mvdfrm/UnityEngine.TextCoreTextEngineModule.dll_BFA03A3061B484A5.mvfrm
[13/59      0s] MovedFromExtractor Library/Bee/artifacts/mvdfrm/UnityEngine.UnityCurlModule.dll_1E3678C8BB890EFB.mvfrm
[14/59      0s] MovedFromExtractor Library/Bee/artifacts/mvdfrm/UnityEngine.VFXModule.dll_36F47CA5D9CE0352.mvfrm
[15/59      0s] MovedFromExtractor Library/Bee/artifacts/mvdfrm/UnityEngine.TextCoreFontEngineModule.dll_77B803BED230CB87.mvfrm
[16/59      0s] MovedFromExtractor Library/Bee/artifacts/mvdfrm/UnityEngine.VirtualTexturingModule.dll_66917E958C84DD87.mvfrm
[17/59      0s] MovedFromExtractor Library/Bee/artifacts/mvdfrm/UnityEngine.PhysicsBackendPhysXModule.dll_A446C70862FBB0F3.mvfrm
[18/59      0s] MovedFromExtractor Library/Bee/artifacts/mvdfrm/UnityEngine.ParticleSystemModule.dll_E72BA7ED81D36EEF.mvfrm
[19/59      0s] MovedFromExtractor Library/Bee/artifacts/mvdfrm/UnityEngine.SpriteMaskModule.dll_DC4BADC45134E0BB.mvfrm
[20/59      0s] MovedFromExtractor Library/Bee/artifacts/mvdfrm/UnityEngine.RenderAs2DModule.dll_61923CF8820AF9B4.mvfrm
[21/59      0s] MovedFromExtractor Library/Bee/artifacts/mvdfrm/UnityEngine.RuntimeInitializeOnLoadManagerInitializerModule.dll_541BB43BB2B94B6C.mvfrm
[22/59      0s] MovedFromExtractor Library/Bee/artifacts/mvdfrm/UnityEngine.ShaderVariantAnalyticsModule.dll_C61C25804799C5D0.mvfrm
[23/59      0s] MovedFromExtractor Library/Bee/artifacts/mvdfrm/UnityEngine.SharedInternalsModule.dll_E3256B3A7C625FEB.mvfrm
[24/59      0s] MovedFromExtractor Library/Bee/artifacts/mvdfrm/UnityEngine.SpriteShapeModule.dll_B3D09F4251BFBA06.mvfrm
[25/59      0s] MovedFromExtractor Library/Bee/artifacts/mvdfrm/UnityEngine.ShaderRuntimeModule.dll_A532070ECF6C02DD.mvfrm
[26/59      0s] MovedFromExtractor Library/Bee/artifacts/mvdfrm/UnityEngine.PropertiesModule.dll_205A7A72A2B0AF7D.mvfrm
[27/59      0s] MovedFromExtractor Library/Bee/artifacts/mvdfrm/UnityEngine.StreamingModule.dll_9FAEC4E79AFCD44C.mvfrm
[28/59      0s] MovedFromExtractor Library/Bee/artifacts/mvdfrm/UnityEngine.PerformanceReportingModule.dll_2DB9086CAE2E99E8.mvfrm
[29/59      0s] MovedFromExtractor Library/Bee/artifacts/mvdfrm/UnityEngine.Physics2DModule.dll_37BFC787EC7214A3.mvfrm
[30/59      0s] MovedFromExtractor Library/Bee/artifacts/mvdfrm/UnityEngine.MarshallingModule.dll_42D8107C8045AF4E.mvfrm
[31/59      0s] MovedFromExtractor Library/Bee/artifacts/mvdfrm/UnityEngine.MultiplayerModule.dll_1A178E7454E50F74.mvfrm
[32/59      0s] MovedFromExtractor Library/Bee/artifacts/mvdfrm/UnityEngine.LocalizationModule.dll_30D19EDCBFC02473.mvfrm
[33/59      0s] MovedFromExtractor Library/Bee/artifacts/mvdfrm/UnityEngine.InputForUIModule.dll_F5D1954D8FE5E7FD.mvfrm
[34/59      0s] MovedFromExtractor Library/Bee/artifacts/mvdfrm/UnityEngine.InputModule.dll_1BA4DCE76B3BAF24.mvfrm
[35/59      0s] WriteText Library/Bee/artifacts/1900b0aP.dag/Assembly-CSharp.rsp2
[36/59      0s] WriteText Library/Bee/artifacts/1900b0aP.dag/Assembly-CSharp.UnityAdditionalFile.txt
[37/59      0s] WriteText Library/Bee/artifacts/1900b0aP.dag/Assembly-CSharp.dll.mvfrm.rsp
[38/59      0s] WriteText Library/Bee/artifacts/1900b0aP.dag/Assembly-CSharp.rsp
[39/59      0s] MovedFromExtractor Library/Bee/artifacts/mvdfrm/UnityEngine.HotReloadModule.dll_6C62959D26A83890.mvfrm
[40/59      0s] MovedFromExtractor Library/Bee/artifacts/mvdfrm/UnityEngine.JSONSerializeModule.dll_7571E71C7EA3F8F2.mvfrm
[41/59      0s] MovedFromExtractor Library/Bee/artifacts/mvdfrm/UnityEngine.GraphicsStateCollectionSerializerModule.dll_8B186C38BD581C90.mvfrm
[42/59      0s] MovedFromExtractor Library/Bee/artifacts/mvdfrm/UnityEngine.GameCenterModule.dll_F31F3B342FC54B41.mvfrm
[43/59      0s] MovedFromExtractor Library/Bee/artifacts/mvdfrm/UnityEngine.IdentifiersModule.dll_72F8F9DD5E965014.mvfrm
[44/59      0s] MovedFromExtractor Library/Bee/artifacts/mvdfrm/UnityEngine.InputLegacyModule.dll_2BB48D06340F37ED.mvfrm
[45/59      0s] MovedFromExtractor Library/Bee/artifacts/mvdfrm/UnityEngine.InsightsModule.dll_7E08D5675EB97C05.mvfrm
[46/59      0s] MovedFromExtractor Library/Bee/artifacts/mvdfrm/UnityEngine.IMGUIModule.dll_ED8EB49DBB351E61.mvfrm
[47/59      0s] MovedFromExtractor Library/Bee/artifacts/mvdfrm/UnityEngine.GIModule.dll_D0BBB04F86B0B3AC.mvfrm
[48/59      0s] MovedFromExtractor Library/Bee/artifacts/mvdfrm/UnityEngine.DSPGraphModule.dll_E9936E40469CFDA7.mvfrm
[49/59      0s] MovedFromExtractor Library/Bee/artifacts/mvdfrm/UnityEngine.CrashReportingModule.dll_94195EA113C1E361.mvfrm
[50/59      0s] MovedFromExtractor Library/Bee/artifacts/mvdfrm/UnityEngine.GridModule.dll_2E9BA8442A073220.mvfrm
[51/59      0s] MovedFromExtractor Library/Bee/artifacts/mvdfrm/UnityEngine.CoreModule.dll_512A8C5611B29C29.mvfrm
[52/59      0s] MovedFromExtractor Library/Bee/artifacts/mvdfrm/UnityEngine.ContentLoadModule.dll_3385CB286AA029E9.mvfrm
[53/59      0s] MovedFromExtractor-Combine Library/Bee/artifacts/1900b0aP.dag/Assembly-CSharp.dll.mvfrm
[54/59      1s] Csc Library/Bee/artifacts/1900b0aP.dag/Assembly-CSharp.dll (+2 others)
[55/59      0s] CopyFiles Library/Bee/PlayerScriptAssemblies/Assembly-CSharp.pdb
[56/59      0s] CopyFiles Library/Bee/PlayerScriptAssemblies/Assembly-CSharp.dll
[58/59      0s] BuildPlayerDataGenerator Library/BuildPlayerData/Player/RuntimeInitializeOnLoads.json (+1 other)
*** Tundra build success (5.02 seconds), 57 items updated, 59 evaluated
Opening scene 'Assets/Scenes/Tutorial.unity'
Unloading 2 Unused Serialized files (Serialized files now loaded: 0)
Total cache size 268344980
Total cache size after purge 268344980, took 00:00:01.2704655
Loaded scene 'Assets/Scenes/Tutorial.unity'
	Deserialize:            28.606 ms
	Integration:            5478.569 ms
	Integration of assets:  0.004 ms
	Thread Wait Time:       42.500 ms
	Total Operation Time:   5549.679 ms
Unloading 41 unused Assets / (0.8 MB). Loaded Objects now: 1356.
Memory consumption went from 214.7 MB to 213.9 MB.
Total: 15.268000 ms (FindLiveObjects: 0.203300 ms CreateObjectMapping: 0.026000 ms MarkObjects: 13.416800 ms  DeleteObjects: 1.619100 ms)

Created GICache directory at C:/Users/田尻大翔/AppData/LocalLow/Unity/Caches/GiCache. Took: 0.078s, timestamps: [31.250 - 31.327]
Opening scene 'Assets/Scenes/MainStage.unity'
Unloading 90 Unused Serialized files (Serialized files now loaded: 0)
Loaded scene 'Assets/Scenes/MainStage.unity'
	Deserialize:            39.549 ms
	Integration:            3506.293 ms
	Integration of assets:  0.043 ms
	Thread Wait Time:       0.222 ms
	Total Operation Time:   3546.107 ms
Unloading 119 unused Assets / (7.5 MB). Loaded Objects now: 2410.
Memory consumption went from 479.4 MB to 472.0 MB.
Total: 24.631900 ms (FindLiveObjects: 0.380400 ms CreateObjectMapping: 0.047200 ms MarkObjects: 15.220200 ms  DeleteObjects: 8.981400 ms)

Start importing ProjectSettings/ProjectSettings.asset using Guid(00000000000000004000000000000000) (LibraryAssetImporter) -> (artifact id: '6b535c7655c9216a35176b22e3b4d581') in 0.0052156 seconds
Start importing ProjectSettings/QualitySettings.asset using Guid(00000000000000009000000000000000) (LibraryAssetImporter) -> (artifact id: '0108565e686be3fe2e35cd30ef61dd30') in 0.0059995 seconds
Refreshing native plugins compatible for Editor in 0.00 ms, found 0 plugins.
Preloading 0 native plugins for Editor in 0.00 ms.
Asset Pipeline Refresh (id=e2fa5a1b279c96b43a6591311a6cbea5): Total: 0.043 seconds - Initiated by StopAssetImportingV2(NoUpdateAssetOptions)
Start importing Assets/Scenes/MainStage.unity using Guid(f47cde71ad654939b3802f6bdeacb9c1) (DefaultImporter) -> (artifact id: '8ecaffa579898e87b1d5d3820ca82eed') in 0.0024943 seconds
Refreshing native plugins compatible for Editor in 0.00 ms, found 0 plugins.
Preloading 0 native plugins for Editor in 0.00 ms.
Asset Pipeline Refresh (id=bf66b292a135a1b448942f5ef487cd2b): Total: 0.043 seconds - Initiated by StopAssetImportingV2(NoUpdateAssetOptions)


Mono dependencies included in the build
Dependency assembly - SMDiagnostics.dll
Dependency assembly - System.IO.FileSystem.Primitives.dll
Dependency assembly - netstandard.dll
Dependency assembly - Microsoft.Build.Framework.dll
Dependency assembly - System.IO.IsolatedStorage.dll
Dependency assembly - System.DirectoryServices.Protocols.dll
Dependency assembly - System.IO.FileSystem.AccessControl.dll
Dependency assembly - System.Deployment.dll
Dependency assembly - System.ServiceModel.Primitives.dll
Dependency assembly - Mono.XBuild.Tasks.dll
Dependency assembly - System.Web.RegularExpressions.dll
Dependency assembly - System.Runtime.InteropServices.dll
Dependency assembly - System.Data.Common.dll
Dependency assembly - System.Web.Routing.dll
Dependency assembly - System.Xaml.dll
Dependency assembly - System.Runtime.Caching.dll
Dependency assembly - System.Workflow.Runtime.dll
Dependency assembly - System.Security.Principal.Windows.dll
Dependency assembly - System.Collections.Concurrent.dll
Dependency assembly - System.Net.WebHeaderCollection.dll
Dependency assembly - System.Runtime.Serialization.dll
Dependency assembly - System.Net.NameResolution.dll
Dependency assembly - System.ObjectModel.dll
Dependency assembly - System.ServiceModel.NetTcp.dll
Dependency assembly - System.Design.dll
Dependency assembly - System.Reflection.Extensions.dll
Dependency assembly - System.Runtime.DurableInstancing.dll
Dependency assembly - System.Dynamic.Runtime.dll
Dependency assembly - System.ComponentModel.Composition.dll
Dependency assembly - System.Resources.Writer.dll
Dependency assembly - System.Reflection.DispatchProxy.dll
Dependency assembly - RabbitMQ.Client.dll
Dependency assembly - System.Threading.Tasks.Dataflow.dll
Dependency assembly - System.Buffers.dll
Dependency assembly - System.Runtime.InteropServices.RuntimeInformation.dll
Dependency assembly - System.Diagnostics.FileVersionInfo.dll
Dependency assembly - Commons.Xml.Relaxng.dll
Dependency assembly - SystemWebTestShim.dll
Dependency assembly - System.Net.AuthenticationManager.dll
Dependency assembly - monodoc.dll
Dependency assembly - System.Data.Services.Client.dll
Dependency assembly - System.ServiceModel.Duplex.dll
Dependency assembly - System.IO.Compression.ZipFile.dll
Dependency assembly - System.Net.Http.Rtc.dll
Dependency assembly - Assembly-CSharp.dll
Dependency assembly - System.Runtime.dll
Dependency assembly - Mono.Http.dll
Dependency assembly - System.Security.Cryptography.Pkcs.dll
Dependency assembly - Mono.Management.dll
Dependency assembly - System.Security.Cryptography.Hashing.Algorithms.dll
Dependency assembly - System.Runtime.Serialization.Json.dll
Dependency assembly - Mono.Profiler.Log.dll
Dependency assembly - System.IO.MemoryMappedFiles.dll
Dependency assembly - System.Net.HttpListener.dll
Dependency assembly - System.ServiceModel.Discovery.dll
Dependency assembly - System.Security.Cryptography.Primitives.dll
Dependency assembly - System.Security.Cryptography.X509Certificates.dll
Dependency assembly - System.ValueTuple.dll
Dependency assembly - System.Reflection.Emit.ILGeneration.dll
Dependency assembly - System.Drawing.dll
Dependency assembly - System.Diagnostics.Contracts.dll
Dependency assembly - System.EnterpriseServices.dll
Dependency assembly - System.Security.Cryptography.Algorithms.dll
Dependency assembly - Mono.C5.dll
Dependency assembly - System.Json.Microsoft.dll
Dependency assembly - System.Reactive.Linq.dll
Dependency assembly - System.Threading.Tasks.Extensions.dll
Dependency assembly - Accessibility.dll
Dependency assembly - System.Diagnostics.Tracing.dll
Dependency assembly - Microsoft.Build.Engine.dll
Dependency assembly - System.Runtime.Loader.dll
Dependency assembly - System.Windows.dll
Dependency assembly - System.dll
Dependency assembly - System.Web.Extensions.dll
Dependency assembly - System.Linq.dll
Dependency assembly - System.Net.Requests.dll
Dependency assembly - System.Drawing.Design.dll
Dependency assembly - System.Security.Cryptography.Cng.dll
Dependency assembly - System.Linq.Expressions.dll
Dependency assembly - Mono.Posix.dll
Dependency assembly - WindowsBase.dll
Dependency assembly - System.Xml.Serialization.dll
Dependency assembly - System.ServiceModel.Routing.dll
Dependency assembly - System.Runtime.Serialization.Primitives.dll
Dependency assembly - System.Net.Ping.dll
Dependency assembly - Mono.CompilerServices.SymbolWriter.dll
Dependency assembly - System.Net.Security.dll
Dependency assembly - System.Numerics.Vectors.dll
Dependency assembly - System.ComponentModel.Primitives.dll
Dependency assembly - System.Security.Cryptography.RSA.dll
Dependency assembly - System.Reactive.Interfaces.dll
Dependency assembly - Microsoft.Win32.Primitives.dll
Dependency assembly - Microsoft.Build.Utilities.v4.0.dll
Dependency assembly - System.Net.NetworkInformation.dll
Dependency assembly - System.Net.ServicePoint.dll
Dependency assembly - System.ComponentModel.TypeConverter.dll
Dependency assembly - System.Runtime.Serialization.Xml.dll
Dependency assembly - cscompmgd.dll
Dependency assembly - System.Management.dll
Dependency assembly - System.Reactive.Providers.dll
Dependency assembly - System.Threading.Tasks.Parallel.dll
Dependency assembly - System.Web.Mobile.dll
Dependency assembly - System.Windows.Forms.DataVisualization.dll
Dependency assembly - System.IdentityModel.dll
Dependency assembly - System.IO.Pipes.dll
Dependency assembly - Mono.Security.Win32.dll
Dependency assembly - System.Reactive.Core.dll
Dependency assembly - Microsoft.Build.dll
Dependency assembly - System.Console.dll
Dependency assembly - System.Security.Cryptography.Encryption.ECDsa.dll
Dependency assembly - System.Reflection.Emit.dll
Dependency assembly - System.Reactive.Windows.Threading.dll
Dependency assembly - System.Web.WebPages.Razor.dll
Dependency assembly - System.Runtime.CompilerServices.VisualC.dll
Dependency assembly - System.ComponentModel.EventBasedAsync.dll
Dependency assembly - System.ComponentModel.dll
Dependency assembly - System.Diagnostics.Tools.dll
Dependency assembly - System.Security.SecureString.dll
Dependency assembly - I18N.CJK.dll
Dependency assembly - System.Data.Entity.dll
Dependency assembly - System.Data.dll
Dependency assembly - System.Data.SqlClient.dll
Dependency assembly - System.Security.Cryptography.Encoding.dll
Dependency assembly - System.ServiceModel.dll
Dependency assembly - System.Text.Encoding.CodePages.dll
Dependency assembly - System.Net.Mail.dll
Dependency assembly - System.Runtime.Handles.dll
Dependency assembly - System.Reactive.Experimental.dll
Dependency assembly - System.Resources.Reader.dll
Dependency assembly - System.Text.RegularExpressions.dll
Dependency assembly - System.AppContext.dll
Dependency assembly - System.IO.FileSystem.DriveInfo.dll
Dependency assembly - ICSharpCode.SharpZipLib.dll
Dependency assembly - System.Diagnostics.TraceSource.dll
Dependency assembly - System.Threading.Thread.dll
Dependency assembly - System.Threading.Timer.dll
Dependency assembly - System.Security.Principal.dll
Dependency assembly - System.ServiceModel.Internals.dll
Dependency assembly - System.Security.Cryptography.RandomNumberGenerator.dll
Dependency assembly - Mono.Messaging.RabbitMQ.dll
Dependency assembly - Mono.Simd.dll
Dependency assembly - System.Reactive.Debugger.dll
Dependency assembly - System.Threading.Overlapped.dll
Dependency assembly - System.Web.ApplicationServices.dll
Dependency assembly - System.Web.Services.dll
Dependency assembly - System.Web.Mvc.dll
Dependency assembly - System.Net.Primitives.dll
Dependency assembly - System.Web.Http.SelfHost.dll
Dependency assembly - System.Runtime.InteropServices.WindowsRuntime.dll
Dependency assembly - System.Web.Razor.dll
Dependency assembly - System.Web.WebPages.dll
Dependency assembly - System.Workflow.ComponentModel.dll
Dependency assembly - System.Linq.Queryable.dll
Dependency assembly - System.Transactions.dll
Dependency assembly - System.Web.Http.dll
Dependency assembly - System.ServiceModel.Web.dll
Dependency assembly - System.Core.dll
Dependency assembly - System.Xml.Xsl.Primitives.dll
Dependency assembly - System.Reactive.Observable.Aliases.dll
Dependency assembly - mscorlib.dll
Dependency assembly - Microsoft.Web.Infrastructure.dll
Dependency assembly - System.Messaging.dll
Dependency assembly - System.Xml.XmlSerializer.dll
Dependency assembly - System.Web.Http.WebHost.dll
Dependency assembly - Microsoft.Win32.Registry.AccessControl.dll
Dependency assembly - System.Xml.ReaderWriter.dll
Dependency assembly - System.Diagnostics.StackTrace.dll
Dependency assembly - PEAPI.dll
Dependency assembly - System.Net.WebSockets.Client.dll
Dependency assembly - System.Threading.Tasks.dll
Dependency assembly - System.Data.Services.dll
Dependency assembly - System.Workflow.Activities.dll
Dependency assembly - System.Reflection.Primitives.dll
Dependency assembly - System.Security.Cryptography.Hashing.dll
Dependency assembly - System.Linq.Parallel.dll
Dependency assembly - Mono.CSharp.dll
Dependency assembly - System.Threading.AccessControl.dll
Dependency assembly - System.Net.Cache.dll
Dependency assembly - System.Data.OracleClient.dll
Dependency assembly - I18N.Rare.dll
Dependency assembly - System.Security.AccessControl.dll
Dependency assembly - System.Collections.Specialized.dll
Dependency assembly - System.Diagnostics.Debug.dll
Dependency assembly - System.Web.Extensions.Design.dll
Dependency assembly - System.Diagnostics.Process.dll
Dependency assembly - IBM.Data.DB2.dll
Dependency assembly - System.Reflection.TypeExtensions.dll
Dependency assembly - Microsoft.Build.Tasks.v4.0.dll
Dependency assembly - System.Security.Claims.dll
Dependency assembly - System.Web.dll
Dependency assembly - System.Security.Cryptography.Csp.dll
Dependency assembly - Novell.Directory.Ldap.dll
Dependency assembly - System.Runtime.Remoting.dll
Dependency assembly - Mono.Options.dll
Dependency assembly - I18N.dll
Dependency assembly - System.IO.Compression.dll
Dependency assembly - System.Reactive.Runtime.Remoting.dll
Dependency assembly - System.Web.DynamicData.dll
Dependency assembly - System.Text.Encoding.dll
Dependency assembly - System.Security.Cryptography.OpenSsl.dll
Dependency assembly - Mono.Cairo.dll
Dependency assembly - System.Runtime.Serialization.Formatters.Soap.dll
Dependency assembly - System.Collections.NonGeneric.dll
Dependency assembly - System.ComponentModel.DataAnnotations.dll
Dependency assembly - System.IO.dll
Dependency assembly - System.Security.Cryptography.Encryption.ECDiffieHellman.dll
Dependency assembly - Mono.Data.Tds.dll
Dependency assembly - System.Resources.ReaderWriter.dll
Dependency assembly - Mono.Tasklets.dll
Dependency assembly - System.Reflection.Context.dll
Dependency assembly - System.IO.UnmanagedMemoryStream.dll
Dependency assembly - I18N.Other.dll
Dependency assembly - System.Diagnostics.TraceEvent.dll
Dependency assembly - System.Globalization.Extensions.dll
Dependency assembly - System.Memory.dll
Dependency assembly - System.ServiceProcess.ServiceController.dll
Dependency assembly - System.Reflection.Emit.Lightweight.dll
Dependency assembly - System.Threading.dll
Dependency assembly - System.Windows.Forms.dll
Dependency assembly - System.ServiceModel.Http.dll
Dependency assembly - Mono.Messaging.dll
Dependency assembly - System.Reactive.Windows.Forms.dll
Dependency assembly - System.Globalization.Calendars.dll
Dependency assembly - Microsoft.Win32.Registry.dll
Dependency assembly - System.IO.FileSystem.Watcher.dll
Dependency assembly - System.Security.Cryptography.Encryption.Aes.dll
Dependency assembly - System.Net.WebSockets.dll
Dependency assembly - System.Net.Http.WebRequest.dll
Dependency assembly - System.Diagnostics.TextWriterTraceListener.dll
Dependency assembly - I18N.MidEast.dll
Dependency assembly - Mono.WebBrowser.dll
Dependency assembly - System.DirectoryServices.dll
Dependency assembly - System.IO.FileSystem.dll
Dependency assembly - System.Xml.XPath.XmlDocument.dll
Dependency assembly - System.Reactive.PlatformServices.dll
Dependency assembly - System.Collections.dll
Dependency assembly - System.ServiceModel.Activation.dll
Dependency assembly - CustomMarshalers.dll
Dependency assembly - System.Security.Cryptography.Encryption.dll
Dependency assembly - System.Data.DataSetExtensions.dll
Dependency assembly - System.Web.Abstractions.dll
Dependency assembly - System.Globalization.dll
Dependency assembly - System.Net.Sockets.dll
Dependency assembly - System.Resources.ResourceManager.dll
Dependency assembly - System.Runtime.Serialization.Formatters.dll
Dependency assembly - Microsoft.CSharp.dll
Dependency assembly - System.Xml.XmlDocument.dll
Dependency assembly - System.IO.Compression.FileSystem.dll
Dependency assembly - System.Data.Linq.dll
Dependency assembly - System.Security.Cryptography.ProtectedData.dll
Dependency assembly - System.Configuration.Install.dll
Dependency assembly - System.Runtime.Extensions.dll
Dependency assembly - System.Text.Encoding.Extensions.dll
Dependency assembly - System.Json.dll
Dependency assembly - System.Net.Http.dll
Dependency assembly - Microsoft.VisualC.dll
Dependency assembly - Mono.Security.dll
Dependency assembly - System.Web.WebPages.Deployment.dll
Dependency assembly - System.Numerics.dll
Dependency assembly - System.Drawing.Primitives.dll
Dependency assembly - System.ServiceProcess.dll
Dependency assembly - System.Runtime.Numerics.dll
Dependency assembly - System.Xml.XPath.XDocument.dll
Dependency assembly - System.Configuration.dll
Dependency assembly - Mono.Data.Sqlite.dll
Dependency assembly - System.Security.Cryptography.DeriveBytes.dll
Dependency assembly - System.Xml.XPath.dll
Dependency assembly - System.Security.dll
Dependency assembly - System.Xml.Linq.dll
Dependency assembly - System.ServiceModel.Security.dll
Dependency assembly - System.Xml.dll
Dependency assembly - Mono.Parallel.dll
Dependency assembly - System.Dynamic.dll
Dependency assembly - System.Xml.XDocument.dll
Dependency assembly - System.Net.Http.Formatting.dll
Dependency assembly - WebMatrix.Data.dll
Dependency assembly - Mono.Btls.Interface.dll
Dependency assembly - System.Net.Utilities.dll
Dependency assembly - System.ComponentModel.Annotations.dll
Dependency assembly - System.Reflection.dll
Dependency assembly - I18N.West.dll
Dependency assembly - System.IdentityModel.Selectors.dll
Dependency assembly - System.Threading.ThreadPool.dll
Dependency assembly - System.Net.dll

Unloading 0 Unused Serialized files (Serialized files now loaded: 0)
Unloading 15 unused Assets / (9.0 KB). Loaded Objects now: 818.
Memory consumption went from 210.3 MB to 210.3 MB.
Total: 10.648200 ms (FindLiveObjects: 0.081500 ms CreateObjectMapping: 0.016500 ms MarkObjects: 10.159300 ms  DeleteObjects: 0.389000 ms)

Unloading 0 Unused Serialized files (Serialized files now loaded: 0)
Unloading 0 unused Assets / (0 B). Loaded Objects now: 818.
Memory consumption went from 210.3 MB to 210.3 MB.
Total: 9.779800 ms (FindLiveObjects: 0.087200 ms CreateObjectMapping: 0.135700 ms MarkObjects: 9.546500 ms  DeleteObjects: 0.008300 ms)

Unloading 1 Unused Serialized files (Serialized files now loaded: 0)
Unloading 185 unused Assets / (150.8 MB). Loaded Objects now: 818.
Memory consumption went from 362.6 MB to 211.7 MB.
Total: 77.632200 ms (FindLiveObjects: 0.126100 ms CreateObjectMapping: 0.029800 ms MarkObjects: 14.848900 ms  DeleteObjects: 62.623900 ms)

Compiling shader "Sprites/Default"
  Pass "" (vp)
    Target graphics API: d3d11
    Full variant space:         8
    After settings filtering:   8
    After built-in stripping:   4
    After scriptable stripping: 4
    Processed in 0.01 seconds
  Pass "" (fp)
    Target graphics API: d3d11
    Full variant space:         8
    After settings filtering:   8
    After built-in stripping:   4
    After scriptable stripping: 4
    Processed in 0.00 seconds
Launched and connected shader compiler UnityShaderCompiler.exe after 0.04 seconds
Launched and connected shader compiler UnityShaderCompiler.exe after 0.03 seconds
Launched and connected shader compiler UnityShaderCompiler.exe after 0.03 seconds
  Pass  (vp, d3d11) finished in 0.26 seconds. Local cache hits 1 (0.00s CPU time), remote cache hits 0 (0.00s CPU time), compiled 3 variants (0.57s CPU time), skipped 0 variants.
    Prepared data for serialisation in 0.00s
Launched and connected shader compiler UnityShaderCompiler.exe after 0.03 seconds
Launched and connected shader compiler UnityShaderCompiler.exe after 0.03 seconds
Launched and connected shader compiler UnityShaderCompiler.exe after 0.04 seconds
  Pass  (fp, d3d11) finished in 0.46 seconds. Local cache hits 1 (0.00s CPU time), remote cache hits 0 (0.00s CPU time), compiled 3 variants (1.16s CPU time), skipped 0 variants.
    Prepared data for serialisation in 0.00s
Serialized binary data for shader Sprites/Default in 0.00s
    d3d11 (total internal programs: 8, unique: 8)
Compiling shader "HimoHito/Respawn Weave"
  Pass "" (vp)
    Target graphics API: d3d11
    Full variant space:         4
    After settings filtering:   4
    After built-in stripping:   4
    After scriptable stripping: 4
    Processed in 0.00 seconds
  Pass "" (fp)
    Target graphics API: d3d11
    Full variant space:         4
    After settings filtering:   4
    After built-in stripping:   4
    After scriptable stripping: 4
    Processed in 0.00 seconds
  Pass  (vp, d3d11) finished in 0.05 seconds. Local cache hits 1 (0.00s CPU time), remote cache hits 0 (0.00s CPU time), compiled 3 variants (0.13s CPU time), skipped 0 variants.
    Prepared data for serialisation in 0.00s
  Pass  (fp, d3d11) finished in 0.06 seconds. Local cache hits 1 (0.00s CPU time), remote cache hits 0 (0.00s CPU time), compiled 3 variants (0.13s CPU time), skipped 0 variants.
    Prepared data for serialisation in 0.00s
Serialized binary data for shader HimoHito/Respawn Weave in 0.00s
    d3d11 (total internal programs: 8, unique: 8)
Compiling shader "HimoHito/Hanging Decor Sway"
  Pass "" (vp)
    Target graphics API: d3d11
    Full variant space:         8
    After settings filtering:   8
    After built-in stripping:   4
    After scriptable stripping: 4
    Processed in 0.00 seconds
  Pass "" (fp)
    Target graphics API: d3d11
    Full variant space:         8
    After settings filtering:   8
    After built-in stripping:   4
    After scriptable stripping: 4
    Processed in 0.00 seconds
  Pass  (vp, d3d11) finished in 0.05 seconds. Local cache hits 1 (0.00s CPU time), remote cache hits 0 (0.00s CPU time), compiled 3 variants (0.12s CPU time), skipped 0 variants.
    Prepared data for serialisation in 0.00s
Launched and connected shader compiler UnityShaderCompiler.exe after 0.06 seconds
  Pass  (fp, d3d11) finished in 0.19 seconds. Local cache hits 1 (0.00s CPU time), remote cache hits 0 (0.00s CPU time), compiled 3 variants (0.40s CPU time), skipped 0 variants.
    Prepared data for serialisation in 0.00s
Serialized binary data for shader HimoHito/Hanging Decor Sway in 0.00s
    d3d11 (total internal programs: 8, unique: 8)
Compiling shader "HimoHito/Guide Sign Greeting"
  Pass "" (vp)
    Target graphics API: d3d11
    Full variant space:         4
    After settings filtering:   4
    After built-in stripping:   4
    After scriptable stripping: 4
    Processed in 0.00 seconds
  Pass "" (fp)
    Target graphics API: d3d11
    Full variant space:         4
    After settings filtering:   4
    After built-in stripping:   4
    After scriptable stripping: 4
    Processed in 0.00 seconds
  Pass  (vp, d3d11) finished in 0.06 seconds. Local cache hits 1 (0.00s CPU time), remote cache hits 0 (0.00s CPU time), compiled 3 variants (0.15s CPU time), skipped 0 variants.
    Prepared data for serialisation in 0.00s
  Pass  (fp, d3d11) finished in 0.08 seconds. Local cache hits 1 (0.00s CPU time), remote cache hits 0 (0.00s CPU time), compiled 3 variants (0.17s CPU time), skipped 0 variants.
    Prepared data for serialisation in 0.00s
Serialized binary data for shader HimoHito/Guide Sign Greeting in 0.00s
    d3d11 (total internal programs: 8, unique: 8)
Compiling shader "Skybox/Procedural"
  Pass "" (vp)
    Target graphics API: d3d11
    Full variant space:         3
    After settings filtering:   3
    After built-in stripping:   3
    After scriptable stripping: 3
    Processed in 0.00 seconds
  Pass "" (fp)
    Target graphics API: d3d11
    Full variant space:         3
    After settings filtering:   3
    After built-in stripping:   3
    After scriptable stripping: 3
    Processed in 0.00 seconds
  Pass  (vp, d3d11) finished in 0.19 seconds. Local cache hits 0 (0.00s CPU time), remote cache hits 0 (0.00s CPU time), compiled 3 variants (0.50s CPU time), skipped 0 variants.
    Prepared data for serialisation in 0.00s
  Pass  (fp, d3d11) finished in 0.19 seconds. Local cache hits 0 (0.00s CPU time), remote cache hits 0 (0.00s CPU time), compiled 3 variants (0.22s CPU time), skipped 0 variants.
    Prepared data for serialisation in 0.00s
Serialized binary data for shader Skybox/Procedural in 0.00s
    d3d11 (total internal programs: 6, unique: 6)
Compiling shader "Hidden/Internal-StencilWrite"
  Pass "" (vp)
    Target graphics API: d3d11
    Full variant space:         1
    After settings filtering:   1
    After built-in stripping:   1
    After scriptable stripping: 1
    Processed in 0.00 seconds
  Pass "" (fp)
    Target graphics API: d3d11
    Full variant space:         1
    After settings filtering:   1
    After built-in stripping:   1
    After scriptable stripping: 1
    Processed in 0.00 seconds
  Pass  (vp, d3d11) finished in 0.03 seconds. Local cache hits 0 (0.00s CPU time), remote cache hits 0 (0.00s CPU time), compiled 1 variants (0.03s CPU time), skipped 0 variants.
    Prepared data for serialisation in 0.00s
  Pass  (fp, d3d11) finished in 0.03 seconds. Local cache hits 0 (0.00s CPU time), remote cache hits 0 (0.00s CPU time), compiled 1 variants (0.03s CPU time), skipped 0 variants.
    Prepared data for serialisation in 0.00s
Serialized binary data for shader Hidden/Internal-StencilWrite in 0.00s
    d3d11 (total internal programs: 2, unique: 2)
Compiling shader "Hidden/Internal-DepthNormalsTexture"
  Pass "" (vp)
    Target graphics API: d3d11
    Full variant space:         1
    After settings filtering:   1
    After built-in stripping:   1
    After scriptable stripping: 1
    Processed in 0.00 seconds
  Pass "" (fp)
    Target graphics API: d3d11
    Full variant space:         1
    After settings filtering:   1
    After built-in stripping:   1
    After scriptable stripping: 1
    Processed in 0.00 seconds
  Pass "" (vp)
    Target graphics API: d3d11
    Full variant space:         1
    After settings filtering:   1
    After built-in stripping:   1
    After scriptable stripping: 1
    Processed in 0.00 seconds
  Pass "" (fp)
    Target graphics API: d3d11
    Full variant space:         1
    After settings filtering:   1
    After built-in stripping:   1
    After scriptable stripping: 1
    Processed in 0.00 seconds
  Pass "" (vp)
    Target graphics API: d3d11
    Full variant space:         1
    After settings filtering:   1
    After built-in stripping:   1
    After scriptable stripping: 1
    Processed in 0.00 seconds
  Pass "" (fp)
    Target graphics API: d3d11
    Full variant space:         1
    After settings filtering:   1
    After built-in stripping:   1
    After scriptable stripping: 1
    Processed in 0.00 seconds
  Pass "" (vp)
    Target graphics API: d3d11
    Full variant space:         1
    After settings filtering:   1
    After built-in stripping:   1
    After scriptable stripping: 1
    Processed in 0.00 seconds
  Pass "" (fp)
    Target graphics API: d3d11
    Full variant space:         1
    After settings filtering:   1
    After built-in stripping:   1
    After scriptable stripping: 1
    Processed in 0.00 seconds
  Pass "" (vp)
    Target graphics API: d3d11
    Full variant space:         1
    After settings filtering:   1
    After built-in stripping:   1
    After scriptable stripping: 1
    Processed in 0.00 seconds
  Pass "" (fp)
    Target graphics API: d3d11
    Full variant space:         1
    After settings filtering:   1
    After built-in stripping:   1
    After scriptable stripping: 1
    Processed in 0.00 seconds
  Pass "" (vp)
    Target graphics API: d3d11
    Full variant space:         1
    After settings filtering:   1
    After built-in stripping:   1
    After scriptable stripping: 1
    Processed in 0.00 seconds
  Pass "" (fp)
    Target graphics API: d3d11
    Full variant space:         1
    After settings filtering:   1
    After built-in stripping:   1
    After scriptable stripping: 1
    Processed in 0.00 seconds
  Pass "" (vp)
    Target graphics API: d3d11
    Full variant space:         1
    After settings filtering:   1
    After built-in stripping:   1
    After scriptable stripping: 1
    Processed in 0.00 seconds
  Pass "" (fp)
    Target graphics API: d3d11
    Full variant space:         1
    After settings filtering:   1
    After built-in stripping:   1
    After scriptable stripping: 1
    Processed in 0.00 seconds
  Pass "" (vp)
    Target graphics API: d3d11
    Full variant space:         1
    After settings filtering:   1
    After built-in stripping:   1
    After scriptable stripping: 1
    Processed in 0.00 seconds
  Pass "" (fp)
    Target graphics API: d3d11
    Full variant space:         1
    After settings filtering:   1
    After built-in stripping:   1
    After scriptable stripping: 1
    Processed in 0.00 seconds
  Pass "" (vp)
    Target graphics API: d3d11
    Full variant space:         1
    After settings filtering:   1
    After built-in stripping:   1
    After scriptable stripping: 1
    Processed in 0.00 seconds
  Pass "" (fp)
    Target graphics API: d3d11
    Full variant space:         1
    After settings filtering:   1
    After built-in stripping:   1
    After scriptable stripping: 1
    Processed in 0.00 seconds
  Pass "" (vp)
    Target graphics API: d3d11
    Full variant space:         1
    After settings filtering:   1
    After built-in stripping:   1
    After scriptable stripping: 1
    Processed in 0.00 seconds
  Pass "" (fp)
    Target graphics API: d3d11
    Full variant space:         1
    After settings filtering:   1
    After built-in stripping:   1
    After scriptable stripping: 1
    Processed in 0.00 seconds
  Pass  (vp, d3d11) finished in 0.08 seconds. Local cache hits 0 (0.00s CPU time), remote cache hits 0 (0.00s CPU time), compiled 1 variants (0.08s CPU time), skipped 0 variants.
    Prepared data for serialisation in 0.00s
  Pass  (fp, d3d11) finished in 0.08 seconds. Local cache hits 0 (0.00s CPU time), remote cache hits 0 (0.00s CPU time), compiled 1 variants (0.03s CPU time), skipped 0 variants.
    Prepared data for serialisation in 0.00s
  Pass  (vp, d3d11) finished in 0.07 seconds. Local cache hits 0 (0.00s CPU time), remote cache hits 0 (0.00s CPU time), compiled 1 variants (0.05s CPU time), skipped 0 variants.
    Prepared data for serialisation in 0.00s
  Pass  (fp, d3d11) finished in 0.07 seconds. Local cache hits 0 (0.00s CPU time), remote cache hits 0 (0.00s CPU time), compiled 1 variants (0.03s CPU time), skipped 0 variants.
    Prepared data for serialisation in 0.00s
  Pass  (vp, d3d11) finished in 0.12 seconds. Local cache hits 0 (0.00s CPU time), remote cache hits 0 (0.00s CPU time), compiled 1 variants (0.12s CPU time), skipped 0 variants.
    Prepared data for serialisation in 0.00s
  Pass  (fp, d3d11) finished in 0.12 seconds. Local cache hits 0 (0.00s CPU time), remote cache hits 0 (0.00s CPU time), compiled 1 variants (0.07s CPU time), skipped 0 variants.
    Prepared data for serialisation in 0.00s
Launched and connected shader compiler UnityShaderCompiler.exe after 0.07 seconds
  Pass  (vp, d3d11) finished in 0.15 seconds. Local cache hits 0 (0.00s CPU time), remote cache hits 0 (0.00s CPU time), compiled 1 variants (0.15s CPU time), skipped 0 variants.
    Prepared data for serialisation in 0.00s
Launched and connected shader compiler UnityShaderCompiler.exe after 0.03 seconds
  Pass  (fp, d3d11) finished in 0.21 seconds. Local cache hits 0 (0.00s CPU time), remote cache hits 0 (0.00s CPU time), compiled 1 variants (0.21s CPU time), skipped 0 variants.
    Prepared data for serialisation in 0.00s
Launched and connected shader compiler UnityShaderCompiler.exe after 0.03 seconds
  Pass  (vp, d3d11) finished in 0.27 seconds. Local cache hits 0 (0.00s CPU time), remote cache hits 0 (0.00s CPU time), compiled 1 variants (0.27s CPU time), skipped 0 variants.
    Prepared data for serialisation in 0.00s
  Pass  (fp, d3d11) finished in 0.31 seconds. Local cache hits 0 (0.00s CPU time), remote cache hits 0 (0.00s CPU time), compiled 1 variants (0.31s CPU time), skipped 0 variants.
    Prepared data for serialisation in 0.00s
Launched and connected shader compiler UnityShaderCompiler.exe after 0.03 seconds
Launched and connected shader compiler UnityShaderCompiler.exe after 0.03 seconds
Launched and connected shader compiler UnityShaderCompiler.exe after 0.03 seconds
Launched and connected shader compiler UnityShaderCompiler.exe after 0.03 seconds
Launched and connected shader compiler UnityShaderCompiler.exe after 0.03 seconds
  Pass  (vp, d3d11) finished in 0.64 seconds. Local cache hits 0 (0.00s CPU time), remote cache hits 0 (0.00s CPU time), compiled 1 variants (0.64s CPU time), skipped 0 variants.
    Prepared data for serialisation in 0.00s
  Pass  (fp, d3d11) finished in 0.64 seconds. Local cache hits 0 (0.00s CPU time), remote cache hits 0 (0.00s CPU time), compiled 1 variants (0.38s CPU time), skipped 0 variants.
    Prepared data for serialisation in 0.00s
  Pass  (vp, d3d11) finished in 0.64 seconds. Local cache hits 0 (0.00s CPU time), remote cache hits 0 (0.00s CPU time), compiled 1 variants (0.58s CPU time), skipped 0 variants.
    Prepared data for serialisation in 0.00s
  Pass  (fp, d3d11) finished in 0.64 seconds. Local cache hits 0 (0.00s CPU time), remote cache hits 0 (0.00s CPU time), compiled 1 variants (0.44s CPU time), skipped 0 variants.
    Prepared data for serialisation in 0.00s
  Pass  (vp, d3d11) finished in 0.64 seconds. Local cache hits 0 (0.00s CPU time), remote cache hits 0 (0.00s CPU time), compiled 1 variants (0.51s CPU time), skipped 0 variants.
    Prepared data for serialisation in 0.00s
  Pass  (fp, d3d11) finished in 0.63 seconds. Local cache hits 0 (0.00s CPU time), remote cache hits 0 (0.00s CPU time), compiled 1 variants (0.05s CPU time), skipped 0 variants.
    Prepared data for serialisation in 0.00s
  Pass  (vp, d3d11) finished in 0.63 seconds. Local cache hits 0 (0.00s CPU time), remote cache hits 0 (0.00s CPU time), compiled 1 variants (0.13s CPU time), skipped 0 variants.
    Prepared data for serialisation in 0.00s
  Pass  (fp, d3d11) finished in 0.60 seconds. Local cache hits 0 (0.00s CPU time), remote cache hits 0 (0.00s CPU time), compiled 1 variants (0.04s CPU time), skipped 0 variants.
    Prepared data for serialisation in 0.00s
  Pass  (vp, d3d11) finished in 0.59 seconds. Local cache hits 0 (0.00s CPU time), remote cache hits 0 (0.00s CPU time), compiled 1 variants (0.12s CPU time), skipped 0 variants.
    Prepared data for serialisation in 0.00s
  Pass  (fp, d3d11) finished in 0.59 seconds. Local cache hits 0 (0.00s CPU time), remote cache hits 0 (0.00s CPU time), compiled 1 variants (0.04s CPU time), skipped 0 variants.
    Prepared data for serialisation in 0.00s
Serialized binary data for shader Hidden/Internal-DepthNormalsTexture in 0.00s
    d3d11 (total internal programs: 20, unique: 17)
Compiling shader "Hidden/Internal-ScreenSpaceShadows"
  Pass "" (vp)
    Target graphics API: d3d11
    Full variant space:         4
    After settings filtering:   4
    After built-in stripping:   4
    After scriptable stripping: 4
    Processed in 0.00 seconds
  Pass "" (fp)
    Target graphics API: d3d11
    Full variant space:         4
    After settings filtering:   4
    After built-in stripping:   4
    After scriptable stripping: 4
    Processed in 0.00 seconds
  Pass "" (vp)
    Target graphics API: d3d11
    Full variant space:         4
    After settings filtering:   4
    After built-in stripping:   4
    After scriptable stripping: 4
    Processed in 0.00 seconds
  Pass "" (fp)
    Target graphics API: d3d11
    Full variant space:         4
    After settings filtering:   4
    After built-in stripping:   4
    After scriptable stripping: 4
    Processed in 0.00 seconds
  Pass "" (vp)
    Target graphics API: d3d11
    Full variant space:         4
    After settings filtering:   4
    After built-in stripping:   4
    After scriptable stripping: 4
    Processed in 0.00 seconds
  Pass "" (fp)
    Target graphics API: d3d11
    Full variant space:         4
    After settings filtering:   4
    After built-in stripping:   4
    After scriptable stripping: 4
    Processed in 0.00 seconds
  Pass "" (vp)
    Target graphics API: d3d11
    Full variant space:         4
    After settings filtering:   4
    After built-in stripping:   4
    After scriptable stripping: 4
    Processed in 0.00 seconds
  Pass "" (fp)
    Target graphics API: d3d11
    Full variant space:         4
    After settings filtering:   4
    After built-in stripping:   4
    After scriptable stripping: 4
    Processed in 0.00 seconds
  Pass  (vp, d3d11) finished in 0.14 seconds. Local cache hits 0 (0.00s CPU time), remote cache hits 0 (0.00s CPU time), compiled 4 variants (0.43s CPU time), skipped 0 variants.
    Prepared data for serialisation in 0.00s
  Pass  (fp, d3d11) finished in 0.29 seconds. Local cache hits 0 (0.00s CPU time), remote cache hits 0 (0.00s CPU time), compiled 4 variants (0.70s CPU time), skipped 0 variants.
    Prepared data for serialisation in 0.00s
  Pass  (vp, d3d11) finished in 0.29 seconds. Local cache hits 0 (0.00s CPU time), remote cache hits 0 (0.00s CPU time), compiled 4 variants (0.54s CPU time), skipped 0 variants.
    Prepared data for serialisation in 0.00s
  Pass  (fp, d3d11) finished in 0.25 seconds. Local cache hits 0 (0.00s CPU time), remote cache hits 0 (0.00s CPU time), compiled 4 variants (0.59s CPU time), skipped 0 variants.
    Prepared data for serialisation in 0.00s
  Pass  (vp, d3d11) finished in 0.20 seconds. Local cache hits 0 (0.00s CPU time), remote cache hits 0 (0.00s CPU time), compiled 4 variants (0.44s CPU time), skipped 0 variants.
    Prepared data for serialisation in 0.00s
  Pass  (fp, d3d11) finished in 0.24 seconds. Local cache hits 0 (0.00s CPU time), remote cache hits 0 (0.00s CPU time), compiled 4 variants (0.81s CPU time), skipped 0 variants.
    Prepared data for serialisation in 0.00s
  Pass  (vp, d3d11) finished in 0.18 seconds. Local cache hits 0 (0.00s CPU time), remote cache hits 0 (0.00s CPU time), compiled 4 variants (0.33s CPU time), skipped 0 variants.
    Prepared data for serialisation in 0.00s
  Pass  (fp, d3d11) finished in 0.17 seconds. Local cache hits 0 (0.00s CPU time), remote cache hits 0 (0.00s CPU time), compiled 4 variants (0.62s CPU time), skipped 0 variants.
    Prepared data for serialisation in 0.00s
Serialized binary data for shader Hidden/Internal-ScreenSpaceShadows in 0.00s
    d3d11 (total internal programs: 32, unique: 20)
Compiling shader "Hidden/Internal-CombineDepthNormals"
  Pass "" (vp)
    Target graphics API: d3d11
    Full variant space:         1
    After settings filtering:   1
    After built-in stripping:   1
    After scriptable stripping: 1
    Processed in 0.00 seconds
  Pass "" (fp)
    Target graphics API: d3d11
    Full variant space:         1
    After settings filtering:   1
    After built-in stripping:   1
    After scriptable stripping: 1
    Processed in 0.00 seconds
  Pass  (vp, d3d11) finished in 0.04 seconds. Local cache hits 0 (0.00s CPU time), remote cache hits 0 (0.00s CPU time), compiled 1 variants (0.04s CPU time), skipped 0 variants.
    Prepared data for serialisation in 0.00s
  Pass  (fp, d3d11) finished in 0.04 seconds. Local cache hits 0 (0.00s CPU time), remote cache hits 0 (0.00s CPU time), compiled 1 variants (0.04s CPU time), skipped 0 variants.
    Prepared data for serialisation in 0.00s
Serialized binary data for shader Hidden/Internal-CombineDepthNormals in 0.00s
    d3d11 (total internal programs: 2, unique: 2)
Compiling shader "Hidden/BlitCopy"
  Pass "" (vp)
    Target graphics API: d3d11
    Full variant space:         1
    After settings filtering:   1
    After built-in stripping:   1
    After scriptable stripping: 1
    Processed in 0.00 seconds
  Pass "" (fp)
    Target graphics API: d3d11
    Full variant space:         1
    After settings filtering:   1
    After built-in stripping:   1
    After scriptable stripping: 1
    Processed in 0.00 seconds
  Pass  (vp, d3d11) finished in 0.00 seconds. Local cache hits 1 (0.00s CPU time), remote cache hits 0 (0.00s CPU time), compiled 0 variants (0.00s CPU time), skipped 0 variants.
    Prepared data for serialisation in 0.00s
  Pass  (fp, d3d11) finished in 0.00 seconds. Local cache hits 1 (0.00s CPU time), remote cache hits 0 (0.00s CPU time), compiled 0 variants (0.00s CPU time), skipped 0 variants.
    Prepared data for serialisation in 0.00s
Serialized binary data for shader Hidden/BlitCopy in 0.00s
    d3d11 (total internal programs: 2, unique: 2)
Compiling shader "Hidden/BlitCopyDepth"
  Pass "" (vp)
    Target graphics API: d3d11
    Full variant space:         1
    After settings filtering:   1
    After built-in stripping:   1
    After scriptable stripping: 1
    Processed in 0.00 seconds
  Pass "" (fp)
    Target graphics API: d3d11
    Full variant space:         1
    After settings filtering:   1
    After built-in stripping:   1
    After scriptable stripping: 1
    Processed in 0.00 seconds
  Pass  (vp, d3d11) finished in 0.03 seconds. Local cache hits 0 (0.00s CPU time), remote cache hits 0 (0.00s CPU time), compiled 1 variants (0.03s CPU time), skipped 0 variants.
    Prepared data for serialisation in 0.00s
  Pass  (fp, d3d11) finished in 0.03 seconds. Local cache hits 0 (0.00s CPU time), remote cache hits 0 (0.00s CPU time), compiled 1 variants (0.02s CPU time), skipped 0 variants.
    Prepared data for serialisation in 0.00s
Serialized binary data for shader Hidden/BlitCopyDepth in 0.00s
    d3d11 (total internal programs: 2, unique: 2)
Compiling shader "Hidden/ConvertTexture"
  Pass "" (vp)
    Target graphics API: d3d11
    Full variant space:         1
    After settings filtering:   1
    After built-in stripping:   1
    After scriptable stripping: 1
    Processed in 0.00 seconds
  Pass "" (fp)
    Target graphics API: d3d11
    Full variant space:         1
    After settings filtering:   1
    After built-in stripping:   1
    After scriptable stripping: 1
    Processed in 0.00 seconds
  Pass  (vp, d3d11) finished in 0.04 seconds. Local cache hits 0 (0.00s CPU time), remote cache hits 0 (0.00s CPU time), compiled 1 variants (0.04s CPU time), skipped 0 variants.
    Prepared data for serialisation in 0.00s
  Pass  (fp, d3d11) finished in 0.04 seconds. Local cache hits 0 (0.00s CPU time), remote cache hits 0 (0.00s CPU time), compiled 1 variants (0.02s CPU time), skipped 0 variants.
    Prepared data for serialisation in 0.00s
Serialized binary data for shader Hidden/ConvertTexture in 0.00s
    d3d11 (total internal programs: 2, unique: 2)
Compiling shader "Hidden/Internal-DeferredShading"
  Pass "" (vp)
    Target graphics API: d3d11
    Full variant space:         94
    After settings filtering:   94
    After built-in stripping:   26
    After scriptable stripping: 26
    Processed in 0.00 seconds
  Pass "" (fp)
    Target graphics API: d3d11
    Full variant space:         94
    After settings filtering:   94
    After built-in stripping:   26
    After scriptable stripping: 26
    Processed in 0.01 seconds
  Pass "" (vp)
    Target graphics API: d3d11
    Full variant space:         1
    After settings filtering:   1
    After built-in stripping:   1
    After scriptable stripping: 1
    Processed in 0.00 seconds
  Pass "" (fp)
    Target graphics API: d3d11
    Full variant space:         1
    After settings filtering:   1
    After built-in stripping:   1
    After scriptable stripping: 1
    Processed in 0.00 seconds
  Pass  (vp, d3d11) finished in 0.35 seconds. Local cache hits 0 (0.00s CPU time), remote cache hits 0 (0.00s CPU time), compiled 26 variants (3.14s CPU time), skipped 0 variants.
    Prepared data for serialisation in 0.00s
  Pass  (fp, d3d11) finished in 0.43 seconds. Local cache hits 0 (0.00s CPU time), remote cache hits 0 (0.00s CPU time), compiled 26 variants (4.44s CPU time), skipped 0 variants.
    Prepared data for serialisation in 0.00s
  Pass  (vp, d3d11) finished in 0.16 seconds. Local cache hits 0 (0.00s CPU time), remote cache hits 0 (0.00s CPU time), compiled 1 variants (0.05s CPU time), skipped 0 variants.
    Prepared data for serialisation in 0.00s
  Pass  (fp, d3d11) finished in 0.15 seconds. Local cache hits 0 (0.00s CPU time), remote cache hits 0 (0.00s CPU time), compiled 1 variants (0.03s CPU time), skipped 0 variants.
    Prepared data for serialisation in 0.00s
Serialized binary data for shader Hidden/Internal-DeferredShading in 0.00s
    d3d11 (total internal programs: 54, unique: 54)
Compiling shader "Hidden/Internal-DeferredReflections"
  Pass "" (vp)
    Target graphics API: d3d11
    Full variant space:         1
    After settings filtering:   1
    After built-in stripping:   1
    After scriptable stripping: 1
    Processed in 0.00 seconds
  Pass "" (fp)
    Target graphics API: d3d11
    Full variant space:         1
    After settings filtering:   1
    After built-in stripping:   1
    After scriptable stripping: 1
    Processed in 0.00 seconds
  Pass "" (vp)
    Target graphics API: d3d11
    Full variant space:         2
    After settings filtering:   2
    After built-in stripping:   2
    After scriptable stripping: 2
    Processed in 0.00 seconds
  Pass "" (fp)
    Target graphics API: d3d11
    Full variant space:         2
    After settings filtering:   2
    After built-in stripping:   2
    After scriptable stripping: 2
    Processed in 0.00 seconds
  Pass  (vp, d3d11) finished in 0.05 seconds. Local cache hits 0 (0.00s CPU time), remote cache hits 0 (0.00s CPU time), compiled 1 variants (0.05s CPU time), skipped 0 variants.
    Prepared data for serialisation in 0.00s
  Pass  (fp, d3d11) finished in 0.09 seconds. Local cache hits 0 (0.00s CPU time), remote cache hits 0 (0.00s CPU time), compiled 1 variants (0.09s CPU time), skipped 0 variants.
    Prepared data for serialisation in 0.00s
  Pass  (vp, d3d11) finished in 0.09 seconds. Local cache hits 0 (0.00s CPU time), remote cache hits 0 (0.00s CPU time), compiled 2 variants (0.07s CPU time), skipped 0 variants.
    Prepared data for serialisation in 0.00s
  Pass  (fp, d3d11) finished in 0.09 seconds. Local cache hits 0 (0.00s CPU time), remote cache hits 0 (0.00s CPU time), compiled 2 variants (0.05s CPU time), skipped 0 variants.
    Prepared data for serialisation in 0.00s
Serialized binary data for shader Hidden/Internal-DeferredReflections in 0.00s
    d3d11 (total internal programs: 6, unique: 6)
Compiling shader "Hidden/Internal-MotionVectors"
  Pass "" (vp)
    Target graphics API: d3d11
    Full variant space:         1
    After settings filtering:   1
    After built-in stripping:   1
    After scriptable stripping: 1
    Processed in 0.00 seconds
  Pass "" (fp)
    Target graphics API: d3d11
    Full variant space:         1
    After settings filtering:   1
    After built-in stripping:   1
    After scriptable stripping: 1
    Processed in 0.00 seconds
  Pass "" (vp)
    Target graphics API: d3d11
    Full variant space:         1
    After settings filtering:   1
    After built-in stripping:   1
    After scriptable stripping: 1
    Processed in 0.00 seconds
  Pass "" (fp)
    Target graphics API: d3d11
    Full variant space:         1
    After settings filtering:   1
    After built-in stripping:   1
    After scriptable stripping: 1
    Processed in 0.00 seconds
  Pass "" (vp)
    Target graphics API: d3d11
    Full variant space:         1
    After settings filtering:   1
    After built-in stripping:   1
    After scriptable stripping: 1
    Processed in 0.00 seconds
  Pass "" (fp)
    Target graphics API: d3d11
    Full variant space:         1
    After settings filtering:   1
    After built-in stripping:   1
    After scriptable stripping: 1
    Processed in 0.00 seconds
  Pass  (vp, d3d11) finished in 0.06 seconds. Local cache hits 0 (0.00s CPU time), remote cache hits 0 (0.00s CPU time), compiled 1 variants (0.06s CPU time), skipped 0 variants.
    Prepared data for serialisation in 0.00s
  Pass  (fp, d3d11) finished in 0.06 seconds. Local cache hits 0 (0.00s CPU time), remote cache hits 0 (0.00s CPU time), compiled 1 variants (0.04s CPU time), skipped 0 variants.
    Prepared data for serialisation in 0.00s
  Pass  (vp, d3d11) finished in 0.06 seconds. Local cache hits 0 (0.00s CPU time), remote cache hits 0 (0.00s CPU time), compiled 1 variants (0.04s CPU time), skipped 0 variants.
    Prepared data for serialisation in 0.00s
  Pass  (fp, d3d11) finished in 0.05 seconds. Local cache hits 0 (0.00s CPU time), remote cache hits 0 (0.00s CPU time), compiled 1 variants (0.05s CPU time), skipped 0 variants.
    Prepared data for serialisation in 0.00s
  Pass  (vp, d3d11) finished in 0.05 seconds. Local cache hits 0 (0.00s CPU time), remote cache hits 0 (0.00s CPU time), compiled 1 variants (0.04s CPU time), skipped 0 variants.
    Prepared data for serialisation in 0.00s
  Pass  (fp, d3d11) finished in 0.05 seconds. Local cache hits 0 (0.00s CPU time), remote cache hits 0 (0.00s CPU time), compiled 1 variants (0.04s CPU time), skipped 0 variants.
    Prepared data for serialisation in 0.00s
Serialized binary data for shader Hidden/Internal-MotionVectors in 0.00s
    d3d11 (total internal programs: 6, unique: 5)
Compiling shader "Hidden/Internal-Flare"
  Pass "" (vp)
    Target graphics API: d3d11
    Full variant space:         1
    After settings filtering:   1
    After built-in stripping:   1
    After scriptable stripping: 1
    Processed in 0.00 seconds
  Pass "" (fp)
    Target graphics API: d3d11
    Full variant space:         1
    After settings filtering:   1
    After built-in stripping:   1
    After scriptable stripping: 1
    Processed in 0.00 seconds
  Pass  (vp, d3d11) finished in 0.03 seconds. Local cache hits 0 (0.00s CPU time), remote cache hits 0 (0.00s CPU time), compiled 1 variants (0.03s CPU time), skipped 0 variants.
    Prepared data for serialisation in 0.00s
  Pass  (fp, d3d11) finished in 0.03 seconds. Local cache hits 0 (0.00s CPU time), remote cache hits 0 (0.00s CPU time), compiled 1 variants (0.02s CPU time), skipped 0 variants.
    Prepared data for serialisation in 0.00s
Serialized binary data for shader Hidden/Internal-Flare in 0.00s
    d3d11 (total internal programs: 2, unique: 2)
Compiling shader "Hidden/Internal-Halo"
  Pass "" (vp)
    Target graphics API: d3d11
    Full variant space:         4
    After settings filtering:   4
    After built-in stripping:   1
    After scriptable stripping: 1
    Processed in 0.00 seconds
  Pass "" (fp)
    Target graphics API: d3d11
    Full variant space:         4
    After settings filtering:   4
    After built-in stripping:   1
    After scriptable stripping: 1
    Processed in 0.00 seconds
  Pass  (vp, d3d11) finished in 0.03 seconds. Local cache hits 0 (0.00s CPU time), remote cache hits 0 (0.00s CPU time), compiled 1 variants (0.03s CPU time), skipped 0 variants.
    Prepared data for serialisation in 0.00s
  Pass  (fp, d3d11) finished in 0.03 seconds. Local cache hits 0 (0.00s CPU time), remote cache hits 0 (0.00s CPU time), compiled 1 variants (0.02s CPU time), skipped 0 variants.
    Prepared data for serialisation in 0.00s
Serialized binary data for shader Hidden/Internal-Halo in 0.00s
    d3d11 (total internal programs: 2, unique: 2)
Compiling shader "Hidden/BlitCopyWithDepth"
  Pass "" (vp)
    Target graphics API: d3d11
    Full variant space:         1
    After settings filtering:   1
    After built-in stripping:   1
    After scriptable stripping: 1
    Processed in 0.00 seconds
  Pass "" (fp)
    Target graphics API: d3d11
    Full variant space:         1
    After settings filtering:   1
    After built-in stripping:   1
    After scriptable stripping: 1
    Processed in 0.00 seconds
  Pass  (vp, d3d11) finished in 0.03 seconds. Local cache hits 0 (0.00s CPU time), remote cache hits 0 (0.00s CPU time), compiled 1 variants (0.03s CPU time), skipped 0 variants.
    Prepared data for serialisation in 0.00s
  Pass  (fp, d3d11) finished in 0.03 seconds. Local cache hits 0 (0.00s CPU time), remote cache hits 0 (0.00s CPU time), compiled 1 variants (0.02s CPU time), skipped 0 variants.
    Prepared data for serialisation in 0.00s
Serialized binary data for shader Hidden/BlitCopyWithDepth in 0.00s
    d3d11 (total internal programs: 2, unique: 2)
Compiling shader "Hidden/BlitToDepth"
  Pass "" (vp)
    Target graphics API: d3d11
    Full variant space:         1
    After settings filtering:   1
    After built-in stripping:   1
    After scriptable stripping: 1
    Processed in 0.00 seconds
  Pass "" (fp)
    Target graphics API: d3d11
    Full variant space:         1
    After settings filtering:   1
    After built-in stripping:   1
    After scriptable stripping: 1
    Processed in 0.00 seconds
  Pass  (vp, d3d11) finished in 0.03 seconds. Local cache hits 0 (0.00s CPU time), remote cache hits 0 (0.00s CPU time), compiled 1 variants (0.03s CPU time), skipped 0 variants.
    Prepared data for serialisation in 0.00s
  Pass  (fp, d3d11) finished in 0.03 seconds. Local cache hits 0 (0.00s CPU time), remote cache hits 0 (0.00s CPU time), compiled 1 variants (0.03s CPU time), skipped 0 variants.
    Prepared data for serialisation in 0.00s
Serialized binary data for shader Hidden/BlitToDepth in 0.00s
    d3d11 (total internal programs: 2, unique: 2)
Compiling shader "Hidden/BlitToDepth_MSAA"
  Pass "" (vp)
    Target graphics API: d3d11
    Full variant space:         1
    After settings filtering:   1
    After built-in stripping:   1
    After scriptable stripping: 1
    Processed in 0.00 seconds
  Pass "" (fp)
    Target graphics API: d3d11
    Full variant space:         1
    After settings filtering:   1
    After built-in stripping:   1
    After scriptable stripping: 1
    Processed in 0.00 seconds
  Pass  (vp, d3d11) finished in 0.03 seconds. Local cache hits 0 (0.00s CPU time), remote cache hits 0 (0.00s CPU time), compiled 1 variants (0.03s CPU time), skipped 0 variants.
    Prepared data for serialisation in 0.00s
  Pass  (fp, d3d11) finished in 0.03 seconds. Local cache hits 0 (0.00s CPU time), remote cache hits 0 (0.00s CPU time), compiled 1 variants (0.02s CPU time), skipped 0 variants.
    Prepared data for serialisation in 0.00s
Serialized binary data for shader Hidden/BlitToDepth_MSAA in 0.00s
    d3d11 (total internal programs: 2, unique: 2)
Compiling shader "Hidden/BlitCopyHDRTonemap"
  Pass "" (vp)
    Target graphics API: d3d11
    Full variant space:         1
    After settings filtering:   1
    After built-in stripping:   1
    After scriptable stripping: 1
    Processed in 0.00 seconds
  Pass "" (fp)
    Target graphics API: d3d11
    Full variant space:         1
    After settings filtering:   1
    After built-in stripping:   1
    After scriptable stripping: 1
    Processed in 0.00 seconds
  Pass  (vp, d3d11) finished in 0.03 seconds. Local cache hits 0 (0.00s CPU time), remote cache hits 0 (0.00s CPU time), compiled 1 variants (0.03s CPU time), skipped 0 variants.
    Prepared data for serialisation in 0.00s
  Pass  (fp, d3d11) finished in 0.04 seconds. Local cache hits 0 (0.00s CPU time), remote cache hits 0 (0.00s CPU time), compiled 1 variants (0.04s CPU time), skipped 0 variants.
    Prepared data for serialisation in 0.00s
Serialized binary data for shader Hidden/BlitCopyHDRTonemap in 0.00s
    d3d11 (total internal programs: 2, unique: 2)
Compiling shader "Hidden/Internal-DebugPattern"
  Pass "Target Color and DepthStencil" (vp)
    Target graphics API: d3d11
    Full variant space:         1
    After settings filtering:   1
    After built-in stripping:   1
    After scriptable stripping: 1
    Processed in 0.00 seconds
  Pass "Target Color and DepthStencil" (fp)
    Target graphics API: d3d11
    Full variant space:         1
    After settings filtering:   1
    After built-in stripping:   1
    After scriptable stripping: 1
    Processed in 0.00 seconds
  Pass "Target only Color" (vp)
    Target graphics API: d3d11
    Full variant space:         1
    After settings filtering:   1
    After built-in stripping:   1
    After scriptable stripping: 1
    Processed in 0.00 seconds
  Pass "Target only Color" (fp)
    Target graphics API: d3d11
    Full variant space:         1
    After settings filtering:   1
    After built-in stripping:   1
    After scriptable stripping: 1
    Processed in 0.00 seconds
  Pass "Target only DepthStencil" (vp)
    Target graphics API: d3d11
    Full variant space:         1
    After settings filtering:   1
    After built-in stripping:   1
    After scriptable stripping: 1
    Processed in 0.00 seconds
  Pass "Target only DepthStencil" (fp)
    Target graphics API: d3d11
    Full variant space:         1
    After settings filtering:   1
    After built-in stripping:   1
    After scriptable stripping: 1
    Processed in 0.00 seconds
  Pass Target Color and DepthStencil (vp, d3d11) finished in 0.05 seconds. Local cache hits 0 (0.00s CPU time), remote cache hits 0 (0.00s CPU time), compiled 1 variants (0.05s CPU time), skipped 0 variants.
    Prepared data for serialisation in 0.00s
  Pass Target Color and DepthStencil (fp, d3d11) finished in 0.05 seconds. Local cache hits 0 (0.00s CPU time), remote cache hits 0 (0.00s CPU time), compiled 1 variants (0.04s CPU time), skipped 0 variants.
    Prepared data for serialisation in 0.00s
  Pass Target only Color (vp, d3d11) finished in 0.04 seconds. Local cache hits 0 (0.00s CPU time), remote cache hits 0 (0.00s CPU time), compiled 1 variants (0.04s CPU time), skipped 0 variants.
    Prepared data for serialisation in 0.00s
  Pass Target only Color (fp, d3d11) finished in 0.04 seconds. Local cache hits 0 (0.00s CPU time), remote cache hits 0 (0.00s CPU time), compiled 1 variants (0.03s CPU time), skipped 0 variants.
    Prepared data for serialisation in 0.00s
  Pass Target only DepthStencil (vp, d3d11) finished in 0.04 seconds. Local cache hits 0 (0.00s CPU time), remote cache hits 0 (0.00s CPU time), compiled 1 variants (0.03s CPU time), skipped 0 variants.
    Prepared data for serialisation in 0.00s
  Pass Target only DepthStencil (fp, d3d11) finished in 0.04 seconds. Local cache hits 0 (0.00s CPU time), remote cache hits 0 (0.00s CPU time), compiled 1 variants (0.03s CPU time), skipped 0 variants.
    Prepared data for serialisation in 0.00s
Serialized binary data for shader Hidden/Internal-DebugPattern in 0.00s
    d3d11 (total internal programs: 6, unique: 4)
Compiling shader "Hidden/Internal-GUITextureClip"
  Pass "" (vp)
    Target graphics API: d3d11
    Full variant space:         1
    After settings filtering:   1
    After built-in stripping:   1
    After scriptable stripping: 1
    Processed in 0.00 seconds
  Pass "" (fp)
    Target graphics API: d3d11
    Full variant space:         1
    After settings filtering:   1
    After built-in stripping:   1
    After scriptable stripping: 1
    Processed in 0.00 seconds
  Pass "" (vp)
    Target graphics API: d3d11
    Full variant space:         1
    After settings filtering:   1
    After built-in stripping:   1
    After scriptable stripping: 1
    Processed in 0.00 seconds
  Pass "" (fp)
    Target graphics API: d3d11
    Full variant space:         1
    After settings filtering:   1
    After built-in stripping:   1
    After scriptable stripping: 1
    Processed in 0.00 seconds
  Pass  (vp, d3d11) finished in 0.00 seconds. Local cache hits 1 (0.00s CPU time), remote cache hits 0 (0.00s CPU time), compiled 0 variants (0.00s CPU time), skipped 0 variants.
    Prepared data for serialisation in 0.00s
  Pass  (fp, d3d11) finished in 0.00 seconds. Local cache hits 1 (0.00s CPU time), remote cache hits 0 (0.00s CPU time), compiled 0 variants (0.00s CPU time), skipped 0 variants.
    Prepared data for serialisation in 0.00s
  Pass  (vp, d3d11) finished in 0.00 seconds. Local cache hits 1 (0.00s CPU time), remote cache hits 0 (0.00s CPU time), compiled 0 variants (0.00s CPU time), skipped 0 variants.
    Prepared data for serialisation in 0.00s
  Pass  (fp, d3d11) finished in 0.00 seconds. Local cache hits 1 (0.00s CPU time), remote cache hits 0 (0.00s CPU time), compiled 0 variants (0.00s CPU time), skipped 0 variants.
    Prepared data for serialisation in 0.00s
Serialized binary data for shader Hidden/Internal-GUITextureClip in 0.00s
    d3d11 (total internal programs: 4, unique: 2)
Compiling shader "Hidden/Internal-GUITextureClipText"
  Pass "" (vp)
    Target graphics API: d3d11
    Full variant space:         1
    After settings filtering:   1
    After built-in stripping:   1
    After scriptable stripping: 1
    Processed in 0.00 seconds
  Pass "" (fp)
    Target graphics API: d3d11
    Full variant space:         1
    After settings filtering:   1
    After built-in stripping:   1
    After scriptable stripping: 1
    Processed in 0.00 seconds
  Pass "" (vp)
    Target graphics API: d3d11
    Full variant space:         1
    After settings filtering:   1
    After built-in stripping:   1
    After scriptable stripping: 1
    Processed in 0.00 seconds
  Pass "" (fp)
    Target graphics API: d3d11
    Full variant space:         1
    After settings filtering:   1
    After built-in stripping:   1
    After scriptable stripping: 1
    Processed in 0.00 seconds
  Pass  (vp, d3d11) finished in 0.00 seconds. Local cache hits 1 (0.00s CPU time), remote cache hits 0 (0.00s CPU time), compiled 0 variants (0.00s CPU time), skipped 0 variants.
    Prepared data for serialisation in 0.00s
  Pass  (fp, d3d11) finished in 0.00 seconds. Local cache hits 1 (0.00s CPU time), remote cache hits 0 (0.00s CPU time), compiled 0 variants (0.00s CPU time), skipped 0 variants.
    Prepared data for serialisation in 0.00s
  Pass  (vp, d3d11) finished in 0.00 seconds. Local cache hits 1 (0.00s CPU time), remote cache hits 0 (0.00s CPU time), compiled 0 variants (0.00s CPU time), skipped 0 variants.
    Prepared data for serialisation in 0.00s
  Pass  (fp, d3d11) finished in 0.00 seconds. Local cache hits 1 (0.00s CPU time), remote cache hits 0 (0.00s CPU time), compiled 0 variants (0.00s CPU time), skipped 0 variants.
    Prepared data for serialisation in 0.00s
Serialized binary data for shader Hidden/Internal-GUITextureClipText in 0.00s
    d3d11 (total internal programs: 4, unique: 2)
Compiling shader "Hidden/Internal-GUITexture"
  Pass "" (vp)
    Target graphics API: d3d11
    Full variant space:         1
    After settings filtering:   1
    After built-in stripping:   1
    After scriptable stripping: 1
    Processed in 0.00 seconds
  Pass "" (fp)
    Target graphics API: d3d11
    Full variant space:         1
    After settings filtering:   1
    After built-in stripping:   1
    After scriptable stripping: 1
    Processed in 0.00 seconds
  Pass "" (vp)
    Target graphics API: d3d11
    Full variant space:         1
    After settings filtering:   1
    After built-in stripping:   1
    After scriptable stripping: 1
    Processed in 0.00 seconds
  Pass "" (fp)
    Target graphics API: d3d11
    Full variant space:         1
    After settings filtering:   1
    After built-in stripping:   1
    After scriptable stripping: 1
    Processed in 0.00 seconds
  Pass  (vp, d3d11) finished in 0.00 seconds. Local cache hits 1 (0.00s CPU time), remote cache hits 0 (0.00s CPU time), compiled 0 variants (0.00s CPU time), skipped 0 variants.
    Prepared data for serialisation in 0.00s
  Pass  (fp, d3d11) finished in 0.00 seconds. Local cache hits 1 (0.00s CPU time), remote cache hits 0 (0.00s CPU time), compiled 0 variants (0.00s CPU time), skipped 0 variants.
    Prepared data for serialisation in 0.00s
  Pass  (vp, d3d11) finished in 0.00 seconds. Local cache hits 1 (0.00s CPU time), remote cache hits 0 (0.00s CPU time), compiled 0 variants (0.00s CPU time), skipped 0 variants.
    Prepared data for serialisation in 0.00s
  Pass  (fp, d3d11) finished in 0.00 seconds. Local cache hits 1 (0.00s CPU time), remote cache hits 0 (0.00s CPU time), compiled 0 variants (0.00s CPU time), skipped 0 variants.
    Prepared data for serialisation in 0.00s
Serialized binary data for shader Hidden/Internal-GUITexture in 0.00s
    d3d11 (total internal programs: 4, unique: 2)
Compiling shader "Hidden/Internal-GUITextureBlit"
  Pass "" (vp)
    Target graphics API: d3d11
    Full variant space:         1
    After settings filtering:   1
    After built-in stripping:   1
    After scriptable stripping: 1
    Processed in 0.00 seconds
  Pass "" (fp)
    Target graphics API: d3d11
    Full variant space:         1
    After settings filtering:   1
    After built-in stripping:   1
    After scriptable stripping: 1
    Processed in 0.00 seconds
  Pass "" (vp)
    Target graphics API: d3d11
    Full variant space:         1
    After settings filtering:   1
    After built-in stripping:   1
    After scriptable stripping: 1
    Processed in 0.00 seconds
  Pass "" (fp)
    Target graphics API: d3d11
    Full variant space:         1
    After settings filtering:   1
    After built-in stripping:   1
    After scriptable stripping: 1
    Processed in 0.00 seconds
  Pass  (vp, d3d11) finished in 0.00 seconds. Local cache hits 1 (0.00s CPU time), remote cache hits 0 (0.00s CPU time), compiled 0 variants (0.00s CPU time), skipped 0 variants.
    Prepared data for serialisation in 0.00s
  Pass  (fp, d3d11) finished in 0.00 seconds. Local cache hits 1 (0.00s CPU time), remote cache hits 0 (0.00s CPU time), compiled 0 variants (0.00s CPU time), skipped 0 variants.
    Prepared data for serialisation in 0.00s
  Pass  (vp, d3d11) finished in 0.00 seconds. Local cache hits 1 (0.00s CPU time), remote cache hits 0 (0.00s CPU time), compiled 0 variants (0.00s CPU time), skipped 0 variants.
    Prepared data for serialisation in 0.00s
  Pass  (fp, d3d11) finished in 0.00 seconds. Local cache hits 1 (0.00s CPU time), remote cache hits 0 (0.00s CPU time), compiled 0 variants (0.00s CPU time), skipped 0 variants.
    Prepared data for serialisation in 0.00s
Serialized binary data for shader Hidden/Internal-GUITextureBlit in 0.00s
    d3d11 (total internal programs: 4, unique: 2)
Compiling shader "Hidden/Internal-GUIRoundedRect"
  Pass "" (vp)
    Target graphics API: d3d11
    Full variant space:         1
    After settings filtering:   1
    After built-in stripping:   1
    After scriptable stripping: 1
    Processed in 0.00 seconds
  Pass "" (fp)
    Target graphics API: d3d11
    Full variant space:         1
    After settings filtering:   1
    After built-in stripping:   1
    After scriptable stripping: 1
    Processed in 0.00 seconds
  Pass "" (vp)
    Target graphics API: d3d11
    Full variant space:         1
    After settings filtering:   1
    After built-in stripping:   1
    After scriptable stripping: 1
    Processed in 0.00 seconds
  Pass "" (fp)
    Target graphics API: d3d11
    Full variant space:         1
    After settings filtering:   1
    After built-in stripping:   1
    After scriptable stripping: 1
    Processed in 0.00 seconds
  Pass  (vp, d3d11) finished in 0.00 seconds. Local cache hits 1 (0.00s CPU time), remote cache hits 0 (0.00s CPU time), compiled 0 variants (0.00s CPU time), skipped 0 variants.
    Prepared data for serialisation in 0.00s
  Pass  (fp, d3d11) finished in 0.00 seconds. Local cache hits 1 (0.00s CPU time), remote cache hits 0 (0.00s CPU time), compiled 0 variants (0.00s CPU time), skipped 0 variants.
    Prepared data for serialisation in 0.00s
  Pass  (vp, d3d11) finished in 0.00 seconds. Local cache hits 1 (0.00s CPU time), remote cache hits 0 (0.00s CPU time), compiled 0 variants (0.00s CPU time), skipped 0 variants.
    Prepared data for serialisation in 0.00s
  Pass  (fp, d3d11) finished in 0.00 seconds. Local cache hits 1 (0.00s CPU time), remote cache hits 0 (0.00s CPU time), compiled 0 variants (0.00s CPU time), skipped 0 variants.
    Prepared data for serialisation in 0.00s
Serialized binary data for shader Hidden/Internal-GUIRoundedRect in 0.00s
    d3d11 (total internal programs: 4, unique: 2)
Compiling shader "Hidden/Internal-GUIRoundedRectWithColorPerBorder"
  Pass "" (vp)
    Target graphics API: d3d11
    Full variant space:         1
    After settings filtering:   1
    After built-in stripping:   1
    After scriptable stripping: 1
    Processed in 0.00 seconds
  Pass "" (fp)
    Target graphics API: d3d11
    Full variant space:         1
    After settings filtering:   1
    After built-in stripping:   1
    After scriptable stripping: 1
    Processed in 0.00 seconds
  Pass "" (vp)
    Target graphics API: d3d11
    Full variant space:         1
    After settings filtering:   1
    After built-in stripping:   1
    After scriptable stripping: 1
    Processed in 0.00 seconds
  Pass "" (fp)
    Target graphics API: d3d11
    Full variant space:         1
    After settings filtering:   1
    After built-in stripping:   1
    After scriptable stripping: 1
    Processed in 0.00 seconds
  Pass  (vp, d3d11) finished in 0.00 seconds. Local cache hits 1 (0.00s CPU time), remote cache hits 0 (0.00s CPU time), compiled 0 variants (0.00s CPU time), skipped 0 variants.
    Prepared data for serialisation in 0.00s
  Pass  (fp, d3d11) finished in 0.00 seconds. Local cache hits 1 (0.00s CPU time), remote cache hits 0 (0.00s CPU time), compiled 0 variants (0.00s CPU time), skipped 0 variants.
    Prepared data for serialisation in 0.00s
  Pass  (vp, d3d11) finished in 0.00 seconds. Local cache hits 1 (0.00s CPU time), remote cache hits 0 (0.00s CPU time), compiled 0 variants (0.00s CPU time), skipped 0 variants.
    Prepared data for serialisation in 0.00s
  Pass  (fp, d3d11) finished in 0.00 seconds. Local cache hits 1 (0.00s CPU time), remote cache hits 0 (0.00s CPU time), compiled 0 variants (0.00s CPU time), skipped 0 variants.
    Prepared data for serialisation in 0.00s
Serialized binary data for shader Hidden/Internal-GUIRoundedRectWithColorPerBorder in 0.00s
    d3d11 (total internal programs: 4, unique: 2)
Compiling shader "Hidden/Internal-UIRDefault"
  Pass "" (vp)
    Target graphics API: d3d11
    Full variant space:         40
    After settings filtering:   40
    After built-in stripping:   40
    After scriptable stripping: 40
    Processed in 0.00 seconds
  Pass "" (fp)
    Target graphics API: d3d11
    Full variant space:         40
    After settings filtering:   40
    After built-in stripping:   40
    After scriptable stripping: 40
    Processed in 0.00 seconds
  Pass  (vp, d3d11) finished in 0.63 seconds. Local cache hits 0 (0.00s CPU time), remote cache hits 0 (0.00s CPU time), compiled 40 variants (8.03s CPU time), skipped 0 variants.
    Prepared data for serialisation in 0.00s
  Pass  (fp, d3d11) finished in 0.57 seconds. Local cache hits 0 (0.00s CPU time), remote cache hits 0 (0.00s CPU time), compiled 40 variants (6.15s CPU time), skipped 0 variants.
    Prepared data for serialisation in 0.00s
Serialized binary data for shader Hidden/Internal-UIRDefault in 0.00s
    d3d11 (total internal programs: 80, unique: 80)
Compiling shader "Hidden/Internal-UIRAtlasBlitCopy"
  Pass "" (vp)
    Target graphics API: d3d11
    Full variant space:         1
    After settings filtering:   1
    After built-in stripping:   1
    After scriptable stripping: 1
    Processed in 0.00 seconds
  Pass "" (fp)
    Target graphics API: d3d11
    Full variant space:         1
    After settings filtering:   1
    After built-in stripping:   1
    After scriptable stripping: 1
    Processed in 0.00 seconds
  Pass  (vp, d3d11) finished in 0.00 seconds. Local cache hits 1 (0.00s CPU time), remote cache hits 0 (0.00s CPU time), compiled 0 variants (0.00s CPU time), skipped 0 variants.
    Prepared data for serialisation in 0.00s
  Pass  (fp, d3d11) finished in 0.00 seconds. Local cache hits 1 (0.00s CPU time), remote cache hits 0 (0.00s CPU time), compiled 0 variants (0.00s CPU time), skipped 0 variants.
    Prepared data for serialisation in 0.00s
Serialized binary data for shader Hidden/Internal-UIRAtlasBlitCopy in 0.00s
    d3d11 (total internal programs: 2, unique: 2)
Compiling shader "Sprites/Mask"
  Pass "" (vp)
    Target graphics API: d3d11
    Full variant space:         4
    After settings filtering:   4
    After built-in stripping:   4
    After scriptable stripping: 4
    Processed in 0.00 seconds
  Pass "" (fp)
    Target graphics API: d3d11
    Full variant space:         4
    After settings filtering:   4
    After built-in stripping:   4
    After scriptable stripping: 4
    Processed in 0.00 seconds
  Pass  (vp, d3d11) finished in 0.06 seconds. Local cache hits 0 (0.00s CPU time), remote cache hits 0 (0.00s CPU time), compiled 4 variants (0.19s CPU time), skipped 0 variants.
    Prepared data for serialisation in 0.00s
  Pass  (fp, d3d11) finished in 0.06 seconds. Local cache hits 0 (0.00s CPU time), remote cache hits 0 (0.00s CPU time), compiled 4 variants (0.16s CPU time), skipped 0 variants.
    Prepared data for serialisation in 0.00s
Serialized binary data for shader Sprites/Mask in 0.00s
    d3d11 (total internal programs: 8, unique: 8)
Compiling shader "Hidden/VR/BlitTexArraySlice"
  Pass "" (vp)
    Target graphics API: d3d11
    Full variant space:         1
    After settings filtering:   1
    After built-in stripping:   1
    After scriptable stripping: 1
    Processed in 0.00 seconds
  Pass "" (fp)
    Target graphics API: d3d11
    Full variant space:         1
    After settings filtering:   1
    After built-in stripping:   1
    After scriptable stripping: 1
    Processed in 0.00 seconds
  Pass  (vp, d3d11) finished in 0.03 seconds. Local cache hits 0 (0.00s CPU time), remote cache hits 0 (0.00s CPU time), compiled 1 variants (0.03s CPU time), skipped 0 variants.
    Prepared data for serialisation in 0.00s
  Pass  (fp, d3d11) finished in 0.03 seconds. Local cache hits 0 (0.00s CPU time), remote cache hits 0 (0.00s CPU time), compiled 1 variants (0.02s CPU time), skipped 0 variants.
    Prepared data for serialisation in 0.00s
Serialized binary data for shader Hidden/VR/BlitTexArraySlice in 0.00s
    d3d11 (total internal programs: 2, unique: 2)
Compiling shader "Hidden/Internal-ODSWorldTexture"
  Pass "" (vp)
    Target graphics API: d3d11
    Full variant space:         1
    After settings filtering:   1
    After built-in stripping:   1
    After scriptable stripping: 1
    Processed in 0.00 seconds
  Pass "" (fp)
    Target graphics API: d3d11
    Full variant space:         1
    After settings filtering:   1
    After built-in stripping:   1
    After scriptable stripping: 1
    Processed in 0.00 seconds
  Pass "" (vp)
    Target graphics API: d3d11
    Full variant space:         1
    After settings filtering:   1
    After built-in stripping:   1
    After scriptable stripping: 1
    Processed in 0.00 seconds
  Pass "" (fp)
    Target graphics API: d3d11
    Full variant space:         1
    After settings filtering:   1
    After built-in stripping:   1
    After scriptable stripping: 1
    Processed in 0.00 seconds
  Pass "" (vp)
    Target graphics API: d3d11
    Full variant space:         1
    After settings filtering:   1
    After built-in stripping:   1
    After scriptable stripping: 1
    Processed in 0.00 seconds
  Pass "" (fp)
    Target graphics API: d3d11
    Full variant space:         1
    After settings filtering:   1
    After built-in stripping:   1
    After scriptable stripping: 1
    Processed in 0.00 seconds
  Pass "" (vp)
    Target graphics API: d3d11
    Full variant space:         1
    After settings filtering:   1
    After built-in stripping:   1
    After scriptable stripping: 1
    Processed in 0.00 seconds
  Pass "" (fp)
    Target graphics API: d3d11
    Full variant space:         1
    After settings filtering:   1
    After built-in stripping:   1
    After scriptable stripping: 1
    Processed in 0.01 seconds
  Pass "" (vp)
    Target graphics API: d3d11
    Full variant space:         1
    After settings filtering:   1
    After built-in stripping:   1
    After scriptable stripping: 1
    Processed in 0.00 seconds
  Pass "" (fp)
    Target graphics API: d3d11
    Full variant space:         1
    After settings filtering:   1
    After built-in stripping:   1
    After scriptable stripping: 1
    Processed in 0.00 seconds
  Pass "" (vp)
    Target graphics API: d3d11
    Full variant space:         1
    After settings filtering:   1
    After built-in stripping:   1
    After scriptable stripping: 1
    Processed in 0.00 seconds
  Pass "" (fp)
    Target graphics API: d3d11
    Full variant space:         1
    After settings filtering:   1
    After built-in stripping:   1
    After scriptable stripping: 1
    Processed in 0.00 seconds
  Pass "" (vp)
    Target graphics API: d3d11
    Full variant space:         1
    After settings filtering:   1
    After built-in stripping:   1
    After scriptable stripping: 1
    Processed in 0.00 seconds
  Pass "" (fp)
    Target graphics API: d3d11
    Full variant space:         1
    After settings filtering:   1
    After built-in stripping:   1
    After scriptable stripping: 1
    Processed in 0.00 seconds
  Pass "" (vp)
    Target graphics API: d3d11
    Full variant space:         1
    After settings filtering:   1
    After built-in stripping:   1
    After scriptable stripping: 1
    Processed in 0.00 seconds
  Pass "" (fp)
    Target graphics API: d3d11
    Full variant space:         1
    After settings filtering:   1
    After built-in stripping:   1
    After scriptable stripping: 1
    Processed in 0.00 seconds
  Pass "" (vp)
    Target graphics API: d3d11
    Full variant space:         1
    After settings filtering:   1
    After built-in stripping:   1
    After scriptable stripping: 1
    Processed in 0.00 seconds
  Pass "" (fp)
    Target graphics API: d3d11
    Full variant space:         1
    After settings filtering:   1
    After built-in stripping:   1
    After scriptable stripping: 1
    Processed in 0.00 seconds
  Pass "" (vp)
    Target graphics API: d3d11
    Full variant space:         1
    After settings filtering:   1
    After built-in stripping:   1
    After scriptable stripping: 1
    Processed in 0.00 seconds
  Pass "" (fp)
    Target graphics API: d3d11
    Full variant space:         1
    After settings filtering:   1
    After built-in stripping:   1
    After scriptable stripping: 1
    Processed in 0.00 seconds
  Pass  (vp, d3d11) finished in 0.11 seconds. Local cache hits 0 (0.00s CPU time), remote cache hits 0 (0.00s CPU time), compiled 1 variants (0.06s CPU time), skipped 0 variants.
    Prepared data for serialisation in 0.00s
  Pass  (fp, d3d11) finished in 0.11 seconds. Local cache hits 0 (0.00s CPU time), remote cache hits 0 (0.00s CPU time), compiled 1 variants (0.03s CPU time), skipped 0 variants.
    Prepared data for serialisation in 0.00s
  Pass  (vp, d3d11) finished in 0.11 seconds. Local cache hits 0 (0.00s CPU time), remote cache hits 0 (0.00s CPU time), compiled 1 variants (0.08s CPU time), skipped 0 variants.
    Prepared data for serialisation in 0.00s
  Pass  (fp, d3d11) finished in 0.11 seconds. Local cache hits 0 (0.00s CPU time), remote cache hits 0 (0.00s CPU time), compiled 1 variants (0.03s CPU time), skipped 0 variants.
    Prepared data for serialisation in 0.00s
  Pass  (vp, d3d11) finished in 0.15 seconds. Local cache hits 0 (0.00s CPU time), remote cache hits 0 (0.00s CPU time), compiled 1 variants (0.15s CPU time), skipped 0 variants.
    Prepared data for serialisation in 0.00s
  Pass  (fp, d3d11) finished in 0.15 seconds. Local cache hits 0 (0.00s CPU time), remote cache hits 0 (0.00s CPU time), compiled 1 variants (0.09s CPU time), skipped 0 variants.
    Prepared data for serialisation in 0.00s
  Pass  (vp, d3d11) finished in 0.17 seconds. Local cache hits 0 (0.00s CPU time), remote cache hits 0 (0.00s CPU time), compiled 1 variants (0.17s CPU time), skipped 0 variants.
    Prepared data for serialisation in 0.00s
  Pass  (fp, d3d11) finished in 0.17 seconds. Local cache hits 0 (0.00s CPU time), remote cache hits 0 (0.00s CPU time), compiled 1 variants (0.08s CPU time), skipped 0 variants.
    Prepared data for serialisation in 0.00s
  Pass  (vp, d3d11) finished in 0.17 seconds. Local cache hits 0 (0.00s CPU time), remote cache hits 0 (0.00s CPU time), compiled 1 variants (0.08s CPU time), skipped 0 variants.
    Prepared data for serialisation in 0.00s
  Pass  (fp, d3d11) finished in 0.16 seconds. Local cache hits 0 (0.00s CPU time), remote cache hits 0 (0.00s CPU time), compiled 1 variants (0.04s CPU time), skipped 0 variants.
    Prepared data for serialisation in 0.00s
  Pass  (vp, d3d11) finished in 0.15 seconds. Local cache hits 0 (0.00s CPU time), remote cache hits 0 (0.00s CPU time), compiled 1 variants (0.10s CPU time), skipped 0 variants.
    Prepared data for serialisation in 0.00s
  Pass  (fp, d3d11) finished in 0.15 seconds. Local cache hits 0 (0.00s CPU time), remote cache hits 0 (0.00s CPU time), compiled 1 variants (0.07s CPU time), skipped 0 variants.
    Prepared data for serialisation in 0.00s
  Pass  (vp, d3d11) finished in 0.14 seconds. Local cache hits 0 (0.00s CPU time), remote cache hits 0 (0.00s CPU time), compiled 1 variants (0.08s CPU time), skipped 0 variants.
    Prepared data for serialisation in 0.00s
  Pass  (fp, d3d11) finished in 0.14 seconds. Local cache hits 0 (0.00s CPU time), remote cache hits 0 (0.00s CPU time), compiled 1 variants (0.04s CPU time), skipped 0 variants.
    Prepared data for serialisation in 0.00s
  Pass  (vp, d3d11) finished in 0.14 seconds. Local cache hits 0 (0.00s CPU time), remote cache hits 0 (0.00s CPU time), compiled 1 variants (0.07s CPU time), skipped 0 variants.
    Prepared data for serialisation in 0.00s
  Pass  (fp, d3d11) finished in 0.13 seconds. Local cache hits 0 (0.00s CPU time), remote cache hits 0 (0.00s CPU time), compiled 1 variants (0.07s CPU time), skipped 0 variants.
    Prepared data for serialisation in 0.00s
  Pass  (vp, d3d11) finished in 0.13 seconds. Local cache hits 0 (0.00s CPU time), remote cache hits 0 (0.00s CPU time), compiled 1 variants (0.11s CPU time), skipped 0 variants.
    Prepared data for serialisation in 0.00s
  Pass  (fp, d3d11) finished in 0.13 seconds. Local cache hits 0 (0.00s CPU time), remote cache hits 0 (0.00s CPU time), compiled 1 variants (0.05s CPU time), skipped 0 variants.
    Prepared data for serialisation in 0.00s
  Pass  (vp, d3d11) finished in 0.12 seconds. Local cache hits 0 (0.00s CPU time), remote cache hits 0 (0.00s CPU time), compiled 1 variants (0.11s CPU time), skipped 0 variants.
    Prepared data for serialisation in 0.00s
  Pass  (fp, d3d11) finished in 0.10 seconds. Local cache hits 0 (0.00s CPU time), remote cache hits 0 (0.00s CPU time), compiled 1 variants (0.05s CPU time), skipped 0 variants.
    Prepared data for serialisation in 0.00s
Serialized binary data for shader Hidden/Internal-ODSWorldTexture in 0.00s
    d3d11 (total internal programs: 20, unique: 15)
Compiling shader "Hidden/Internal-CubemapToEquirect"
  Pass "" (vp)
    Target graphics API: d3d11
    Full variant space:         1
    After settings filtering:   1
    After built-in stripping:   1
    After scriptable stripping: 1
    Processed in 0.00 seconds
  Pass "" (fp)
    Target graphics API: d3d11
    Full variant space:         1
    After settings filtering:   1
    After built-in stripping:   1
    After scriptable stripping: 1
    Processed in 0.00 seconds
  Pass  (vp, d3d11) finished in 0.02 seconds. Local cache hits 0 (0.00s CPU time), remote cache hits 0 (0.00s CPU time), compiled 1 variants (0.02s CPU time), skipped 0 variants.
    Prepared data for serialisation in 0.00s
  Pass  (fp, d3d11) finished in 0.02 seconds. Local cache hits 0 (0.00s CPU time), remote cache hits 0 (0.00s CPU time), compiled 1 variants (0.02s CPU time), skipped 0 variants.
    Prepared data for serialisation in 0.00s
Serialized binary data for shader Hidden/Internal-CubemapToEquirect in 0.00s
    d3d11 (total internal programs: 2, unique: 2)
Compiling shader "Hidden/VR/BlitFromTex2DToTexArraySlice"
  Pass "" (vp)
    Target graphics API: d3d11
    Full variant space:         1
    After settings filtering:   1
    After built-in stripping:   1
    After scriptable stripping: 1
    Processed in 0.00 seconds
  Pass "" (fp)
    Target graphics API: d3d11
    Full variant space:         1
    After settings filtering:   1
    After built-in stripping:   1
    After scriptable stripping: 1
    Processed in 0.00 seconds
  Pass "" (vp)
    Target graphics API: d3d11
    Full variant space:         1
    After settings filtering:   1
    After built-in stripping:   1
    After scriptable stripping: 1
    Processed in 0.00 seconds
  Pass "" (fp)
    Target graphics API: d3d11
    Full variant space:         1
    After settings filtering:   1
    After built-in stripping:   1
    After scriptable stripping: 1
    Processed in 0.00 seconds
  Pass "" (gp)
    Target graphics API: d3d11
    Full variant space:         1
    After settings filtering:   1
    After built-in stripping:   1
    After scriptable stripping: 1
    Processed in 0.00 seconds
  Pass  (vp, d3d11) finished in 0.04 seconds. Local cache hits 0 (0.00s CPU time), remote cache hits 0 (0.00s CPU time), compiled 1 variants (0.04s CPU time), skipped 0 variants.
    Prepared data for serialisation in 0.00s
  Pass  (fp, d3d11) finished in 0.04 seconds. Local cache hits 0 (0.00s CPU time), remote cache hits 0 (0.00s CPU time), compiled 1 variants (0.03s CPU time), skipped 0 variants.
    Prepared data for serialisation in 0.00s
  Pass  (vp, d3d11) finished in 0.04 seconds. Local cache hits 0 (0.00s CPU time), remote cache hits 0 (0.00s CPU time), compiled 1 variants (0.03s CPU time), skipped 0 variants.
    Prepared data for serialisation in 0.00s
  Pass  (fp, d3d11) finished in 0.04 seconds. Local cache hits 0 (0.00s CPU time), remote cache hits 0 (0.00s CPU time), compiled 1 variants (0.03s CPU time), skipped 0 variants.
    Prepared data for serialisation in 0.00s
  Pass  (gp, d3d11) finished in 0.04 seconds. Local cache hits 0 (0.00s CPU time), remote cache hits 0 (0.00s CPU time), compiled 1 variants (0.02s CPU time), skipped 0 variants.
    Prepared data for serialisation in 0.00s
Serialized binary data for shader Hidden/VR/BlitFromTex2DToTexArraySlice in 0.00s
    d3d11 (total internal programs: 5, unique: 5)
Compiling shader "Hidden/VideoComposite"
  Pass "Default" (vp)
    Target graphics API: d3d11
    Full variant space:         1
    After settings filtering:   1
    After built-in stripping:   1
    After scriptable stripping: 1
    Processed in 0.00 seconds
  Pass "Default" (fp)
    Target graphics API: d3d11
    Full variant space:         1
    After settings filtering:   1
    After built-in stripping:   1
    After scriptable stripping: 1
    Processed in 0.00 seconds
  Pass Default (vp, d3d11) finished in 0.03 seconds. Local cache hits 0 (0.00s CPU time), remote cache hits 0 (0.00s CPU time), compiled 1 variants (0.03s CPU time), skipped 0 variants.
    Prepared data for serialisation in 0.00s
  Pass Default (fp, d3d11) finished in 0.03 seconds. Local cache hits 0 (0.00s CPU time), remote cache hits 0 (0.00s CPU time), compiled 1 variants (0.02s CPU time), skipped 0 variants.
    Prepared data for serialisation in 0.00s
Serialized binary data for shader Hidden/VideoComposite in 0.00s
    d3d11 (total internal programs: 2, unique: 2)
Compiling shader "Hidden/VideoDecode"
  Pass "YCbCr_To_RGB1" (vp)
    Target graphics API: d3d11
    Full variant space:         2
    After settings filtering:   2
    After built-in stripping:   2
    After scriptable stripping: 2
    Processed in 0.00 seconds
  Pass "YCbCr_To_RGB1" (fp)
    Target graphics API: d3d11
    Full variant space:         2
    After settings filtering:   2
    After built-in stripping:   2
    After scriptable stripping: 2
    Processed in 0.00 seconds
  Pass "YCbCrA_To_RGBAFull" (vp)
    Target graphics API: d3d11
    Full variant space:         2
    After settings filtering:   2
    After built-in stripping:   2
    After scriptable stripping: 2
    Processed in 0.00 seconds
  Pass "YCbCrA_To_RGBAFull" (fp)
    Target graphics API: d3d11
    Full variant space:         2
    After settings filtering:   2
    After built-in stripping:   2
    After scriptable stripping: 2
    Processed in 0.00 seconds
  Pass "YCbCrA_To_RGBA" (vp)
    Target graphics API: d3d11
    Full variant space:         2
    After settings filtering:   2
    After built-in stripping:   2
    After scriptable stripping: 2
    Processed in 0.00 seconds
  Pass "YCbCrA_To_RGBA" (fp)
    Target graphics API: d3d11
    Full variant space:         2
    After settings filtering:   2
    After built-in stripping:   2
    After scriptable stripping: 2
    Processed in 0.00 seconds
  Pass "Flip_RGBA_To_RGBA" (vp)
    Target graphics API: d3d11
    Full variant space:         2
    After settings filtering:   2
    After built-in stripping:   2
    After scriptable stripping: 2
    Processed in 0.00 seconds
  Pass "Flip_RGBA_To_RGBA" (fp)
    Target graphics API: d3d11
    Full variant space:         2
    After settings filtering:   2
    After built-in stripping:   2
    After scriptable stripping: 2
    Processed in 0.00 seconds
  Pass "Flip_RGBASplit_To_RGBA" (vp)
    Target graphics API: d3d11
    Full variant space:         2
    After settings filtering:   2
    After built-in stripping:   2
    After scriptable stripping: 2
    Processed in 0.00 seconds
  Pass "Flip_RGBASplit_To_RGBA" (fp)
    Target graphics API: d3d11
    Full variant space:         2
    After settings filtering:   2
    After built-in stripping:   2
    After scriptable stripping: 2
    Processed in 0.00 seconds
  Pass "Flip_NV12_To_RGB1" (vp)
    Target graphics API: d3d11
    Full variant space:         2
    After settings filtering:   2
    After built-in stripping:   2
    After scriptable stripping: 2
    Processed in 0.00 seconds
  Pass "Flip_NV12_To_RGB1" (fp)
    Target graphics API: d3d11
    Full variant space:         2
    After settings filtering:   2
    After built-in stripping:   2
    After scriptable stripping: 2
    Processed in 0.00 seconds
  Pass "Flip_NV12_To_RGBA" (vp)
    Target graphics API: d3d11
    Full variant space:         2
    After settings filtering:   2
    After built-in stripping:   2
    After scriptable stripping: 2
    Processed in 0.00 seconds
  Pass "Flip_NV12_To_RGBA" (fp)
    Target graphics API: d3d11
    Full variant space:         2
    After settings filtering:   2
    After built-in stripping:   2
    After scriptable stripping: 2
    Processed in 0.00 seconds
  Pass "Flip_P010_To_RGB1" (vp)
    Target graphics API: d3d11
    Full variant space:         1
    After settings filtering:   1
    After built-in stripping:   1
    After scriptable stripping: 1
    Processed in 0.00 seconds
  Pass "Flip_P010_To_RGB1" (fp)
    Target graphics API: d3d11
    Full variant space:         1
    After settings filtering:   1
    After built-in stripping:   1
    After scriptable stripping: 1
    Processed in 0.00 seconds
  Pass YCbCr_To_RGB1 (vp, d3d11) finished in 0.14 seconds. Local cache hits 0 (0.00s CPU time), remote cache hits 0 (0.00s CPU time), compiled 2 variants (0.19s CPU time), skipped 0 variants.
    Prepared data for serialisation in 0.00s
  Pass YCbCr_To_RGB1 (fp, d3d11) finished in 0.14 seconds. Local cache hits 0 (0.00s CPU time), remote cache hits 0 (0.00s CPU time), compiled 2 variants (0.10s CPU time), skipped 0 variants.
    Prepared data for serialisation in 0.00s
  Pass YCbCrA_To_RGBAFull (vp, d3d11) finished in 0.14 seconds. Local cache hits 0 (0.00s CPU time), remote cache hits 0 (0.00s CPU time), compiled 2 variants (0.16s CPU time), skipped 0 variants.
    Prepared data for serialisation in 0.00s
  Pass YCbCrA_To_RGBAFull (fp, d3d11) finished in 0.14 seconds. Local cache hits 0 (0.00s CPU time), remote cache hits 0 (0.00s CPU time), compiled 2 variants (0.09s CPU time), skipped 0 variants.
    Prepared data for serialisation in 0.00s
  Pass YCbCrA_To_RGBA (vp, d3d11) finished in 0.13 seconds. Local cache hits 0 (0.00s CPU time), remote cache hits 0 (0.00s CPU time), compiled 2 variants (0.19s CPU time), skipped 0 variants.
    Prepared data for serialisation in 0.00s
  Pass YCbCrA_To_RGBA (fp, d3d11) finished in 0.10 seconds. Local cache hits 0 (0.00s CPU time), remote cache hits 0 (0.00s CPU time), compiled 2 variants (0.10s CPU time), skipped 0 variants.
    Prepared data for serialisation in 0.00s
  Pass Flip_RGBA_To_RGBA (vp, d3d11) finished in 0.10 seconds. Local cache hits 0 (0.00s CPU time), remote cache hits 0 (0.00s CPU time), compiled 2 variants (0.13s CPU time), skipped 0 variants.
    Prepared data for serialisation in 0.00s
  Pass Flip_RGBA_To_RGBA (fp, d3d11) finished in 0.11 seconds. Local cache hits 0 (0.00s CPU time), remote cache hits 0 (0.00s CPU time), compiled 2 variants (0.19s CPU time), skipped 0 variants.
    Prepared data for serialisation in 0.00s
  Pass Flip_RGBASplit_To_RGBA (vp, d3d11) finished in 0.13 seconds. Local cache hits 0 (0.00s CPU time), remote cache hits 0 (0.00s CPU time), compiled 2 variants (0.20s CPU time), skipped 0 variants.
    Prepared data for serialisation in 0.00s
  Pass Flip_RGBASplit_To_RGBA (fp, d3d11) finished in 0.12 seconds. Local cache hits 0 (0.00s CPU time), remote cache hits 0 (0.00s CPU time), compiled 2 variants (0.08s CPU time), skipped 0 variants.
    Prepared data for serialisation in 0.00s
  Pass Flip_NV12_To_RGB1 (vp, d3d11) finished in 0.12 seconds. Local cache hits 0 (0.00s CPU time), remote cache hits 0 (0.00s CPU time), compiled 2 variants (0.19s CPU time), skipped 0 variants.
    Prepared data for serialisation in 0.00s
  Pass Flip_NV12_To_RGB1 (fp, d3d11) finished in 0.09 seconds. Local cache hits 0 (0.00s CPU time), remote cache hits 0 (0.00s CPU time), compiled 2 variants (0.10s CPU time), skipped 0 variants.
    Prepared data for serialisation in 0.00s
  Pass Flip_NV12_To_RGBA (vp, d3d11) finished in 0.09 seconds. Local cache hits 0 (0.00s CPU time), remote cache hits 0 (0.00s CPU time), compiled 2 variants (0.12s CPU time), skipped 0 variants.
    Prepared data for serialisation in 0.00s
  Pass Flip_NV12_To_RGBA (fp, d3d11) finished in 0.08 seconds. Local cache hits 0 (0.00s CPU time), remote cache hits 0 (0.00s CPU time), compiled 2 variants (0.11s CPU time), skipped 0 variants.
    Prepared data for serialisation in 0.00s
  Pass Flip_P010_To_RGB1 (vp, d3d11) finished in 0.07 seconds. Local cache hits 0 (0.00s CPU time), remote cache hits 0 (0.00s CPU time), compiled 1 variants (0.07s CPU time), skipped 0 variants.
    Prepared data for serialisation in 0.00s
  Pass Flip_P010_To_RGB1 (fp, d3d11) finished in 0.07 seconds. Local cache hits 0 (0.00s CPU time), remote cache hits 0 (0.00s CPU time), compiled 1 variants (0.06s CPU time), skipped 0 variants.
    Prepared data for serialisation in 0.00s
Serialized binary data for shader Hidden/VideoDecode in 0.00s
    d3d11 (total internal programs: 30, unique: 19)
Compiling shader "Hidden/TextCore/Distance Field SSD"
  Pass "" (vp)
    Target graphics API: d3d11
    Full variant space:         1
    After settings filtering:   1
    After built-in stripping:   1
    After scriptable stripping: 1
    Processed in 0.00 seconds
  Pass "" (fp)
    Target graphics API: d3d11
    Full variant space:         1
    After settings filtering:   1
    After built-in stripping:   1
    After scriptable stripping: 1
    Processed in 0.00 seconds
  Pass  (vp, d3d11) finished in 0.04 seconds. Local cache hits 0 (0.00s CPU time), remote cache hits 0 (0.00s CPU time), compiled 1 variants (0.04s CPU time), skipped 0 variants.
    Prepared data for serialisation in 0.00s
  Pass  (fp, d3d11) finished in 0.04 seconds. Local cache hits 0 (0.00s CPU time), remote cache hits 0 (0.00s CPU time), compiled 1 variants (0.03s CPU time), skipped 0 variants.
    Prepared data for serialisation in 0.00s
Serialized binary data for shader Hidden/TextCore/Distance Field SSD in 0.00s
    d3d11 (total internal programs: 2, unique: 2)
Compiling shader "Hidden/Physics2D/SDF_CircleGeometry"
  Pass "" (vp)
    Target graphics API: d3d11
    Full variant space:         2
    After settings filtering:   2
    After built-in stripping:   1
    After scriptable stripping: 1
    Processed in 0.00 seconds
  Pass "" (fp)
    Target graphics API: d3d11
    Full variant space:         2
    After settings filtering:   2
    After built-in stripping:   1
    After scriptable stripping: 1
    Processed in 0.00 seconds
  Pass  (vp, d3d11) finished in 0.05 seconds. Local cache hits 0 (0.00s CPU time), remote cache hits 0 (0.00s CPU time), compiled 1 variants (0.05s CPU time), skipped 0 variants.
    Prepared data for serialisation in 0.00s
  Pass  (fp, d3d11) finished in 0.05 seconds. Local cache hits 0 (0.00s CPU time), remote cache hits 0 (0.00s CPU time), compiled 1 variants (0.04s CPU time), skipped 0 variants.
    Prepared data for serialisation in 0.00s
Serialized binary data for shader Hidden/Physics2D/SDF_CircleGeometry in 0.00s
    d3d11 (total internal programs: 2, unique: 2)
Compiling shader "Hidden/Physics2D/SDF_CapsuleGeometry"
  Pass "" (vp)
    Target graphics API: d3d11
    Full variant space:         2
    After settings filtering:   2
    After built-in stripping:   1
    After scriptable stripping: 1
    Processed in 0.00 seconds
  Pass "" (fp)
    Target graphics API: d3d11
    Full variant space:         2
    After settings filtering:   2
    After built-in stripping:   1
    After scriptable stripping: 1
    Processed in 0.00 seconds
  Pass  (vp, d3d11) finished in 0.05 seconds. Local cache hits 0 (0.00s CPU time), remote cache hits 0 (0.00s CPU time), compiled 1 variants (0.05s CPU time), skipped 0 variants.
    Prepared data for serialisation in 0.00s
  Pass  (fp, d3d11) finished in 0.05 seconds. Local cache hits 0 (0.00s CPU time), remote cache hits 0 (0.00s CPU time), compiled 1 variants (0.04s CPU time), skipped 0 variants.
    Prepared data for serialisation in 0.00s
Serialized binary data for shader Hidden/Physics2D/SDF_CapsuleGeometry in 0.00s
    d3d11 (total internal programs: 2, unique: 2)
Compiling shader "Hidden/Physics2D/SDF_PolygonGeometry"
  Pass "" (vp)
    Target graphics API: d3d11
    Full variant space:         2
    After settings filtering:   2
    After built-in stripping:   1
    After scriptable stripping: 1
    Processed in 0.00 seconds
  Pass "" (fp)
    Target graphics API: d3d11
    Full variant space:         2
    After settings filtering:   2
    After built-in stripping:   1
    After scriptable stripping: 1
    Processed in 0.00 seconds
  Pass  (vp, d3d11) finished in 0.15 seconds. Local cache hits 0 (0.00s CPU time), remote cache hits 0 (0.00s CPU time), compiled 1 variants (0.15s CPU time), skipped 0 variants.
    Prepared data for serialisation in 0.00s
  Pass  (fp, d3d11) finished in 0.19 seconds. Local cache hits 0 (0.00s CPU time), remote cache hits 0 (0.00s CPU time), compiled 1 variants (0.19s CPU time), skipped 0 variants.
    Prepared data for serialisation in 0.00s
Serialized binary data for shader Hidden/Physics2D/SDF_PolygonGeometry in 0.00s
    d3d11 (total internal programs: 2, unique: 2)
Compiling shader "Hidden/Physics2D/SDF_Line"
  Pass "" (vp)
    Target graphics API: d3d11
    Full variant space:         2
    After settings filtering:   2
    After built-in stripping:   1
    After scriptable stripping: 1
    Processed in 0.00 seconds
  Pass "" (fp)
    Target graphics API: d3d11
    Full variant space:         2
    After settings filtering:   2
    After built-in stripping:   1
    After scriptable stripping: 1
    Processed in 0.00 seconds
  Pass  (vp, d3d11) finished in 0.06 seconds. Local cache hits 0 (0.00s CPU time), remote cache hits 0 (0.00s CPU time), compiled 1 variants (0.06s CPU time), skipped 0 variants.
    Prepared data for serialisation in 0.00s
  Pass  (fp, d3d11) finished in 0.06 seconds. Local cache hits 0 (0.00s CPU time), remote cache hits 0 (0.00s CPU time), compiled 1 variants (0.04s CPU time), skipped 0 variants.
    Prepared data for serialisation in 0.00s
Serialized binary data for shader Hidden/Physics2D/SDF_Line in 0.00s
    d3d11 (total internal programs: 2, unique: 2)
Compiling shader "Hidden/Physics2D/SDF_Point"
  Pass "" (vp)
    Target graphics API: d3d11
    Full variant space:         2
    After settings filtering:   2
    After built-in stripping:   1
    After scriptable stripping: 1
    Processed in 0.00 seconds
  Pass "" (fp)
    Target graphics API: d3d11
    Full variant space:         2
    After settings filtering:   2
    After built-in stripping:   1
    After scriptable stripping: 1
    Processed in 0.00 seconds
  Pass  (vp, d3d11) finished in 0.06 seconds. Local cache hits 0 (0.00s CPU time), remote cache hits 0 (0.00s CPU time), compiled 1 variants (0.06s CPU time), skipped 0 variants.
    Prepared data for serialisation in 0.00s
  Pass  (fp, d3d11) finished in 0.06 seconds. Local cache hits 0 (0.00s CPU time), remote cache hits 0 (0.00s CPU time), compiled 1 variants (0.03s CPU time), skipped 0 variants.
    Prepared data for serialisation in 0.00s
Serialized binary data for shader Hidden/Physics2D/SDF_Point in 0.00s
    d3d11 (total internal programs: 2, unique: 2)
SpriteAtlasDatabase::Cleanup
Starting: C:\Program Files\Unity\Hub\Editor\6000.3.21f1\Editor\Data\Tools\BuildPipeline\bee_backend.exe --ipc --dagfile="Library/Bee/Player4dffed0c.dag" --profile="Library/Bee/backend1.traceevents" Player
WorkingDir: C:/Users/田尻大翔/Documents/Codex/2026-08-07/new-chat/outputs/HimoHitoPrototype/.codex_tmp/Tutorial2p5DProof_20261001/ProofProject
Starting: C:\Program Files\Unity\Hub\Editor\6000.3.21f1\Editor\Data\netcorerun\netcorerun.exe "C:\Program Files\Unity\Hub\Editor\6000.3.21f1\Editor\Data\PlaybackEngines\WindowsStandaloneSupport\WinPlayerBuildProgram.exe" "C:/Program Files/Unity/Hub/Editor/6000.3.21f1/Editor/Data/PlaybackEngines/WindowsStandaloneSupport/Bee;C:/Program Files/Unity/Hub/Editor/6000.3.21f1/Editor/Data/Tools/BuildPipeline" "Library/Bee/Player4dffed0c.dag.json" "Library/Bee/Player4dffed0c-inputdata.json" "Library\Bee\buildprogram0.traceevents"
WorkingDir: C:/Users/田尻大翔/Documents/Codex/2026-08-07/new-chat/outputs/HimoHitoPrototype/.codex_tmp/Tutorial2p5DProof_20261001/ProofProject
ExitCode: 4 Duration: 0s87ms
DisplayProgressbar: Incremental Player Build
ExitCode: 0 Duration: 1s188ms
Starting: C:\Program Files\Unity\Hub\Editor\6000.3.21f1\Editor\Data\Tools\BuildPipeline\bee_backend.exe --ipc --dagfile="Library/Bee/Player4dffed0c.dag" --dagfilejson="Library\Bee\Player4dffed0c.dag.json" --profile="Library/Bee/backend2.traceevents" Player
WorkingDir: C:/Users/田尻大翔/Documents/Codex/2026-08-07/new-chat/outputs/HimoHitoPrototype/.codex_tmp/Tutorial2p5DProof_20261001/ProofProject
Starting: C:\Program Files\Unity\Hub\Editor\6000.3.21f1\Editor\Data\netcorerun\netcorerun.exe "C:\Program Files\Unity\Hub\Editor\6000.3.21f1\Editor\Data\PlaybackEngines\WindowsStandaloneSupport\WinPlayerBuildProgram.exe" "C:/Program Files/Unity/Hub/Editor/6000.3.21f1/Editor/Data/PlaybackEngines/WindowsStandaloneSupport/Bee;C:/Program Files/Unity/Hub/Editor/6000.3.21f1/Editor/Data/Tools/BuildPipeline" "Library/Bee/Player4dffed0c.dag.json" "Library/Bee/Player4dffed0c-inputdata.json" "Library\Bee\buildprogram1.traceevents"
WorkingDir: C:/Users/田尻大翔/Documents/Codex/2026-08-07/new-chat/outputs/HimoHitoPrototype/.codex_tmp/Tutorial2p5DProof_20261001/ProofProject
ExitCode: 4 Duration: 9s525ms
ExitCode: 0 Duration: 1s67ms
Starting: C:\Program Files\Unity\Hub\Editor\6000.3.21f1\Editor\Data\Tools\BuildPipeline\bee_backend.exe --ipc --dagfile="Library/Bee/Player4dffed0c.dag" --dagfilejson="Library\Bee\Player4dffed0c.dag.json" --profile="Library/Bee/backend3.traceevents" Player
WorkingDir: C:/Users/田尻大翔/Documents/Codex/2026-08-07/new-chat/outputs/HimoHitoPrototype/.codex_tmp/Tutorial2p5DProof_20261001/ProofProject
Starting: C:\Program Files\Unity\Hub\Editor\6000.3.21f1\Editor\Data\netcorerun\netcorerun.exe "C:\Program Files\Unity\Hub\Editor\6000.3.21f1\Editor\Data\PlaybackEngines\WindowsStandaloneSupport\WinPlayerBuildProgram.exe" "C:/Program Files/Unity/Hub/Editor/6000.3.21f1/Editor/Data/PlaybackEngines/WindowsStandaloneSupport/Bee;C:/Program Files/Unity/Hub/Editor/6000.3.21f1/Editor/Data/Tools/BuildPipeline" "Library/Bee/Player4dffed0c.dag.json" "Library/Bee/Player4dffed0c-inputdata.json" "Library\Bee\buildprogram2.traceevents"
WorkingDir: C:/Users/田尻大翔/Documents/Codex/2026-08-07/new-chat/outputs/HimoHitoPrototype/.codex_tmp/Tutorial2p5DProof_20261001/ProofProject
ExitCode: 4 Duration: 9s796ms
ExitCode: 0 Duration: 1s66ms
Starting: C:\Program Files\Unity\Hub\Editor\6000.3.21f1\Editor\Data\Tools\BuildPipeline\bee_backend.exe --ipc --dagfile="Library/Bee/Player4dffed0c.dag" --dagfilejson="Library\Bee\Player4dffed0c.dag.json" --profile="Library/Bee/backend4.traceevents" Player
WorkingDir: C:/Users/田尻大翔/Documents/Codex/2026-08-07/new-chat/outputs/HimoHitoPrototype/.codex_tmp/Tutorial2p5DProof_20261001/ProofProject
ExitCode: 0 Duration: 0s398ms
Refreshing native plugins compatible for Editor in 0.00 ms, found 0 plugins.
Preloading 0 native plugins for Editor in 0.00 ms.

-------------------------------------------------------------------------------
Build Report
Uncompressed usage by category (Percentages based on user generated assets only):
Textures               311.4 mb	 97.6% 
Meshes                 0.0 kb	 0.0% 
Animations             0.0 kb	 0.0% 
Sounds                 928.9 kb	 0.3% 
Shaders                30.3 kb	 0.0% 
Other Assets           6.6 mb	 2.1% 
Levels                 134.9 kb	 0.0% 
File headers           8.5 kb	 0.0% 
Total User Assets      319.1 mb	 100.0% 
Complete build size    401.5 mb
Used Assets and files from the Resources folder, sorted by uncompressed size:
 7.9 mb	 2.0% Assets/Resources/Proof/Tutorial2p5D/Tutorial2p5D_Near.png
 7.9 mb	 2.0% Assets/Resources/Proof/Tutorial2p5D/Tutorial2p5D_Mid.png
 6.0 mb	 1.5% Assets/Resources/Art/TutorialGuideSign-v1.png
 6.0 mb	 1.5% Assets/Resources/Art/HimoHitoCraftHudPanel-v1.png
 6.0 mb	 1.5% Assets/Resources/Art/HimoHitoCraftWoodGrain-v1.png
 6.0 mb	 1.5% Assets/Resources/Art/HimoHitoStageCurtainCloth-v1.png
 6.0 mb	 1.5% Assets/Resources/Art/HimoHitoCraftWoodBlocks-v1.png
 5.9 mb	 1.5% Assets/Resources/Proof/Tutorial2p5D/Tutorial2p5D_Far.png
 4.5 mb	 1.1% Assets/Resources/Art/HimoHitoCraftRecoverySwitch-v1.png
 4.5 mb	 1.1% Assets/Resources/Art/TutorialRailPlatform-v1.png
 4.5 mb	 1.1% Assets/Resources/Art/RecoverySwitch-v1.png
 4.5 mb	 1.1% Assets/Resources/Art/HimoHitoYarnRope-v1.png
 4.5 mb	 1.1% Assets/Resources/Art/HimoHitoCraftRail-v1.png
 4.5 mb	 1.1% Assets/Resources/Art/HimoHitoStageMapBackground-v1.png
 4.5 mb	 1.1% Assets/Resources/Art/HimoHitoControlsBackground-v1.png
 4.5 mb	 1.1% Assets/Resources/Art/TutorialNightChildRoom-v1.png
 4.5 mb	 1.1% Assets/Resources/Art/HimoHitoTitleBackground-v1.png
 4.5 mb	 1.1% Assets/Resources/Art/HimoHitoFailureBackground-v1.png
 4.5 mb	 1.1% Assets/Resources/Art/HimoHitoEndingBackground-v1.png
 4.5 mb	 1.1% Assets/Resources/Art/HimoHitoFarBackground-v1.png
 4.5 mb	 1.1% Assets/Resources/Art/HimoHitoCraftRoomFar-v1.png
 4.5 mb	 1.1% Assets/Resources/Art/HimoHitoCraftRoomMid-v1.png
 4.5 mb	 1.1% Assets/Resources/Art/TutorialToyBoxGoal-v2.png
 4.5 mb	 1.1% Assets/Resources/Art/HimoHitoStageMapPieces-v1.png
 4.5 mb	 1.1% Assets/Resources/Art/HimoHitoStageDiorama-v1.png
 4.5 mb	 1.1% Assets/Resources/Art/HimoHitoCraftSwitchPress-v1.png
 4.5 mb	 1.1% Assets/Resources/Art/TutorialHookConnector-v1.png
 4.5 mb	 1.1% Assets/Resources/Art/HimoHitoSwitchPress-v1.png
 4.5 mb	 1.1% Assets/Resources/Art/HimoHitoCraftWallPush-v1.png
 4.5 mb	 1.1% Assets/Resources/Art/HimoHitoCraftPlayer-v1.png
 4.5 mb	 1.1% Assets/Resources/Art/HimoHitoCraftLanding-v1.png
 4.5 mb	 1.1% Assets/Resources/Art/HimoHitoWallPush-v1.png
 4.5 mb	 1.1% Assets/Resources/Art/HimoHitoPlayer-v1.png
 4.5 mb	 1.1% Assets/Resources/Art/HimoHitoLanding-v1.png
 4.5 mb	 1.1% Assets/Resources/Art/HimoHitoCraftWalk-v1.png
 4.5 mb	 1.1% Assets/Resources/Art/HimoHitoWalk-v3.png
 4.5 mb	 1.1% Assets/Resources/Art/HimoHitoAppIcon-v1.png
 4.5 mb	 1.1% Assets/Resources/Art/HimoHitoStageMapUpcoming-v1.png
 4.5 mb	 1.1% Assets/Resources/Art/HimoHitoCraftHookMount-v1.png
 4.5 mb	 1.1% Assets/Resources/Art/HimoHitoUiParts-v1.png
 4.5 mb	 1.1% Assets/Resources/Art/TutorialBlockPlatform-v1.png
 4.5 mb	 1.1% Assets/Resources/Art/HimoHitoCraftWalkTransitions-v1.png
 4.5 mb	 1.1% Assets/Resources/Art/TutorialRopeAnchorRing-v1.png
 4.5 mb	 1.1% Assets/Resources/Art/HimoHitoWalkTransitions-v1.png
 4.5 mb	 1.1% Assets/Resources/Art/HimoHitoCraftHookGreen-v1.png
 4.5 mb	 1.1% Assets/Resources/Art/HimoHitoCraftGuideSign-v1.png
 4.5 mb	 1.1% Assets/Resources/Art/HimoHitoCraftEdgeBalance-v1.png
 4.5 mb	 1.1% Assets/Resources/Art/HimoHitoCraftChestOpening-v1.png
 4.5 mb	 1.1% Assets/Resources/Art/HimoHitoEdgeBalance-v1.png
 4.5 mb	 1.1% Assets/Resources/Art/HimoHitoCraftWeave-v1.png
 4.5 mb	 1.1% Assets/Resources/Art/HimoHitoCraftSwing-v1.png
 4.5 mb	 1.1% Assets/Resources/Art/HimoHitoCraftSpike-v1.png
 4.5 mb	 1.1% Assets/Resources/Art/HimoHitoCraftHookBlue-v1.png
 4.5 mb	 1.1% Assets/Resources/Art/WoodenToySpike-v1.png
 4.5 mb	 1.1% Assets/Resources/Art/HimoHitoCraftJump-v1.png
 4.5 mb	 1.1% Assets/Resources/Art/HimoHitoCraftIdle-v1.png
 4.5 mb	 1.1% Assets/Resources/Art/HimoHitoCraftGoal-v1.png
 4.5 mb	 1.1% Assets/Resources/Art/HimoHitoCraftAim-v1.png
 4.5 mb	 1.1% Assets/Resources/Art/ToyBoxOpening-v1.png
 4.5 mb	 1.1% Assets/Resources/Art/HimoHitoWeave-v1.png
 4.5 mb	 1.1% Assets/Resources/Art/HimoHitoSwing-v2.png
 4.5 mb	 1.1% Assets/Resources/Art/HimoHitoJump-v2.png
 4.5 mb	 1.1% Assets/Resources/Art/HimoHitoIdle-v1.png
 4.5 mb	 1.1% Assets/Resources/Art/HimoHitoGoal-v1.png
 4.5 mb	 1.1% Assets/Resources/Art/HimoHitoAim-v1.png
 3.4 mb	 0.8% Assets/Resources/Fonts/MPlusRounded1c-Bold.ttf
 3.2 mb	 0.8% Assets/Resources/Fonts/MPlusRounded1c-Regular.ttf
 2.7 mb	 0.7% Built-in Texture2D: Splash Screen Unity Logo
 758.1 kb	 0.2% Assets/Resources/Audio/YasashiiOdori.mp3
 524.9 kb	 0.1% Resources/unity_builtin_extra
 28.7 kb	 0.0% Assets/Resources/Audio/FailurePianoNote.mp3
 21.2 kb	 0.0% Assets/Resources/Audio/GoalTreasureChestOpen.mp3
 20.4 kb	 0.0% Assets/Resources/Audio/UiPaperOpen.mp3
 13.6 kb	 0.0% Assets/Resources/Audio/RopeShotRustling.mp3
 10.9 kb	 0.0% Assets/Resources/Audio/FailureYarnDrop.mp3
 10.5 kb	 0.0% Assets/Resources/Audio/RopeLengthLimitWood.mp3
 9.4 kb	 0.0% Assets/Resources/Audio/PlayerLandingStep.mp3
 9.4 kb	 0.0% Assets/Resources/Audio/RopeAttachMissWhoosh.mp3
 7.1 kb	 0.0% Assets/Resources/Audio/GoalClearXylophone.mp3
 6.9 kb	 0.0% Assets/Resources/HangingDecorSway.shader
 6.6 kb	 0.0% Assets/Resources/Audio/RopePlatformBuildWood.ogg
 5.8 kb	 0.0% Assets/Resources/RespawnWeave.shader
 5.5 kb	 0.0% Assets/Resources/TutorialSignGreeting.shader
 4.9 kb	 0.0% Assets/Resources/Audio/PlayerJumpSoft.ogg
 4.5 kb	 0.0% Assets/Resources/Audio/PlayerFootstepSoftD.ogg
 4.5 kb	 0.0% Assets/Resources/Audio/PlayerFootstepSoftC.ogg
 4.4 kb	 0.0% Assets/Resources/Audio/PlayerFootstepSoftA.ogg
 4.1 kb	 0.0% Assets/Resources/Audio/RopeLengthClick.mp3
 3.1 kb	 0.0% Assets/Resources/Audio/HookAttachSoft.ogg
 3.0 kb	 0.0% Assets/Resources/Audio/HookAttachWood.ogg
 2.9 kb	 0.0% Assets/Resources/Audio/RopePlatformMergeWood.ogg
 1.3 kb	 0.0% Assets/Resources/Audio/RopeReleaseWind.wav
 1.1 kb	 0.0% Assets/Resources/StageCatalog.json
 0.4 kb	 0.0% Built-in Sprite: 
 0.1 kb	 0.0% Assets/Scripts/MainStageSectionThreeRecoverySwitch.cs
 0.1 kb	 0.0% Assets/Scripts/MainStageSectionThreeRecoveryStairs.cs
 0.1 kb	 0.0% Assets/Scripts/WoodenPlatformDepthVisual.cs
 0.1 kb	 0.0% Assets/Scripts/TutorialSectionThreeSetup.cs
 0.1 kb	 0.0% Assets/Scripts/TutorialFirstSectionVisuals.cs
 0.1 kb	 0.0% Assets/Scripts/TutorialBackgroundParallax.cs
 0.1 kb	 0.0% Assets/Scripts/SwingPassThroughRailPlatform.cs
 0.1 kb	 0.0% Assets/Scripts/StageSelectionDioramaState.cs
 0.1 kb	 0.0% Assets/Scripts/PlatformOccludedLightHazard.cs
 0.1 kb	 0.0% Assets/Scripts/MainStageSectionThreeSetup.cs
 0.1 kb	 0.0% Assets/Scripts/MainStageSectionSevenSetup.cs
 0.1 kb	 0.0% Assets/Scripts/MainStageSectionNineSetup.cs
 0.1 kb	 0.0% Assets/Scripts/MainStageSectionFourSetup.cs
 0.1 kb	 0.0% Assets/Scripts/MainStageSectionFiveSetup.cs
 0.1 kb	 0.0% Assets/Scripts/MainStageFloorCollisionSetup.cs
 0.1 kb	 0.0% Assets/Scripts/HimoHitoFarBackgroundLayer.cs
 0.1 kb	 0.0% Assets/Scripts/HimoHitoCraftRoomBackground.cs
 0.1 kb	 0.0% Assets/Proof/Tutorial2p5DBackground.cs
 0.1 kb	 0.0% Assets/Scripts/TutorialSignInscription.cs
 0.1 kb	 0.0% Assets/Scripts/TutorialSectionTwoSetup.cs
 0.1 kb	 0.0% Assets/Scripts/TutorialSectionOneSetup.cs
 0.1 kb	 0.0% Assets/Scripts/TutorialSectionFourSetup.cs
 0.1 kb	 0.0% Assets/Scripts/TutorialGuideAnimation.cs
 0.1 kb	 0.0% Assets/Scripts/SwingReleasePoseState.cs
 0.1 kb	 0.0% Assets/Scripts/StageStartCurtainView.cs
 0.1 kb	 0.0% Assets/Scripts/StageSelectionDioramaArt.cs
 0.1 kb	 0.0% Assets/Scripts/StageDioramaPlayerArt.cs
 0.1 kb	 0.0% Assets/Scripts/SectionArrivalFeedback.cs
 0.1 kb	 0.0% Assets/Scripts/RopeResourceExpression.cs
 0.1 kb	 0.0% Assets/Scripts/RopeBridgeMergeVisual.cs
 0.1 kb	 0.0% Assets/Scripts/PrototypeRunController.cs
 0.1 kb	 0.0% Assets/Scripts/PrototypeAudioFeedback.cs
 0.1 kb	 0.0% Assets/Scripts/MainStageSectionTwoSetup.cs
 0.1 kb	 0.0% Assets/Scripts/MainStageSectionTenSetup.cs
 0.1 kb	 0.0% Assets/Scripts/MainStageSectionSixSetup.cs
 0.1 kb	 0.0% Assets/Scripts/MainStageRespawnOnFall.cs
 0.1 kb	 0.0% Assets/Scripts/HorizontalCameraFollow.cs
 0.1 kb	 0.0% Assets/Scripts/HookArrivalVisualPulse.cs
 0.1 kb	 0.0% Assets/Scripts/HimoHitoHookRingVisual.cs
 0.1 kb	 0.0% Assets/Scripts/HimoHitoFailureScreen.cs
 0.1 kb	 0.0% Assets/Scripts/HimoHitoBackgroundMusic.cs
 0.1 kb	 0.0% Assets/Scripts/HimoHitoAudioSettings.cs
 0.1 kb	 0.0% Assets/Scripts/GroundMotionPoseState.cs
 0.1 kb	 0.0% Assets/Scripts/GoalChestPresentation.cs
 0.1 kb	 0.0% Assets/Scripts/EdgeBalanceSupportProbe.cs
 0.1 kb	 0.0% Assets/Scripts/CraftWoodPlatformVisual.cs
 0.1 kb	 0.0% Assets/Scripts/CraftRailPlatformVisual.cs
 0.1 kb	 0.0% Assets/Scripts/CheckpointLandingGate.cs
 0.1 kb	 0.0% Assets/Scripts/WallPushPoseState.cs
 0.1 kb	 0.0% Assets/Scripts/TutorialSignGreeting.cs
 0.1 kb	 0.0% Assets/Scripts/TutorialSectionGuide.cs
 0.1 kb	 0.0% Assets/Scripts/TutorialCheckpoint.cs
 0.1 kb	 0.0% Assets/Scripts/SwitchPressPoseState.cs
 0.1 kb	 0.0% Assets/Scripts/SwingAttachPoseState.cs
 0.1 kb	 0.0% Assets/Scripts/StageStartTransition.cs
 0.1 kb	 0.0% Assets/Scripts/StageSelectionWeave.cs
 0.1 kb	 0.0% Assets/Scripts/StageSelectionView.cs
 0.1 kb	 0.0% Assets/Scripts/StageOverlayControls.cs
 0.1 kb	 0.0% Assets/Scripts/SolidSwingSurface.cs
 0.1 kb	 0.0% Assets/Scripts/SceneObjectLookup.cs
 0.1 kb	 0.0% Assets/Scripts/RopeSwingPoseState.cs
 0.1 kb	 0.0% Assets/Scripts/RopeRetractVisual.cs
 0.1 kb	 0.0% Assets/Scripts/RopeResourceGauge.cs
 0.1 kb	 0.0% Assets/Scripts/RopePlatformBuilder.cs
 0.1 kb	 0.0% Assets/Scripts/RopePlatformAnchor.cs
 0.1 kb	 0.0% Assets/Scripts/RopeFaceLandmarks.cs
 0.1 kb	 0.0% Assets/Scripts/RopeBridgeStepVisual.cs
 0.1 kb	 0.0% Assets/Scripts/RopeBridgeBindings.cs
 0.1 kb	 0.0% Assets/Scripts/RopeAnchorRingVisual.cs
 0.1 kb	 0.0% Assets/Scripts/RespawnWeaveVisual.cs
 0.1 kb	 0.0% Assets/Scripts/RecoverySwitchVisual.cs
 0.1 kb	 0.0% Assets/Scripts/PlayerContactShadow.cs
 0.1 kb	 0.0% Assets/Scripts/OneWayRailPlatform.cs
 0.1 kb	 0.0% Assets/Scripts/MainStageGoalZone.cs
 0.1 kb	 0.0% Assets/Scripts/MainStageCheckpoint.cs
 0.1 kb	 0.0% Assets/Scripts/HookYarnKnotVisual.cs
 0.1 kb	 0.0% Assets/Scripts/HookWoodMountVisual.cs
 0.1 kb	 0.0% Assets/Scripts/FlashlightSpotVisual.cs
 0.1 kb	 0.0% Assets/Scripts/FallUnravelVisual.cs
 0.1 kb	 0.0% Assets/Scripts/EdgeBalancePoseState.cs
 0.1 kb	 0.0% Assets/Scripts/ClearJourneySnapshot.cs
 0.1 kb	 0.0% Assets/Scripts/CheckpointYarnFlag.cs
 0.1 kb	 0.0% Assets/Scripts/AmbientDustVisual.cs
 0.1 kb	 0.0% Assets/Scripts/YarnRopeTexture.cs
 0.1 kb	 0.0% Assets/Scripts/WeavePoseState.cs
 0.1 kb	 0.0% Assets/Scripts/ToySpikeVisual.cs
 0.1 kb	 0.0% Assets/Scripts/StageProgress.cs
 0.1 kb	 0.0% Assets/Scripts/SignGlanceState.cs
 0.1 kb	 0.0% Assets/Scripts/RopeSpikeHazard.cs
 0.1 kb	 0.0% Assets/Scripts/RopePoseParts.cs
 0.1 kb	 0.0% Assets/Scripts/RopeMissVisual.cs
 0.1 kb	 0.0% Assets/Scripts/RopeLandingFluff.cs
 0.1 kb	 0.0% Assets/Scripts/RopeController.cs
 0.1 kb	 0.0% Assets/Scripts/RopeBuildFluff.cs
 0.1 kb	 0.0% Assets/Scripts/RopeBridgeReveal.cs
 0.1 kb	 0.0% Assets/Scripts/RopeBodyVisual.cs
 0.1 kb	 0.0% Assets/Scripts/MainStageVisuals.cs
 0.1 kb	 0.0% Assets/Scripts/MainStagePreview.cs
 0.1 kb	 0.0% Assets/Scripts/IdlePoseState.cs
 0.1 kb	 0.0% Assets/Scripts/HimoHitoUiParts.cs
 0.1 kb	 0.0% Assets/Scripts/HimoHitoGuiTheme.cs
 0.1 kb	 0.0% Assets/Scripts/HangingDecorSway.cs
 0.1 kb	 0.0% Assets/Scripts/GoalPoseState.cs
 0.1 kb	 0.0% Assets/Scripts/CraftPlayerArt.cs
 0.1 kb	 0.0% Assets/Scripts/ClearJourneyView.cs
 0.1 kb	 0.0% Assets/Scripts/StageCatalog.cs
 0.1 kb	 0.0% Assets/Scripts/SolidSprite.cs
 0.1 kb	 0.0% Assets/Scripts/RopeResource.cs
 0.1 kb	 0.0% Assets/Scripts/PrototypeHud.cs
 0.1 kb	 0.0% Assets/Scripts/PlayerMover.cs
 0.1 kb	 0.0% Assets/Scripts/MainStageHud.cs
 0.1 kb	 0.0% Assets/Scripts/HookPoint.cs
 0.1 kb	 0.0% Assets/Scripts/AimPoseState.cs
 0.1 kb	 0.0% Assets/Proof/ProofRuntimeQA.cs
 0.1 kb	 0.0% Assets/Scripts/GoalZone.cs
-------------------------------------------------------------------------------
Unloading 89 Unused Serialized files (Serialized files now loaded: 0)
Unloading 62 unused Assets / (7.5 MB). Loaded Objects now: 827.
Memory consumption went from 263.9 MB to 256.4 MB.
Total: 14.336300 ms (FindLiveObjects: 0.151700 ms CreateObjectMapping: 0.020000 ms MarkObjects: 11.788400 ms  DeleteObjects: 2.373000 ms)

DisplayProgressNotification: Build Successful
Build Finished, Result: Success.
##utp:{"type":"PlayerBuildInfo","version":2,"phase":"Immediate","time":1790853446641,"processId":30924,"steps":[{"description":"Preprocess Player","duration":26},{"description":"Prepare For Build","duration":28},{"description":"ProducePlayerScriptAssemblies","duration":8367},{"description":"Verify Build setup","duration":56},{"description":"Prepare assets for target platform","duration":8},{"description":"Prepare splash screen","duration":59},{"description":"Building scenes","duration":10802},{"description":"Build scripts DLLs","duration":109},{"description":"Build GlobalGameManagers file","duration":464},{"description":"Writing asset files","duration":4282},{"description":"Building Resources/unity_builtin_extra","duration":4216},{"description":"Write data build dirty tracking information","duration":102},{"description":"Postprocess built player","duration":24052}],"duration":52571}
Unloading 0 Unused Serialized files (Serialized files now loaded: 0)
Loaded scene 'Temp/__Backupscenes/0.backup'
	Deserialize:            0.888 ms
	Integration:            11.610 ms
	Integration of assets:  0.004 ms
	Thread Wait Time:       0.096 ms
	Total Operation Time:   12.598 ms
Unloading 0 unused Assets / (0 B). Loaded Objects now: 820.
Memory consumption went from 245.8 MB to 245.8 MB.
Total: 15.866800 ms (FindLiveObjects: 0.116700 ms CreateObjectMapping: 0.021100 ms MarkObjects: 15.713600 ms  DeleteObjects: 0.012400 ms)

Total cache size 268344980
Total cache size after purge 268344980, took 00:00:01.5901405
[Physics::Module] Cleanup current backend.
[Physics::Module] Id: 0xf2b8ea05
Input System module state changed to: ShutdownInProgress.
Input System polling thread exited.
Input System module state changed to: Shutdown.
[Licensing::IpcConnector] LicenseClient-田尻大翔-6000.3.21-notifications channel disconnected successfully.
[Licensing::IpcConnector] LicenseClient-田尻大翔-6000.3.21 channel disconnected successfully.
AcceleratorClientConnectionCallback - disconnected - :0
Cleanup mono
Checking for leaked weakptr:
  Found no leaked weakptrs.
[Package Manager] Server process was shutdown
##utp:{"type":"MemoryLeaks","version":2,"phase":"Immediate","time":1790853448519,"processId":30924,"allocatedMemory":10319093,"memoryLabels":[{"Default":29313},{"Permanent":15236},{"NewDelete":70051},{"Thread":4230344},{"Manager":33885},{"VertexData":104},{"Geometry":816},{"Texture":160},{"Shader":248221},{"Material":24},{"GfxDevice":55944},{"Animation":392},{"Audio":3040},{"FreeType":8},{"FontEngine":736},{"Physics":2146},{"Physics2D":16},{"Serialization":720},{"Input":14984},{"JobScheduler":33024},{"TextLib":280},{"Mono":32},{"ScriptingNativeRuntime":155060},{"BaseObject":1630880},{"Resource":1336},{"Renderer":3000},{"Transform":4685},{"File":6862},{"WebCam":616},{"Culling":32},{"Terrain":11394},{"Wind":24},{"STL":40},{"String":42558},{"DynamicArray":88099},{"HashMap":60736},{"Utility":2660822},{"Curl":2478},{"PoolAlloc":2056},{"AI":80},{"TypeTree":5341},{"ScriptManager":512},{"RuntimeInitializeOnLoadManager":64},{"SpriteAtlas":112},{"GI":7792},{"Director":8240},{"CloudService":13936},{"WebRequest":552},{"VR":47994},{"SceneManager":504},{"Video":64},{"LazyScriptCache":32},{"Camera":17},{"Secure":2377},{"SerializationCache":1576},{"APIUpdating":10320},{"Subsystems":336},{"VirtualTexturing":57888},{"StaticSafetyDebugInfo":278528},{"Analytics":464},{"Hierarchy":608},{"CoreStats":13112},{"Identifiers":6480},{"Gui":96},{"EditorUtility":80942},{"VersionControl":4},{"Undo":947},{"AssetDatabase":324369},{"EditorGi":328},{"UnityConnect":29208},{"Upm":1896},{"AssetCompliance":64},{"DrivenProperties":72},{"LocalIPC":218},{"ProfilerEditor":9746},{"CoreBusinessMetrics":3496},{"Licensing":664},{"AssetReference":32},{"IPCStream":32}]}
