label,frame,realtime,preview_elapsed,preview_total,preview_active,curtain_active,curtain_phase,outcome,far,mid,near,legacy_drawable,owned_drawable,camera_x,camera_y,camera_z,orthographic_size,body_simulated,mover_enabled,rope_enabled,player_x,player_y,unscaled_dt
Menu_Contract,2,13.893343,0,0,False,False,None,WaitingToStart,False,False,False,6,0,-4,0,-10,8.7,False,False,False,-4,0.919999957,0.0941230953
Frame,2,0.02292633,0,0,False,True,Thread,WaitingToStart,False,False,False,6,0,-4,0,-10,8.7,False,False,False,-4,0.919999957,0.0941230953
Frame,3,0.0302476883,0,0,False,True,Closing,WaitingToStart,False,False,False,6,0,-4,0,-10,8.7,False,False,False,-4,0.919999957,0.4066008
Frame,4,0.03275776,0,0,False,True,Closing,WaitingToStart,False,False,False,6,0,-4,0,-10,8.7,False,False,False,-4,0.919999957,0.003982802
Frame,5,0.03512287,0,0,False,True,Closing,WaitingToStart,False,False,False,6,0,-4,0,-10,8.7,False,False,False,-4,0.919999957,0.00243139872
Frame,6,0.0375814438,0,0,False,True,Closing,WaitingToStart,False,False,False,6,0,-4,0,-10,8.7,False,False,False,-4,0.919999957,0.00211030338
Frame,7,0.0407323837,0,0,False,True,Closing,WaitingToStart,False,False,False,6,0,-4,0,-10,8.7,False,False,False,-4,0.919999957,0.00340479729
Frame,8,0.04310417,0,0,False,True,Closing,WaitingToStart,False,False,False,6,0,-4,0,-10,8.7,False,False,False,-4,0.919999957,0.00236009783
Frame,9,0.04622078,0,0,False,True,Closing,WaitingToStart,False,False,False,6,0,-4,0,-10,8.7,False,False,False,-4,0.919999957,0.0030724064
Frame,10,0.0485086441,0,0,False,True,Closing,WaitingToStart,False,False,False,6,0,-4,0,-10,8.7,False,False,False,-4,0.919999957,0.00234339572
Frame,11,0.0505991,0,0,False,True,Closing,WaitingToStart,False,False,False,6,0,-4,0,-10,8.7,False,False,False,-4,0.919999957,0.00220199837
Frame,12,0.0530138,0,0,False,True,Closing,WaitingToStart,False,False,False,6,0,-4,0,-10,8.7,False,False,False,-4,0.919999957,0.00240810658
Frame,13,0.0551481247,0,0,False,True,Closing,WaitingToStart,False,False,False,6,0,-4,0,-10,8.7,False,False,False,-4,0.919999957,0.0020825963
Frame,14,0.0575485229,0,0,False,True,Closing,WaitingToStart,False,False,False,6,0,-4,0,-10,8.7,False,False,False,-4,0.919999957,0.00231559668
Frame,15,0.0605382919,0,0,False,True,Closing,WaitingToStart,False,False,False,6,0,-4,0,-10,8.7,False,False,False,-4,0.919999957,0.00294270134
Frame,16,0.06313801,0,0,False,True,Closing,WaitingToStart,False,False,False,6,0,-4,0,-10,8.7,False,False,False,-4,0.919999957,0.00266270549
Frame,17,0.0652475357,0,0,False,True,Closing,WaitingToStart,False,False,False,6,0,-4,0,-10,8.7,False,False,False,-4,0.919999957,0.00214689621
Frame,18,0.06770134,0,0,False,True,Closing,WaitingToStart,False,False,False,6,0,-4,0,-10,8.7,False,False,False,-4,0.919999957,0.00247020274
Frame,19,0.07016182,0,0,False,True,Closing,WaitingToStart,False,False,False,6,0,-4,0,-10,8.7,False,False,False,-4,0.919999957,0.002406895
Frame,20,0.0726223,0,0,False,True,Closing,WaitingToStart,False,False,False,6,0,-4,0,-10,8.7,False,False,False,-4,0.919999957,0.002455506
Frame,21,0.07592106,0,0,False,True,Closing,WaitingToStart,False,False,False,6,0,-4,0,-10,8.7,False,False,False,-4,0.919999957,0.00321459747
Frame,22,0.07875538,0,0,False,True,Closing,WaitingToStart,False,False,False,6,0,-4,0,-10,8.7,False,False,False,-4,0.919999957,0.00279839849
Frame,23,0.08164501,0,0,False,True,Closing,WaitingToStart,False,False,False,6,0,-4,0,-10,8.7,False,False,False,-4,0.919999957,0.002985204
Frame,24,0.08411217,0,0,False,True,Closing,WaitingToStart,False,False,False,6,0,-4,0,-10,8.7,False,False,False,-4,0.919999957,0.00261549745
Frame,25,0.0864810944,0,0,False,True,Closing,WaitingToStart,False,False,False,6,0,-4,0,-10,8.7,False,False,False,-4,0.919999957,0.00226269849
Frame,26,0.08885002,0,0,False,True,Closing,WaitingToStart,False,False,False,6,0,-4,0,-10,8.7,False,False,False,-4,0.919999957,0.00249919924
Frame,27,0.09260559,0,0,False,True,Closing,WaitingToStart,False,False,False,6,0,-4,0,-10,8.7,False,False,False,-4,0.919999957,0.00326500135
Frame,28,0.09505558,0,0,False,True,Closing,WaitingToStart,False,False,False,6,0,-4,0,-10,8.7,False,False,False,-4,0.919999957,0.00285860267
Frame,29,0.09741497,0,0,False,True,Closing,WaitingToStart,False,False,False,6,0,-4,0,-10,8.7,False,False,False,-4,0.919999957,0.00229059672
Frame,30,0.0999698639,0,0,False,True,Closing,WaitingToStart,False,False,False,6,0,-4,0,-10,8.7,False,False,False,-4,0.919999957,0.00259990082
Frame,31,0.102948189,0,0,False,True,Closing,WaitingToStart,False,False,False,6,0,-4,0,-10,8.7,False,False,False,-4,0.919999957,0.00298210024
Frame,32,0.105074883,0,0,False,True,Closing,WaitingToStart,False,False,False,6,0,-4,0,-10,8.7,False,False,False,-4,0.919999957,0.00214389875
Frame,33,0.108231544,0,0,False,True,Closing,WaitingToStart,False,False,False,6,0,-4,0,-10,8.7,False,False,False,-4,0.919999957,0.00283030048
Frame,34,0.112651825,0,0,False,True,Closing,WaitingToStart,False,False,False,6,0,-4,0,-10,8.7,False,False,False,-4,0.919999957,0.004625602
Frame,35,0.115592,0,0,False,True,Closing,WaitingToStart,False,False,False,6,0,-4,0,-10,8.7,False,False,False,-4,0.919999957,0.00307869888
Frame,36,0.117987633,0,0,False,True,Closing,WaitingToStart,False,False,False,6,0,-4,0,-10,8.7,False,False,False,-4,0.919999957,0.00204229727
Frame,37,0.119992256,0,0,False,True,Closing,WaitingToStart,False,False,False,6,0,-4,0,-10,8.7,False,False,False,-4,0.919999957,0.00241780048
Frame,38,0.122189522,0,0,False,True,Closing,WaitingToStart,False,False,False,6,0,-4,0,-10,8.7,False,False,False,-4,0.919999957,0.00205760356
Frame,39,0.126087189,0,0,False,True,Closing,WaitingToStart,False,False,False,6,0,-4,0,-10,8.7,False,False,False,-4,0.919999957,0.00383910141
Frame,40,0.128331184,0,0,False,True,Closing,WaitingToStart,False,False,False,6,0,-4,0,-10,8.7,False,False,False,-4,0.919999957,0.00226419349
Frame,41,0.131287575,0,0,False,True,Closing,WaitingToStart,False,False,False,6,0,-4,0,-10,8.7,False,False,False,-4,0.919999957,0.00293250429
Frame,42,0.13369751,0,0,False,True,Closing,WaitingToStart,False,False,False,6,0,-4,0,-10,8.7,False,False,False,-4,0.919999957,0.00249469955
Frame,43,0.1361208,0,0,False,True,Closing,WaitingToStart,False,False,False,6,0,-4,0,-10,8.7,False,False,False,-4,0.919999957,0.0022580002
Frame,44,0.139199257,0,0,False,True,Closing,WaitingToStart,False,False,False,6,0,-4,0,-10,8.7,False,False,False,-4,0.919999957,0.003191199
Frame,45,0.142549515,0,0,False,True,Closing,WaitingToStart,False,False,False,6,0,-4,0,-10,8.7,False,False,False,-4,0.919999957,0.00344919926
Frame,46,0.145363808,0,0,False,True,Closing,WaitingToStart,False,False,False,6,0,-4,0,-10,8.7,False,False,False,-4,0.919999957,0.00266079931
Frame,47,0.147603035,0,0,False,True,Closing,WaitingToStart,False,False,False,6,0,-4,0,-10,8.7,False,False,False,-4,0.919999957,0.0023277
Frame,48,0.150608063,0,0,False,True,Closing,WaitingToStart,False,False,False,6,0,-4,0,-10,8.7,False,False,False,-4,0.919999957,0.00297350483
Frame,49,0.153303146,0,0,False,True,Closing,WaitingToStart,False,False,False,6,0,-4,0,-10,8.7,False,False,False,-4,0.919999957,0.002707398
Frame,50,0.155604362,0,0,False,True,Closing,WaitingToStart,False,False,False,6,0,-4,0,-10,8.7,False,False,False,-4,0.919999957,0.002158397
Frame,51,0.159745216,0,0,False,True,Closing,WaitingToStart,False,False,False,6,0,-4,0,-10,8.7,False,False,False,-4,0.919999957,0.004346499
Frame,52,0.162291527,0,0,False,True,Closing,WaitingToStart,False,False,False,6,0,-4,0,-10,8.7,False,False,False,-4,0.919999957,0.002314399
Frame,53,0.164573669,0,0,False,True,Closing,WaitingToStart,False,False,False,6,0,-4,0,-10,8.7,False,False,False,-4,0.919999957,0.00242660148
Frame,54,0.1680994,0,0,False,True,Closing,WaitingToStart,False,False,False,6,0,-4,0,-10,8.7,False,False,False,-4,0.919999957,0.00354019972
Frame,55,0.170484543,0,0,False,True,Closing,WaitingToStart,False,False,False,6,0,-4,0,-10,8.7,False,False,False,-4,0.919999957,0.00238300022
Frame,56,0.1732359,0,0,False,True,Closing,WaitingToStart,False,False,False,6,0,-4,0,-10,8.7,False,False,False,-4,0.919999957,0.00246310234
Frame,57,0.176749229,0,0,False,True,Closing,WaitingToStart,False,False,False,6,0,-4,0,-10,8.7,False,False,False,-4,0.919999957,0.0037151007
Frame,58,0.179433823,0,0,False,True,Closing,WaitingToStart,False,False,False,6,0,-4,0,-10,8.7,False,False,False,-4,0.919999957,0.0026366
Frame,59,0.182167053,0,0,False,True,Closing,WaitingToStart,False,False,False,6,0,-4,0,-10,8.7,False,False,False,-4,0.919999957,0.00302689918
Frame,60,0.185297012,0,0,False,True,Closing,WaitingToStart,False,False,False,6,0,-4,0,-10,8.7,False,False,False,-4,0.919999957,0.00217470247
Frame,61,0.187717438,0,0,False,True,Closing,WaitingToStart,False,False,False,6,0,-4,0,-10,8.7,False,False,False,-4,0.919999957,0.00332149933
Frame,62,0.190140724,0,0,False,True,Closing,WaitingToStart,False,False,False,6,0,-4,0,-10,8.7,False,False,False,-4,0.919999957,0.00238480023
Frame,63,0.193254471,0,0,False,True,Closing,WaitingToStart,False,False,False,6,0,-4,0,-10,8.7,False,False,False,-4,0.919999957,0.002914895
Frame,64,0.196465492,0,0,False,True,Closing,WaitingToStart,False,False,False,6,0,-4,0,-10,8.7,False,False,False,-4,0.919999957,0.003188903
Frame,65,0.198589325,0,0,False,True,Closing,WaitingToStart,False,False,False,6,0,-4,0,-10,8.7,False,False,False,-4,0.919999957,0.002401396
Frame,66,0.200746536,0,0,False,True,Closing,WaitingToStart,False,False,False,6,0,-4,0,-10,8.7,False,False,False,-4,0.919999957,0.00218690466
Frame,67,0.202673912,0,0,False,True,Closing,WaitingToStart,False,False,False,6,0,-4,0,-10,8.7,False,False,False,-4,0.919999957,0.00191070011
Frame,68,0.204715729,0,0,False,True,Closing,WaitingToStart,False,False,False,6,0,-4,0,-10,8.7,False,False,False,-4,0.919999957,0.00199319725
Frame,69,0.206879616,0,0,False,True,Closing,WaitingToStart,False,False,False,6,0,-4,0,-10,8.7,False,False,False,-4,0.919999957,0.002075
Frame,70,0.210532188,0,0,False,True,Closing,WaitingToStart,False,False,False,6,0,-4,0,-10,8.7,False,False,False,-4,0.919999957,0.00361860124
Frame,71,0.213386536,0,0,False,True,Closing,WaitingToStart,False,False,False,6,0,-4,0,-10,8.7,False,False,False,-4,0.919999957,0.002956902
Frame,72,0.215641975,0,0,False,True,Closing,WaitingToStart,False,False,False,6,0,-4,0,-10,8.7,False,False,False,-4,0.919999957,0.00229910016
Frame,73,0.217644691,0,0,False,True,Closing,WaitingToStart,False,False,False,6,0,-4,0,-10,8.7,False,False,False,-4,0.919999957,0.00207609846
Frame,74,0.219697,0,0,False,True,Closing,WaitingToStart,False,False,False,6,0,-4,0,-10,8.7,False,False,False,-4,0.919999957,0.00201690057
Frame,75,0.223147392,0,0,False,True,Closing,WaitingToStart,False,False,False,6,0,-4,0,-10,8.7,False,False,False,-4,0.919999957,0.00259820023
Frame,76,0.22617054,0,0,False,True,Closing,WaitingToStart,False,False,False,6,0,-4,0,-10,8.7,False,False,False,-4,0.919999957,0.00381459761
Frame,77,0.228376389,0,0,False,True,Closing,WaitingToStart,False,False,False,6,0,-4,0,-10,8.7,False,False,False,-4,0.919999957,0.00221770117
Frame,78,0.230760574,0,0,False,True,Closing,WaitingToStart,False,False,False,6,0,-4,0,-10,8.7,False,False,False,-4,0.919999957,0.00233720243
Frame,79,0.233549118,0,0,False,True,Closing,WaitingToStart,False,False,False,6,0,-4,0,-10,8.7,False,False,False,-4,0.919999957,0.00281459745
Frame,80,0.237121582,0,0,False,True,Closing,WaitingToStart,False,False,False,6,0,-4,0,-10,8.7,False,False,False,-4,0.919999957,0.00342630385
Frame,81,0.239198685,0,0,False,True,Closing,WaitingToStart,False,False,False,6,0,-4,0,-10,8.7,False,False,False,-4,0.919999957,0.00231599342
Frame,82,0.241893768,0,0,False,True,Closing,WaitingToStart,False,False,False,6,0,-4,0,-10,8.7,False,False,False,-4,0.919999957,0.00208760635
Frame,83,0.2451582,0,0,False,True,Closing,WaitingToStart,False,False,False,6,0,-4,0,-10,8.7,False,False,False,-4,0.919999957,0.00361279771
Frame,84,0.247820854,0,0,False,True,Closing,WaitingToStart,False,False,False,6,0,-4,0,-10,8.7,False,False,False,-4,0.919999957,0.00274579786
Frame,85,0.2501955,0,0,False,True,Closing,WaitingToStart,False,False,False,6,0,-4,0,-10,8.7,False,False,False,-4,0.919999957,0.00247259787
Frame,86,0.252491951,0,0,False,True,Closing,WaitingToStart,False,False,False,6,0,-4,0,-10,8.7,False,False,False,-4,0.919999957,0.00232920214
Frame,87,0.254649162,0,0,False,True,Closing,WaitingToStart,False,False,False,6,0,-4,0,-10,8.7,False,False,False,-4,0.919999957,0.002140703
Frame,88,0.257911682,0,0,False,True,Closing,WaitingToStart,False,False,False,6,0,-4,0,-10,8.7,False,False,False,-4,0.919999957,0.0029861962
Frame,89,0.261245728,0,0,False,True,Closing,WaitingToStart,False,False,False,6,0,-4,0,-10,8.7,False,False,False,-4,0.919999957,0.00343530322
Frame,90,0.264184952,0,0,False,True,Closing,WaitingToStart,False,False,False,6,0,-4,0,-10,8.7,False,False,False,-4,0.919999957,0.00302859978
Frame,91,0.2668352,0,0,False,True,Closing,WaitingToStart,False,False,False,6,0,-4,0,-10,8.7,False,False,False,-4,0.919999957,0.00278810225
Frame,92,0.2691784,0,0,False,True,Closing,WaitingToStart,False,False,False,6,0,-4,0,-10,8.7,False,False,False,-4,0.919999957,0.00226109684
Frame,93,0.2714615,0,0,False,True,Closing,WaitingToStart,False,False,False,6,0,-4,0,-10,8.7,False,False,False,-4,0.919999957,0.002396797
Frame,94,0.2740736,0,0,False,True,Closing,WaitingToStart,False,False,False,6,0,-4,0,-10,8.7,False,False,False,-4,0.919999957,0.00242859987
Frame,95,0.27736187,0,0,False,True,Closing,WaitingToStart,False,False,False,6,0,-4,0,-10,8.7,False,False,False,-4,0.919999957,0.00315130386
Frame,96,0.279984474,0,0,False,True,Closing,WaitingToStart,False,False,False,6,0,-4,0,-10,8.7,False,False,False,-4,0.919999957,0.00283619622
Frame,97,0.28280735,0,0,False,True,Closing,WaitingToStart,False,False,False,6,0,-4,0,-10,8.7,False,False,False,-4,0.919999957,0.00274240365
Frame,98,0.2855978,0,0,False,True,Closing,WaitingToStart,False,False,False,6,0,-4,0,-10,8.7,False,False,False,-4,0.919999957,0.00290800026
Frame,99,0.288087845,0,0,False,True,Closing,WaitingToStart,False,False,False,6,0,-4,0,-10,8.7,False,False,False,-4,0.919999957,0.002382398
Frame,100,0.29042244,0,0,False,True,Closing,WaitingToStart,False,False,False,6,0,-4,0,-10,8.7,False,False,False,-4,0.919999957,0.00245930417
Frame,101,0.2947588,0,0,False,True,Closing,WaitingToStart,False,False,False,6,0,-4,0,-10,8.7,False,False,False,-4,0.919999957,0.00382539677
Frame,102,0.297710419,0,0,False,True,Closing,WaitingToStart,False,False,False,6,0,-4,0,-10,8.7,False,False,False,-4,0.919999957,0.00336189778
Frame,103,0.3003912,0,0,False,True,Closing,WaitingToStart,False,False,False,6,0,-4,0,-10,8.7,False,False,False,-4,0.919999957,0.00266450527
Frame,104,0.3030157,0,0,False,True,Closing,WaitingToStart,False,False,False,6,0,-4,0,-10,8.7,False,False,False,-4,0.919999957,0.00263369479
Frame,105,0.3054104,0,0,False,True,Closing,WaitingToStart,False,False,False,6,0,-4,0,-10,8.7,False,False,False,-4,0.919999957,0.00232190336
Frame,106,0.310313225,0,0,False,True,Closing,WaitingToStart,False,False,False,6,0,-4,0,-10,8.7,False,False,False,-4,0.919999957,0.004673101
Frame,107,0.314493179,0,0,False,True,Closing,WaitingToStart,False,False,False,6,0,-4,0,-10,8.7,False,False,False,-4,0.919999957,0.00444559939
Frame,108,0.317013741,0,0,False,True,Closing,WaitingToStart,False,False,False,6,0,-4,0,-10,8.7,False,False,False,-4,0.919999957,0.002452296
Frame,109,0.319417953,0,0,False,True,Closing,WaitingToStart,False,False,False,6,0,-4,0,-10,8.7,False,False,False,-4,0.919999957,0.0026152
Frame,110,0.3222866,0,0,False,True,Closing,WaitingToStart,False,False,False,6,0,-4,0,-10,8.7,False,False,False,-4,0.919999957,0.00240110536
Frame,111,0.3253708,0,0,False,True,Closing,WaitingToStart,False,False,False,6,0,-4,0,-10,8.7,False,False,False,-4,0.919999957,0.003314796
Frame,112,0.327502251,0,0,False,True,Closing,WaitingToStart,False,False,False,6,0,-4,0,-10,8.7,False,False,False,-4,0.919999957,0.00232329941
Frame,113,0.329832077,0,0,False,True,Closing,WaitingToStart,False,False,False,6,0,-4,0,-10,8.7,False,False,False,-4,0.919999957,0.002100099
Frame,114,0.332351685,0,0,False,True,Closing,WaitingToStart,False,False,False,6,0,-4,0,-10,8.7,False,False,False,-4,0.919999957,0.00274450122
Frame,115,0.3342762,0,0,False,True,Closing,WaitingToStart,False,False,False,6,0,-4,0,-10,8.7,False,False,False,-4,0.919999957,0.002026899
Frame,116,0.336519241,0,0,False,True,Closing,WaitingToStart,False,False,False,6,0,-4,0,-10,8.7,False,False,False,-4,0.919999957,0.002041603
Frame,117,0.339446068,0,0,False,True,Closing,WaitingToStart,False,False,False,6,0,-4,0,-10,8.7,False,False,False,-4,0.919999957,0.00281889876
Frame,118,0.343009949,0,0,False,True,Closing,WaitingToStart,False,False,False,6,0,-4,0,-10,8.7,False,False,False,-4,0.919999957,0.003317198
Frame,119,0.34555912,0,0,False,True,Closing,WaitingToStart,False,False,False,6,0,-4,0,-10,8.7,False,False,False,-4,0.919999957,0.0028918013
Frame,120,0.347990036,0,0,False,True,Closing,WaitingToStart,False,False,False,6,0,-4,0,-10,8.7,False,False,False,-4,0.919999957,0.002481902
Frame,121,0.350050926,0,0,False,True,Closing,WaitingToStart,False,False,False,6,0,-4,0,-10,8.7,False,False,False,-4,0.919999957,0.00207370333
Frame,122,0.352643,0,0,False,True,Closing,WaitingToStart,False,False,False,6,0,-4,0,-10,8.7,False,False,False,-4,0.919999957,0.00258549466
Frame,123,0.354743,0,0,False,True,Closing,WaitingToStart,False,False,False,6,0,-4,0,-10,8.7,False,False,False,-4,0.919999957,0.00217890437
Frame,124,0.3570547,0,0,False,True,Closing,WaitingToStart,False,False,False,6,0,-4,0,-10,8.7,False,False,False,-4,0.919999957,0.00234789541
Frame,125,0.359365463,0,0,False,True,Closing,WaitingToStart,False,False,False,6,0,-4,0,-10,8.7,False,False,False,-4,0.919999957,0.002208305
Frame,126,0.3620081,0,0,False,True,Closing,WaitingToStart,False,False,False,6,0,-4,0,-10,8.7,False,False,False,-4,0.919999957,0.00255039684
Frame,127,0.36516,0,0,False,True,Closing,WaitingToStart,False,False,False,6,0,-4,0,-10,8.7,False,False,False,-4,0.919999957,0.0032955003
Frame,128,0.368116379,0,0,False,True,Closing,WaitingToStart,False,False,False,6,0,-4,0,-10,8.7,False,False,False,-4,0.919999957,0.00282989652
Frame,129,0.370418549,0,0,False,True,Closing,WaitingToStart,False,False,False,6,0,-4,0,-10,8.7,False,False,False,-4,0.919999957,0.00236970652
Frame,130,0.372579575,0,0,False,True,Closing,WaitingToStart,False,False,False,6,0,-4,0,-10,8.7,False,False,False,-4,0.919999957,0.0022741
Frame,131,0.3752184,0,0,False,True,Closing,WaitingToStart,False,False,False,6,0,-4,0,-10,8.7,False,False,False,-4,0.919999957,0.00239659869
Frame,132,0.3790331,0,0,False,True,Closing,WaitingToStart,False,False,False,6,0,-4,0,-10,8.7,False,False,False,-4,0.919999957,0.0039896965
Frame,133,0.3814125,0,0,False,True,Closing,WaitingToStart,False,False,False,6,0,-4,0,-10,8.7,False,False,False,-4,0.919999957,0.002316603
Frame,134,0.384871483,0,0,False,True,Closing,WaitingToStart,False,False,False,6,0,-4,0,-10,8.7,False,False,False,-4,0.919999957,0.00359890168
Frame,135,0.3873043,0,0,False,True,Closing,WaitingToStart,False,False,False,6,0,-4,0,-10,8.7,False,False,False,-4,0.919999957,0.00201229448
Frame,136,0.389878273,0,0,False,True,Closing,WaitingToStart,False,False,False,6,0,-4,0,-10,8.7,False,False,False,-4,0.919999957,0.002838804
Frame,137,0.3926897,0,0,False,True,Closing,WaitingToStart,False,False,False,6,0,-4,0,-10,8.7,False,False,False,-4,0.919999957,0.00280719949
Frame,138,0.3952589,0,0,False,True,Closing,WaitingToStart,False,False,False,6,0,-4,0,-10,8.7,False,False,False,-4,0.919999957,0.00243089558
Frame,139,0.397604,0,0,False,True,Closing,WaitingToStart,False,False,False,6,0,-4,0,-10,8.7,False,False,False,-4,0.919999957,0.00249640015
Frame,140,0.4000311,0,0,False,True,Closing,WaitingToStart,False,False,False,6,0,-4,0,-10,8.7,False,False,False,-4,0.919999957,0.00260660425
Frame,141,0.402062416,0,0,False,True,Closing,WaitingToStart,False,False,False,6,0,-4,0,-10,8.7,False,False,False,-4,0.919999957,0.00202009641
Frame,142,0.404305458,0,0,False,True,Closing,WaitingToStart,False,False,False,6,0,-4,0,-10,8.7,False,False,False,-4,0.919999957,0.0022455994
Frame,143,0.406739235,0,0,False,True,Closing,WaitingToStart,False,False,False,6,0,-4,0,-10,8.7,False,False,False,-4,0.919999957,0.00230610115
Frame,144,0.4100628,0,0,False,True,Closing,WaitingToStart,False,False,False,6,0,-4,0,-10,8.7,False,False,False,-4,0.919999957,0.00316960039
Frame,145,0.41395092,0,0,False,True,Closing,WaitingToStart,False,False,False,6,0,-4,0,-10,8.7,False,False,False,-4,0.919999957,0.0031043014
Frame,146,0.416996,0,0,False,True,Closing,WaitingToStart,False,False,False,6,0,-4,0,-10,8.7,False,False,False,-4,0.919999957,0.00388120045
Frame,147,0.4192276,0,0,False,True,Closing,WaitingToStart,False,False,False,6,0,-4,0,-10,8.7,False,False,False,-4,0.919999957,0.002316603
Frame,148,0.421746254,0,0,False,True,Closing,WaitingToStart,False,False,False,6,0,-4,0,-10,8.7,False,False,False,-4,0.919999957,0.00231919647
Frame,149,0.424819946,0,0,False,True,Closing,WaitingToStart,False,False,False,6,0,-4,0,-10,8.7,False,False,False,-4,0.919999957,0.00336330081
Frame,150,0.426998138,0,0,False,True,Closing,WaitingToStart,False,False,False,6,0,-4,0,-10,8.7,False,False,False,-4,0.919999957,0.002083397
Frame,151,0.4296484,0,0,False,True,Closing,WaitingToStart,False,False,False,6,0,-4,0,-10,8.7,False,False,False,-4,0.919999957,0.00276840269
Frame,152,0.43194294,0,0,False,True,Closing,WaitingToStart,False,False,False,6,0,-4,0,-10,8.7,False,False,False,-4,0.919999957,0.00214379956
Frame,153,0.434418678,0,0,False,True,Closing,WaitingToStart,False,False,False,6,0,-4,0,-10,8.7,False,False,False,-4,0.919999957,0.00245520123
Frame,154,0.436975479,0,0,False,True,Closing,WaitingToStart,False,False,False,6,0,-4,0,-10,8.7,False,False,False,-4,0.919999957,0.00272379536
Frame,155,0.43954277,0,0,False,True,Closing,WaitingToStart,False,False,False,6,0,-4,0,-10,8.7,False,False,False,-4,0.919999957,0.002341603
Frame,156,0.4435444,0,0,False,True,Closing,WaitingToStart,False,False,False,6,0,-4,0,-10,8.7,False,False,False,-4,0.919999957,0.004033
Frame,157,0.446629524,0,0,False,True,Closing,WaitingToStart,False,False,False,6,0,-4,0,-10,8.7,False,False,False,-4,0.919999957,0.00312560238
Frame,158,0.449539185,0,0,False,True,Closing,WaitingToStart,False,False,False,6,0,-4,0,-10,8.7,False,False,False,-4,0.919999957,0.00241259928
Frame,159,0.4528761,0,0,False,True,Closing,WaitingToStart,False,False,False,6,0,-4,0,-10,8.7,False,False,False,-4,0.919999957,0.00375029771
Frame,160,0.455208778,0,0,False,True,Closing,WaitingToStart,False,False,False,6,0,-4,0,-10,8.7,False,False,False,-4,0.919999957,0.00249140454
Frame,161,0.458881378,0,0,False,True,Closing,WaitingToStart,False,False,False,6,0,-4,0,-10,8.7,False,False,False,-4,0.919999957,0.00346509344
Frame,162,0.461099625,0,0,False,True,Closing,WaitingToStart,False,False,False,6,0,-4,0,-10,8.7,False,False,False,-4,0.919999957,0.00240539969
Frame,163,0.463145256,0,0,False,True,Closing,WaitingToStart,False,False,False,6,0,-4,0,-10,8.7,False,False,False,-4,0.919999957,0.00213650079
Frame,164,0.465275764,0,0,False,True,Closing,WaitingToStart,False,False,False,6,0,-4,0,-10,8.7,False,False,False,-4,0.919999957,0.00204010052
Frame,165,0.467733383,0,0,False,True,Closing,WaitingToStart,False,False,False,6,0,-4,0,-10,8.7,False,False,False,-4,0.919999957,0.00251040258
Frame,166,0.469825745,0,0,False,True,Closing,WaitingToStart,False,False,False,6,0,-4,0,-10,8.7,False,False,False,-4,0.919999957,0.00216829637
Frame,167,0.4719982,0,0,False,True,Closing,WaitingToStart,False,False,False,6,0,-4,0,-10,8.7,False,False,False,-4,0.919999957,0.002016206
Frame,168,0.474467278,0,0,False,True,Closing,WaitingToStart,False,False,False,6,0,-4,0,-10,8.7,False,False,False,-4,0.919999957,0.00250440044
Frame,169,0.476695061,0,0,False,True,Closing,WaitingToStart,False,False,False,6,0,-4,0,-10,8.7,False,False,False,-4,0.919999957,0.00228179572
Frame,170,0.478634834,0,0,False,True,Closing,WaitingToStart,False,False,False,6,0,-4,0,-10,8.7,False,False,False,-4,0.919999957,0.0018562004
Frame,171,0.4811697,0,0,False,True,Closing,WaitingToStart,False,False,False,6,0,-4,0,-10,8.7,False,False,False,-4,0.919999957,0.002556597
Frame,172,0.4832077,0,0,False,True,Closing,WaitingToStart,False,False,False,6,0,-4,0,-10,8.7,False,False,False,-4,0.919999957,0.00211880659
Frame,173,0.4851303,0,0,False,True,Closing,WaitingToStart,False,False,False,6,0,-4,0,-10,8.7,False,False,False,-4,0.919999957,0.00196969952
Frame,174,0.487072945,0,0,False,True,Closing,WaitingToStart,False,False,False,6,0,-4,0,-10,8.7,False,False,False,-4,0.919999957,0.001956094
Frame,175,0.489080429,0,0,False,True,Closing,WaitingToStart,False,False,False,6,0,-4,0,-10,8.7,False,False,False,-4,0.919999957,0.00195500278
Frame,176,0.4916935,0,0,False,True,Closing,WaitingToStart,False,False,False,6,0,-4,0,-10,8.7,False,False,False,-4,0.919999957,0.00246999715
Frame,177,0.494265556,0,0,False,True,Closing,WaitingToStart,False,False,False,6,0,-4,0,-10,8.7,False,False,False,-4,0.919999957,0.00235520117
Frame,178,0.496465683,0,0,False,True,Closing,WaitingToStart,False,False,False,6,0,-4,0,-10,8.7,False,False,False,-4,0.919999957,0.00257010339
Frame,179,0.498518,0,0,False,True,Closing,WaitingToStart,False,False,False,6,0,-4,0,-10,8.7,False,False,False,-4,0.919999957,0.0019620962
Frame,180,0.500741,0,0,False,True,Closing,WaitingToStart,False,False,False,6,0,-4,0,-10,8.7,False,False,False,-4,0.919999957,0.0023206987
Frame,181,0.502841,0,0,False,True,Closing,WaitingToStart,False,False,False,6,0,-4,0,-10,8.7,False,False,False,-4,0.919999957,0.00213010213
Frame,182,0.505023,0,0,False,True,Closing,WaitingToStart,False,False,False,6,0,-4,0,-10,8.7,False,False,False,-4,0.919999957,0.00219250284
Frame,183,0.506907463,0,0,False,True,Closing,WaitingToStart,False,False,False,6,0,-4,0,-10,8.7,False,False,False,-4,0.919999957,0.00176539819
Frame,184,0.5094509,0,0,False,True,Closing,WaitingToStart,False,False,False,6,0,-4,0,-10,8.7,False,False,False,-4,0.919999957,0.002505499
Frame,185,0.5116663,0,0,False,True,Closing,WaitingToStart,False,False,False,6,0,-4,0,-10,8.7,False,False,False,-4,0.919999957,0.00220860261
Frame,186,0.514057159,0,0,False,True,Closing,WaitingToStart,False,False,False,6,0,-4,0,-10,8.7,False,False,False,-4,0.919999957,0.00222570146
Frame,187,0.5165777,0,0,False,True,Closing,WaitingToStart,False,False,False,6,0,-4,0,-10,8.7,False,False,False,-4,0.919999957,0.00267109554
Frame,188,0.5198946,0,0,False,True,Closing,WaitingToStart,False,False,False,6,0,-4,0,-10,8.7,False,False,False,-4,0.919999957,0.00336510059
Frame,189,0.5226946,0,0,False,True,Closing,WaitingToStart,False,False,False,6,0,-4,0,-10,8.7,False,False,False,-4,0.919999957,0.00249579782
Frame,190,0.525295258,0,0,False,True,Closing,WaitingToStart,False,False,False,6,0,-4,0,-10,8.7,False,False,False,-4,0.919999957,0.00281140162
Frame,191,0.5278835,0,0,False,True,Closing,WaitingToStart,False,False,False,6,0,-4,0,-10,8.7,False,False,False,-4,0.919999957,0.002635204
Frame,192,0.5306053,0,0,False,True,Closing,WaitingToStart,False,False,False,6,0,-4,0,-10,8.7,False,False,False,-4,0.919999957,0.00268069725
Frame,193,0.533038139,0,0,False,True,Closing,WaitingToStart,False,False,False,6,0,-4,0,-10,8.7,False,False,False,-4,0.919999957,0.00250860257
Frame,194,0.5352268,0,0,False,True,Closing,WaitingToStart,False,False,False,6,0,-4,0,-10,8.7,False,False,False,-4,0.919999957,0.00222619763
Frame,195,0.537830353,0,0,False,True,Closing,WaitingToStart,False,False,False,6,0,-4,0,-10,8.7,False,False,False,-4,0.919999957,0.00244019972
Frame,196,0.540545464,0,0,False,True,Closing,WaitingToStart,False,False,False,6,0,-4,0,-10,8.7,False,False,False,-4,0.919999957,0.00281600049
Frame,197,0.5431204,0,0,False,True,Closing,WaitingToStart,False,False,False,6,0,-4,0,-10,8.7,False,False,False,-4,0.919999957,0.002600999
Frame,198,0.545546532,0,0,False,True,Closing,WaitingToStart,False,False,False,6,0,-4,0,-10,8.7,False,False,False,-4,0.919999957,0.0023830994
Frame,199,0.5486126,0,0,False,True,Closing,WaitingToStart,False,False,False,6,0,-4,0,-10,8.7,False,False,False,-4,0.919999957,0.00299199973
Frame,200,0.551586151,0,0,False,True,Closing,WaitingToStart,False,False,False,6,0,-4,0,-10,8.7,False,False,False,-4,0.919999957,0.00296910433
Frame,201,0.5543442,0,0,False,True,Closing,WaitingToStart,False,False,False,6,0,-4,0,-10,8.7,False,False,False,-4,0.919999957,0.00294959615
Frame,202,0.557662,0,0,False,True,Closing,WaitingToStart,False,False,False,6,0,-4,0,-10,8.7,False,False,False,-4,0.919999957,0.002913903
Frame,203,0.5608778,0,0,False,True,Closing,WaitingToStart,False,False,False,6,0,-4,0,-10,8.7,False,False,False,-4,0.919999957,0.003259701
Frame,204,0.56402874,0,0,False,True,Closing,WaitingToStart,False,False,False,6,0,-4,0,-10,8.7,False,False,False,-4,0.919999957,0.00316369766
Frame,205,0.566521645,0,0,False,True,Closing,WaitingToStart,False,False,False,6,0,-4,0,-10,8.7,False,False,False,-4,0.919999957,0.0027562005
Frame,206,0.568817139,0,0,False,True,Closing,WaitingToStart,False,False,False,6,0,-4,0,-10,8.7,False,False,False,-4,0.919999957,0.00230520125
Frame,207,0.5708475,0,0,False,True,Closing,WaitingToStart,False,False,False,6,0,-4,0,-10,8.7,False,False,False,-4,0.919999957,0.00214900076
Frame,208,0.57300663,0,0,False,True,Closing,WaitingToStart,False,False,False,6,0,-4,0,-10,8.7,False,False,False,-4,0.919999957,0.002056994
Frame,209,0.575723648,0,0,False,True,Closing,WaitingToStart,False,False,False,6,0,-4,0,-10,8.7,False,False,False,-4,0.919999957,0.0026151007
Frame,210,0.578017235,0,0,False,True,Closing,WaitingToStart,False,False,False,6,0,-4,0,-10,8.7,False,False,False,-4,0.919999957,0.00238540256
Frame,211,0.580510139,0,0,False,True,Closing,WaitingToStart,False,False,False,6,0,-4,0,-10,8.7,False,False,False,-4,0.919999957,0.00246459758
Frame,212,0.58275795,0,0,False,True,Closing,WaitingToStart,False,False,False,6,0,-4,0,-10,8.7,False,False,False,-4,0.919999957,0.00238390034
Frame,213,0.584779739,0,0,False,True,Closing,WaitingToStart,False,False,False,6,0,-4,0,-10,8.7,False,False,False,-4,0.919999957,0.00192610547
Frame,214,0.586830139,0,0,False,True,Closing,WaitingToStart,False,False,False,6,0,-4,0,-10,8.7,False,False,False,-4,0.919999957,0.00217819586
Frame,215,0.589952469,0,0,False,True,Closing,WaitingToStart,False,False,False,6,0,-4,0,-10,8.7,False,False,False,-4,0.919999957,0.003092099
Frame,216,0.592345238,0,0,False,True,Closing,WaitingToStart,False,False,False,6,0,-4,0,-10,8.7,False,False,False,-4,0.919999957,0.00196750276
Frame,217,0.594965,0,0,False,True,Closing,WaitingToStart,False,False,False,6,0,-4,0,-10,8.7,False,False,False,-4,0.919999957,0.00251969951
Frame,218,0.5972538,0,0,False,True,Closing,WaitingToStart,False,False,False,6,0,-4,0,-10,8.7,False,False,False,-4,0.919999957,0.00267249858
Frame,219,0.599603653,0,0,False,True,Closing,WaitingToStart,False,False,False,6,0,-4,0,-10,8.7,False,False,False,-4,0.919999957,0.00251740357
Frame,220,0.6023712,0,0,False,True,Closing,WaitingToStart,False,False,False,6,0,-4,0,-10,8.7,False,False,False,-4,0.919999957,0.0026122944
Frame,221,0.604743,0,0,False,True,Closing,WaitingToStart,False,False,False,6,0,-4,0,-10,8.7,False,False,False,-4,0.919999957,0.00235269987
Frame,222,0.607154846,0,0,False,True,Closing,WaitingToStart,False,False,False,6,0,-4,0,-10,8.7,False,False,False,-4,0.919999957,0.0025857
Frame,223,0.6095667,0,0,False,True,Covered,WaitingToStart,False,False,False,6,0,-4,0,-10,8.7,False,False,False,-4,0.919999957,0.00237030187
Frame,224,0.612277031,0,0,False,True,Covered,WaitingToStart,False,False,False,6,0,-4,0,-10,8.7,False,False,False,-4,0.919999957,0.00235070148
Frame,225,0.620825768,0,7.2833333,True,True,Opening,Playing,True,True,True,0,15,63,0,-10,8.7,False,False,False,-4,0.92,0.00289720087
A_TutorialCommitted,225,0.6231365,0,7.2833333,True,True,Opening,Playing,True,True,True,0,15,63,0,-10,8.7,False,False,False,-4,0.92,0.00289720087
Sequence_000,225,1.02265453,0,7.2833333,True,True,Opening,Playing,True,True,True,0,15,63,0,-10,8.7,False,False,False,-4,0.92,0.00289720087
Frame,226,1.02749443,0,7.2833333,True,True,Opening,Playing,True,True,True,0,15,63,0,-10,8.7,False,False,False,-4,0.92,0.4109548
Sequence_001,226,1.05949783,0,7.2833333,True,True,Opening,Playing,True,True,True,0,15,63,0,-10,8.7,False,False,False,-4,0.92,0.4109548
Frame,227,1.06369781,0,7.2833333,True,True,Opening,Playing,True,True,True,0,15,63,0,-10,8.7,False,False,False,-4,0.92,0.0368752
Frame,228,1.06764317,0,7.2833333,True,True,Opening,Playing,True,True,True,0,15,63,0,-10,8.7,False,False,False,-4,0.92,0.00421259925
Frame,229,1.07161522,0,7.2833333,True,True,Opening,Playing,True,True,True,0,15,63,0,-10,8.7,False,False,False,-4,0.92,0.00406590151
Frame,230,1.07900715,0,7.2833333,True,True,Opening,Playing,True,True,True,0,15,63,0,-10,8.7,False,False,False,-4,0.92,0.007408
Frame,231,1.08333874,0,7.2833333,True,True,Opening,Playing,True,True,True,0,15,63,0,-10,8.7,False,False,False,-4,0.92,0.004253699
Frame,232,1.08669567,0,7.2833333,True,True,Opening,Playing,True,True,True,0,15,63,0,-10,8.7,False,False,False,-4,0.92,0.00334890164
Frame,233,1.09015179,0,7.2833333,True,True,Opening,Playing,True,True,True,0,15,63,0,-10,8.7,False,False,False,-4,0.92,0.00368830073
Frame,234,1.12296772,0,7.2833333,True,True,Opening,Playing,True,True,True,0,15,63,0,-10,8.7,False,False,False,-4,0.92,0.032562796
Frame,235,1.12556839,0,7.2833333,True,True,Opening,Playing,True,True,True,0,15,63,0,-10,8.7,False,False,False,-4,0.92,0.00300670345
Frame,236,1.12946224,0,7.2833333,True,True,Opening,Playing,True,True,True,0,15,63,0,-10,8.7,False,False,False,-4,0.92,0.0029330994
Frame,237,1.13217545,0,7.2833333,True,True,Opening,Playing,True,True,True,0,15,63,0,-10,8.7,False,False,False,-4,0.92,0.00369430264
Frame,238,1.13493729,0,7.2833333,True,True,Opening,Playing,True,True,True,0,15,63,0,-10,8.7,False,False,False,-4,0.92,0.00265299738
Frame,239,1.13728714,0,7.2833333,True,True,Opening,Playing,True,True,True,0,15,63,0,-10,8.7,False,False,False,-4,0.92,0.0025268
Frame,240,1.13961411,0,7.2833333,True,True,Opening,Playing,True,True,True,0,15,63,0,-10,8.7,False,False,False,-4,0.92,0.0021339003
Frame,241,1.14256477,0,7.2833333,True,True,Opening,Playing,True,True,True,0,15,63,0,-10,8.7,False,False,False,-4,0.92,0.00294370041
Frame,242,1.14503288,0,7.2833333,True,True,Opening,Playing,True,True,True,0,15,63,0,-10,8.7,False,False,False,-4,0.92,0.00274090143
Frame,243,1.14719009,0,7.2833333,True,True,Opening,Playing,True,True,True,0,15,63,0,-10,8.7,False,False,False,-4,0.92,0.00225339434
Frame,244,1.14954185,0,7.2833333,True,True,Opening,Playing,True,True,True,0,15,63,0,-10,8.7,False,False,False,-4,0.92,0.00209820014
Frame,245,1.151865,0,7.2833333,True,True,Opening,Playing,True,True,True,0,15,63,0,-10,8.7,False,False,False,-4,0.92,0.00237390166
Frame,246,1.154666,0,7.2833333,True,True,Opening,Playing,True,True,True,0,15,63,0,-10,8.7,False,False,False,-4,0.92,0.00277840137
Frame,247,1.15878391,0,7.2833333,True,True,Opening,Playing,True,True,True,0,15,63,0,-10,8.7,False,False,False,-4,0.92,0.00426040264
Frame,248,1.16097927,0,7.2833333,True,True,Opening,Playing,True,True,True,0,15,63,0,-10,8.7,False,False,False,-4,0.92,0.00210639881
Frame,249,1.16356277,0,7.2833333,True,True,Opening,Playing,True,True,True,0,15,63,0,-10,8.7,False,False,False,-4,0.92,0.002642999
Frame,250,1.16588306,0,7.2833333,True,True,Opening,Playing,True,True,True,0,15,63,0,-10,8.7,False,False,False,-4,0.92,0.00223869761
Frame,251,1.16863251,0,7.2833333,True,True,Opening,Playing,True,True,True,0,15,63,0,-10,8.7,False,False,False,-4,0.92,0.00276050181
Frame,252,1.17134953,0,7.2833333,True,True,Opening,Playing,True,True,True,0,15,63,0,-10,8.7,False,False,False,-4,0.92,0.00274790241
Frame,253,1.174161,0,7.2833333,True,True,Opening,Playing,True,True,True,0,15,63,0,-10,8.7,False,False,False,-4,0.92,0.00271269842
Frame,254,1.17655182,0,7.2833333,True,True,Opening,Playing,True,True,True,0,15,63,0,-10,8.7,False,False,False,-4,0.92,0.00261809817
Frame,255,1.17916393,0,7.2833333,True,True,Opening,Playing,True,True,True,0,15,63,0,-10,8.7,False,False,False,-4,0.92,0.00227020262
Frame,256,1.18114662,0,7.2833333,True,True,Opening,Playing,True,True,True,0,15,63,0,-10,8.7,False,False,False,-4,0.92,0.00232760073
Frame,257,1.18441963,0,7.2833333,True,True,Opening,Playing,True,True,True,0,15,63,0,-10,8.7,False,False,False,-4,0.92,0.00322909583
Frame,258,1.186801,0,7.2833333,True,True,Opening,Playing,True,True,True,0,15,63,0,-10,8.7,False,False,False,-4,0.92,0.00230340147
Frame,259,1.18889809,0,7.2833333,True,True,Opening,Playing,True,True,True,0,15,63,0,-10,8.7,False,False,False,-4,0.92,0.00218200125
Frame,260,1.19176674,0,7.2833333,True,True,Opening,Playing,True,True,True,0,15,63,0,-10,8.7,False,False,False,-4,0.92,0.00270400359
Frame,261,1.19424152,0,7.2833333,True,True,Opening,Playing,True,True,True,0,15,63,0,-10,8.7,False,False,False,-4,0.92,0.00257739518
Frame,262,1.1964407,0,7.2833333,True,True,Opening,Playing,True,True,True,0,15,63,0,-10,8.7,False,False,False,-4,0.92,0.002290703
Frame,263,1.1985302,0,7.2833333,True,True,Opening,Playing,True,True,True,0,15,63,0,-10,8.7,False,False,False,-4,0.92,0.00214530178
Frame,264,1.20052147,0,7.2833333,True,True,Opening,Playing,True,True,True,0,15,63,0,-10,8.7,False,False,False,-4,0.92,0.00195319578
Frame,265,1.20267487,0,7.2833333,True,True,Opening,Playing,True,True,True,0,15,63,0,-10,8.7,False,False,False,-4,0.92,0.00199839845
Frame,266,1.20511341,0,7.2833333,True,True,Opening,Playing,True,True,True,0,15,63,0,-10,8.7,False,False,False,-4,0.92,0.0023701035
Frame,267,1.20883274,0,7.2833333,True,True,Opening,Playing,True,True,True,0,15,63,0,-10,8.7,False,False,False,-4,0.92,0.00275489665
Frame,268,1.21111393,0,7.2833333,True,True,Opening,Playing,True,True,True,0,15,63,0,-10,8.7,False,False,False,-4,0.92,0.00336540537
Frame,269,1.21332264,0,7.2833333,True,True,Opening,Playing,True,True,True,0,15,63,0,-10,8.7,False,False,False,-4,0.92,0.00228869752
Frame,270,1.21536255,0,7.2833333,True,True,Opening,Playing,True,True,True,0,15,63,0,-10,8.7,False,False,False,-4,0.92,0.00208599772
Frame,271,1.21735,0,7.2833333,True,True,Opening,Playing,True,True,True,0,15,63,0,-10,8.7,False,False,False,-4,0.92,0.001961104
Frame,272,1.21935463,0,7.2833333,True,True,Opening,Playing,True,True,True,0,15,63,0,-10,8.7,False,False,False,-4,0.92,0.00195099914
Frame,273,1.22134113,0,7.2833333,True,True,Opening,Playing,True,True,True,0,15,63,0,-10,8.7,False,False,False,-4,0.92,0.00206489512
Frame,274,1.22363,0,7.2833333,True,True,Opening,Playing,True,True,True,0,15,63,0,-10,8.7,False,False,False,-4,0.92,0.00207620463
Frame,275,1.22606659,0,7.2833333,True,True,Opening,Playing,True,True,True,0,15,63,0,-10,8.7,False,False,False,-4,0.92,0.002520401
Frame,276,1.22812748,0,7.2833333,True,True,Opening,Playing,True,True,True,0,15,63,0,-10,8.7,False,False,False,-4,0.92,0.00212909584
Frame,277,1.23008919,0,7.2833333,True,True,Opening,Playing,True,True,True,0,15,63,0,-10,8.7,False,False,False,-4,0.92,0.00195009925
Sequence_002,277,1.25273228,0,7.2833333,True,True,Opening,Playing,True,True,True,0,15,63,0,-10,8.7,False,False,False,-4,0.92,0.00195009925
Frame,278,1.26599407,0,7.2833333,True,False,None,Playing,True,True,True,0,15,63,0,-10,8.7,False,False,False,-4,0.92,0.0247951038
B_IntroStart,278,1.26724339,0,7.2833333,True,False,None,Playing,True,True,True,0,15,63,0,-10,8.7,False,False,False,-4,0.92,0.0247951038
Frame,279,1.32191658,0.06531,7.2833333,True,False,None,Playing,True,True,True,0,15,63,0,-10,8.7,False,False,False,-4,0.92,0.06531
Frame,280,1.32526875,0.0702661052,7.2833333,True,False,None,Playing,True,True,True,0,15,63,0,-10,8.7,False,False,False,-4,0.92,0.004956101
Frame,281,1.32811642,0.07294311,7.2833333,True,False,None,Playing,True,True,True,0,15,63,0,-10,8.7,False,False,False,-4,0.92,0.00267699827
Frame,282,1.3312788,0.07621501,7.2833333,True,False,None,Playing,True,True,True,0,15,63,0,-10,8.7,False,False,False,-4,0.92,0.00327190338
Frame,283,1.33455276,0.07942691,7.2833333,True,False,None,Playing,True,True,True,0,15,63,0,-10,8.7,False,False,False,-4,0.92,0.00321189757
Frame,284,1.33753777,0.08248091,7.2833333,True,False,None,Playing,True,True,True,0,15,63,0,-10,8.7,False,False,False,-4,0.92,0.00305399671
Frame,285,1.34062767,0.08555591,7.2833333,True,False,None,Playing,True,True,True,0,15,63,0,-10,8.7,False,False,False,-4,0.92,0.003075
Frame,286,1.34391022,0.088713415,7.2833333,True,False,None,Playing,True,True,True,0,15,63,0,-10,8.7,False,False,False,-4,0.92,0.00315750414
Frame,287,1.34731483,0.09215972,7.2833333,True,False,None,Playing,True,True,True,0,15,63,0,-10,8.7,False,False,False,-4,0.92,0.003446301
Frame,288,1.35045052,0.0953883156,7.2833333,True,False,None,Playing,True,True,True,0,15,63,0,-10,8.7,False,False,False,-4,0.92,0.00322859967
Frame,289,1.35425758,0.09914552,7.2833333,True,False,None,Playing,True,True,True,0,15,63,0,-10,8.7,False,False,False,-4,0.92,0.00375719951
Frame,290,1.35745621,0.102356218,7.2833333,True,False,None,Playing,True,True,True,0,15,63,0,-10,8.7,False,False,False,-4,0.92,0.00321070012
Frame,291,1.36050415,0.105476312,7.2833333,True,False,None,Playing,True,True,True,0,15,63,0,-10,8.7,False,False,False,-4,0.92,0.0031200964
Frame,292,1.36404037,0.108906314,7.2833333,True,False,None,Playing,True,True,True,0,15,63,0,-10,8.7,False,False,False,-4,0.92,0.00343000283
Frame,293,1.36694908,0.111970313,7.2833333,True,False,None,Playing,True,True,True,0,15,63,0,-10,8.7,False,False,False,-4,0.92,0.00306400238
Frame,294,1.3699894,0.114815108,7.2833333,True,False,None,Playing,True,True,True,0,15,63,0,-10,8.7,False,False,False,-4,0.92,0.00284479884
Frame,295,1.37421417,0.118518509,7.2833333,True,False,None,Playing,True,True,True,0,15,63,0,-10,8.7,False,False,False,-4,0.92,0.00370340142
Frame,296,1.37774277,0.122575611,7.2833333,True,False,None,Playing,True,True,True,0,15,63,0,-10,8.7,False,False,False,-4,0.92,0.00405710051
Frame,297,1.3812933,0.1261352,7.2833333,True,False,None,Playing,True,True,True,0,15,63,0,-10,8.7,False,False,False,-4,0.92,0.00355959474
Frame,298,1.38453865,0.1293865,7.2833333,True,False,None,Playing,True,True,True,0,15,63,0,-10,8.7,False,False,False,-4,0.92,0.003251304
Frame,299,1.38892841,0.1335942,7.2833333,True,False,None,Playing,True,True,True,0,15,63,0,-10,8.7,False,False,False,-4,0.92,0.00420769537
Frame,300,1.39355087,0.1381907,7.2833333,True,False,None,Playing,True,True,True,0,15,63,0,-10,8.7,False,False,False,-4,0.92,0.00459649926
Frame,301,1.39613247,0.14119181,7.2833333,True,False,None,Playing,True,True,True,0,15,63,0,-10,8.7,False,False,False,-4,0.92,0.00300110551
Frame,302,1.39870453,0.1437885,7.2833333,True,False,None,Playing,True,True,True,0,15,63,0,-10,8.7,False,False,False,-4,0.92,0.00259669777
Frame,303,1.40166759,0.1466428,7.2833333,True,False,None,Playing,True,True,True,0,15,63,0,-10,8.7,False,False,False,-4,0.92,0.00285430136
Frame,304,1.40450382,0.1494457,7.2833333,True,False,None,Playing,True,True,True,0,15,63,0,-10,8.7,False,False,False,-4,0.92,0.00280289818
Frame,305,1.40731907,0.1521293,7.2833333,True,False,None,Playing,True,True,True,0,15,63,0,-10,8.7,False,False,False,-4,0.92,0.00268360251
Frame,306,1.41049385,0.155462608,7.2833333,True,False,None,Playing,True,True,True,0,15,63,0,-10,8.7,False,False,False,-4,0.92,0.00333329779
Frame,307,1.41357517,0.158474013,7.2833333,True,False,None,Playing,True,True,True,0,15,63,0,-10,8.7,False,False,False,-4,0.92,0.00301140174
Frame,308,1.41617393,0.161310717,7.2833333,True,False,None,Playing,True,True,True,0,15,63,0,-10,8.7,False,False,False,-4,0.92,0.00283669936
Frame,309,1.41863537,0.163763419,7.2833333,True,False,None,Playing,True,True,True,0,15,63,0,-10,8.7,False,False,False,-4,0.92,0.0024527
Frame,310,1.42097092,0.166160822,7.2833333,True,False,None,Playing,True,True,True,0,15,63,0,-10,8.7,False,False,False,-4,0.92,0.0023973994
Frame,311,1.42384911,0.168830723,7.2833333,True,False,None,Playing,True,True,True,0,15,63,0,-10,8.7,False,False,False,-4,0.92,0.00266989786
Frame,312,1.42641163,0.171383128,7.2833333,True,False,None,Playing,True,True,True,0,15,63,0,-10,8.7,False,False,False,-4,0.92,0.00255240221
Frame,313,1.42909813,0.17420423,7.2833333,True,False,None,Playing,True,True,True,0,15,63,0,-10,8.7,False,False,False,-4,0.92,0.00282110251
Frame,314,1.431901,0.17680563,7.2833333,True,False,None,Playing,True,True,True,0,15,63,0,-10,8.7,False,False,False,-4,0.92,0.002601396
Sequence_003,314,1.46648979,0.17680563,7.2833333,True,False,None,Playing,True,True,True,0,15,63,0,-10,8.7,False,False,False,-4,0.92,0.002601396
Frame,315,1.46987534,0.214648232,7.2833333,True,False,None,Playing,True,True,True,0,15,63,0,-10,8.7,False,False,False,-4,0.92,0.0378426
Frame,316,1.47332764,0.218152031,7.2833333,True,False,None,Playing,True,True,True,0,15,63,0,-10,8.7,False,False,False,-4,0.92,0.00350379827
Frame,317,1.47711849,0.222130731,7.2833333,True,False,None,Playing,True,True,True,0,15,63,0,-10,8.7,False,False,False,-4,0.92,0.003978699
Frame,318,1.48064518,0.225690931,7.2833333,True,False,None,Playing,True,True,True,0,15,63,0,-10,8.7,False,False,False,-4,0.92,0.003560204
Frame,319,1.48398209,0.22893393,7.2833333,True,False,None,Playing,True,True,True,0,15,63,0,-10,8.7,False,False,False,-4,0.92,0.00324299885
Frame,320,1.48696518,0.231982335,7.2833333,True,False,None,Playing,True,True,True,0,15,63,0,-10,8.7,False,False,False,-4,0.92,0.00304839853
Frame,321,1.48998547,0.234745234,7.2833333,True,False,None,Playing,True,True,True,0,15,63,0,-10,8.7,False,False,False,-4,0.92,0.002762904
Frame,322,1.492835,0.237773135,7.2833333,True,False,None,Playing,True,True,True,0,15,63,0,-10,8.7,False,False,False,-4,0.92,0.00302789826
Frame,323,1.49568272,0.24042064,7.2833333,True,False,None,Playing,True,True,True,0,15,63,0,-10,8.7,False,False,False,-4,0.92,0.00264749862
Frame,324,1.49952412,0.243828043,7.2833333,True,False,None,Playing,True,True,True,0,15,63,0,-10,8.7,False,False,False,-4,0.92,0.003407398
Frame,325,1.50213146,0.247185454,7.2833333,True,False,None,Playing,True,True,True,0,15,63,0,-10,8.7,False,False,False,-4,0.92,0.003357405
Frame,326,1.505085,0.250012338,7.2833333,True,False,None,Playing,True,True,True,0,15,63,0,-10,8.7,False,False,False,-4,0.92,0.002826899
Frame,327,1.50829029,0.253143936,7.2833333,True,False,None,Playing,True,True,True,0,15,63,0,-10,8.7,False,False,False,-4,0.92,0.0031315973
Frame,328,1.51184082,0.256704748,7.2833333,True,False,None,Playing,True,True,True,0,15,63,0,-10,8.7,False,False,False,-4,0.92,0.00356079941
Frame,329,1.514554,0.25948596,7.2833333,True,False,None,Playing,True,True,True,0,15,63,0,-10,8.7,False,False,False,-4,0.92,0.00278120046
Frame,330,1.518034,0.262808263,7.2833333,True,False,None,Playing,True,True,True,0,15,63,0,-10,8.7,False,False,False,-4,0.92,0.00332230027
Frame,331,1.52104378,0.266022861,7.2833333,True,False,None,Playing,True,True,True,0,15,63,0,-10,8.7,False,False,False,-4,0.92,0.00321459747
Frame,332,1.5252161,0.270120263,7.2833333,True,False,None,Playing,True,True,True,0,15,63,0,-10,8.7,False,False,False,-4,0.92,0.00409740629
Frame,333,1.52795792,0.273064166,7.2833333,True,False,None,Playing,True,True,True,0,15,63,0,-10,8.7,False,False,False,-4,0.92,0.00294389878
Frame,334,1.53069592,0.275587857,7.2833333,True,False,None,Playing,True,True,True,0,15,63,0,-10,8.7,False,False,False,-4,0.92,0.002523696
Frame,335,1.53556538,0.280206949,7.2833333,True,False,None,Playing,True,True,True,0,15,63,0,-10,8.7,False,False,False,-4,0.92,0.00461910432
Frame,336,1.53861046,0.283499539,7.2833333,True,False,None,Playing,True,True,True,0,15,63,0,-10,8.7,False,False,False,-4,0.92,0.003292595
Frame,337,1.54176521,0.286660552,7.2833333,True,False,None,Playing,True,True,True,0,15,63,0,-10,8.7,False,False,False,-4,0.92,0.00316100474
Frame,338,1.544961,0.289891452,7.2833333,True,False,None,Playing,True,True,True,0,15,63,0,-10,8.7,False,False,False,-4,0.92,0.00323089561
Frame,339,1.54862022,0.293494165,7.2833333,True,False,None,Playing,True,True,True,0,15,63,0,-10,8.7,False,False,False,-4,0.92,0.00360269984
Frame,340,1.55157566,0.296392858,7.2833333,True,False,None,Playing,True,True,True,0,15,63,0,-10,8.7,False,False,False,-4,0.92,0.00289870333
Frame,341,1.5560236,0.300291061,7.2833333,True,False,None,Playing,True,True,True,0,15,63,0,-10,8.7,False,False,False,-4,0.92,0.0038982
Frame,342,1.56034088,0.304644763,7.2833333,True,False,None,Playing,True,True,True,0,15,63,0,-10,8.7,False,False,False,-4,0.92,0.004353699
Frame,343,1.56393433,0.308630377,7.2833333,True,False,None,Playing,True,True,True,0,15,63,0,-10,8.7,False,False,False,-4,0.92,0.003985601
Frame,344,1.56744957,0.312081784,7.2833333,True,False,None,Playing,True,True,True,0,15,63,0,-10,8.7,False,False,False,-4,0.92,0.003451396
Frame,345,1.57157707,0.3164244,7.2833333,True,False,None,Playing,True,True,True,0,15,63,0,-10,8.7,False,False,False,-4,0.92,0.004342602
Frame,346,1.576932,0.3212144,7.2833333,True,False,None,Playing,True,True,True,0,15,63,0,-10,8.7,False,False,False,-4,0.92,0.00479000155
Frame,347,1.58059406,0.3252741,7.2833333,True,False,None,Playing,True,True,True,0,15,63,0,-10,8.7,False,False,False,-4,0.92,0.00405970076
Frame,348,1.58487034,0.32938692,7.2833333,True,False,None,Playing,True,True,True,0,15,63,0,-10,8.7,False,False,False,-4,0.92,0.004112798
Frame,349,1.5880928,0.3328674,7.2833333,True,False,None,Playing,True,True,True,0,15,63,0,-10,8.7,False,False,False,-4,0.92,0.003480499
Frame,350,1.59327316,0.337987,7.2833333,True,False,None,Playing,True,True,True,0,15,63,0,-10,8.7,False,False,False,-4,0.92,0.00511960033
Frame,351,1.59758663,0.342233,7.2833333,True,False,None,Playing,True,True,True,0,15,63,0,-10,8.7,False,False,False,-4,0.92,0.00424600346
Frame,352,1.60120773,0.3460737,7.2833333,True,False,None,Playing,True,True,True,0,15,63,0,-10,8.7,False,False,False,-4,0.92,0.00384069583
Frame,353,1.60415745,0.349222779,7.2833333,True,False,None,Playing,True,True,True,0,15,63,0,-10,8.7,False,False,False,-4,0.92,0.0031491
Frame,354,1.60878372,0.3535998,7.2833333,True,False,None,Playing,True,True,True,0,15,63,0,-10,8.7,False,False,False,-4,0.92,0.004377005
Frame,355,1.61306763,0.356892973,7.2833333,True,False,None,Playing,True,True,True,0,15,63,0,-10,8.7,False,False,False,-4,0.92,0.00329319737
Frame,356,1.61677551,0.361560673,7.2833333,True,False,None,Playing,True,True,True,0,15,63,0,-10,8.7,False,False,False,-4,0.92,0.004667701
Frame,357,1.62003326,0.364930063,7.2833333,True,False,None,Playing,True,True,True,0,15,63,0,-10,8.7,False,False,False,-4,0.92,0.003369395
Frame,358,1.6225853,0.36751017,7.2833333,True,False,None,Playing,True,True,True,0,15,63,0,-10,8.7,False,False,False,-4,0.92,0.002580102
Frame,359,1.62676716,0.371432573,7.2833333,True,False,None,Playing,True,True,True,0,15,63,0,-10,8.7,False,False,False,-4,0.92,0.0039223996
Frame,360,1.62986374,0.374774277,7.2833333,True,False,None,Playing,True,True,True,0,15,63,0,-10,8.7,False,False,False,-4,0.92,0.003341702
Frame,361,1.63329315,0.3781902,7.2833333,True,False,None,Playing,True,True,True,0,15,63,0,-10,8.7,False,False,False,-4,0.92,0.00341590145
Sequence_004,361,1.66037464,0.3781902,7.2833333,True,False,None,Playing,True,True,True,0,15,63,0,-10,8.7,False,False,False,-4,0.92,0.00341590145
Frame,362,1.664814,0.4091257,7.2833333,True,False,None,Playing,True,True,True,0,15,63,0,-10,8.7,False,False,False,-4,0.92,0.0309355017
Frame,363,1.667922,0.41279307,7.2833333,True,False,None,Playing,True,True,True,0,15,63,0,-10,8.7,False,False,False,-4,0.92,0.00366739649
Frame,364,1.67102623,0.415927678,7.2833333,True,False,None,Playing,True,True,True,0,15,63,0,-10,8.7,False,False,False,-4,0.92,0.00313460175
Frame,365,1.67532921,0.420053482,7.2833333,True,False,None,Playing,True,True,True,0,15,63,0,-10,8.7,False,False,False,-4,0.92,0.004125801
Frame,366,1.679841,0.4246043,7.2833333,True,False,None,Playing,True,True,True,0,15,63,0,-10,8.7,False,False,False,-4,0.92,0.00455080066
Frame,367,1.6830492,0.4278867,7.2833333,True,False,None,Playing,True,True,True,0,15,63,0,-10,8.7,False,False,False,-4,0.92,0.003282398
Frame,368,1.68688107,0.431675583,7.2833333,True,False,None,Playing,True,True,True,0,15,63,0,-10,8.7,False,False,False,-4,0.92,0.003788896
Frame,369,1.69261169,0.437327981,7.2833333,True,False,None,Playing,True,True,True,0,15,63,0,-10,8.7,False,False,False,-4,0.92,0.005652402
Frame,370,1.69604015,0.440627277,7.2833333,True,False,None,Playing,True,True,True,0,15,63,0,-10,8.7,False,False,False,-4,0.92,0.00329929846
Frame,371,1.69996166,0.444096863,7.2833333,True,False,None,Playing,True,True,True,0,15,63,0,-10,8.7,False,False,False,-4,0.92,0.00346960034
Frame,372,1.70272064,0.447539479,7.2833333,True,False,None,Playing,True,True,True,0,15,63,0,-10,8.7,False,False,False,-4,0.92,0.003442602
Frame,373,1.70618343,0.4508657,7.2833333,True,False,None,Playing,True,True,True,0,15,63,0,-10,8.7,False,False,False,-4,0.92,0.00332619762
Frame,374,1.70953178,0.4542889,7.2833333,True,False,None,Playing,True,True,True,0,15,63,0,-10,8.7,False,False,False,-4,0.92,0.00342320022
Frame,375,1.71237278,0.4572183,7.2833333,True,False,None,Playing,True,True,True,0,15,63,0,-10,8.7,False,False,False,-4,0.92,0.00292940042
Frame,376,1.71502209,0.4600608,7.2833333,True,False,None,Playing,True,True,True,0,15,63,0,-10,8.7,False,False,False,-4,0.92,0.002842503
Frame,377,1.71851063,0.4634627,7.2833333,True,False,None,Playing,True,True,True,0,15,63,0,-10,8.7,False,False,False,-4,0.92,0.003401899
Frame,378,1.72096634,0.466061115,7.2833333,True,False,None,Playing,True,True,True,0,15,63,0,-10,8.7,False,False,False,-4,0.92,0.0025983986
Frame,379,1.72518826,0.46997872,7.2833333,True,False,None,Playing,True,True,True,0,15,63,0,-10,8.7,False,False,False,-4,0.92,0.003917602
Frame,380,1.72853947,0.473312229,7.2833333,True,False,None,Playing,True,True,True,0,15,63,0,-10,8.7,False,False,False,-4,0.92,0.0033334964
Frame,381,1.73170376,0.476563334,7.2833333,True,False,None,Playing,True,True,True,0,15,63,0,-10,8.7,False,False,False,-4,0.92,0.00325110555
Frame,382,1.73509312,0.48017624,7.2833333,True,False,None,Playing,True,True,True,0,15,63,0,-10,8.7,False,False,False,-4,0.92,0.003612897
Frame,383,1.73806858,0.482953846,7.2833333,True,False,None,Playing,True,True,True,0,15,63,0,-10,8.7,False,False,False,-4,0.92,0.00277760066
Frame,384,1.74118042,0.486040056,7.2833333,True,False,None,Playing,True,True,True,0,15,63,0,-10,8.7,False,False,False,-4,0.92,0.00308620324
Frame,385,1.74411964,0.488904744,7.2833333,True,False,None,Playing,True,True,True,0,15,63,0,-10,8.7,False,False,False,-4,0.92,0.00286469678
Frame,386,1.74642181,0.491548151,7.2833333,True,False,None,Playing,True,True,True,0,15,63,0,-10,8.7,False,False,False,-4,0.92,0.00264340267
Frame,387,1.74926949,0.493842036,7.2833333,True,False,None,Playing,True,True,True,0,15,63,0,-10,8.7,False,False,False,-4,0.92,0.00229389872
Frame,388,1.75174236,0.496889919,7.2833333,True,False,None,Playing,True,True,True,0,15,63,0,-10,8.7,False,False,False,-4,0.92,0.00304789538
Frame,389,1.75437069,0.499214232,7.2833333,True,False,None,Playing,True,True,True,0,15,63,0,-10,8.7,False,False,False,-4,0.92,0.00232430547
Frame,390,1.757474,0.5023902,7.2833333,True,False,None,Playing,True,True,True,0,15,63,0,-10,8.7,False,False,False,-4,0.92,0.003175999
Frame,391,1.7599659,0.5049221,7.2833333,True,False,None,Playing,True,True,True,0,15,63,0,-10,8.7,False,False,False,-4,0.92,0.002531902
Frame,392,1.7632761,0.5084386,7.2833333,True,False,None,Playing,True,True,True,0,15,63,0,-10,8.7,False,False,False,-4,0.92,0.00351649662
Frame,393,1.76632881,0.5114602,7.2833333,True,False,None,Playing,True,True,True,0,15,63,0,-10,8.7,False,False,False,-4,0.92,0.00302159856
Frame,394,1.76873207,0.513694763,7.2833333,True,False,None,Playing,True,True,True,0,15,63,0,-10,8.7,False,False,False,-4,0.92,0.00223460165
Frame,395,1.77148438,0.5164605,7.2833333,True,False,None,Playing,True,True,True,0,15,63,0,-10,8.7,False,False,False,-4,0.92,0.002765703
Frame,396,1.775034,0.519950747,7.2833333,True,False,None,Playing,True,True,True,0,15,63,0,-10,8.7,False,False,False,-4,0.92,0.003490299
Frame,397,1.7779541,0.5229796,7.2833333,True,False,None,Playing,True,True,True,0,15,63,0,-10,8.7,False,False,False,-4,0.92,0.00302889734
Frame,398,1.78055286,0.5254148,7.2833333,True,False,None,Playing,True,True,True,0,15,63,0,-10,8.7,False,False,False,-4,0.92,0.002435197
Frame,399,1.78371811,0.528728843,7.2833333,True,False,None,Playing,True,True,True,0,15,63,0,-10,8.7,False,False,False,-4,0.92,0.00331400218
Frame,400,1.7863903,0.5312356,7.2833333,True,False,None,Playing,True,True,True,0,15,63,0,-10,8.7,False,False,False,-4,0.92,0.0025067036
Frame,401,1.78936481,0.5342626,7.2833333,True,False,None,Playing,True,True,True,0,15,63,0,-10,8.7,False,False,False,-4,0.92,0.00302699837
Frame,402,1.79316521,0.537252069,7.2833333,True,False,None,Playing,True,True,True,0,15,63,0,-10,8.7,False,False,False,-4,0.92,0.0029894982
Frame,403,1.79585075,0.5405658,7.2833333,True,False,None,Playing,True,True,True,0,15,63,0,-10,8.7,False,False,False,-4,0.92,0.00331369764
Frame,404,1.79829407,0.5433896,7.2833333,True,False,None,Playing,True,True,True,0,15,63,0,-10,8.7,False,False,False,-4,0.92,0.00282380241
Frame,405,1.80081844,0.54579854,7.2833333,True,False,None,Playing,True,True,True,0,15,63,0,-10,8.7,False,False,False,-4,0.92,0.0024089003
Frame,406,1.80363274,0.548633456,7.2833333,True,False,None,Playing,True,True,True,0,15,63,0,-10,8.7,False,False,False,-4,0.92,0.00283489935
Frame,407,1.80649,0.551411867,7.2833333,True,False,None,Playing,True,True,True,0,15,63,0,-10,8.7,False,False,False,-4,0.92,0.00277840137
Frame,408,1.80925751,0.554149568,7.2833333,True,False,None,Playing,True,True,True,0,15,63,0,-10,8.7,False,False,False,-4,0.92,0.00273769838
Frame,409,1.81257057,0.557364345,7.2833333,True,False,None,Playing,True,True,True,0,15,63,0,-10,8.7,False,False,False,-4,0.92,0.003214803
Frame,410,1.81488419,0.559959233,7.2833333,True,False,None,Playing,True,True,True,0,15,63,0,-10,8.7,False,False,False,-4,0.92,0.002594898
Frame,411,1.81742668,0.562369049,7.2833333,True,False,None,Playing,True,True,True,0,15,63,0,-10,8.7,False,False,False,-4,0.92,0.00240980019
Frame,412,1.81999874,0.5651441,7.2833333,True,False,None,Playing,True,True,True,0,15,63,0,-10,8.7,False,False,False,-4,0.92,0.00277509913
Frame,413,1.82400322,0.5688682,7.2833333,True,False,None,Playing,True,True,True,0,15,63,0,-10,8.7,False,False,False,-4,0.92,0.0037241
Frame,414,1.82663441,0.5715926,7.2833333,True,False,None,Playing,True,True,True,0,15,63,0,-10,8.7,False,False,False,-4,0.92,0.00272439769
Frame,415,1.82945251,0.574174941,7.2833333,True,False,None,Playing,True,True,True,0,15,63,0,-10,8.7,False,False,False,-4,0.92,0.00258230581
Frame,416,1.83233356,0.577367842,7.2833333,True,False,None,Playing,True,True,True,0,15,63,0,-10,8.7,False,False,False,-4,0.92,0.00319289975
Frame,417,1.83513069,0.579963267,7.2833333,True,False,None,Playing,True,True,True,0,15,63,0,-10,8.7,False,False,False,-4,0.92,0.00259540114
Sequence_005,417,1.86801338,0.579963267,7.2833333,True,False,None,Playing,True,True,True,0,15,63,0,-10,8.7,False,False,False,-4,0.92,0.00259540114
Frame,418,1.87109756,0.616004,7.2833333,True,False,None,Playing,True,True,True,0,15,63,0,-10,8.7,False,False,False,-4,0.92,0.0360406972
Frame,419,1.87443256,0.619243562,7.2833333,True,False,None,Playing,True,True,True,0,15,63,0,-10,8.7,False,False,False,-4,0.92,0.00323959743
Frame,420,1.87759876,0.622604668,7.2833333,True,False,None,Playing,True,True,True,0,15,63,0,-10,8.7,False,False,False,-4,0.92,0.003361104
Frame,421,1.88009071,0.625108242,7.2833333,True,False,None,Playing,True,True,True,0,15,63,0,-10,8.7,False,False,False,-4,0.92,0.00250359974
Frame,422,1.88275528,0.627715647,7.2833333,True,False,None,Playing,True,True,True,0,15,63,0,-10,8.7,False,False,False,-4,0.92,0.002607398
Frame,423,1.88520622,0.630343735,7.2833333,True,False,None,Playing,True,True,True,0,15,63,0,-10,8.7,False,False,False,-4,0.92,0.00262810383
Frame,424,1.88827419,0.633274138,7.2833333,True,False,None,Playing,True,True,True,0,15,63,0,-10,8.7,False,False,False,-4,0.92,0.00293039973
Frame,425,1.89180946,0.6366974,7.2833333,True,False,None,Playing,True,True,True,0,15,63,0,-10,8.7,False,False,False,-4,0.92,0.00342329941
Frame,426,1.895257,0.6400762,7.2833333,True,False,None,Playing,True,True,True,0,15,63,0,-10,8.7,False,False,False,-4,0.92,0.00337879825
Frame,427,1.89876938,0.6429144,7.2833333,True,False,None,Playing,True,True,True,0,15,63,0,-10,8.7,False,False,False,-4,0.92,0.00283820159
Frame,428,1.90142632,0.646369636,7.2833333,True,False,None,Playing,True,True,True,0,15,63,0,-10,8.7,False,False,False,-4,0.92,0.00345520116
Frame,429,1.90431786,0.649322748,7.2833333,True,False,None,Playing,True,True,True,0,15,63,0,-10,8.7,False,False,False,-4,0.92,0.00295309676
Frame,430,1.90712738,0.6520479,7.2833333,True,False,None,Playing,True,True,True,0,15,63,0,-10,8.7,False,False,False,-4,0.92,0.00272509921
Frame,431,1.90986633,0.654970765,7.2833333,True,False,None,Playing,True,True,True,0,15,63,0,-10,8.7,False,False,False,-4,0.92,0.00292290258
Frame,432,1.91264343,0.65756005,7.2833333,True,False,None,Playing,True,True,True,0,15,63,0,-10,8.7,False,False,False,-4,0.92,0.00258929981
Frame,433,1.91598511,0.661032856,7.2833333,True,False,None,Playing,True,True,True,0,15,63,0,-10,8.7,False,False,False,-4,0.92,0.00347280339
Frame,434,1.91844749,0.663568258,7.2833333,True,False,None,Playing,True,True,True,0,15,63,0,-10,8.7,False,False,False,-4,0.92,0.00253539532
Frame,435,1.921587,0.66646415,7.2833333,True,False,None,Playing,True,True,True,0,15,63,0,-10,8.7,False,False,False,-4,0.92,0.00289590424
Frame,436,1.92521572,0.670031965,7.2833333,True,False,None,Playing,True,True,True,0,15,63,0,-10,8.7,False,False,False,-4,0.92,0.00356779341
Frame,437,1.92826176,0.673132956,7.2833333,True,False,None,Playing,True,True,True,0,15,63,0,-10,8.7,False,False,False,-4,0.92,0.00310100615
Frame,438,1.93265247,0.677336633,7.2833333,True,False,None,Playing,True,True,True,0,15,63,0,-10,8.7,False,False,False,-4,0.92,0.004203699
Frame,439,1.93558121,0.680511534,7.2833333,True,False,None,Playing,True,True,True,0,15,63,0,-10,8.7,False,False,False,-4,0.92,0.00317490078
Frame,440,1.93779659,0.682924449,7.2833333,True,False,None,Playing,True,True,True,0,15,63,0,-10,8.7,False,False,False,-4,0.92,0.00241289684
Frame,441,1.9410429,0.68594414,7.2833333,True,False,None,Playing,True,True,True,0,15,63,0,-10,8.7,False,False,False,-4,0.92,0.00301969959
Frame,442,1.944396,0.689479053,7.2833333,True,False,None,Playing,True,True,True,0,15,63,0,-10,8.7,False,False,False,-4,0.92,0.00353489933
Frame,443,1.94748878,0.692314565,7.2833333,True,False,None,Playing,True,True,True,0,15,63,0,-10,8.7,False,False,False,-4,0.92,0.00283550168
Frame,444,1.9502039,0.695338368,7.2833333,True,False,None,Playing,True,True,True,0,15,63,0,-10,8.7,False,False,False,-4,0.92,0.00302380254
Frame,445,1.95279312,0.697899163,7.2833333,True,False,None,Playing,True,True,True,0,15,63,0,-10,8.7,False,False,False,-4,0.92,0.00256079924
Frame,446,1.95580959,0.700756252,7.2833333,True,False,None,Playing,True,True,True,0,15,63,0,-10,8.7,False,False,False,-4,0.92,0.00285710045
Frame,447,1.95829773,0.7034047,7.2833333,True,False,None,Playing,True,True,True,0,15,63,0,-10,8.7,False,False,False,-4,0.92,0.0026484977
Frame,448,1.96251488,0.7073267,7.2833333,True,False,None,Playing,True,True,True,0,15,62.9999962,0,-10,8.7,False,False,False,-4,0.92,0.00392200239
Frame,449,1.96491718,0.7100224,7.2833333,True,False,None,Playing,True,True,True,0,15,62.99999,0,-10,8.7,False,False,False,-4,0.92,0.00269569876
Frame,450,1.96728992,0.7121904,7.2833333,True,False,None,Playing,True,True,True,0,15,62.99998,0,-10,8.7,False,False,False,-4,0.92,0.00216799881
Frame,451,1.970026,0.7150019,7.2833333,True,False,None,Playing,True,True,True,0,15,62.9999657,0,-10,8.7,False,False,False,-4,0.92,0.0028115008
Frame,452,1.97265244,0.7175209,7.2833333,True,False,None,Playing,True,True,True,0,15,62.9999466,0,-10,8.7,False,False,False,-4,0.92,0.002518998
Frame,453,1.97710037,0.7217091,7.2833333,True,False,None,Playing,True,True,True,0,15,62.9999,0,-10,8.7,False,False,False,-4,0.92,0.00418820139
Frame,454,1.98093891,0.725653768,7.2833333,True,False,None,Playing,True,True,True,0,15,62.9998322,0,-10,8.7,False,False,False,-4,0.92,0.00394469965
Frame,455,1.98467731,0.729397655,7.2833333,True,False,None,Playing,True,True,True,0,15,62.99975,0,-10,8.7,False,False,False,-4,0.92,0.00374389882
Frame,456,1.988163,0.733076036,7.2833333,True,False,None,Playing,True,True,True,0,15,62.99964,0,-10,8.7,False,False,False,-4,0.92,0.00367840147
Frame,457,1.99200821,0.736762941,7.2833333,True,False,None,Playing,True,True,True,0,15,62.99951,0,-10,8.7,False,False,False,-4,0.92,0.00368689769
Frame,458,1.99629021,0.740995944,7.2833333,True,False,None,Playing,True,True,True,0,15,62.99932,0,-10,8.7,False,False,False,-4,0.92,0.00423300033
Frame,459,1.99914837,0.744122,7.2833333,True,False,None,Playing,True,True,True,0,15,62.9991531,0,-10,8.7,False,False,False,-4,0.92,0.00312610553
Frame,460,2.001708,0.7468153,7.2833333,True,False,None,Playing,True,True,True,0,15,62.99899,0,-10,8.7,False,False,False,-4,0.92,0.00269329641
Frame,461,2.00460434,0.7495685,7.2833333,True,False,None,Playing,True,True,True,0,15,62.9988,0,-10,8.7,False,False,False,-4,0.92,0.002753203
Frame,462,2.0074625,0.7525106,7.2833333,True,False,None,Playing,True,True,True,0,15,62.9985733,0,-10,8.7,False,False,False,-4,0.92,0.002942099
Frame,463,2.00975418,0.7548416,7.2833333,True,False,None,Playing,True,True,True,0,15,62.9983749,0,-10,8.7,False,False,False,-4,0.92,0.002330995
Frame,464,2.01293087,0.757848,7.2833333,True,False,None,Playing,True,True,True,0,15,62.9980927,0,-10,8.7,False,False,False,-4,0.92,0.003006406
Frame,465,2.01635742,0.761202633,7.2833333,True,False,None,Playing,True,True,True,0,15,62.99774,0,-10,8.7,False,False,False,-4,0.92,0.003354599
Frame,466,2.01986217,0.764395535,7.2833333,True,False,None,Playing,True,True,True,0,15,62.99737,0,-10,8.7,False,False,False,-4,0.92,0.00319289975
Frame,467,2.02303314,0.767928958,7.2833333,True,False,None,Playing,True,True,True,0,15,62.9969139,0,-10,8.7,False,False,False,-4,0.92,0.003533397
Frame,468,2.02545452,0.7704006,7.2833333,True,False,None,Playing,True,True,True,0,15,62.996563,0,-10,8.7,False,False,False,-4,0.92,0.00247159856
Frame,469,2.02947235,0.7744252,7.2833333,True,False,None,Playing,True,True,True,0,15,62.99594,0,-10,8.7,False,False,False,-4,0.92,0.0040246034
Frame,470,2.03301144,0.7778092,7.2833333,True,False,None,Playing,True,True,True,0,15,62.9953651,0,-10,8.7,False,False,False,-4,0.92,0.00338399946
Frame,471,2.03627777,0.781121,7.2833333,True,False,None,Playing,True,True,True,0,15,62.9947472,0,-10,8.7,False,False,False,-4,0.92,0.00331179844
Sequence_006,471,2.069333,0.781121,7.2833333,True,False,None,Playing,True,True,True,0,15,62.9947472,0,-10,8.7,False,False,False,-4,0.92,0.00331179844
Frame,472,2.07268143,0.8172362,7.2833333,True,False,None,Playing,True,True,True,0,15,62.9842033,0,-10,8.7,False,False,False,-4,0.92,0.0361152
Frame,473,2.07596779,0.8207319,7.2833333,True,False,None,Playing,True,True,True,0,15,62.9827576,0,-10,8.7,False,False,False,-4,0.92,0.00349569879
Frame,474,2.079115,0.82411176,7.2833333,True,False,None,Playing,True,True,True,0,15,62.9812737,0,-10,8.7,False,False,False,-4,0.92,0.00337990373
Frame,475,2.08198547,0.8268589,7.2833333,True,False,None,Playing,True,True,True,0,15,62.98001,0,-10,8.7,False,False,False,-4,0.92,0.00274710171
Frame,476,2.08509159,0.8301641,7.2833333,True,False,None,Playing,True,True,True,0,15,62.9784164,0,-10,8.7,False,False,False,-4,0.92,0.00330520119
Frame,477,2.08785439,0.8329341,7.2833333,True,False,None,Playing,True,True,True,0,15,62.9770164,0,-10,8.7,False,False,False,-4,0.92,0.002769997
Frame,478,2.09085083,0.8358431,7.2833333,True,False,None,Playing,True,True,True,0,15,62.9754829,0,-10,8.7,False,False,False,-4,0.92,0.00290899933
Frame,479,2.09395123,0.838823557,7.2833333,True,False,None,Playing,True,True,True,0,15,62.9738464,0,-10,8.7,False,False,False,-4,0.92,0.00298049883
Frame,480,2.09662914,0.8416985,7.2833333,True,False,None,Playing,True,True,True,0,15,62.9722,0,-10,8.7,False,False,False,-4,0.92,0.002875
Frame,481,2.09911442,0.8440113,7.2833333,True,False,None,Playing,True,True,True,0,15,62.97082,0,-10,8.7,False,False,False,-4,0.92,0.00231280481
Frame,482,2.102044,0.8470035,7.2833333,True,False,None,Playing,True,True,True,0,15,62.96898,0,-10,8.7,False,False,False,-4,0.92,0.002992198
Frame,483,2.104392,0.8493889,7.2833333,True,False,None,Playing,True,True,True,0,15,62.9674568,0,-10,8.7,False,False,False,-4,0.92,0.00238539535
Frame,484,2.10747623,0.8524704,7.2833333,True,False,None,Playing,True,True,True,0,15,62.965416,0,-10,8.7,False,False,False,-4,0.92,0.00308150519
Frame,485,2.111947,0.8565317,7.2833333,True,False,None,Playing,True,True,True,0,15,62.9626,0,-10,8.7,False,False,False,-4,0.92,0.004061295
Frame,486,2.114913,0.8599655,7.2833333,True,False,None,Playing,True,True,True,0,15,62.9601059,0,-10,8.7,False,False,False,-4,0.92,0.003433801
Frame,487,2.11740971,0.8622737,7.2833333,True,False,None,Playing,True,True,True,0,15,62.95837,0,-10,8.7,False,False,False,-4,0.92,0.00230819872
Frame,488,2.11972141,0.8648801,7.2833333,True,False,None,Playing,True,True,True,0,15,62.9563522,0,-10,8.7,False,False,False,-4,0.92,0.00260640588
Frame,489,2.12240124,0.86729306,7.2833333,True,False,None,Playing,True,True,True,0,15,62.9544258,0,-10,8.7,False,False,False,-4,0.92,0.002412996
Frame,490,2.12542629,0.870315254,7.2833333,True,False,None,Playing,True,True,True,0,15,62.9519348,0,-10,8.7,False,False,False,-4,0.92,0.003022201
Frame,491,2.12797832,0.87312156,7.2833333,True,False,None,Playing,True,True,True,0,15,62.949543,0,-10,8.7,False,False,False,-4,0.92,0.0028062996
Frame,492,2.13019657,0.875335336,7.2833333,True,False,None,Playing,True,True,True,0,15,62.9476,0,-10,8.7,False,False,False,-4,0.92,0.00221380382
Frame,493,2.13257885,0.877690732,7.2833333,True,False,None,Playing,True,True,True,0,15,62.9454842,0,-10,8.7,False,False,False,-4,0.92,0.00235539977
Frame,494,2.13504124,0.8801363,7.2833333,True,False,None,Playing,True,True,True,0,15,62.9432259,0,-10,8.7,False,False,False,-4,0.92,0.00244559953
Frame,495,2.1385355,0.8830767,7.2833333,True,False,None,Playing,True,True,True,0,15,62.9404335,0,-10,8.7,False,False,False,-4,0.92,0.00294039818
Frame,496,2.14173412,0.8865907,7.2833333,True,False,None,Playing,True,True,True,0,15,62.9369774,0,-10,8.7,False,False,False,-4,0.92,0.00351400231
Frame,497,2.14493084,0.8896384,7.2833333,True,False,None,Playing,True,True,True,0,15,62.933876,0,-10,8.7,False,False,False,-4,0.92,0.003047697
Frame,498,2.148181,0.8932203,7.2833333,True,False,None,Playing,True,True,True,0,15,62.9301033,0,-10,8.7,False,False,False,-4,0.92,0.003581902
Frame,499,2.15059757,0.8955798,7.2833333,True,False,None,Playing,True,True,True,0,15,62.9275436,0,-10,8.7,False,False,False,-4,0.92,0.0023594955
Frame,500,2.15345669,0.898338437,7.2833333,True,False,None,Playing,True,True,True,0,15,62.9244766,0,-10,8.7,False,False,False,-4,0.92,0.00275860261
Frame,501,2.15576649,0.9007527,7.2833333,True,False,None,Playing,True,True,True,0,15,62.9217224,0,-10,8.7,False,False,False,-4,0.92,0.00241429987
Frame,502,2.15929317,0.90410924,7.2833333,True,False,None,Playing,True,True,True,0,15,62.9177856,0,-10,8.7,False,False,False,-4,0.92,0.003356498
Frame,503,2.16215038,0.906985164,7.2833333,True,False,None,Playing,True,True,True,0,15,62.91431,0,-10,8.7,False,False,False,-4,0.92,0.0028759
Frame,504,2.16446018,0.9095821,7.2833333,True,False,None,Playing,True,True,True,0,15,62.91109,0,-10,8.7,False,False,False,-4,0.92,0.00259690336
Frame,505,2.166936,0.9120377,7.2833333,True,False,None,Playing,True,True,True,0,15,62.9079781,0,-10,8.7,False,False,False,-4,0.92,0.002455598
Frame,506,2.169242,0.914291561,7.2833333,True,False,None,Playing,True,True,True,0,15,62.905056,0,-10,8.7,False,False,False,-4,0.92,0.00225389749
Frame,507,2.171836,0.9168135,7.2833333,True,False,None,Playing,True,True,True,0,15,62.90172,0,-10,8.7,False,False,False,-4,0.92,0.00252190325
Frame,508,2.17566013,0.9205026,7.2833333,True,False,None,Playing,True,True,True,0,15,62.896698,0,-10,8.7,False,False,False,-4,0.92,0.00368910143
Frame,509,2.17849064,0.923541,7.2833333,True,False,None,Playing,True,True,True,0,15,62.892437,0,-10,8.7,False,False,False,-4,0.92,0.00303839985
Frame,510,2.18102169,0.9260754,7.2833333,True,False,None,Playing,True,True,True,0,15,62.8888,0,-10,8.7,False,False,False,-4,0.92,0.00253439625
Frame,511,2.18324184,0.9283729,7.2833333,True,False,None,Playing,True,True,True,0,15,62.885437,0,-10,8.7,False,False,False,-4,0.92,0.00229750574
Frame,512,2.18621922,0.9311638,7.2833333,True,False,None,Playing,True,True,True,0,15,62.88126,0,-10,8.7,False,False,False,-4,0.92,0.00279089436
Frame,513,2.18884563,0.93388,7.2833333,True,False,None,Playing,True,True,True,0,15,62.8771,0,-10,8.7,False,False,False,-4,0.92,0.002716199
Frame,514,2.191472,0.9364735,7.2833333,True,False,None,Playing,True,True,True,0,15,62.8730431,0,-10,8.7,False,False,False,-4,0.92,0.002593502
Frame,515,2.194417,0.93924,7.2833333,True,False,None,Playing,True,True,True,0,15,62.86862,0,-10,8.7,False,False,False,-4,0.92,0.00276650372
Frame,516,2.19671154,0.941826,7.2833333,True,False,None,Playing,True,True,True,0,15,62.8644,0,-10,8.7,False,False,False,-4,0.92,0.0025859978
Frame,517,2.19900417,0.9440509,7.2833333,True,False,None,Playing,True,True,True,0,15,62.8606949,0,-10,8.7,False,False,False,-4,0.92,0.00222490076
Frame,518,2.20184422,0.9465993,7.2833333,True,False,None,Playing,True,True,True,0,15,62.8563728,0,-10,8.7,False,False,False,-4,0.92,0.00254839845
Frame,519,2.20443058,0.949528635,7.2833333,True,False,None,Playing,True,True,True,0,15,62.8513031,0,-10,8.7,False,False,False,-4,0.92,0.00292930123
Frame,520,2.20750523,0.9523903,7.2833333,True,False,None,Playing,True,True,True,0,15,62.8462372,0,-10,8.7,False,False,False,-4,0.92,0.00286169932
Frame,521,2.21018887,0.9552511,7.2833333,True,False,None,Playing,True,True,True,0,15,62.84106,0,-10,8.7,False,False,False,-4,0.92,0.00286079943
Frame,522,2.21246433,0.9575446,7.2833333,True,False,None,Playing,True,True,True,0,15,62.836834,0,-10,8.7,False,False,False,-4,0.92,0.002293502
Frame,523,2.2152586,0.960165441,7.2833333,True,False,None,Playing,True,True,True,0,15,62.831913,0,-10,8.7,False,False,False,-4,0.92,0.00262079784
Frame,524,2.21804142,0.96302855,7.2833333,True,False,None,Playing,True,True,True,0,15,62.82643,0,-10,8.7,False,False,False,-4,0.92,0.00286310236
Frame,525,2.22143459,0.966346443,7.2833333,True,False,None,Playing,True,True,True,0,15,62.81994,0,-10,8.7,False,False,False,-4,0.92,0.00331789977
Frame,526,2.22440243,0.9693096,7.2833333,True,False,None,Playing,True,True,True,0,15,62.8140068,0,-10,8.7,False,False,False,-4,0.92,0.00296320161
Frame,527,2.22672749,0.9718071,7.2833333,True,False,None,Playing,True,True,True,0,15,62.80891,0,-10,8.7,False,False,False,-4,0.92,0.00249749864
Frame,528,2.2291708,0.9741031,7.2833333,True,False,None,Playing,True,True,True,0,15,62.80415,0,-10,8.7,False,False,False,-4,0.92,0.0022959963
Frame,529,2.23212337,0.9769659,7.2833333,True,False,None,Playing,True,True,True,0,15,62.7981071,0,-10,8.7,False,False,False,-4,0.92,0.0028628048
Frame,530,2.23514462,0.9801526,7.2833333,True,False,None,Playing,True,True,True,0,15,62.79124,0,-10,8.7,False,False,False,-4,0.92,0.00318669924
Frame,531,2.237584,0.9827074,7.2833333,True,False,None,Playing,True,True,True,0,15,62.78563,0,-10,8.7,False,False,False,-4,0.92,0.00255479733
Sequence_007,531,2.26186275,0.9827074,7.2833333,True,False,None,Playing,True,True,True,0,15,62.78563,0,-10,8.7,False,False,False,-4,0.92,0.00255479733
Frame,532,2.2652235,1.01003635,7.2833333,True,False,None,Playing,True,True,True,0,15,62.7195129,0,-10,8.7,False,False,False,-4,0.92,0.0273290034
Frame,533,2.26804256,1.0130446,7.2833333,True,False,None,Playing,True,True,True,0,15,62.7115364,0,-10,8.7,False,False,False,-4,0.92,0.00300819869
Frame,534,2.27099323,1.01563656,7.2833333,True,False,None,Playing,True,True,True,0,15,62.7045479,0,-10,8.7,False,False,False,-4,0.92,0.00259199971
Frame,535,2.27434826,1.01921451,7.2833333,True,False,None,Playing,True,True,True,0,15,62.69473,0,-10,8.7,False,False,False,-4,0.92,0.00357799744
Frame,536,2.27754879,1.02254331,7.2833333,True,False,None,Playing,True,True,True,0,15,62.6854134,0,-10,8.7,False,False,False,-4,0.92,0.003328798
Frame,537,2.28029728,1.025289,7.2833333,True,False,None,Playing,True,True,True,0,15,62.6775932,0,-10,8.7,False,False,False,-4,0.92,0.002745805
Frame,538,2.28423214,1.0290035,7.2833333,True,False,None,Playing,True,True,True,0,15,62.6668243,0,-10,8.7,False,False,False,-4,0.92,0.00371439918
Frame,539,2.28760052,1.03217375,7.2833333,True,False,None,Playing,True,True,True,0,15,62.6574554,0,-10,8.7,False,False,False,-4,0.92,0.003170302
Frame,540,2.29101467,1.03589892,7.2833333,True,False,None,Playing,True,True,True,0,15,62.6462364,0,-10,8.7,False,False,False,-4,0.92,0.00372519833
Frame,541,2.29511166,1.03913975,7.2833333,True,False,None,Playing,True,True,True,0,15,62.63629,0,-10,8.7,False,False,False,-4,0.92,0.003240802
Frame,542,2.29845715,1.04330266,7.2833333,True,False,None,Playing,True,True,True,0,15,62.6232643,0,-10,8.7,False,False,False,-4,0.92,0.004162897
Frame,543,2.30167484,1.04650342,7.2833333,True,False,None,Playing,True,True,True,0,15,62.61305,0,-10,8.7,False,False,False,-4,0.92,0.00320080062
Frame,544,2.30486,1.04973757,7.2833333,True,False,None,Playing,True,True,True,0,15,62.6025543,0,-10,8.7,False,False,False,-4,0.92,0.00323419785
Frame,545,2.30910015,1.05347013,7.2833333,True,False,None,Playing,True,True,True,0,15,62.59023,0,-10,8.7,False,False,False,-4,0.92,0.00373260351
Frame,546,2.31290531,1.0576489,7.2833333,True,False,None,Playing,True,True,True,0,15,62.5761452,0,-10,8.7,False,False,False,-4,0.92,0.00417879829
Frame,547,2.31637669,1.06113911,7.2833333,True,False,None,Playing,True,True,True,0,15,62.5641556,0,-10,8.7,False,False,False,-4,0.92,0.0034901998
Frame,548,2.31998348,1.06477678,7.2833333,True,False,None,Playing,True,True,True,0,15,62.55144,0,-10,8.7,False,False,False,-4,0.92,0.00363769848
Frame,549,2.32523251,1.06977856,7.2833333,True,False,None,Playing,True,True,True,0,15,62.5335846,0,-10,8.7,False,False,False,-4,0.92,0.00500179967
Frame,550,2.32879925,1.07357562,7.2833333,True,False,None,Playing,True,True,True,0,15,62.5197372,0,-10,8.7,False,False,False,-4,0.92,0.0037970026
Frame,551,2.33185863,1.076794,7.2833333,True,False,None,Playing,True,True,True,0,15,62.50781,0,-10,8.7,False,False,False,-4,0.92,0.00321839564
Frame,552,2.33569431,1.08052588,7.2833333,True,False,None,Playing,True,True,True,0,15,62.4937477,0,-10,8.7,False,False,False,-4,0.92,0.003731902
Frame,553,2.33907032,1.08365238,7.2833333,True,False,None,Playing,True,True,True,0,15,62.4817772,0,-10,8.7,False,False,False,-4,0.92,0.00312650227
Frame,554,2.34335041,1.0879,7.2833333,True,False,None,Playing,True,True,True,0,15,62.4652443,0,-10,8.7,False,False,False,-4,0.92,0.004247697
Frame,555,2.34666348,1.0915947,7.2833333,True,False,None,Playing,True,True,True,0,15,62.4506,0,-10,8.7,False,False,False,-4,0.92,0.00369460043
Frame,556,2.349248,1.09424925,7.2833333,True,False,None,Playing,True,True,True,0,15,62.43993,0,-10,8.7,False,False,False,-4,0.92,0.00265449961
Frame,557,2.35217381,1.09704471,7.2833333,True,False,None,Playing,True,True,True,0,15,62.42856,0,-10,8.7,False,False,False,-4,0.92,0.002795401
Frame,558,2.35507679,1.09997821,7.2833333,True,False,None,Playing,True,True,True,0,15,62.4164734,0,-10,8.7,False,False,False,-4,0.92,0.00293350336
Frame,559,2.35858631,1.10344672,7.2833333,True,False,None,Playing,True,True,True,0,15,62.40199,0,-10,8.7,False,False,False,-4,0.92,0.00346849486
Frame,560,2.3619833,1.10684621,7.2833333,True,False,None,Playing,True,True,True,0,15,62.38758,0,-10,8.7,False,False,False,-4,0.92,0.00339950388
Frame,561,2.3655386,1.110356,7.2833333,True,False,None,Playing,True,True,True,0,15,62.3724861,0,-10,8.7,False,False,False,-4,0.92,0.00350980018
Frame,562,2.36975384,1.11464047,7.2833333,True,False,None,Playing,True,True,True,0,15,62.353756,0,-10,8.7,False,False,False,-4,0.92,0.00428449549
Frame,563,2.37355137,1.11820006,7.2833333,True,False,None,Playing,True,True,True,0,15,62.33794,0,-10,8.7,False,False,False,-4,0.92,0.00355960173
Frame,564,2.37773228,1.12218857,7.2833333,True,False,None,Playing,True,True,True,0,15,62.3199463,0,-10,8.7,False,False,False,-4,0.92,0.00398849929
Frame,565,2.38083363,1.12565112,7.2833333,True,False,None,Playing,True,True,True,0,15,62.3040924,0,-10,8.7,False,False,False,-4,0.92,0.00346259912
Frame,566,2.384282,1.12931144,7.2833333,True,False,None,Playing,True,True,True,0,15,62.28709,0,-10,8.7,False,False,False,-4,0.92,0.00366030331
Frame,567,2.38767719,1.13181591,7.2833333,True,False,None,Playing,True,True,True,0,15,62.2753143,0,-10,8.7,False,False,False,-4,0.92,0.00250449963
Frame,568,2.39220333,1.13646877,7.2833333,True,False,None,Playing,True,True,True,0,15,62.25313,0,-10,8.7,False,False,False,-4,0.92,0.00465289829
Frame,569,2.39621449,1.14115846,7.2833333,True,False,None,Playing,True,True,True,0,15,62.23037,0,-10,8.7,False,False,False,-4,0.92,0.0046897037
Frame,570,2.39932537,1.14419007,7.2833333,True,False,None,Playing,True,True,True,0,15,62.21544,0,-10,8.7,False,False,False,-4,0.92,0.00303159724
Frame,571,2.40200138,1.14703119,7.2833333,True,False,None,Playing,True,True,True,0,15,62.20129,0,-10,8.7,False,False,False,-4,0.92,0.00284109986
Frame,572,2.40645313,1.15128219,7.2833333,True,False,None,Playing,True,True,True,0,15,62.17984,0,-10,8.7,False,False,False,-4,0.92,0.004250999
Frame,573,2.4122324,1.15668535,7.2833333,True,False,None,Playing,True,True,True,0,15,62.152092,0,-10,8.7,False,False,False,-4,0.92,0.005403203
Frame,574,2.41552639,1.16036642,7.2833333,True,False,None,Playing,True,True,True,0,15,62.1328735,0,-10,8.7,False,False,False,-4,0.92,0.00368110114
Frame,575,2.4189024,1.16377676,7.2833333,True,False,None,Playing,True,True,True,0,15,62.1148453,0,-10,8.7,False,False,False,-4,0.92,0.00341029628
Frame,576,2.423894,1.16716731,7.2833333,True,False,None,Playing,True,True,True,0,15,62.0967064,0,-10,8.7,False,False,False,-4,0.92,0.00339050451
Frame,577,2.42886639,1.17355406,7.2833333,True,False,None,Playing,True,True,True,0,15,62.0619469,0,-10,8.7,False,False,False,-4,0.92,0.006386699
Frame,578,2.433135,1.17753327,7.2833333,True,False,None,Playing,True,True,True,0,15,62.0399055,0,-10,8.7,False,False,False,-4,0.92,0.003979195
Frame,579,2.43654728,1.18138051,7.2833333,True,False,None,Playing,True,True,True,0,15,62.01831,0,-10,8.7,False,False,False,-4,0.92,0.003847201
Frame,580,2.44103146,1.18553317,7.2833333,True,False,None,Playing,True,True,True,0,15,61.9946861,0,-10,8.7,False,False,False,-4,0.92,0.0041527
Sequence_008,580,2.47559452,1.18553317,7.2833333,True,False,None,Playing,True,True,True,0,15,61.9946861,0,-10,8.7,False,False,False,-4,0.92,0.0041527
Frame,581,2.47891521,1.22356665,7.2833333,True,False,None,Playing,True,True,True,0,15,61.7632256,0,-10,8.7,False,False,False,-4,0.92,0.038033504
Frame,582,2.48276424,1.22726655,7.2833333,True,False,None,Playing,True,True,True,0,15,61.7392578,0,-10,8.7,False,False,False,-4,0.92,0.00369990082
Frame,583,2.48588657,1.230908,7.2833333,True,False,None,Playing,True,True,True,0,15,61.715416,0,-10,8.7,False,False,False,-4,0.92,0.00364149665
Frame,584,2.48877621,1.233694,7.2833333,True,False,None,Playing,True,True,True,0,15,61.6970062,0,-10,8.7,False,False,False,-4,0.92,0.00278589851
Frame,585,2.492219,1.2370435,7.2833333,True,False,None,Playing,True,True,True,0,15,61.67468,0,-10,8.7,False,False,False,-4,0.92,0.003349504
Frame,586,2.495494,1.240442,7.2833333,True,False,None,Playing,True,True,True,0,15,61.6518135,0,-10,8.7,False,False,False,-4,0.92,0.00339849782
Frame,587,2.49885082,1.24363279,7.2833333,True,False,None,Playing,True,True,True,0,15,61.630146,0,-10,8.7,False,False,False,-4,0.92,0.00319080218
Frame,588,2.5013628,1.24637628,7.2833333,True,False,None,Playing,True,True,True,0,15,61.6113663,0,-10,8.7,False,False,False,-4,0.92,0.002743502
Frame,589,2.50420284,1.24932361,7.2833333,True,False,None,Playing,True,True,True,0,15,61.5910339,0,-10,8.7,False,False,False,-4,0.92,0.00294730021
Frame,590,2.50845242,1.252767,7.2833333,True,False,None,Playing,True,True,True,0,15,61.5670738,0,-10,8.7,False,False,False,-4,0.92,0.00344339572
Frame,591,2.5111208,1.25597072,7.2833333,True,False,None,Playing,True,True,True,0,15,61.5445862,0,-10,8.7,False,False,False,-4,0.92,0.003203798
Frame,592,2.51457119,1.25954664,7.2833333,True,False,None,Playing,True,True,True,0,15,61.5192566,0,-10,8.7,False,False,False,-4,0.92,0.00357589987
Frame,593,2.51736927,1.26223528,7.2833333,True,False,None,Playing,True,True,True,0,15,61.50006,0,-10,8.7,False,False,False,-4,0.92,0.00268870476
Frame,594,2.51999569,1.26517236,7.2833333,True,False,None,Playing,True,True,True,0,15,61.4789352,0,-10,8.7,False,False,False,-4,0.92,0.00293709617
Frame,595,2.5228548,1.26776063,7.2833333,True,False,None,Playing,True,True,True,0,15,61.460186,0,-10,8.7,False,False,False,-4,0.92,0.00258830073
Frame,596,2.52563763,1.27070975,7.2833333,True,False,None,Playing,True,True,True,0,15,61.43867,0,-10,8.7,False,False,False,-4,0.92,0.0029491
Frame,597,2.52811337,1.27306092,7.2833333,True,False,None,Playing,True,True,True,0,15,61.4214058,0,-10,8.7,False,False,False,-4,0.92,0.00235120463
Frame,598,2.53127956,1.27599776,7.2833333,True,False,None,Playing,True,True,True,0,15,61.3996964,0,-10,8.7,False,False,False,-4,0.92,0.00293679838
Frame,599,2.534604,1.2794472,7.2833333,True,False,None,Playing,True,True,True,0,15,61.3739967,0,-10,8.7,False,False,False,-4,0.92,0.00344949681
Frame,600,2.53710079,1.2821939,7.2833333,True,False,None,Playing,True,True,True,0,15,61.35338,0,-10,8.7,False,False,False,-4,0.92,0.00274669775
Frame,601,2.54110813,1.28610885,7.2833333,True,False,None,Playing,True,True,True,0,15,61.32375,0,-10,8.7,False,False,False,-4,0.92,0.003914902
Frame,602,2.54372883,1.288637,7.2833333,True,False,None,Playing,True,True,True,0,15,61.3044662,0,-10,8.7,False,False,False,-4,0.92,0.002528203
Frame,603,2.54690838,1.29183519,7.2833333,True,False,None,Playing,True,True,True,0,15,61.27991,0,-10,8.7,False,False,False,-4,0.92,0.00319820014
Frame,604,2.54942226,1.29453337,7.2833333,True,False,None,Playing,True,True,True,0,15,61.2590523,0,-10,8.7,False,False,False,-4,0.92,0.0026982
Frame,605,2.55207157,1.29704082,7.2833333,True,False,None,Playing,True,True,True,0,15,61.2395477,0,-10,8.7,False,False,False,-4,0.92,0.002507497
Frame,606,2.55477238,1.29981029,7.2833333,True,False,None,Playing,True,True,True,0,15,61.2178726,0,-10,8.7,False,False,False,-4,0.92,0.00276950118
Frame,607,2.55832767,1.30327451,7.2833333,True,False,None,Playing,True,True,True,0,15,61.19057,0,-10,8.7,False,False,False,-4,0.92,0.00346420077
Frame,608,2.56138134,1.30642629,7.2833333,True,False,None,Playing,True,True,True,0,15,61.1655426,0,-10,8.7,False,False,False,-4,0.92,0.00315179978
Frame,609,2.56408024,1.30892885,7.2833333,True,False,None,Playing,True,True,True,0,15,61.1455421,0,-10,8.7,False,False,False,-4,0.92,0.00250260066
Frame,610,2.56704044,1.31188679,7.2833333,True,False,None,Playing,True,True,True,0,15,61.12176,0,-10,8.7,False,False,False,-4,0.92,0.002957901
Frame,611,2.57129955,1.31618774,7.2833333,True,False,None,Playing,True,True,True,0,15,61.08691,0,-10,8.7,False,False,False,-4,0.92,0.004300999
Frame,612,2.57460117,1.31951129,7.2833333,True,False,None,Playing,True,True,True,0,15,61.0597534,0,-10,8.7,False,False,False,-4,0.92,0.003323597
Frame,613,2.57814312,1.3230238,7.2833333,True,False,None,Playing,True,True,True,0,15,61.03084,0,-10,8.7,False,False,False,-4,0.92,0.0035125
Frame,614,2.58106518,1.32602561,7.2833333,True,False,None,Playing,True,True,True,0,15,61.0059624,0,-10,8.7,False,False,False,-4,0.92,0.00300179981
Frame,615,2.58358479,1.328695,7.2833333,True,False,None,Playing,True,True,True,0,15,60.9837074,0,-10,8.7,False,False,False,-4,0.92,0.002669402
Frame,616,2.58620548,1.33108485,7.2833333,True,False,None,Playing,True,True,True,0,15,60.9636765,0,-10,8.7,False,False,False,-4,0.92,0.002389803
Frame,617,2.58938885,1.33426023,7.2833333,True,False,None,Playing,True,True,True,0,15,60.9369125,0,-10,8.7,False,False,False,-4,0.92,0.003175397
Frame,618,2.59295177,1.33785093,7.2833333,True,False,None,Playing,True,True,True,0,15,60.9064369,0,-10,8.7,False,False,False,-4,0.92,0.003590703
Frame,619,2.595727,1.34081674,7.2833333,True,False,None,Playing,True,True,True,0,15,60.8811,0,-10,8.7,False,False,False,-4,0.92,0.002965795
Frame,620,2.59855747,1.34344423,7.2833333,True,False,None,Playing,True,True,True,0,15,60.85853,0,-10,8.7,False,False,False,-4,0.92,0.0026275015
Frame,621,2.6018858,1.34671617,7.2833333,True,False,None,Playing,True,True,True,0,15,60.8302536,0,-10,8.7,False,False,False,-4,0.92,0.00327190338
Frame,622,2.604579,1.34947789,7.2833333,True,False,None,Playing,True,True,True,0,15,60.80625,0,-10,8.7,False,False,False,-4,0.92,0.00276169926
Frame,623,2.608735,1.353758,7.2833333,True,False,None,Playing,True,True,True,0,15,60.768795,0,-10,8.7,False,False,False,-4,0.92,0.004280095
Frame,624,2.61163616,1.35636747,7.2833333,True,False,None,Playing,True,True,True,0,15,60.7458076,0,-10,8.7,False,False,False,-4,0.92,0.00260950252
Frame,625,2.61487675,1.35973454,7.2833333,True,False,None,Playing,True,True,True,0,15,60.71598,0,-10,8.7,False,False,False,-4,0.92,0.003367099
Frame,626,2.618104,1.36299682,7.2833333,True,False,None,Playing,True,True,True,0,15,60.6869049,0,-10,8.7,False,False,False,-4,0.92,0.00326230167
Frame,627,2.62105465,1.36602974,7.2833333,True,False,None,Playing,True,True,True,0,15,60.6597176,0,-10,8.7,False,False,False,-4,0.92,0.003032901
Frame,628,2.6248064,1.36941707,7.2833333,True,False,None,Playing,True,True,True,0,15,60.62917,0,-10,8.7,False,False,False,-4,0.92,0.00338730169
Frame,629,2.62784863,1.37267542,7.2833333,True,False,None,Playing,True,True,True,0,15,60.5996132,0,-10,8.7,False,False,False,-4,0.92,0.003258298
Frame,630,2.630849,1.37577116,7.2833333,True,False,None,Playing,True,True,True,0,15,60.571373,0,-10,8.7,False,False,False,-4,0.92,0.00309569878
Frame,631,2.63505077,1.38001,7.2833333,True,False,None,Playing,True,True,True,0,15,60.5324554,0,-10,8.7,False,False,False,-4,0.92,0.004238804
Frame,632,2.63750744,1.38258982,7.2833333,True,False,None,Playing,True,True,True,0,15,60.50863,0,-10,8.7,False,False,False,-4,0.92,0.00257979729
Frame,633,2.640893,1.38577652,7.2833333,True,False,None,Playing,True,True,True,0,15,60.4790535,0,-10,8.7,False,False,False,-4,0.92,0.00318669924
Sequence_009,633,2.67823887,1.38577652,7.2833333,True,False,None,Playing,True,True,True,0,15,60.4790535,0,-10,8.7,False,False,False,-4,0.92,0.00318669924
Frame,634,2.682252,1.42629516,7.2833333,True,False,None,Playing,True,True,True,0,15,60.08944,0,-10,8.7,False,False,False,-4,0.92,0.0405186
Frame,635,2.68508625,1.42993283,7.2833333,True,False,None,Playing,True,True,True,0,15,60.0532761,0,-10,8.7,False,False,False,-4,0.92,0.00363769848
Frame,636,2.68771839,1.43271148,7.2833333,True,False,None,Playing,True,True,True,0,15,60.025528,0,-10,8.7,False,False,False,-4,0.92,0.00277859974
Frame,637,2.69085979,1.43583286,7.2833333,True,False,None,Playing,True,True,True,0,15,59.9942245,0,-10,8.7,False,False,False,-4,0.92,0.00312140025
Frame,638,2.69377422,1.43881893,7.2833333,True,False,None,Playing,True,True,True,0,15,59.9641571,0,-10,8.7,False,False,False,-4,0.92,0.002986097
Frame,639,2.6963892,1.44133818,7.2833333,True,False,None,Playing,True,True,True,0,15,59.93869,0,-10,8.7,False,False,False,-4,0.92,0.00251920358
Frame,640,2.69936085,1.44435477,7.2833333,True,False,None,Playing,True,True,True,0,15,59.90808,0,-10,8.7,False,False,False,-4,0.92,0.003016603
Frame,641,2.70189381,1.44697618,7.2833333,True,False,None,Playing,True,True,True,0,15,59.8813858,0,-10,8.7,False,False,False,-4,0.92,0.00262140017
Frame,642,2.704238,1.44935954,7.2833333,True,False,None,Playing,True,True,True,0,15,59.8570328,0,-10,8.7,False,False,False,-4,0.92,0.00238339719
Frame,643,2.70771122,1.45187271,7.2833333,True,False,None,Playing,True,True,True,0,15,59.83127,0,-10,8.7,False,False,False,-4,0.92,0.00251320144
Frame,644,2.71041,1.45554554,7.2833333,True,False,None,Playing,True,True,True,0,15,59.79347,0,-10,8.7,False,False,False,-4,0.92,0.0036727963
Frame,645,2.71352673,1.45840669,7.2833333,True,False,None,Playing,True,True,True,0,15,59.7639,0,-10,8.7,False,False,False,-4,0.92,0.002861104
Frame,646,2.716094,1.4611603,7.2833333,True,False,None,Playing,True,True,True,0,15,59.7353439,0,-10,8.7,False,False,False,-4,0.92,0.00275359978
Frame,647,2.71889019,1.46396792,7.2833333,True,False,None,Playing,True,True,True,0,15,59.7061234,0,-10,8.7,False,False,False,-4,0.92,0.00280759647
Frame,648,2.72116566,1.46632838,7.2833333,True,False,None,Playing,True,True,True,0,15,59.6814842,0,-10,8.7,False,False,False,-4,0.92,0.00236050179
Frame,649,2.72404385,1.46906328,7.2833333,True,False,None,Playing,True,True,True,0,15,59.6528435,0,-10,8.7,False,False,False,-4,0.92,0.00273489929
Frame,650,2.72660542,1.47167253,7.2833333,True,False,None,Playing,True,True,True,0,15,59.62543,0,-10,8.7,False,False,False,-4,0.92,0.00260919775
Frame,651,2.729661,1.4745096,7.2833333,True,False,None,Playing,True,True,True,0,15,59.59553,0,-10,8.7,False,False,False,-4,0.92,0.002837103
Frame,652,2.73294544,1.47775269,7.2833333,True,False,None,Playing,True,True,True,0,15,59.5612335,0,-10,8.7,False,False,False,-4,0.92,0.003243098
Frame,653,2.736043,1.48093724,7.2833333,True,False,None,Playing,True,True,True,0,15,59.5274277,0,-10,8.7,False,False,False,-4,0.92,0.00318460166
Frame,654,2.73965168,1.48449922,7.2833333,True,False,None,Playing,True,True,True,0,15,59.4894753,0,-10,8.7,False,False,False,-4,0.92,0.00356199685
Frame,655,2.74222279,1.48719108,7.2833333,True,False,None,Playing,True,True,True,0,15,59.46069,0,-10,8.7,False,False,False,-4,0.92,0.00269190059
Frame,656,2.74467945,1.48961413,7.2833333,True,False,None,Playing,True,True,True,0,15,59.43471,0,-10,8.7,False,False,False,-4,0.92,0.00242300169
Frame,657,2.74778843,1.49271381,7.2833333,True,False,None,Playing,True,True,True,0,15,59.4013748,0,-10,8.7,False,False,False,-4,0.92,0.0030997023
Frame,658,2.751092,1.49598682,7.2833333,True,False,None,Playing,True,True,True,0,15,59.36606,0,-10,8.7,False,False,False,-4,0.92,0.00327300164
Frame,659,2.75379086,1.49889266,7.2833333,True,False,None,Playing,True,True,True,0,15,59.3346,0,-10,8.7,False,False,False,-4,0.92,0.00290579651
Frame,660,2.75645351,1.5013442,7.2833333,True,False,None,Playing,True,True,True,0,15,59.3079872,0,-10,8.7,False,False,False,-4,0.92,0.00245150225
Frame,661,2.75897884,1.50386667,7.2833333,True,False,None,Playing,True,True,True,0,15,59.2805367,0,-10,8.7,False,False,False,-4,0.92,0.0025224986
Frame,662,2.76168919,1.50668538,7.2833333,True,False,None,Playing,True,True,True,0,15,59.24978,0,-10,8.7,False,False,False,-4,0.92,0.00281870039
Frame,663,2.76451778,1.50960708,7.2833333,True,False,None,Playing,True,True,True,0,15,59.2178078,0,-10,8.7,False,False,False,-4,0.92,0.002921698
Frame,664,2.76757717,1.512672,7.2833333,True,False,None,Playing,True,True,True,0,15,59.18417,0,-10,8.7,False,False,False,-4,0.92,0.00306490227
Frame,665,2.76998425,1.51497984,7.2833333,True,False,None,Playing,True,True,True,0,15,59.15878,0,-10,8.7,False,False,False,-4,0.92,0.00230790116
Frame,666,2.77299786,1.51794744,7.2833333,True,False,None,Playing,True,True,True,0,15,59.1260452,0,-10,8.7,False,False,False,-4,0.92,0.002967595
Frame,667,2.77616215,1.52100134,7.2833333,True,False,None,Playing,True,True,True,0,15,59.0922661,0,-10,8.7,False,False,False,-4,0.92,0.00305390451
Frame,668,2.77901745,1.52400839,7.2833333,True,False,None,Playing,True,True,True,0,15,59.058918,0,-10,8.7,False,False,False,-4,0.92,0.00300700124
Frame,669,2.78204823,1.52694845,7.2833333,True,False,None,Playing,True,True,True,0,15,59.0262222,0,-10,8.7,False,False,False,-4,0.92,0.00294010062
Frame,670,2.78479862,1.52982461,7.2833333,True,False,None,Playing,True,True,True,0,15,58.9941559,0,-10,8.7,False,False,False,-4,0.92,0.00287619745
Frame,671,2.78764248,1.53253376,7.2833333,True,False,None,Playing,True,True,True,0,15,58.96388,0,-10,8.7,False,False,False,-4,0.92,0.00270909863
Frame,672,2.79075527,1.53570151,7.2833333,True,False,None,Playing,True,True,True,0,15,58.9283867,0,-10,8.7,False,False,False,-4,0.92,0.00316780037
Frame,673,2.79370022,1.53854692,7.2833333,True,False,None,Playing,True,True,True,0,15,58.89643,0,-10,8.7,False,False,False,-4,0.92,0.00284540118
Frame,674,2.79788113,1.542662,7.2833333,True,False,None,Playing,True,True,True,0,15,58.8500824,0,-10,8.7,False,False,False,-4,0.92,0.00411510048
Frame,675,2.80094433,1.54588556,7.2833333,True,False,None,Playing,True,True,True,0,15,58.8136673,0,-10,8.7,False,False,False,-4,0.92,0.00322349765
Frame,676,2.8036356,1.54850447,7.2833333,True,False,None,Playing,True,True,True,0,15,58.7840157,0,-10,8.7,False,False,False,-4,0.92,0.00261889887
Frame,677,2.8068,1.55169272,7.2833333,True,False,None,Playing,True,True,True,0,15,58.74784,0,-10,8.7,False,False,False,-4,0.92,0.00318830064
Frame,678,2.80934238,1.55437469,7.2833333,True,False,None,Playing,True,True,True,0,15,58.7173424,0,-10,8.7,False,False,False,-4,0.92,0.002682001
Frame,679,2.8119688,1.556832,7.2833333,True,False,None,Playing,True,True,True,0,15,58.6893463,0,-10,8.7,False,False,False,-4,0.92,0.0024572988
Frame,680,2.81473827,1.55965245,7.2833333,True,False,None,Playing,True,True,True,0,15,58.65715,0,-10,8.7,False,False,False,-4,0.92,0.00282050017
Frame,681,2.81715679,1.56227589,7.2833333,True,False,None,Playing,True,True,True,0,15,58.6271477,0,-10,8.7,False,False,False,-4,0.92,0.00262339856
Frame,682,2.819312,1.56444156,7.2833333,True,False,None,Playing,True,True,True,0,15,58.6023369,0,-10,8.7,False,False,False,-4,0.92,0.00216570287
Frame,683,2.821824,1.56676662,7.2833333,True,False,None,Playing,True,True,True,0,15,58.57566,0,-10,8.7,False,False,False,-4,0.92,0.002325
Frame,684,2.82729053,1.57068694,7.2833333,True,False,None,Playing,True,True,True,0,15,58.53059,0,-10,8.7,False,False,False,-4,0.92,0.003920302
Frame,685,2.83410358,1.57904613,7.2833333,True,False,None,Playing,True,True,True,0,15,58.43411,0,-10,8.7,False,False,False,-4,0.92,0.00835919753
Frame,686,2.83652973,1.581634,7.2833333,True,False,None,Playing,True,True,True,0,15,58.4041367,0,-10,8.7,False,False,False,-4,0.92,0.00258789677
Frame,687,2.83910465,1.58404779,7.2833333,True,False,None,Playing,True,True,True,0,15,58.37614,0,-10,8.7,False,False,False,-4,0.92,0.002413804
Frame,688,2.84182453,1.5869236,7.2833333,True,False,None,Playing,True,True,True,0,15,58.3427353,0,-10,8.7,False,False,False,-4,0.92,0.00287580071
Frame,689,2.84418,1.58926284,7.2833333,True,False,None,Playing,True,True,True,0,15,58.3155251,0,-10,8.7,False,False,False,-4,0.92,0.00233920058
Sequence_010,689,2.870862,1.58926284,7.2833333,True,False,None,Playing,True,True,True,0,15,58.3155251,0,-10,8.7,False,False,False,-4,0.92,0.00233920058
Frame,690,2.87452221,1.619288,7.2833333,True,False,None,Playing,True,True,True,0,15,57.96337,0,-10,8.7,False,False,False,-4,0.92,0.0300250985
Frame,691,2.877118,1.62216711,7.2833333,True,False,None,Playing,True,True,True,0,15,57.9293556,0,-10,8.7,False,False,False,-4,0.92,0.00287909573
Frame,692,2.88045216,1.625312,7.2833333,True,False,None,Playing,True,True,True,0,15,57.8921547,0,-10,8.7,False,False,False,-4,0.92,0.00314480579
Frame,693,2.883151,1.62816381,7.2833333,True,False,None,Playing,True,True,True,0,15,57.8583832,0,-10,8.7,False,False,False,-4,0.92,0.00285179983
Frame,694,2.88572216,1.63060856,7.2833333,True,False,None,Playing,True,True,True,0,15,57.8294067,0,-10,8.7,False,False,False,-4,0.92,0.00244479883
Frame,695,2.88995838,1.63424134,7.2833333,True,False,None,Playing,True,True,True,0,15,57.7863045,0,-10,8.7,False,False,False,-4,0.92,0.00363279483
Frame,696,2.89342976,1.63814163,7.2833333,True,False,None,Playing,True,True,True,0,15,57.7399673,0,-10,8.7,False,False,False,-4,0.92,0.00390030467
Frame,697,2.89669514,1.64159191,7.2833333,True,False,None,Playing,True,True,True,0,15,57.6989326,0,-10,8.7,False,False,False,-4,0.92,0.00345029752
Frame,698,2.8996,1.64456666,7.2833333,True,False,None,Playing,True,True,True,0,15,57.66352,0,-10,8.7,False,False,False,-4,0.92,0.0029748017
Frame,699,2.903123,1.64740419,7.2833333,True,False,None,Playing,True,True,True,0,15,57.629715,0,-10,8.7,False,False,False,-4,0.92,0.0028375
Frame,700,2.906129,1.65100265,7.2833333,True,False,None,Playing,True,True,True,0,15,57.5868073,0,-10,8.7,False,False,False,-4,0.92,0.00359849771
Frame,701,2.90863514,1.653648,7.2833333,True,False,None,Playing,True,True,True,0,15,57.55524,0,-10,8.7,False,False,False,-4,0.92,0.002645401
Frame,702,2.91102123,1.65594184,7.2833333,True,False,None,Playing,True,True,True,0,15,57.5278549,0,-10,8.7,False,False,False,-4,0.92,0.00229379954
Frame,703,2.9141283,1.65895438,7.2833333,True,False,None,Playing,True,True,True,0,15,57.4918671,0,-10,8.7,False,False,False,-4,0.92,0.0030125
Frame,704,2.91688633,1.66180944,7.2833333,True,False,None,Playing,True,True,True,0,15,57.457737,0,-10,8.7,False,False,False,-4,0.92,0.00285500288
Frame,705,2.92116833,1.66431379,7.2833333,True,False,None,Playing,True,True,True,0,15,57.4277878,0,-10,8.7,False,False,False,-4,0.92,0.00250430126
Frame,706,2.92456341,1.66958809,7.2833333,True,False,None,Playing,True,True,True,0,15,57.364666,0,-10,8.7,False,False,False,-4,0.92,0.0052742986
Frame,707,2.926793,1.67189789,7.2833333,True,False,None,Playing,True,True,True,0,15,57.3370056,0,-10,8.7,False,False,False,-4,0.92,0.00230980013
Frame,708,2.92948627,1.67442644,7.2833333,True,False,None,Playing,True,True,True,0,15,57.3067169,0,-10,8.7,False,False,False,-4,0.92,0.0025285997
Frame,709,2.93261623,1.67743289,7.2833333,True,False,None,Playing,True,True,True,0,15,57.27069,0,-10,8.7,False,False,False,-4,0.92,0.003006399
Frame,710,2.93588924,1.68088055,7.2833333,True,False,None,Playing,True,True,True,0,15,57.2293625,0,-10,8.7,False,False,False,-4,0.92,0.00344759785
Frame,711,2.93832684,1.68330634,7.2833333,True,False,None,Playing,True,True,True,0,15,57.20028,0,-10,8.7,False,False,False,-4,0.92,0.00242580078
Frame,712,2.94138241,1.68650019,7.2833333,True,False,None,Playing,True,True,True,0,15,57.161972,0,-10,8.7,False,False,False,-4,0.92,0.00319389882
Frame,713,2.94365788,1.68880284,7.2833333,True,False,None,Playing,True,True,True,0,15,57.1343536,0,-10,8.7,False,False,False,-4,0.92,0.00230269972
Frame,714,2.94690228,1.69160485,7.2833333,True,False,None,Playing,True,True,True,0,15,57.1007347,0,-10,8.7,False,False,False,-4,0.92,0.00280200527
Frame,715,2.94992924,1.69503856,7.2833333,True,False,None,Playing,True,True,True,0,15,57.059536,0,-10,8.7,False,False,False,-4,0.92,0.00343369483
Frame,716,2.952239,1.69734251,7.2833333,True,False,None,Playing,True,True,True,0,15,57.03189,0,-10,8.7,False,False,False,-4,0.92,0.00230400357
Frame,717,2.95488071,1.69980407,7.2833333,True,False,None,Playing,True,True,True,0,15,57.00235,0,-10,8.7,False,False,False,-4,0.92,0.00246160012
Frame,718,2.957921,1.70298827,7.2833333,True,False,None,Playing,True,True,True,0,15,56.96414,0,-10,8.7,False,False,False,-4,0.92,0.003184198
Frame,719,2.96081638,1.70570743,7.2833333,True,False,None,Playing,True,True,True,0,15,56.93151,0,-10,8.7,False,False,False,-4,0.92,0.00271920348
Frame,720,2.96506977,1.71016657,7.2833333,True,False,None,Playing,True,True,True,0,15,56.878,0,-10,8.7,False,False,False,-4,0.92,0.00445909845
Frame,721,2.968072,1.7128,7.2833333,True,False,None,Playing,True,True,True,0,15,56.8464,0,-10,8.7,False,False,False,-4,0.92,0.002633397
Frame,722,2.97067928,1.71577144,7.2833333,True,False,None,Playing,True,True,True,0,15,56.8107452,0,-10,8.7,False,False,False,-4,0.92,0.00297140027
Frame,723,2.97402668,1.71899211,7.2833333,True,False,None,Playing,True,True,True,0,15,56.7720947,0,-10,8.7,False,False,False,-4,0.92,0.0032206988
Frame,724,2.97668171,1.72178376,7.2833333,True,False,None,Playing,True,True,True,0,15,56.7385941,0,-10,8.7,False,False,False,-4,0.92,0.00279160286
Frame,725,2.97954273,1.72422123,7.2833333,True,False,None,Playing,True,True,True,0,15,56.7093468,0,-10,8.7,False,False,False,-4,0.92,0.0024375
Frame,726,2.983264,1.72822475,7.2833333,True,False,None,Playing,True,True,True,0,15,56.6613045,0,-10,8.7,False,False,False,-4,0.92,0.00400350057
Frame,727,2.98609638,1.73099232,7.2833333,True,False,None,Playing,True,True,True,0,15,56.6280937,0,-10,8.7,False,False,False,-4,0.92,0.002767602
Frame,728,2.98924732,1.73412836,7.2833333,True,False,None,Playing,True,True,True,0,15,56.5904579,0,-10,8.7,False,False,False,-4,0.92,0.003136097
Frame,729,2.991826,1.73689556,7.2833333,True,False,None,Playing,True,True,True,0,15,56.5572548,0,-10,8.7,False,False,False,-4,0.92,0.002767198
Frame,730,2.99526119,1.74002349,7.2833333,True,False,None,Playing,True,True,True,0,15,56.51972,0,-10,8.7,False,False,False,-4,0.92,0.00312790531
Frame,731,2.99771786,1.74278486,7.2833333,True,False,None,Playing,True,True,True,0,15,56.48658,0,-10,8.7,False,False,False,-4,0.92,0.00276139448
Frame,732,3.00051785,1.74542415,7.2833333,True,False,None,Playing,True,True,True,0,15,56.45491,0,-10,8.7,False,False,False,-4,0.92,0.0026393
Frame,733,3.00295544,1.74806666,7.2833333,True,False,None,Playing,True,True,True,0,15,56.4232025,0,-10,8.7,False,False,False,-4,0.92,0.00264250278
Frame,734,3.00569439,1.75058913,7.2833333,True,False,None,Playing,True,True,True,0,15,56.3929329,0,-10,8.7,False,False,False,-4,0.92,0.0025224986
Frame,735,3.00866413,1.75362515,7.2833333,True,False,None,Playing,True,True,True,0,15,56.3565,0,-10,8.7,False,False,False,-4,0.92,0.00303599774
Frame,736,3.011199,1.756269,7.2833333,True,False,None,Playing,True,True,True,0,15,56.32477,0,-10,8.7,False,False,False,-4,0.92,0.00264379964
Frame,737,3.01456165,1.7593447,7.2833333,True,False,None,Playing,True,True,True,0,15,56.2878647,0,-10,8.7,False,False,False,-4,0.92,0.00307570142
Frame,738,3.01719379,1.76222837,7.2833333,True,False,None,Playing,True,True,True,0,15,56.2532578,0,-10,8.7,False,False,False,-4,0.92,0.00288370182
Frame,739,3.01964283,1.764787,7.2833333,True,False,None,Playing,True,True,True,0,15,56.2225571,0,-10,8.7,False,False,False,-4,0.92,0.00255860272
Frame,740,3.02315235,1.76802921,7.2833333,True,False,None,Playing,True,True,True,0,15,56.18365,0,-10,8.7,False,False,False,-4,0.92,0.00324219815
Frame,741,3.02598476,1.7708509,7.2833333,True,False,None,Playing,True,True,True,0,15,56.14979,0,-10,8.7,False,False,False,-4,0.92,0.00282169785
Frame,742,3.02878284,1.7737124,7.2833333,True,False,None,Playing,True,True,True,0,15,56.11545,0,-10,8.7,False,False,False,-4,0.92,0.002861501
Frame,743,3.03142834,1.77630806,7.2833333,True,False,None,Playing,True,True,True,0,15,56.0843048,0,-10,8.7,False,False,False,-4,0.92,0.00259569869
Frame,744,3.03367329,1.77879131,7.2833333,True,False,None,Playing,True,True,True,0,15,56.0545044,0,-10,8.7,False,False,False,-4,0.92,0.00248319865
Frame,745,3.03631115,1.78145885,7.2833333,True,False,None,Playing,True,True,True,0,15,56.0224953,0,-10,8.7,False,False,False,-4,0.92,0.00266760215
Frame,746,3.039422,1.7841022,7.2833333,True,False,None,Playing,True,True,True,0,15,55.9907761,0,-10,8.7,False,False,False,-4,0.92,0.00264340267
Frame,747,3.04231167,1.78702545,7.2833333,True,False,None,Playing,True,True,True,0,15,55.9556961,0,-10,8.7,False,False,False,-4,0.92,0.00292329933
Frame,748,3.04486752,1.789898,7.2833333,True,False,None,Playing,True,True,True,0,15,55.9212227,0,-10,8.7,False,False,False,-4,0.92,0.002872598
Sequence_011,748,3.070014,1.789898,7.2833333,True,False,None,Playing,True,True,True,0,15,55.9212227,0,-10,8.7,False,False,False,-4,0.92,0.002872598
Frame,749,3.073306,1.81794631,7.2833333,True,False,None,Playing,True,True,True,0,15,55.5846443,0,-10,8.7,False,False,False,-4,0.92,0.0280483
Frame,750,3.07773113,1.82216859,7.2833333,True,False,None,Playing,True,True,True,0,15,55.5339775,0,-10,8.7,False,False,False,-4,0.92,0.00422230037
Frame,751,3.08126545,1.82612753,7.2833333,True,False,None,Playing,True,True,True,0,15,55.48647,0,-10,8.7,False,False,False,-4,0.92,0.00395890046
Frame,752,3.08504772,1.82997036,7.2833333,True,False,None,Playing,True,True,True,0,15,55.4403572,0,-10,8.7,False,False,False,-4,0.92,0.00384280039
Frame,753,3.08754253,1.83265126,7.2833333,True,False,None,Playing,True,True,True,0,15,55.4081841,0,-10,8.7,False,False,False,-4,0.92,0.00268090283
Frame,754,3.09115887,1.83611739,7.2833333,True,False,None,Playing,True,True,True,0,15,55.3665924,0,-10,8.7,False,False,False,-4,0.92,0.00346609973
Frame,755,3.093896,1.8387928,7.2833333,True,False,None,Playing,True,True,True,0,15,55.3344879,0,-10,8.7,False,False,False,-4,0.92,0.00267539686
Frame,756,3.09703922,1.84177089,7.2833333,True,False,None,Playing,True,True,True,0,15,55.29875,0,-10,8.7,False,False,False,-4,0.92,0.0029781037
Frame,757,3.09960651,1.84466624,7.2833333,True,False,None,Playing,True,True,True,0,15,55.2640076,0,-10,8.7,False,False,False,-4,0.92,0.002895401
Frame,758,3.102744,1.84701049,7.2833333,True,False,None,Playing,True,True,True,0,15,55.2358742,0,-10,8.7,False,False,False,-4,0.92,0.00234429562
Frame,759,3.10582447,1.85077441,7.2833333,True,False,None,Playing,True,True,True,0,15,55.19071,0,-10,8.7,False,False,False,-4,0.92,0.00376390317
Frame,760,3.108508,1.85364878,7.2833333,True,False,None,Playing,True,True,True,0,15,55.1562157,0,-10,8.7,False,False,False,-4,0.92,0.00287439767
Frame,761,3.11074162,1.85585344,7.2833333,True,False,None,Playing,True,True,True,0,15,55.1297569,0,-10,8.7,False,False,False,-4,0.92,0.00220459886
Frame,762,3.113614,1.85859168,7.2833333,True,False,None,Playing,True,True,True,0,15,55.0969,0,-10,8.7,False,False,False,-4,0.92,0.00273820153
Frame,763,3.11610126,1.86123383,7.2833333,True,False,None,Playing,True,True,True,0,15,55.0651932,0,-10,8.7,False,False,False,-4,0.92,0.00264209881
Frame,764,3.11869526,1.86358488,7.2833333,True,False,None,Playing,True,True,True,0,15,55.03698,0,-10,8.7,False,False,False,-4,0.92,0.00235109846
Frame,765,3.121131,1.8660512,7.2833333,True,False,None,Playing,True,True,True,0,15,55.0073853,0,-10,8.7,False,False,False,-4,0.92,0.00246630516
Frame,766,3.1239748,1.869021,7.2833333,True,False,None,Playing,True,True,True,0,15,54.97175,0,-10,8.7,False,False,False,-4,0.92,0.002969898
Frame,767,3.126605,1.871557,7.2833333,True,False,None,Playing,True,True,True,0,15,54.94132,0,-10,8.7,False,False,False,-4,0.92,0.00253599766
Frame,768,3.129737,1.87464631,7.2833333,True,False,None,Playing,True,True,True,0,15,54.9042435,0,-10,8.7,False,False,False,-4,0.92,0.0030893
Frame,769,3.132905,1.878046,7.2833333,True,False,None,Playing,True,True,True,0,15,54.86345,0,-10,8.7,False,False,False,-4,0.92,0.00339970249
Frame,770,3.13561344,1.88047469,7.2833333,True,False,None,Playing,True,True,True,0,15,54.8343048,0,-10,8.7,False,False,False,-4,0.92,0.00242859987
Frame,771,3.13833714,1.88334906,7.2833333,True,False,None,Playing,True,True,True,0,15,54.7998123,0,-10,8.7,False,False,False,-4,0.92,0.00287439767
Frame,772,3.14114285,1.88623524,7.2833333,True,False,None,Playing,True,True,True,0,15,54.76518,0,-10,8.7,False,False,False,-4,0.92,0.00288620312
Frame,773,3.14381313,1.888727,7.2833333,True,False,None,Playing,True,True,True,0,15,54.73528,0,-10,8.7,False,False,False,-4,0.92,0.002491702
Frame,774,3.146924,1.89172339,7.2833333,True,False,None,Playing,True,True,True,0,15,54.69932,0,-10,8.7,False,False,False,-4,0.92,0.00299649942
Frame,775,3.150031,1.89490247,7.2833333,True,False,None,Playing,True,True,True,0,15,54.66117,0,-10,8.7,False,False,False,-4,0.92,0.003179096
Frame,776,3.15285587,1.89785147,7.2833333,True,False,None,Playing,True,True,True,0,15,54.625782,0,-10,8.7,False,False,False,-4,0.92,0.0029490008
Frame,777,3.15586,1.90063,7.2833333,True,False,None,Playing,True,True,True,0,15,54.59244,0,-10,8.7,False,False,False,-4,0.92,0.00277850055
Frame,778,3.158698,1.90361023,7.2833333,True,False,None,Playing,True,True,True,0,15,54.55668,0,-10,8.7,False,False,False,-4,0.92,0.00298020127
Frame,779,3.162057,1.9069339,7.2833333,True,False,None,Playing,True,True,True,0,15,54.5167923,0,-10,8.7,False,False,False,-4,0.92,0.003323696
Frame,780,3.16465664,1.90964055,7.2833333,True,False,None,Playing,True,True,True,0,15,54.484314,0,-10,8.7,False,False,False,-4,0.92,0.0027067035
Frame,781,3.1672678,1.9121511,7.2833333,True,False,None,Playing,True,True,True,0,15,54.45419,0,-10,8.7,False,False,False,-4,0.92,0.002510601
Frame,782,3.16970921,1.9147768,7.2833333,True,False,None,Playing,True,True,True,0,15,54.42268,0,-10,8.7,False,False,False,-4,0.92,0.00262570148
Frame,783,3.172202,1.91716576,7.2833333,True,False,None,Playing,True,True,True,0,15,54.3940125,0,-10,8.7,False,False,False,-4,0.92,0.002388896
Frame,784,3.17511272,1.92017853,7.2833333,True,False,None,Playing,True,True,True,0,15,54.3578568,0,-10,8.7,False,False,False,-4,0.92,0.00301279756
Frame,785,3.177682,1.92257118,7.2833333,True,False,None,Playing,True,True,True,0,15,54.3291473,0,-10,8.7,False,False,False,-4,0.92,0.00239270134
Frame,786,3.180686,1.9257369,7.2833333,True,False,None,Playing,True,True,True,0,15,54.2911568,0,-10,8.7,False,False,False,-4,0.92,0.003165703
Frame,787,3.183957,1.92884,7.2833333,True,False,None,Playing,True,True,True,0,15,54.2539177,0,-10,8.7,False,False,False,-4,0.92,0.00310309674
Frame,788,3.18649387,1.93139148,7.2833333,True,False,None,Playing,True,True,True,0,15,54.2233,0,-10,8.7,False,False,False,-4,0.92,0.00255140313
Frame,789,3.19004726,1.93500352,7.2833333,True,False,None,Playing,True,True,True,0,15,54.17996,0,-10,8.7,False,False,False,-4,0.92,0.00361209619
Frame,790,3.19265079,1.93773925,7.2833333,True,False,None,Playing,True,True,True,0,15,54.14713,0,-10,8.7,False,False,False,-4,0.92,0.00273570023
Frame,791,3.1950655,1.9401387,7.2833333,True,False,None,Playing,True,True,True,0,15,54.1183357,0,-10,8.7,False,False,False,-4,0.92,0.00239940477
Frame,792,3.19728947,1.94238722,7.2833333,True,False,None,Playing,True,True,True,0,15,54.0913544,0,-10,8.7,False,False,False,-4,0.92,0.00224849768
Frame,793,3.19984341,1.94492078,7.2833333,True,False,None,Playing,True,True,True,0,15,54.06095,0,-10,8.7,False,False,False,-4,0.92,0.00253360253
Frame,794,3.20225239,1.94735646,7.2833333,True,False,None,Playing,True,True,True,0,15,54.031723,0,-10,8.7,False,False,False,-4,0.92,0.0024357
Frame,795,3.20465374,1.949674,7.2833333,True,False,None,Playing,True,True,True,0,15,54.00391,0,-10,8.7,False,False,False,-4,0.92,0.00231749564
Frame,796,3.207509,1.95260632,7.2833333,True,False,None,Playing,True,True,True,0,15,53.9687233,0,-10,8.7,False,False,False,-4,0.92,0.0029322987
Frame,797,3.209916,1.95499074,7.2833333,True,False,None,Playing,True,True,True,0,15,53.94011,0,-10,8.7,False,False,False,-4,0.92,0.00238440325
Frame,798,3.21358585,1.9582932,7.2833333,True,False,None,Playing,True,True,True,0,15,53.9004822,0,-10,8.7,False,False,False,-4,0.92,0.00330250151
Frame,799,3.217145,1.96216846,7.2833333,True,False,None,Playing,True,True,True,0,15,53.85398,0,-10,8.7,False,False,False,-4,0.92,0.00387519831
Frame,800,3.21975231,1.96485388,7.2833333,True,False,None,Playing,True,True,True,0,15,53.8217545,0,-10,8.7,False,False,False,-4,0.92,0.00268540252
Frame,801,3.222209,1.967128,7.2833333,True,False,None,Playing,True,True,True,0,15,53.7944641,0,-10,8.7,False,False,False,-4,0.92,0.0022741
Frame,802,3.22538662,1.97028124,7.2833333,True,False,None,Playing,True,True,True,0,15,53.7566261,0,-10,8.7,False,False,False,-4,0.92,0.00315319584
Frame,803,3.22791767,1.972997,7.2833333,True,False,None,Playing,True,True,True,0,15,53.7240372,0,-10,8.7,False,False,False,-4,0.92,0.00271570287
Frame,804,3.23081875,1.97566044,7.2833333,True,False,None,Playing,True,True,True,0,15,53.6920738,0,-10,8.7,False,False,False,-4,0.92,0.00266349921
Frame,805,3.23321247,1.97826087,7.2833333,True,False,None,Playing,True,True,True,0,15,53.66087,0,-10,8.7,False,False,False,-4,0.92,0.00260039675
Frame,806,3.2363596,1.98122072,7.2833333,True,False,None,Playing,True,True,True,0,15,53.62535,0,-10,8.7,False,False,False,-4,0.92,0.00295990636
Frame,807,3.23918438,1.98420858,7.2833333,True,False,None,Playing,True,True,True,0,15,53.5894966,0,-10,8.7,False,False,False,-4,0.92,0.00298789679
Frame,808,3.24164486,1.98651457,7.2833333,True,False,None,Playing,True,True,True,0,15,53.5618248,0,-10,8.7,False,False,False,-4,0.92,0.002306002
Frame,809,3.244502,1.98944783,7.2833333,True,False,None,Playing,True,True,True,0,15,53.5266266,0,-10,8.7,False,False,False,-4,0.92,0.002933298
Sequence_012,809,3.27872753,1.98944783,7.2833333,True,False,None,Playing,True,True,True,0,15,53.5266266,0,-10,8.7,False,False,False,-4,0.92,0.002933298
Frame,810,3.28213215,2.026916,7.2833333,True,False,None,Playing,True,True,True,0,15,53.0770073,0,-10,8.7,False,False,False,-4,0.92,0.0374682955
Frame,811,3.28517818,2.03020239,7.2833333,True,False,None,Playing,True,True,True,0,15,53.03757,0,-10,8.7,False,False,False,-4,0.92,0.00328630232
Frame,812,3.287942,2.03282523,7.2833333,True,False,None,Playing,True,True,True,0,15,53.0061,0,-10,8.7,False,False,False,-4,0.92,0.00262280321
Frame,813,3.29130077,2.03590918,7.2833333,True,False,None,Playing,True,True,True,0,15,52.96909,0,-10,8.7,False,False,False,-4,0.92,0.0030839995
Frame,814,3.29462147,2.03943157,7.2833333,True,False,None,Playing,True,True,True,0,15,52.9268227,0,-10,8.7,False,False,False,-4,0.92,0.00352239935
Frame,815,3.29755116,2.04227018,7.2833333,True,False,None,Playing,True,True,True,0,15,52.8927574,0,-10,8.7,False,False,False,-4,0.92,0.00283869752
Frame,816,3.3002634,2.045214,7.2833333,True,False,None,Playing,True,True,True,0,15,52.8574333,0,-10,8.7,False,False,False,-4,0.92,0.00294370041
Frame,817,3.302764,2.0478816,7.2833333,True,False,None,Playing,True,True,True,0,15,52.82542,0,-10,8.7,False,False,False,-4,0.92,0.00266760215
Frame,818,3.305684,2.050543,7.2833333,True,False,None,Playing,True,True,True,0,15,52.7934837,0,-10,8.7,False,False,False,-4,0.92,0.00266140164
Frame,819,3.30913639,2.05338264,7.2833333,True,False,None,Playing,True,True,True,0,15,52.75941,0,-10,8.7,False,False,False,-4,0.92,0.00283959741
Frame,820,3.31218433,2.05677271,7.2833333,True,False,None,Playing,True,True,True,0,15,52.7187271,0,-10,8.7,False,False,False,-4,0.92,0.00339010055
Frame,821,3.31485653,2.059899,7.2833333,True,False,None,Playing,True,True,True,0,15,52.68121,0,-10,8.7,False,False,False,-4,0.92,0.00312639587
Frame,822,3.31725979,2.062222,7.2833333,True,False,None,Playing,True,True,True,0,15,52.6533356,0,-10,8.7,False,False,False,-4,0.92,0.00232280325
Frame,823,3.320056,2.06503487,7.2833333,True,False,None,Playing,True,True,True,0,15,52.6195831,0,-10,8.7,False,False,False,-4,0.92,0.00281279767
Frame,824,3.32342815,2.068244,7.2833333,True,False,None,Playing,True,True,True,0,15,52.5810738,0,-10,8.7,False,False,False,-4,0.92,0.00320899952
Frame,825,3.32581234,2.07085013,7.2833333,True,False,None,Playing,True,True,True,0,15,52.5497971,0,-10,8.7,False,False,False,-4,0.92,0.00260620029
Frame,826,3.328536,2.073479,7.2833333,True,False,None,Playing,True,True,True,0,15,52.5182533,0,-10,8.7,False,False,False,-4,0.92,0.00262890453
Frame,827,3.33098316,2.07613158,7.2833333,True,False,None,Playing,True,True,True,0,15,52.4864235,0,-10,8.7,False,False,False,-4,0.92,0.00265269983
Frame,828,3.33375835,2.07886124,7.2833333,True,False,None,Playing,True,True,True,0,15,52.4536667,0,-10,8.7,False,False,False,-4,0.92,0.002729698
Frame,829,3.33620548,2.08117414,7.2833333,True,False,None,Playing,True,True,True,0,15,52.42591,0,-10,8.7,False,False,False,-4,0.92,0.00231300318
Frame,830,3.339984,2.08483171,7.2833333,True,False,None,Playing,True,True,True,0,15,52.38202,0,-10,8.7,False,False,False,-4,0.92,0.0036576956
Frame,831,3.34293652,2.08789372,7.2833333,True,False,None,Playing,True,True,True,0,15,52.3452759,0,-10,8.7,False,False,False,-4,0.92,0.003062004
Frame,832,3.34554958,2.090556,7.2833333,True,False,None,Playing,True,True,True,0,15,52.31333,0,-10,8.7,False,False,False,-4,0.92,0.00266209617
Frame,833,3.348277,2.09335876,7.2833333,True,False,None,Playing,True,True,True,0,15,52.2796974,0,-10,8.7,False,False,False,-4,0.92,0.00280289818
Frame,834,3.35082912,2.095808,7.2833333,True,False,None,Playing,True,True,True,0,15,52.2503052,0,-10,8.7,False,False,False,-4,0.92,0.00244920631
Frame,835,3.35318661,2.09815884,7.2833333,True,False,None,Playing,True,True,True,0,15,52.2220955,0,-10,8.7,False,False,False,-4,0.92,0.00235089986
Frame,836,3.35656643,2.101453,7.2833333,True,False,None,Playing,True,True,True,0,15,52.1825638,0,-10,8.7,False,False,False,-4,0.92,0.00329419645
Frame,837,3.358899,2.10404038,7.2833333,True,False,None,Playing,True,True,True,0,15,52.151516,0,-10,8.7,False,False,False,-4,0.92,0.00258720247
Frame,838,3.36146641,2.10648966,7.2833333,True,False,None,Playing,True,True,True,0,15,52.1221237,0,-10,8.7,False,False,False,-4,0.92,0.00244919932
Frame,839,3.36396313,2.109063,7.2833333,True,False,None,Playing,True,True,True,0,15,52.0912476,0,-10,8.7,False,False,False,-4,0.92,0.00257329922
Frame,840,3.36761761,2.11275959,7.2833333,True,False,None,Playing,True,True,True,0,15,52.0468864,0,-10,8.7,False,False,False,-4,0.92,0.00369669776
Frame,841,3.37046719,2.11536956,7.2833333,True,False,None,Playing,True,True,True,0,15,52.0155678,0,-10,8.7,False,False,False,-4,0.92,0.00260999869
Frame,842,3.37389088,2.11873555,7.2833333,True,False,None,Playing,True,True,True,0,15,51.975174,0,-10,8.7,False,False,False,-4,0.92,0.0033659013
Frame,843,3.37694645,2.12167382,7.2833333,True,False,None,Playing,True,True,True,0,15,51.9399147,0,-10,8.7,False,False,False,-4,0.92,0.00293820142
Frame,844,3.38007832,2.12505531,7.2833333,True,False,None,Playing,True,True,True,0,15,51.8993378,0,-10,8.7,False,False,False,-4,0.92,0.00338139874
Frame,845,3.382739,2.12764454,7.2833333,True,False,None,Playing,True,True,True,0,15,51.8682671,0,-10,8.7,False,False,False,-4,0.92,0.00258929981
Frame,846,3.38517475,2.13018966,7.2833333,True,False,None,Playing,True,True,True,0,15,51.8377266,0,-10,8.7,False,False,False,-4,0.92,0.00254510343
Frame,847,3.387807,2.1329124,7.2833333,True,False,None,Playing,True,True,True,0,15,51.8050537,0,-10,8.7,False,False,False,-4,0.92,0.00272279629
Frame,848,3.39058971,2.13553667,7.2833333,True,False,None,Playing,True,True,True,0,15,51.77356,0,-10,8.7,False,False,False,-4,0.92,0.00262429845
Frame,849,3.39293957,2.13806224,7.2833333,True,False,None,Playing,True,True,True,0,15,51.7432556,0,-10,8.7,False,False,False,-4,0.92,0.002525503
Frame,850,3.39633465,2.14137673,7.2833333,True,False,None,Playing,True,True,True,0,15,51.70348,0,-10,8.7,False,False,False,-4,0.92,0.00331459753
Frame,851,3.39868069,2.14381433,7.2833333,True,False,None,Playing,True,True,True,0,15,51.67423,0,-10,8.7,False,False,False,-4,0.92,0.00243770541
Frame,852,3.401147,2.14626431,7.2833333,True,False,None,Playing,True,True,True,0,15,51.64483,0,-10,8.7,False,False,False,-4,0.92,0.00245
Frame,853,3.403388,2.148537,7.2833333,True,False,None,Playing,True,True,True,0,15,51.6175575,0,-10,8.7,False,False,False,-4,0.92,0.00227259775
Frame,854,3.406087,2.15100312,7.2833333,True,False,None,Playing,True,True,True,0,15,51.5879631,0,-10,8.7,False,False,False,-4,0.92,0.00246629817
Frame,855,3.40874386,2.15361428,7.2833333,True,False,None,Playing,True,True,True,0,15,51.55663,0,-10,8.7,False,False,False,-4,0.92,0.00261120312
Frame,856,3.41143513,2.15633368,7.2833333,True,False,None,Playing,True,True,True,0,15,51.524,0,-10,8.7,False,False,False,-4,0.92,0.00271939486
Frame,857,3.41430378,2.15910172,7.2833333,True,False,None,Playing,True,True,True,0,15,51.49078,0,-10,8.7,False,False,False,-4,0.92,0.002768006
Frame,858,3.41738224,2.16224718,7.2833333,True,False,None,Playing,True,True,True,0,15,51.4530334,0,-10,8.7,False,False,False,-4,0.92,0.003145394
Frame,859,3.42075443,2.16556525,7.2833333,True,False,None,Playing,True,True,True,0,15,51.41322,0,-10,8.7,False,False,False,-4,0.92,0.00331810513
Frame,860,3.42520428,2.16998386,7.2833333,True,False,None,Playing,True,True,True,0,15,51.3601952,0,-10,8.7,False,False,False,-4,0.92,0.00441860128
Frame,861,3.428113,2.17290735,7.2833333,True,False,None,Playing,True,True,True,0,15,51.32511,0,-10,8.7,False,False,False,-4,0.92,0.00292359688
Frame,862,3.43203831,2.17687821,7.2833333,True,False,None,Playing,True,True,True,0,15,51.277462,0,-10,8.7,False,False,False,-4,0.92,0.00397089729
Frame,863,3.43491459,2.17999363,7.2833333,True,False,None,Playing,True,True,True,0,15,51.240078,0,-10,8.7,False,False,False,-4,0.92,0.00311540533
Frame,864,3.437829,2.18271613,7.2833333,True,False,None,Playing,True,True,True,0,15,51.20741,0,-10,8.7,False,False,False,-4,0.92,0.00272239931
Frame,865,3.44067669,2.18577862,7.2833333,True,False,None,Playing,True,True,True,0,15,51.17066,0,-10,8.7,False,False,False,-4,0.92,0.0030625
Frame,866,3.443263,2.18820143,7.2833333,True,False,None,Playing,True,True,True,0,15,51.1415825,0,-10,8.7,False,False,False,-4,0.92,0.002422697
Frame,867,3.44588947,2.19093752,7.2833333,True,False,None,Playing,True,True,True,0,15,51.10875,0,-10,8.7,False,False,False,-4,0.92,0.002736104
Sequence_013,867,3.470296,2.19093752,7.2833333,True,False,None,Playing,True,True,True,0,15,51.10875,0,-10,8.7,False,False,False,-4,0.92,0.002736104
Frame,868,3.47372913,2.218378,7.2833333,True,False,None,Playing,True,True,True,0,15,50.7794647,0,-10,8.7,False,False,False,-4,0.92,0.0274405964
Frame,869,3.47674656,2.22139788,7.2833333,True,False,None,Playing,True,True,True,0,15,50.7432251,0,-10,8.7,False,False,False,-4,0.92,0.00301979878
Frame,870,3.48040676,2.22509527,7.2833333,True,False,None,Playing,True,True,True,0,15,50.6988564,0,-10,8.7,False,False,False,-4,0.92,0.00369739928
Frame,871,3.48335361,2.22826862,7.2833333,True,False,None,Playing,True,True,True,0,15,50.660778,0,-10,8.7,False,False,False,-4,0.92,0.00317339855
Frame,872,3.48635578,2.23145866,7.2833333,True,False,None,Playing,True,True,True,0,15,50.6224976,0,-10,8.7,False,False,False,-4,0.92,0.00319000147
Frame,873,3.48971653,2.234032,7.2833333,True,False,None,Playing,True,True,True,0,15,50.5916176,0,-10,8.7,False,False,False,-4,0.92,0.0025732
Frame,874,3.49223614,2.23718071,7.2833333,True,False,None,Playing,True,True,True,0,15,50.553833,0,-10,8.7,False,False,False,-4,0.92,0.00314890174
Frame,875,3.4951067,2.24010324,7.2833333,True,False,None,Playing,True,True,True,0,15,50.51876,0,-10,8.7,False,False,False,-4,0.92,0.00292259781
Frame,876,3.49772739,2.2426548,7.2833333,True,False,None,Playing,True,True,True,0,15,50.4881439,0,-10,8.7,False,False,False,-4,0.92,0.0025516015
Frame,877,3.50068,2.24518,7.2833333,True,False,None,Playing,True,True,True,0,15,50.4578438,0,-10,8.7,False,False,False,-4,0.92,0.002525
Frame,878,3.50295353,2.24809957,7.2833333,True,False,None,Playing,True,True,True,0,15,50.4228058,0,-10,8.7,False,False,False,-4,0.92,0.00291960035
Frame,879,3.506032,2.25102663,7.2833333,True,False,None,Playing,True,True,True,0,15,50.38768,0,-10,8.7,False,False,False,-4,0.92,0.00292699831
Frame,880,3.508525,2.25340223,7.2833333,True,False,None,Playing,True,True,True,0,15,50.3591728,0,-10,8.7,False,False,False,-4,0.92,0.00237570144
Frame,881,3.51122952,2.25619173,7.2833333,True,False,None,Playing,True,True,True,0,15,50.3257,0,-10,8.7,False,False,False,-4,0.92,0.00278939912
Frame,882,3.51443,2.25940585,7.2833333,True,False,None,Playing,True,True,True,0,15,50.28713,0,-10,8.7,False,False,False,-4,0.92,0.00321420073
Frame,883,3.51687717,2.26192117,7.2833333,True,False,None,Playing,True,True,True,0,15,50.2569466,0,-10,8.7,False,False,False,-4,0.92,0.002515299
Frame,884,3.51950169,2.26422858,7.2833333,True,False,None,Playing,True,True,True,0,15,50.22926,0,-10,8.7,False,False,False,-4,0.92,0.00230729883
Frame,885,3.52263546,2.26756859,7.2833333,True,False,None,Playing,True,True,True,0,15,50.18918,0,-10,8.7,False,False,False,-4,0.92,0.00333990226
Frame,886,3.52564335,2.27066731,7.2833333,True,False,None,Playing,True,True,True,0,15,50.1519928,0,-10,8.7,False,False,False,-4,0.92,0.00309870322
Frame,887,3.52847,2.27342844,7.2833333,True,False,None,Playing,True,True,True,0,15,50.11886,0,-10,8.7,False,False,False,-4,0.92,0.002761196
Frame,888,3.5324297,2.27750349,7.2833333,True,False,None,Playing,True,True,True,0,15,50.0699577,0,-10,8.7,False,False,False,-4,0.92,0.004075
Frame,889,3.53475285,2.27984238,7.2833333,True,False,None,Playing,True,True,True,0,15,50.041893,0,-10,8.7,False,False,False,-4,0.92,0.002338903
Frame,890,3.537322,2.28226876,7.2833333,True,False,None,Playing,True,True,True,0,15,50.0127754,0,-10,8.7,False,False,False,-4,0.92,0.002426495
Frame,891,3.54037952,2.28538132,7.2833333,True,False,None,Playing,True,True,True,0,15,49.9754257,0,-10,8.7,False,False,False,-4,0.92,0.0031125
Frame,892,3.543271,2.28833914,7.2833333,True,False,None,Playing,True,True,True,0,15,49.93993,0,-10,8.7,False,False,False,-4,0.92,0.002957901
Frame,893,3.54626751,2.29129887,7.2833333,True,False,None,Playing,True,True,True,0,15,49.9044151,0,-10,8.7,False,False,False,-4,0.92,0.00295980019
Frame,894,3.548808,2.29375577,7.2833333,True,False,None,Playing,True,True,True,0,15,49.87493,0,-10,8.7,False,False,False,-4,0.92,0.00245690183
Frame,895,3.551261,2.29637146,7.2833333,True,False,None,Playing,True,True,True,0,15,49.843544,0,-10,8.7,False,False,False,-4,0.92,0.002615703
Frame,896,3.55404,2.298858,7.2833333,True,False,None,Playing,True,True,True,0,15,49.8137054,0,-10,8.7,False,False,False,-4,0.92,0.00248639449
Frame,897,3.55815983,2.30225563,7.2833333,True,False,None,Playing,True,True,True,0,15,49.772934,0,-10,8.7,False,False,False,-4,0.92,0.003397704
Frame,898,3.56181049,2.30665684,7.2833333,True,False,None,Playing,True,True,True,0,15,49.72012,0,-10,8.7,False,False,False,-4,0.92,0.00440109847
Frame,899,3.56477261,2.30973268,7.2833333,True,False,None,Playing,True,True,True,0,15,49.68321,0,-10,8.7,False,False,False,-4,0.92,0.0030759
Frame,900,3.56727886,2.31231666,7.2833333,True,False,None,Playing,True,True,True,0,15,49.6522026,0,-10,8.7,False,False,False,-4,0.92,0.00258399942
Frame,901,3.56973934,2.31489038,7.2833333,True,False,None,Playing,True,True,True,0,15,49.621315,0,-10,8.7,False,False,False,-4,0.92,0.00257370318
Frame,902,3.57282543,2.317754,7.2833333,True,False,None,Playing,True,True,True,0,15,49.5869522,0,-10,8.7,False,False,False,-4,0.92,0.00286369747
Frame,903,3.57540226,2.320403,7.2833333,True,False,None,Playing,True,True,True,0,15,49.5551643,0,-10,8.7,False,False,False,-4,0.92,0.0026491
Frame,904,3.57802486,2.32290554,7.2833333,True,False,None,Playing,True,True,True,0,15,49.525135,0,-10,8.7,False,False,False,-4,0.92,0.00250240229
Frame,905,3.58114529,2.3262,7.2833333,True,False,None,Playing,True,True,True,0,15,49.4856,0,-10,8.7,False,False,False,-4,0.92,0.00329439482
Frame,906,3.583377,2.3285265,7.2833333,True,False,None,Playing,True,True,True,0,15,49.4576836,0,-10,8.7,False,False,False,-4,0.92,0.00232650223
Frame,907,3.585826,2.330786,7.2833333,True,False,None,Playing,True,True,True,0,15,49.43057,0,-10,8.7,False,False,False,-4,0.92,0.00225940323
Frame,908,3.58999348,2.334835,7.2833333,True,False,None,Playing,True,True,True,0,15,49.38198,0,-10,8.7,False,False,False,-4,0.92,0.004049001
Frame,909,3.5930872,2.33795834,7.2833333,True,False,None,Playing,True,True,True,0,15,49.3445,0,-10,8.7,False,False,False,-4,0.92,0.00312339864
Frame,910,3.59603214,2.34094524,7.2833333,True,False,None,Playing,True,True,True,0,15,49.30866,0,-10,8.7,False,False,False,-4,0.92,0.00298689771
Frame,911,3.59873486,2.34383154,7.2833333,True,False,None,Playing,True,True,True,0,15,49.27402,0,-10,8.7,False,False,False,-4,0.92,0.00288640172
Frame,912,3.60109043,2.34618783,7.2833333,True,False,None,Playing,True,True,True,0,15,49.2457466,0,-10,8.7,False,False,False,-4,0.92,0.00235620048
Frame,913,3.60357761,2.34872532,7.2833333,True,False,None,Playing,True,True,True,0,15,49.2152977,0,-10,8.7,False,False,False,-4,0.92,0.00253740069
Frame,914,3.606904,2.35183072,7.2833333,True,False,None,Playing,True,True,True,0,15,49.1780319,0,-10,8.7,False,False,False,-4,0.92,0.00310539966
Frame,915,3.61000347,2.3549428,7.2833333,True,False,None,Playing,True,True,True,0,15,49.140686,0,-10,8.7,False,False,False,-4,0.92,0.003111997
Frame,916,3.613286,2.35819244,7.2833333,True,False,None,Playing,True,True,True,0,15,49.1016922,0,-10,8.7,False,False,False,-4,0.92,0.00324970228
Frame,917,3.6156683,2.36077213,7.2833333,True,False,None,Playing,True,True,True,0,15,49.0707359,0,-10,8.7,False,False,False,-4,0.92,0.002579698
Frame,918,3.6189146,2.36386013,7.2833333,True,False,None,Playing,True,True,True,0,15,49.03368,0,-10,8.7,False,False,False,-4,0.92,0.00308790384
Frame,919,3.62212276,2.36704421,7.2833333,True,False,None,Playing,True,True,True,0,15,48.995472,0,-10,8.7,False,False,False,-4,0.92,0.00318409875
Frame,920,3.625226,2.36995578,7.2833333,True,False,None,Playing,True,True,True,0,15,48.9605331,0,-10,8.7,False,False,False,-4,0.92,0.00291150087
Frame,921,3.62808323,2.373202,7.2833333,True,False,None,Playing,True,True,True,0,15,48.9215775,0,-10,8.7,False,False,False,-4,0.92,0.00324640027
Frame,922,3.63036633,2.375507,7.2833333,True,False,None,Playing,True,True,True,0,15,48.8939171,0,-10,8.7,False,False,False,-4,0.92,0.00230499567
Frame,923,3.632903,2.37785053,7.2833333,True,False,None,Playing,True,True,True,0,15,48.8657951,0,-10,8.7,False,False,False,-4,0.92,0.00234340271
Frame,924,3.63648319,2.38136673,7.2833333,True,False,None,Playing,True,True,True,0,15,48.8236,0,-10,8.7,False,False,False,-4,0.92,0.003516199
Frame,925,3.63958836,2.384341,7.2833333,True,False,None,Playing,True,True,True,0,15,48.78791,0,-10,8.7,False,False,False,-4,0.92,0.00297429855
Frame,926,3.64256,2.38755274,7.2833333,True,False,None,Playing,True,True,True,0,15,48.7493668,0,-10,8.7,False,False,False,-4,0.92,0.00321169919
Frame,927,3.64506054,2.3900218,7.2833333,True,False,None,Playing,True,True,True,0,15,48.719738,0,-10,8.7,False,False,False,-4,0.92,0.00246910425
Frame,928,3.64780331,2.392903,7.2833333,True,False,None,Playing,True,True,True,0,15,48.6851654,0,-10,8.7,False,False,False,-4,0.92,0.0028812997
Sequence_014,928,3.67645931,2.392903,7.2833333,True,False,None,Playing,True,True,True,0,15,48.6851654,0,-10,8.7,False,False,False,-4,0.92,0.0028812997
Frame,929,3.67967129,2.42432427,7.2833333,True,False,None,Playing,True,True,True,0,15,48.30811,0,-10,8.7,False,False,False,-4,0.92,0.0314213
Frame,930,3.68318462,2.428185,7.2833333,True,False,None,Playing,True,True,True,0,15,48.26178,0,-10,8.7,False,False,False,-4,0.92,0.00386079936
Frame,931,3.68616772,2.43103123,7.2833333,True,False,None,Playing,True,True,True,0,15,48.2276268,0,-10,8.7,False,False,False,-4,0.92,0.00284619466
Frame,932,3.689107,2.433846,7.2833333,True,False,None,Playing,True,True,True,0,15,48.1938477,0,-10,8.7,False,False,False,-4,0.92,0.00281470385
Frame,933,3.691924,2.43685961,7.2833333,True,False,None,Playing,True,True,True,0,15,48.1576843,0,-10,8.7,False,False,False,-4,0.92,0.00301359827
Frame,934,3.694499,2.43939376,7.2833333,True,False,None,Playing,True,True,True,0,15,48.1272774,0,-10,8.7,False,False,False,-4,0.92,0.00253409869
Frame,935,3.69772243,2.44270349,7.2833333,True,False,None,Playing,True,True,True,0,15,48.08756,0,-10,8.7,False,False,False,-4,0.92,0.00330970087
Frame,936,3.70074368,2.44557071,7.2833333,True,False,None,Playing,True,True,True,0,15,48.053154,0,-10,8.7,False,False,False,-4,0.92,0.002867198
Frame,937,3.70364857,2.4487536,7.2833333,True,False,None,Playing,True,True,True,0,15,48.0149574,0,-10,8.7,False,False,False,-4,0.92,0.003182901
Frame,938,3.70739269,2.45162,7.2833333,True,False,None,Playing,True,True,True,0,15,47.98056,0,-10,8.7,False,False,False,-4,0.92,0.00286650378
Frame,939,3.709674,2.45479751,7.2833333,True,False,None,Playing,True,True,True,0,15,47.9424324,0,-10,8.7,False,False,False,-4,0.92,0.003177395
Frame,940,3.71302128,2.45787573,7.2833333,True,False,None,Playing,True,True,True,0,15,47.90549,0,-10,8.7,False,False,False,-4,0.92,0.00307830214
Frame,941,3.71585751,2.460726,7.2833333,True,False,None,Playing,True,True,True,0,15,47.87129,0,-10,8.7,False,False,False,-4,0.92,0.00285029761
Frame,942,3.71848,2.4634068,7.2833333,True,False,None,Playing,True,True,True,0,15,47.83912,0,-10,8.7,False,False,False,-4,0.92,0.00268080365
Frame,943,3.72123623,2.46630144,7.2833333,True,False,None,Playing,True,True,True,0,15,47.8043823,0,-10,8.7,False,False,False,-4,0.92,0.00289460039
Frame,944,3.724368,2.469204,7.2833333,True,False,None,Playing,True,True,True,0,15,47.7695541,0,-10,8.7,False,False,False,-4,0.92,0.00290260068
Frame,945,3.726756,2.47180367,7.2833333,True,False,None,Playing,True,True,True,0,15,47.7383575,0,-10,8.7,False,False,False,-4,0.92,0.00259969523
Frame,946,3.72912121,2.474216,7.2833333,True,False,None,Playing,True,True,True,0,15,47.7094078,0,-10,8.7,False,False,False,-4,0.92,0.002412401
Frame,947,3.7319212,2.47663546,7.2833333,True,False,None,Playing,True,True,True,0,15,47.6803741,0,-10,8.7,False,False,False,-4,0.92,0.002419402
Frame,948,3.73456478,2.47946763,7.2833333,True,False,None,Playing,True,True,True,0,15,47.64639,0,-10,8.7,False,False,False,-4,0.92,0.00283219945
Frame,949,3.73772144,2.48283172,7.2833333,True,False,None,Playing,True,True,True,0,15,47.60602,0,-10,8.7,False,False,False,-4,0.92,0.00336410152
Frame,950,3.74045467,2.48547578,7.2833333,True,False,None,Playing,True,True,True,0,15,47.57429,0,-10,8.7,False,False,False,-4,0.92,0.0026440972
Frame,951,3.7427702,2.48792219,7.2833333,True,False,None,Playing,True,True,True,0,15,47.5449333,0,-10,8.7,False,False,False,-4,0.92,0.00244649942
Frame,952,3.7453413,2.49032927,7.2833333,True,False,None,Playing,True,True,True,0,15,47.51605,0,-10,8.7,False,False,False,-4,0.92,0.00240710028
Frame,953,3.74795055,2.492982,7.2833333,True,False,None,Playing,True,True,True,0,15,47.48422,0,-10,8.7,False,False,False,-4,0.92,0.00265269983
Frame,954,3.75079441,2.49571919,7.2833333,True,False,None,Playing,True,True,True,0,15,47.45137,0,-10,8.7,False,False,False,-4,0.92,0.00273740082
Frame,955,3.75319958,2.498251,7.2833333,True,False,None,Playing,True,True,True,0,15,47.42099,0,-10,8.7,False,False,False,-4,0.92,0.00253170356
Frame,956,3.75617886,2.50089979,7.2833333,True,False,None,Playing,True,True,True,0,15,47.3892021,0,-10,8.7,False,False,False,-4,0.92,0.00264879526
Frame,957,3.759263,2.504012,7.2833333,True,False,None,Playing,True,True,True,0,15,47.3518562,0,-10,8.7,False,False,False,-4,0.92,0.00311240088
Frame,958,3.76246357,2.50722051,7.2833333,True,False,None,Playing,True,True,True,0,15,47.3133545,0,-10,8.7,False,False,False,-4,0.92,0.003208305
Frame,959,3.7656908,2.51082039,7.2833333,True,False,None,Playing,True,True,True,0,15,47.2701569,0,-10,8.7,False,False,False,-4,0.92,0.00359990075
Frame,960,3.76804829,2.51317978,7.2833333,True,False,None,Playing,True,True,True,0,15,47.2418442,0,-10,8.7,False,False,False,-4,0.92,0.0023594955
Frame,961,3.77074528,2.51563835,7.2833333,True,False,None,Playing,True,True,True,0,15,47.21234,0,-10,8.7,False,False,False,-4,0.92,0.00245850347
Frame,962,3.77366352,2.518597,7.2833333,True,False,None,Playing,True,True,True,0,15,47.1768379,0,-10,8.7,False,False,False,-4,0.92,0.00295859552
Frame,963,3.77650738,2.52139044,7.2833333,True,False,None,Playing,True,True,True,0,15,47.1433144,0,-10,8.7,False,False,False,-4,0.92,0.002793502
Frame,964,3.77928448,2.52417445,7.2833333,True,False,None,Playing,True,True,True,0,15,47.10991,0,-10,8.7,False,False,False,-4,0.92,0.00278409873
Frame,965,3.78222,2.527162,7.2833333,True,False,None,Playing,True,True,True,0,15,47.0740547,0,-10,8.7,False,False,False,-4,0.92,0.00298769842
Frame,966,3.785308,2.53012633,7.2833333,True,False,None,Playing,True,True,True,0,15,47.0384865,0,-10,8.7,False,False,False,-4,0.92,0.00296420068
Frame,967,3.7883482,2.533353,7.2833333,True,False,None,Playing,True,True,True,0,15,46.9997635,0,-10,8.7,False,False,False,-4,0.92,0.0032267007
Frame,968,3.79157925,2.536677,7.2833333,True,False,None,Playing,True,True,True,0,15,46.959877,0,-10,8.7,False,False,False,-4,0.92,0.00332390168
Frame,969,3.794753,2.539596,7.2833333,True,False,None,Playing,True,True,True,0,15,46.9248466,0,-10,8.7,False,False,False,-4,0.92,0.0029192036
Frame,970,3.79736042,2.542479,7.2833333,True,False,None,Playing,True,True,True,0,15,46.89025,0,-10,8.7,False,False,False,-4,0.92,0.002882894
Frame,971,3.799697,2.5446806,7.2833333,True,False,None,Playing,True,True,True,0,15,46.8638344,0,-10,8.7,False,False,False,-4,0.92,0.00220150221
Frame,972,3.80206585,2.54721,7.2833333,True,False,None,Playing,True,True,True,0,15,46.83348,0,-10,8.7,False,False,False,-4,0.92,0.00252949982
Frame,973,3.80453587,2.54945827,7.2833333,True,False,None,Playing,True,True,True,0,15,46.8065033,0,-10,8.7,False,False,False,-4,0.92,0.00224829931
Frame,974,3.8075304,2.55265546,7.2833333,True,False,None,Playing,True,True,True,0,15,46.7681351,0,-10,8.7,False,False,False,-4,0.92,0.00319730025
Frame,975,3.80984783,2.55494738,7.2833333,True,False,None,Playing,True,True,True,0,15,46.74063,0,-10,8.7,False,False,False,-4,0.92,0.00229180139
Frame,976,3.81270885,2.5578022,7.2833333,True,False,None,Playing,True,True,True,0,15,46.7063751,0,-10,8.7,False,False,False,-4,0.92,0.00285479729
Frame,977,3.81556225,2.56048,7.2833333,True,False,None,Playing,True,True,True,0,15,46.67424,0,-10,8.7,False,False,False,-4,0.92,0.00267790537
Frame,978,3.81797123,2.56314373,7.2833333,True,False,None,Playing,True,True,True,0,15,46.6422768,0,-10,8.7,False,False,False,-4,0.92,0.00266369758
Frame,979,3.82122517,2.566032,7.2833333,True,False,None,Playing,True,True,True,0,15,46.6076164,0,-10,8.7,False,False,False,-4,0.92,0.00288830069
Frame,980,3.82431316,2.56920743,7.2833333,True,False,None,Playing,True,True,True,0,15,46.56951,0,-10,8.7,False,False,False,-4,0.92,0.00317560229
Frame,981,3.827262,2.572238,7.2833333,True,False,None,Playing,True,True,True,0,15,46.5331459,0,-10,8.7,False,False,False,-4,0.92,0.003030499
Frame,982,3.83092976,2.57522655,7.2833333,True,False,None,Playing,True,True,True,0,15,46.4972839,0,-10,8.7,False,False,False,-4,0.92,0.00298849912
Frame,983,3.83573627,2.58071613,7.2833333,True,False,None,Playing,True,True,True,0,15,46.4314079,0,-10,8.7,False,False,False,-4,0.92,0.00548969675
Frame,984,3.83861446,2.58355832,7.2833333,True,False,None,Playing,True,True,True,0,15,46.3973,0,-10,8.7,False,False,False,-4,0.92,0.002842205
Frame,985,3.8416357,2.58650279,7.2833333,True,False,None,Playing,True,True,True,0,15,46.3619652,0,-10,8.7,False,False,False,-4,0.92,0.002944395
Frame,986,3.84494686,2.589754,7.2833333,True,False,None,Playing,True,True,True,0,15,46.3229523,0,-10,8.7,False,False,False,-4,0.92,0.00325120473
Frame,987,3.847745,2.59280944,7.2833333,True,False,None,Playing,True,True,True,0,15,46.28629,0,-10,8.7,False,False,False,-4,0.92,0.00305539975
Frame,988,3.85058117,2.59547973,7.2833333,True,False,None,Playing,True,True,True,0,15,46.2542458,0,-10,8.7,False,False,False,-4,0.92,0.00267029484
Sequence_015,988,3.89140034,2.59547973,7.2833333,True,False,None,Playing,True,True,True,0,15,46.2542458,0,-10,8.7,False,False,False,-4,0.92,0.00267029484
Frame,989,3.89433,2.63900542,7.2833333,True,False,None,Playing,True,True,True,0,15,45.7319374,0,-10,8.7,False,False,False,-4,0.92,0.0435258
Frame,990,3.89719868,2.64205122,7.2833333,True,False,None,Playing,True,True,True,0,15,45.69539,0,-10,8.7,False,False,False,-4,0.92,0.00304590422
Frame,991,3.900117,2.645081,7.2833333,True,False,None,Playing,True,True,True,0,15,45.6590271,0,-10,8.7,False,False,False,-4,0.92,0.00302979723
Frame,992,3.90264988,2.64765358,7.2833333,True,False,None,Playing,True,True,True,0,15,45.62816,0,-10,8.7,False,False,False,-4,0.92,0.0025725977
Frame,993,3.905919,2.65086126,7.2833333,True,False,None,Playing,True,True,True,0,15,45.5896645,0,-10,8.7,False,False,False,-4,0.92,0.00320760347
Frame,994,3.908679,2.6536324,7.2833333,True,False,None,Playing,True,True,True,0,15,45.55641,0,-10,8.7,False,False,False,-4,0.92,0.00277120178
Frame,995,3.91110325,2.65608454,7.2833333,True,False,None,Playing,True,True,True,0,15,45.5269852,0,-10,8.7,False,False,False,-4,0.92,0.00245219679
Frame,996,3.91426945,2.6592195,7.2833333,True,False,None,Playing,True,True,True,0,15,45.48937,0,-10,8.7,False,False,False,-4,0.92,0.00313489931
Frame,997,3.916789,2.661682,7.2833333,True,False,None,Playing,True,True,True,0,15,45.45982,0,-10,8.7,False,False,False,-4,0.92,0.0024625
Frame,998,3.91985416,2.664281,7.2833333,True,False,None,Playing,True,True,True,0,15,45.42863,0,-10,8.7,False,False,False,-4,0.92,0.00259890174
Frame,999,3.92288113,2.66795039,7.2833333,True,False,None,Playing,True,True,True,0,15,45.3845978,0,-10,8.7,False,False,False,-4,0.92,0.00366960024
Frame,1000,3.92537022,2.67031837,7.2833333,True,False,None,Playing,True,True,True,0,15,45.3561821,0,-10,8.7,False,False,False,-4,0.92,0.00236789975
Frame,1001,3.92864513,2.673562,7.2833333,True,False,None,Playing,True,True,True,0,15,45.3172569,0,-10,8.7,False,False,False,-4,0.92,0.00324370037
Frame,1002,3.93106174,2.67613745,7.2833333,True,False,None,Playing,True,True,True,0,15,45.28635,0,-10,8.7,False,False,False,-4,0.92,0.002575496
Frame,1003,3.933652,2.678729,7.2833333,True,False,None,Playing,True,True,True,0,15,45.2552528,0,-10,8.7,False,False,False,-4,0.92,0.00259170216
Frame,1004,3.9361124,2.68096,7.2833333,True,False,None,Playing,True,True,True,0,15,45.22848,0,-10,8.7,False,False,False,-4,0.92,0.00223090267
Frame,1005,3.93856716,2.68351269,7.2833333,True,False,None,Playing,True,True,True,0,15,45.19785,0,-10,8.7,False,False,False,-4,0.92,0.00255269976
Frame,1006,3.94154644,2.68650341,7.2833333,True,False,None,Playing,True,True,True,0,15,45.16196,0,-10,8.7,False,False,False,-4,0.92,0.00299069588
Frame,1007,3.94459248,2.689344,7.2833333,True,False,None,Playing,True,True,True,0,15,45.1278725,0,-10,8.7,False,False,False,-4,0.92,0.0028406037
Frame,1008,3.94754314,2.692649,7.2833333,True,False,None,Playing,True,True,True,0,15,45.0882149,0,-10,8.7,False,False,False,-4,0.92,0.00330499583
Frame,1009,3.95096684,2.69569468,7.2833333,True,False,None,Playing,True,True,True,0,15,45.0516663,0,-10,8.7,False,False,False,-4,0.92,0.003045805
Frame,1010,3.95398426,2.698879,7.2833333,True,False,None,Playing,True,True,True,0,15,45.0134544,0,-10,8.7,False,False,False,-4,0.92,0.00318439631
Frame,1011,3.95679,2.701896,7.2833333,True,False,None,Playing,True,True,True,0,15,44.97725,0,-10,8.7,False,False,False,-4,0.92,0.00301699969
Frame,1012,3.95965481,2.70452476,7.2833333,True,False,None,Playing,True,True,True,0,15,44.9457,0,-10,8.7,False,False,False,-4,0.92,0.002628699
Frame,1013,3.96285152,2.707776,7.2833333,True,False,None,Playing,True,True,True,0,15,44.90669,0,-10,8.7,False,False,False,-4,0.92,0.00325120473
Frame,1014,3.96602154,2.71096587,7.2833333,True,False,None,Playing,True,True,True,0,15,44.868412,0,-10,8.7,False,False,False,-4,0.92,0.0031896967
Frame,1015,3.96861935,2.71373081,7.2833333,True,False,None,Playing,True,True,True,0,15,44.83523,0,-10,8.7,False,False,False,-4,0.92,0.0027650015
Frame,1016,3.97123814,2.71616173,7.2833333,True,False,None,Playing,True,True,True,0,15,44.80606,0,-10,8.7,False,False,False,-4,0.92,0.002431002
Frame,1017,3.97384357,2.71873617,7.2833333,True,False,None,Playing,True,True,True,0,15,44.7751656,0,-10,8.7,False,False,False,-4,0.92,0.002574497
Frame,1018,3.976367,2.72138238,7.2833333,True,False,None,Playing,True,True,True,0,15,44.743412,0,-10,8.7,False,False,False,-4,0.92,0.00264620176
Frame,1019,3.97963047,2.724753,7.2833333,True,False,None,Playing,True,True,True,0,15,44.7029648,0,-10,8.7,False,False,False,-4,0.92,0.00337050017
Frame,1020,3.98206425,2.72715735,7.2833333,True,False,None,Playing,True,True,True,0,15,44.6741142,0,-10,8.7,False,False,False,-4,0.92,0.0024044998
Frame,1021,3.984519,2.72948956,7.2833333,True,False,None,Playing,True,True,True,0,15,44.6461258,0,-10,8.7,False,False,False,-4,0.92,0.0023321996
Frame,1022,3.98747158,2.73253727,7.2833333,True,False,None,Playing,True,True,True,0,15,44.6095543,0,-10,8.7,False,False,False,-4,0.92,0.003047697
Frame,1023,3.99020863,2.73510432,7.2833333,True,False,None,Playing,True,True,True,0,15,44.57875,0,-10,8.7,False,False,False,-4,0.92,0.002567106
Frame,1024,3.99290752,2.737993,7.2833333,True,False,None,Playing,True,True,True,0,15,44.5440865,0,-10,8.7,False,False,False,-4,0.92,0.00288869767
Frame,1025,3.99548435,2.740368,7.2833333,True,False,None,Playing,True,True,True,0,15,44.5155869,0,-10,8.7,False,False,False,-4,0.92,0.002375
Frame,1026,3.99811459,2.743068,7.2833333,True,False,None,Playing,True,True,True,0,15,44.4831848,0,-10,8.7,False,False,False,-4,0.92,0.00270009926
Frame,1027,4.00070667,2.745862,7.2833333,True,False,None,Playing,True,True,True,0,15,44.4496574,0,-10,8.7,False,False,False,-4,0.92,0.002793998
Frame,1028,4.00327969,2.74839449,7.2833333,True,False,None,Playing,True,True,True,0,15,44.4192657,0,-10,8.7,False,False,False,-4,0.92,0.00253250427
Frame,1029,4.00672626,2.75167441,7.2833333,True,False,None,Playing,True,True,True,0,15,44.37991,0,-10,8.7,False,False,False,-4,0.92,0.00327989645
Frame,1030,4.00947666,2.75462055,7.2833333,True,False,None,Playing,True,True,True,0,15,44.3445549,0,-10,8.7,False,False,False,-4,0.92,0.00294610253
Frame,1031,4.012248,2.75714135,7.2833333,True,False,None,Playing,True,True,True,0,15,44.3143044,0,-10,8.7,False,False,False,-4,0.92,0.002520798
Frame,1032,4.014846,2.75977635,7.2833333,True,False,None,Playing,True,True,True,0,15,44.2826843,0,-10,8.7,False,False,False,-4,0.92,0.00263499864
Frame,1033,4.0174036,2.76255274,7.2833333,True,False,None,Playing,True,True,True,0,15,44.24937,0,-10,8.7,False,False,False,-4,0.92,0.002776403
Frame,1034,4.019807,2.76493573,7.2833333,True,False,None,Playing,True,True,True,0,15,44.22077,0,-10,8.7,False,False,False,-4,0.92,0.0023830994
Frame,1035,4.022992,2.76789117,7.2833333,True,False,None,Playing,True,True,True,0,15,44.1853065,0,-10,8.7,False,False,False,-4,0.92,0.00295549887
Frame,1036,4.025363,2.77046084,7.2833333,True,False,None,Playing,True,True,True,0,15,44.1544724,0,-10,8.7,False,False,False,-4,0.92,0.00256960024
Frame,1037,4.027692,2.772861,7.2833333,True,False,None,Playing,True,True,True,0,15,44.12567,0,-10,8.7,False,False,False,-4,0.92,0.0024000993
Frame,1038,4.030143,2.77505445,7.2833333,True,False,None,Playing,True,True,True,0,15,44.09935,0,-10,8.7,False,False,False,-4,0.92,0.002193502
Frame,1039,4.0329504,2.778076,7.2833333,True,False,None,Playing,True,True,True,0,15,44.0630875,0,-10,8.7,False,False,False,-4,0.92,0.00302149937
Frame,1040,4.03546047,2.78034115,7.2833333,True,False,None,Playing,True,True,True,0,15,44.0359077,0,-10,8.7,False,False,False,-4,0.92,0.002265299
Frame,1041,4.038907,2.78378773,7.2833333,True,False,None,Playing,True,True,True,0,15,43.99455,0,-10,8.7,False,False,False,-4,0.92,0.00344649935
Frame,1042,4.04126263,2.78632665,7.2833333,True,False,None,Playing,True,True,True,0,15,43.96408,0,-10,8.7,False,False,False,-4,0.92,0.002538804
Frame,1043,4.04383564,2.78872538,7.2833333,True,False,None,Playing,True,True,True,0,15,43.9352951,0,-10,8.7,False,False,False,-4,0.92,0.002398696
Frame,1044,4.046731,2.7916286,7.2833333,True,False,None,Playing,True,True,True,0,15,43.90046,0,-10,8.7,False,False,False,-4,0.92,0.0029033022
Frame,1045,4.04972172,2.794579,7.2833333,True,False,None,Playing,True,True,True,0,15,43.86505,0,-10,8.7,False,False,False,-4,0.92,0.002950496
Frame,1046,4.05246258,2.79733372,7.2833333,True,False,None,Playing,True,True,True,0,15,43.8319969,0,-10,8.7,False,False,False,-4,0.92,0.00275470526
Sequence_016,1046,4.09287548,2.79733372,7.2833333,True,False,None,Playing,True,True,True,0,15,43.8319969,0,-10,8.7,False,False,False,-4,0.92,0.00275470526
Frame,1047,4.096715,2.840542,7.2833333,True,False,None,Playing,True,True,True,0,15,43.3134956,0,-10,8.7,False,False,False,-4,0.92,0.0432083979
Frame,1048,4.09952641,2.84440327,7.2833333,True,False,None,Playing,True,True,True,0,15,43.2671623,0,-10,8.7,False,False,False,-4,0.92,0.00386130251
Frame,1049,4.10303974,2.84779668,7.2833333,True,False,None,Playing,True,True,True,0,15,43.22644,0,-10,8.7,False,False,False,-4,0.92,0.003393502
Frame,1050,4.10670757,2.85138321,7.2833333,True,False,None,Playing,True,True,True,0,15,43.183403,0,-10,8.7,False,False,False,-4,0.92,0.00358649367
Frame,1051,4.109885,2.854729,7.2833333,True,False,None,Playing,True,True,True,0,15,43.1432533,0,-10,8.7,False,False,False,-4,0.92,0.003345805
Frame,1052,4.114484,2.859212,7.2833333,True,False,None,Playing,True,True,True,0,15,43.08946,0,-10,8.7,False,False,False,-4,0.92,0.004482901
Frame,1053,4.117713,2.862472,7.2833333,True,False,None,Playing,True,True,True,0,15,43.05034,0,-10,8.7,False,False,False,-4,0.92,0.003260197
Frame,1054,4.120982,2.865558,7.2833333,True,False,None,Playing,True,True,True,0,15,43.0133057,0,-10,8.7,False,False,False,-4,0.92,0.00308589847
Frame,1055,4.12410259,2.86904573,7.2833333,True,False,None,Playing,True,True,True,0,15,42.9714546,0,-10,8.7,False,False,False,-4,0.92,0.00348790386
Frame,1056,4.12772274,2.87191868,7.2833333,True,False,None,Playing,True,True,True,0,15,42.9369774,0,-10,8.7,False,False,False,-4,0.92,0.00287299464
Frame,1057,4.13046741,2.87560439,7.2833333,True,False,None,Playing,True,True,True,0,15,42.89275,0,-10,8.7,False,False,False,-4,0.92,0.00368560082
Frame,1058,4.13289928,2.87795615,7.2833333,True,False,None,Playing,True,True,True,0,15,42.86453,0,-10,8.7,False,False,False,-4,0.92,0.00235170079
Frame,1059,4.13526249,2.880338,7.2833333,True,False,None,Playing,True,True,True,0,15,42.8359451,0,-10,8.7,False,False,False,-4,0.92,0.00238180277
Frame,1060,4.13769627,2.88264275,7.2833333,True,False,None,Playing,True,True,True,0,15,42.80829,0,-10,8.7,False,False,False,-4,0.92,0.00230489648
Frame,1061,4.14040661,2.88537526,7.2833333,True,False,None,Playing,True,True,True,0,15,42.7754974,0,-10,8.7,False,False,False,-4,0.92,0.002732405
Frame,1062,4.143647,2.88833117,7.2833333,True,False,None,Playing,True,True,True,0,15,42.74003,0,-10,8.7,False,False,False,-4,0.92,0.00295579643
Frame,1063,4.14701939,2.89193869,7.2833333,True,False,None,Playing,True,True,True,0,15,42.69674,0,-10,8.7,False,False,False,-4,0.92,0.00360760349
Frame,1064,4.150075,2.89519572,7.2833333,True,False,None,Playing,True,True,True,0,15,42.6576538,0,-10,8.7,False,False,False,-4,0.92,0.00325710024
Frame,1065,4.15287876,2.89795661,7.2833333,True,False,None,Playing,True,True,True,0,15,42.6245232,0,-10,8.7,False,False,False,-4,0.92,0.00276099774
Frame,1066,4.1560545,2.90070915,7.2833333,True,False,None,Playing,True,True,True,0,15,42.59149,0,-10,8.7,False,False,False,-4,0.92,0.00275250152
Frame,1067,4.16043568,2.90517735,7.2833333,True,False,None,Playing,True,True,True,0,15,42.5378723,0,-10,8.7,False,False,False,-4,0.92,0.00446819747
Frame,1068,4.1635294,2.908603,7.2833333,True,False,None,Playing,True,True,True,0,15,42.4967651,0,-10,8.7,False,False,False,-4,0.92,0.00342570152
Frame,1069,4.16604328,2.91117144,7.2833333,True,False,None,Playing,True,True,True,0,15,42.4659462,0,-10,8.7,False,False,False,-4,0.92,0.00256839558
Frame,1070,4.168578,2.91358662,7.2833333,True,False,None,Playing,True,True,True,0,15,42.4369621,0,-10,8.7,False,False,False,-4,0.92,0.00241510058
Frame,1071,4.171645,2.91647863,7.2833333,True,False,None,Playing,True,True,True,0,15,42.40226,0,-10,8.7,False,False,False,-4,0.92,0.00289199967
Frame,1072,4.17434025,2.91942883,7.2833333,True,False,None,Playing,True,True,True,0,15,42.3668556,0,-10,8.7,False,False,False,-4,0.92,0.00295030465
Frame,1073,4.17708874,2.921864,7.2833333,True,False,None,Playing,True,True,True,0,15,42.33763,0,-10,8.7,False,False,False,-4,0.92,0.002435197
Frame,1074,4.18015575,2.9248836,7.2833333,True,False,None,Playing,True,True,True,0,15,42.3014,0,-10,8.7,False,False,False,-4,0.92,0.00301950122
Frame,1075,4.18316746,2.928097,7.2833333,True,False,None,Playing,True,True,True,0,15,42.2628365,0,-10,8.7,False,False,False,-4,0.92,0.00321330084
Frame,1076,4.1860857,2.93118548,7.2833333,True,False,None,Playing,True,True,True,0,15,42.2257729,0,-10,8.7,False,False,False,-4,0.92,0.0030884
Frame,1077,4.19035244,2.93522215,7.2833333,True,False,None,Playing,True,True,True,0,15,42.1773338,0,-10,8.7,False,False,False,-4,0.92,0.00403669942
Frame,1078,4.19379139,2.93850923,7.2833333,True,False,None,Playing,True,True,True,0,15,42.13789,0,-10,8.7,False,False,False,-4,0.92,0.00328710326
Frame,1079,4.196492,2.94140244,7.2833333,True,False,None,Playing,True,True,True,0,15,42.1031723,0,-10,8.7,False,False,False,-4,0.92,0.00289319735
Frame,1080,4.1996603,2.94451475,7.2833333,True,False,None,Playing,True,True,True,0,15,42.0658264,0,-10,8.7,False,False,False,-4,0.92,0.0031123017
Frame,1081,4.202489,2.94738317,7.2833333,True,False,None,Playing,True,True,True,0,15,42.0314026,0,-10,8.7,False,False,False,-4,0.92,0.00286829658
Frame,1082,4.20579624,2.9509232,7.2833333,True,False,None,Playing,True,True,True,0,15,41.9889221,0,-10,8.7,False,False,False,-4,0.92,0.00354000134
Frame,1083,4.208232,2.95318961,7.2833333,True,False,None,Playing,True,True,True,0,15,41.9617271,0,-10,8.7,False,False,False,-4,0.92,0.00226629828
Frame,1084,4.211091,2.95609355,7.2833333,True,False,None,Playing,True,True,True,0,15,41.92688,0,-10,8.7,False,False,False,-4,0.92,0.00290400372
Frame,1085,4.21441936,2.95930648,7.2833333,True,False,None,Playing,True,True,True,0,15,41.8883247,0,-10,8.7,False,False,False,-4,0.92,0.003212996
Frame,1086,4.216834,2.961742,7.2833333,True,False,None,Playing,True,True,True,0,15,41.8591,0,-10,8.7,False,False,False,-4,0.92,0.00243550166
Frame,1087,4.220004,2.965029,7.2833333,True,False,None,Playing,True,True,True,0,15,41.8196526,0,-10,8.7,False,False,False,-4,0.92,0.00328699686
Frame,1088,4.223277,2.96830726,7.2833333,True,False,None,Playing,True,True,True,0,15,41.7803154,0,-10,8.7,False,False,False,-4,0.92,0.00327820284
Frame,1089,4.2256937,2.970779,7.2833333,True,False,None,Playing,True,True,True,0,15,41.7506561,0,-10,8.7,False,False,False,-4,0.92,0.00247169775
Frame,1090,4.2280817,2.97316241,7.2833333,True,False,None,Playing,True,True,True,0,15,41.7220535,0,-10,8.7,False,False,False,-4,0.92,0.00238340418
Frame,1091,4.23042,2.97556853,7.2833333,True,False,None,Playing,True,True,True,0,15,41.6931763,0,-10,8.7,False,False,False,-4,0.92,0.002406002
Frame,1092,4.23331738,2.97827244,7.2833333,True,False,None,Playing,True,True,True,0,15,41.6607323,0,-10,8.7,False,False,False,-4,0.92,0.00270379824
Frame,1093,4.23578739,2.98083687,7.2833333,True,False,None,Playing,True,True,True,0,15,41.62996,0,-10,8.7,False,False,False,-4,0.92,0.00256449822
Frame,1094,4.23884869,2.98374176,7.2833333,True,False,None,Playing,True,True,True,0,15,41.5951,0,-10,8.7,False,False,False,-4,0.92,0.00290489662
Frame,1095,4.241933,2.98682475,7.2833333,True,False,None,Playing,True,True,True,0,15,41.5581055,0,-10,8.7,False,False,False,-4,0.92,0.00308300019
Frame,1096,4.24484158,2.98976946,7.2833333,True,False,None,Playing,True,True,True,0,15,41.5227661,0,-10,8.7,False,False,False,-4,0.92,0.00294470671
Frame,1097,4.2485857,2.99350142,7.2833333,True,False,None,Playing,True,True,True,0,15,41.4779854,0,-10,8.7,False,False,False,-4,0.92,0.00373189477
Frame,1098,4.25161457,2.99655819,7.2833333,True,False,None,Playing,True,True,True,0,15,41.4413033,0,-10,8.7,False,False,False,-4,0.92,0.00305680279
Frame,1099,4.25495243,2.999149,7.2833333,True,False,None,Playing,True,True,True,0,15,41.4102135,0,-10,8.7,False,False,False,-4,0.92,0.00259080227
Sequence_017,1099,4.278943,2.999149,7.2833333,True,False,None,Playing,True,True,True,0,15,41.4102135,0,-10,8.7,False,False,False,-4,0.92,0.00259080227
Frame,1100,4.28304,3.02772427,7.2833333,True,False,None,Playing,True,True,True,0,15,41.06731,0,-10,8.7,False,False,False,-4,0.92,0.0285752974
Frame,1101,4.28595448,3.03077984,7.2833333,True,False,None,Playing,True,True,True,0,15,41.0306435,0,-10,8.7,False,False,False,-4,0.92,0.00305559812
Frame,1102,4.290736,3.03496051,7.2833333,True,False,None,Playing,True,True,True,0,15,40.9804726,0,-10,8.7,False,False,False,-4,0.92,0.00418070424
Frame,1103,4.29552174,3.04036212,7.2833333,True,False,None,Playing,True,True,True,0,15,40.915657,0,-10,8.7,False,False,False,-4,0.92,0.00540149538
Frame,1104,4.29892063,3.043785,7.2833333,True,False,None,Playing,True,True,True,0,15,40.87458,0,-10,8.7,False,False,False,-4,0.92,0.00342290243
Frame,1105,4.30281353,3.04768777,7.2833333,True,False,None,Playing,True,True,True,0,15,40.8277473,0,-10,8.7,False,False,False,-4,0.92,0.0039026998
Frame,1106,4.306491,3.051349,7.2833333,True,False,None,Playing,True,True,True,0,15,40.7838135,0,-10,8.7,False,False,False,-4,0.92,0.00366119621
Frame,1107,4.30975056,3.05465913,7.2833333,True,False,None,Playing,True,True,True,0,15,40.74409,0,-10,8.7,False,False,False,-4,0.92,0.00331010483
Frame,1108,4.3134737,3.05818963,7.2833333,True,False,None,Playing,True,True,True,0,15,40.701725,0,-10,8.7,False,False,False,-4,0.92,0.00353039964
Frame,1109,4.31752872,3.06144285,7.2833333,True,False,None,Playing,True,True,True,0,15,40.6626854,0,-10,8.7,False,False,False,-4,0.92,0.003253196
Frame,1110,4.32033443,3.06533813,7.2833333,True,False,None,Playing,True,True,True,0,15,40.6159439,0,-10,8.7,False,False,False,-4,0.92,0.00389530184
Frame,1111,4.32372,3.06854963,7.2833333,True,False,None,Playing,True,True,True,0,15,40.577404,0,-10,8.7,False,False,False,-4,0.92,0.00321150082
Frame,1112,4.326749,3.07164073,7.2833333,True,False,None,Playing,True,True,True,0,15,40.5403137,0,-10,8.7,False,False,False,-4,0.92,0.003091199
Frame,1113,4.330394,3.07520986,7.2833333,True,False,None,Playing,True,True,True,0,15,40.4974823,0,-10,8.7,False,False,False,-4,0.92,0.00356920343
Frame,1114,4.33356762,3.07839465,7.2833333,True,False,None,Playing,True,True,True,0,15,40.4592667,0,-10,8.7,False,False,False,-4,0.92,0.00318480027
Frame,1115,4.337039,3.081962,7.2833333,True,False,None,Playing,True,True,True,0,15,40.41646,0,-10,8.7,False,False,False,-4,0.92,0.00356739643
Frame,1116,4.340144,3.08507061,7.2833333,True,False,None,Playing,True,True,True,0,15,40.3791542,0,-10,8.7,False,False,False,-4,0.92,0.003108404
Frame,1117,4.34335232,3.088294,7.2833333,True,False,None,Playing,True,True,True,0,15,40.3404732,0,-10,8.7,False,False,False,-4,0.92,0.00322349765
Frame,1118,4.34666729,3.0913415,7.2833333,True,False,None,Playing,True,True,True,0,15,40.3039,0,-10,8.7,False,False,False,-4,0.92,0.00304739946
Frame,1119,4.34933567,3.09425378,7.2833333,True,False,None,Playing,True,True,True,0,15,40.2689552,0,-10,8.7,False,False,False,-4,0.92,0.00291240076
Frame,1120,4.35304165,3.09809136,7.2833333,True,False,None,Playing,True,True,True,0,15,40.2229042,0,-10,8.7,False,False,False,-4,0.92,0.00383769837
Frame,1121,4.35619831,3.10123634,7.2833333,True,False,None,Playing,True,True,True,0,15,40.1851654,0,-10,8.7,False,False,False,-4,0.92,0.00314499717
Frame,1122,4.358594,3.10369039,7.2833333,True,False,None,Playing,True,True,True,0,15,40.1557159,0,-10,8.7,False,False,False,-4,0.92,0.00245400378
Frame,1123,4.361211,3.10624361,7.2833333,True,False,None,Playing,True,True,True,0,15,40.1250763,0,-10,8.7,False,False,False,-4,0.92,0.002553203
Frame,1124,4.36471653,3.10912538,7.2833333,True,False,None,Playing,True,True,True,0,15,40.0904961,0,-10,8.7,False,False,False,-4,0.92,0.00288169645
Frame,1125,4.36738873,3.11229563,7.2833333,True,False,None,Playing,True,True,True,0,15,40.0524521,0,-10,8.7,False,False,False,-4,0.92,0.00317020272
Frame,1126,4.37012768,3.11510777,7.2833333,True,False,None,Playing,True,True,True,0,15,40.0187073,0,-10,8.7,False,False,False,-4,0.92,0.00281209615
Frame,1127,4.37297535,3.118081,7.2833333,True,False,None,Playing,True,True,True,0,15,39.98303,0,-10,8.7,False,False,False,-4,0.92,0.00297339843
Frame,1128,4.375722,3.12046838,7.2833333,True,False,None,Playing,True,True,True,0,15,39.95438,0,-10,8.7,False,False,False,-4,0.92,0.00238720234
Frame,1129,4.378501,3.12349439,7.2833333,True,False,None,Playing,True,True,True,0,15,39.9180679,0,-10,8.7,False,False,False,-4,0.92,0.00302589987
Frame,1130,4.38299656,3.12795544,7.2833333,True,False,None,Playing,True,True,True,0,15,39.8645363,0,-10,8.7,False,False,False,-4,0.92,0.004460998
Frame,1131,4.385663,3.130569,7.2833333,True,False,None,Playing,True,True,True,0,15,39.8331757,0,-10,8.7,False,False,False,-4,0.92,0.00261360547
Frame,1132,4.389142,3.13402414,7.2833333,True,False,None,Playing,True,True,True,0,15,39.79171,0,-10,8.7,False,False,False,-4,0.92,0.00345519418
Frame,1133,4.39203548,3.13697076,7.2833333,True,False,None,Playing,True,True,True,0,15,39.75635,0,-10,8.7,False,False,False,-4,0.92,0.00294660567
Frame,1134,4.39495945,3.139713,7.2833333,True,False,None,Playing,True,True,True,0,15,39.7234459,0,-10,8.7,False,False,False,-4,0.92,0.00274239643
Frame,1135,4.398074,3.14300919,7.2833333,True,False,None,Playing,True,True,True,0,15,39.68389,0,-10,8.7,False,False,False,-4,0.92,0.00329620182
Frame,1136,4.400996,3.14590931,7.2833333,True,False,None,Playing,True,True,True,0,15,39.64909,0,-10,8.7,False,False,False,-4,0.92,0.00290019833
Frame,1137,4.404271,3.149133,7.2833333,True,False,None,Playing,True,True,True,0,15,39.610405,0,-10,8.7,False,False,False,-4,0.92,0.003223604
Frame,1138,4.40712261,3.15209651,7.2833333,True,False,None,Playing,True,True,True,0,15,39.5748444,0,-10,8.7,False,False,False,-4,0.92,0.00296359835
Frame,1139,4.409816,3.15464234,7.2833333,True,False,None,Playing,True,True,True,0,15,39.5442924,0,-10,8.7,False,False,False,-4,0.92,0.002545798
Frame,1140,4.413583,3.158425,7.2833333,True,False,None,Playing,True,True,True,0,15,39.4988976,0,-10,8.7,False,False,False,-4,0.92,0.00378270261
Frame,1141,4.416644,3.16159654,7.2833333,True,False,None,Playing,True,True,True,0,15,39.4608421,0,-10,8.7,False,False,False,-4,0.92,0.00317149935
Frame,1142,4.41952038,3.164464,7.2833333,True,False,None,Playing,True,True,True,0,15,39.4264336,0,-10,8.7,False,False,False,-4,0.92,0.00286749564
Frame,1143,4.42353535,3.16819143,7.2833333,True,False,None,Playing,True,True,True,0,15,39.3817024,0,-10,8.7,False,False,False,-4,0.92,0.00372750149
Frame,1144,4.42606831,3.171169,7.2833333,True,False,None,Playing,True,True,True,0,15,39.34597,0,-10,8.7,False,False,False,-4,0.92,0.00297750137
Frame,1145,4.429429,3.17437077,7.2833333,True,False,None,Playing,True,True,True,0,15,39.3075523,0,-10,8.7,False,False,False,-4,0.92,0.0032018
Frame,1146,4.432452,3.17734241,7.2833333,True,False,None,Playing,True,True,True,0,15,39.2718925,0,-10,8.7,False,False,False,-4,0.92,0.00297159865
Frame,1147,4.43542576,3.18029833,7.2833333,True,False,None,Playing,True,True,True,0,15,39.2364235,0,-10,8.7,False,False,False,-4,0.92,0.00295580365
Frame,1148,4.438773,3.18372464,7.2833333,True,False,None,Playing,True,True,True,0,15,39.1953049,0,-10,8.7,False,False,False,-4,0.92,0.00342629687
Frame,1149,4.44273853,3.186945,7.2833333,True,False,None,Playing,True,True,True,0,15,39.156662,0,-10,8.7,False,False,False,-4,0.92,0.00322030182
Frame,1150,4.446721,3.19160843,7.2833333,True,False,None,Playing,True,True,True,0,15,39.1007,0,-10,8.7,False,False,False,-4,0.92,0.004663499
Frame,1151,4.44963932,3.19447541,7.2833333,True,False,None,Playing,True,True,True,0,15,39.0662956,0,-10,8.7,False,False,False,-4,0.92,0.00286699971
Frame,1152,4.45251751,3.19765282,7.2833333,True,False,None,Playing,True,True,True,0,15,39.0281677,0,-10,8.7,False,False,False,-4,0.92,0.00317740231
Frame,1153,4.45544338,3.200308,7.2833333,True,False,None,Playing,True,True,True,0,15,38.9963036,0,-10,8.7,False,False,False,-4,0.92,0.00265520136
Sequence_018,1153,4.49426937,3.200308,7.2833333,True,False,None,Playing,True,True,True,0,15,38.9963036,0,-10,8.7,False,False,False,-4,0.92,0.00265520136
Frame,1154,4.49817944,3.24247837,7.2833333,True,False,None,Playing,True,True,True,0,15,38.49026,0,-10,8.7,False,False,False,-4,0.92,0.0421701968
Frame,1155,4.501622,3.246231,7.2833333,True,False,None,Playing,True,True,True,0,15,38.44523,0,-10,8.7,False,False,False,-4,0.92,0.00375260063
Frame,1156,4.50643253,3.25116467,7.2833333,True,False,None,Playing,True,True,True,0,15,38.3860245,0,-10,8.7,False,False,False,-4,0.92,0.00493360264
Frame,1157,4.509551,3.254468,7.2833333,True,False,None,Playing,True,True,True,0,15,38.346386,0,-10,8.7,False,False,False,-4,0.92,0.003303295
Frame,1158,4.51320171,3.258096,7.2833333,True,False,None,Playing,True,True,True,0,15,38.30285,0,-10,8.7,False,False,False,-4,0.92,0.00362790539
Frame,1159,4.516597,3.261304,7.2833333,True,False,None,Playing,True,True,True,0,15,38.2643547,0,-10,8.7,False,False,False,-4,0.92,0.003207894
Frame,1160,4.51991367,3.264726,7.2833333,True,False,None,Playing,True,True,True,0,15,38.22329,0,-10,8.7,False,False,False,-4,0.92,0.00342210173
Frame,1161,4.52357,3.26857233,7.2833333,True,False,None,Playing,True,True,True,0,15,38.17713,0,-10,8.7,False,False,False,-4,0.92,0.00384640018
Frame,1162,4.52619839,3.27116919,7.2833333,True,False,None,Playing,True,True,True,0,15,38.1459732,0,-10,8.7,False,False,False,-4,0.92,0.00259680417
Frame,1163,4.52957249,3.27395487,7.2833333,True,False,None,Playing,True,True,True,0,15,38.11254,0,-10,8.7,False,False,False,-4,0.92,0.00278559374
Frame,1164,4.53216839,3.27718019,7.2833333,True,False,None,Playing,True,True,True,0,15,38.0738373,0,-10,8.7,False,False,False,-4,0.92,0.00322540384
Frame,1165,4.53485,3.279678,7.2833333,True,False,None,Playing,True,True,True,0,15,38.0438652,0,-10,8.7,False,False,False,-4,0.92,0.00249790261
Frame,1166,4.53922,3.28393531,7.2833333,True,False,None,Playing,True,True,True,0,15,37.992775,0,-10,8.7,False,False,False,-4,0.92,0.00425719935
Frame,1167,4.542327,3.28722739,7.2833333,True,False,None,Playing,True,True,True,0,15,37.9532738,0,-10,8.7,False,False,False,-4,0.92,0.00329199969
Frame,1168,4.54513454,3.290136,7.2833333,True,False,None,Playing,True,True,True,0,15,37.91837,0,-10,8.7,False,False,False,-4,0.92,0.00290869479
Frame,1169,4.54749,3.29263449,7.2833333,True,False,None,Playing,True,True,True,0,15,37.88839,0,-10,8.7,False,False,False,-4,0.92,0.00249830633
Frame,1170,4.55011272,3.29508519,7.2833333,True,False,None,Playing,True,True,True,0,15,37.85898,0,-10,8.7,False,False,False,-4,0.92,0.00245079375
Frame,1171,4.553157,3.29805827,7.2833333,True,False,None,Playing,True,True,True,0,15,37.8233032,0,-10,8.7,False,False,False,-4,0.92,0.00297310087
Frame,1172,4.556525,3.30136323,7.2833333,True,False,None,Playing,True,True,True,0,15,37.78364,0,-10,8.7,False,False,False,-4,0.92,0.00330490363
Frame,1173,4.559268,3.304328,7.2833333,True,False,None,Playing,True,True,True,0,15,37.7480659,0,-10,8.7,False,False,False,-4,0.92,0.00296469661
Frame,1174,4.56327152,3.30825567,7.2833333,True,False,None,Playing,True,True,True,0,15,37.70093,0,-10,8.7,False,False,False,-4,0.92,0.003927799
Frame,1175,4.56625462,3.31115174,7.2833333,True,False,None,Playing,True,True,True,0,15,37.66618,0,-10,8.7,False,False,False,-4,0.92,0.00289610261
Frame,1176,4.56910038,3.31406474,7.2833333,True,False,None,Playing,True,True,True,0,15,37.6312256,0,-10,8.7,False,False,False,-4,0.92,0.00291310227
Frame,1177,4.572839,3.31769943,7.2833333,True,False,None,Playing,True,True,True,0,15,37.58761,0,-10,8.7,False,False,False,-4,0.92,0.003634701
Frame,1178,4.57630444,3.32120013,7.2833333,True,False,None,Playing,True,True,True,0,15,37.5456,0,-10,8.7,False,False,False,-4,0.92,0.00350059522
Frame,1179,4.57942867,3.324361,7.2833333,True,False,None,Playing,True,True,True,0,15,37.5076675,0,-10,8.7,False,False,False,-4,0.92,0.00316100474
Frame,1180,4.58305454,3.3280046,7.2833333,True,False,None,Playing,True,True,True,0,15,37.4639473,0,-10,8.7,False,False,False,-4,0.92,0.00364339561
Frame,1181,4.58637333,3.33129787,7.2833333,True,False,None,Playing,True,True,True,0,15,37.424427,0,-10,8.7,False,False,False,-4,0.92,0.00329320435
Frame,1182,4.58941746,3.33432817,7.2833333,True,False,None,Playing,True,True,True,0,15,37.38806,0,-10,8.7,False,False,False,-4,0.92,0.00303029339
Frame,1183,4.59258175,3.33749151,7.2833333,True,False,None,Playing,True,True,True,0,15,37.3501,0,-10,8.7,False,False,False,-4,0.92,0.00316339987
Frame,1184,4.596572,3.34147072,7.2833333,True,False,None,Playing,True,True,True,0,15,37.3023529,0,-10,8.7,False,False,False,-4,0.92,0.003979202
Frame,1185,4.599889,3.34400129,7.2833333,True,False,None,Playing,True,True,True,0,15,37.2719841,0,-10,8.7,False,False,False,-4,0.92,0.002530598
Frame,1186,4.60246563,3.347439,7.2833333,True,False,None,Playing,True,True,True,0,15,37.230732,0,-10,8.7,False,False,False,-4,0.92,0.00343770557
Frame,1187,4.60625,3.35099554,7.2833333,True,False,None,Playing,True,True,True,0,15,37.1880531,0,-10,8.7,False,False,False,-4,0.92,0.003556399
Frame,1188,4.60925961,3.35420012,7.2833333,True,False,None,Playing,True,True,True,0,15,37.1496,0,-10,8.7,False,False,False,-4,0.92,0.003204599
Frame,1189,4.61311626,3.35795331,7.2833333,True,False,None,Playing,True,True,True,0,15,37.10456,0,-10,8.7,False,False,False,-4,0.92,0.00375330215
Frame,1190,4.616355,3.361264,7.2833333,True,False,None,Playing,True,True,True,0,15,37.0648346,0,-10,8.7,False,False,False,-4,0.92,0.00331079937
Frame,1191,4.61934566,3.36429453,7.2833333,True,False,None,Playing,True,True,True,0,15,37.02847,0,-10,8.7,False,False,False,-4,0.92,0.00303059816
Frame,1192,4.6231966,3.367699,7.2833333,True,False,None,Playing,True,True,True,0,15,36.9876137,0,-10,8.7,False,False,False,-4,0.92,0.00340430136
Frame,1193,4.62650776,3.371423,7.2833333,True,False,None,Playing,True,True,True,0,15,36.9429245,0,-10,8.7,False,False,False,-4,0.92,0.00372419925
Frame,1194,4.63065243,3.37555051,7.2833333,True,False,None,Playing,True,True,True,0,15,36.8933945,0,-10,8.7,False,False,False,-4,0.92,0.00412750151
Frame,1195,4.633893,3.37881112,7.2833333,True,False,None,Playing,True,True,True,0,15,36.8542671,0,-10,8.7,False,False,False,-4,0.92,0.00326050166
Frame,1196,4.63680553,3.381786,7.2833333,True,False,None,Playing,True,True,True,0,15,36.81857,0,-10,8.7,False,False,False,-4,0.92,0.00297509925
Frame,1197,4.64073658,3.3853848,7.2833333,True,False,None,Playing,True,True,True,0,15,36.775383,0,-10,8.7,False,False,False,-4,0.92,0.00359879527
Frame,1198,4.643771,3.388666,7.2833333,True,False,None,Playing,True,True,True,0,15,36.73601,0,-10,8.7,False,False,False,-4,0.92,0.003281002
Frame,1199,4.64698124,3.39188361,7.2833333,True,False,None,Playing,True,True,True,0,15,36.6974,0,-10,8.7,False,False,False,-4,0.92,0.00321770133
Frame,1200,4.64973927,3.39466619,7.2833333,True,False,None,Playing,True,True,True,0,15,36.66401,0,-10,8.7,False,False,False,-4,0.92,0.00278269569
Frame,1201,4.65259457,3.39753175,7.2833333,True,False,None,Playing,True,True,True,0,15,36.62962,0,-10,8.7,False,False,False,-4,0.92,0.00286560366
Frame,1202,4.65564632,3.40057015,7.2833333,True,False,None,Playing,True,True,True,0,15,36.59316,0,-10,8.7,False,False,False,-4,0.92,0.003038499
Sequence_019,1202,4.7049284,3.40057015,7.2833333,True,False,None,Playing,True,True,True,0,15,36.59316,0,-10,8.7,False,False,False,-4,0.92,0.003038499
Frame,1203,4.70782757,3.45250559,7.2833333,True,False,None,Playing,True,True,True,0,15,35.9699326,0,-10,8.7,False,False,False,-4,0.92,0.0519354
Frame,1204,4.71133327,3.45594168,7.2833333,True,False,None,Playing,True,True,True,0,15,35.9287,0,-10,8.7,False,False,False,-4,0.92,0.003436097
Frame,1205,4.71460438,3.45946,7.2833333,True,False,None,Playing,True,True,True,0,15,35.8864822,0,-10,8.7,False,False,False,-4,0.92,0.00351840281
Frame,1206,4.71752071,3.46259618,7.2833333,True,False,None,Playing,True,True,True,0,15,35.8488464,0,-10,8.7,False,False,False,-4,0.92,0.003136097
Frame,1207,4.72067165,3.46526241,7.2833333,True,False,None,Playing,True,True,True,0,15,35.8168526,0,-10,8.7,False,False,False,-4,0.92,0.0026662983
Frame,1208,4.7239027,3.468635,7.2833333,True,False,None,Playing,True,True,True,0,15,35.77638,0,-10,8.7,False,False,False,-4,0.92,0.003372605
Frame,1209,4.72677326,3.47164774,7.2833333,True,False,None,Playing,True,True,True,0,15,35.7402267,0,-10,8.7,False,False,False,-4,0.92,0.00301259919
Frame,1210,4.72956944,3.4747076,7.2833333,True,False,None,Playing,True,True,True,0,15,35.70351,0,-10,8.7,False,False,False,-4,0.92,0.00305980025
Frame,1211,4.732461,3.47719812,7.2833333,True,False,None,Playing,True,True,True,0,15,35.6736221,0,-10,8.7,False,False,False,-4,0.92,0.00249049743
Frame,1212,4.736434,3.480443,7.2833333,True,False,None,Playing,True,True,True,0,15,35.6346855,0,-10,8.7,False,False,False,-4,0.92,0.00324479886
Frame,1213,4.742036,3.48598552,7.2833333,True,False,None,Playing,True,True,True,0,15,35.5681725,0,-10,8.7,False,False,False,-4,0.92,0.00554240355
Frame,1214,4.74516,3.490089,7.2833333,True,False,None,Playing,True,True,True,0,15,35.5189323,0,-10,8.7,False,False,False,-4,0.92,0.0041035004
Frame,1215,4.748433,3.49327779,7.2833333,True,False,None,Playing,True,True,True,0,15,35.4806671,0,-10,8.7,False,False,False,-4,0.92,0.003188896
Frame,1216,4.751086,3.4959898,7.2833333,True,False,None,Playing,True,True,True,0,15,35.4481239,0,-10,8.7,False,False,False,-4,0.92,0.002712103
Frame,1217,4.754607,3.49938321,7.2833333,True,False,None,Playing,True,True,True,0,15,35.407402,0,-10,8.7,False,False,False,-4,0.92,0.00339329639
Frame,1218,4.7575407,3.50252652,7.2833333,True,False,None,Playing,True,True,True,0,15,35.3696823,0,-10,8.7,False,False,False,-4,0.92,0.00314320438
Frame,1219,4.75998,3.50512218,7.2833333,True,False,None,Playing,True,True,True,0,15,35.3385353,0,-10,8.7,False,False,False,-4,0.92,0.00259559951
Frame,1220,4.762233,3.50743175,7.2833333,True,False,None,Playing,True,True,True,0,15,35.31082,0,-10,8.7,False,False,False,-4,0.92,0.00230960175
Frame,1221,4.76437664,3.5095365,7.2833333,True,False,None,Playing,True,True,True,0,15,35.2855644,0,-10,8.7,False,False,False,-4,0.92,0.0021047974
Frame,1222,4.76668644,3.51182032,7.2833333,True,False,None,Playing,True,True,True,0,15,35.25816,0,-10,8.7,False,False,False,-4,0.92,0.002283702
Frame,1223,4.77026844,3.51502132,7.2833333,True,False,None,Playing,True,True,True,0,15,35.2197456,0,-10,8.7,False,False,False,-4,0.92,0.00320109841
Frame,1224,4.773555,3.51825571,7.2833333,True,False,None,Playing,True,True,True,0,15,35.1809349,0,-10,8.7,False,False,False,-4,0.92,0.003234297
Frame,1225,4.776458,3.52137518,7.2833333,True,False,None,Playing,True,True,True,0,15,35.1434975,0,-10,8.7,False,False,False,-4,0.92,0.00311940187
Frame,1226,4.779092,3.524132,7.2833333,True,False,None,Playing,True,True,True,0,15,35.1104164,0,-10,8.7,False,False,False,-4,0.92,0.00275680283
Frame,1227,4.781726,3.52647114,7.2833333,True,False,None,Playing,True,True,True,0,15,35.0823479,0,-10,8.7,False,False,False,-4,0.92,0.0023391014
Frame,1228,4.784587,3.52952361,7.2833333,True,False,None,Playing,True,True,True,0,15,35.0457153,0,-10,8.7,False,False,False,-4,0.92,0.00305249426
Frame,1229,4.78830433,3.533218,7.2833333,True,False,None,Playing,True,True,True,0,15,35.00139,0,-10,8.7,False,False,False,-4,0.92,0.00369430264
Frame,1230,4.79165,3.53655529,7.2833333,True,False,None,Playing,True,True,True,0,15,34.961338,0,-10,8.7,False,False,False,-4,0.92,0.00333740073
Frame,1231,4.79466724,3.53975,7.2833333,True,False,None,Playing,True,True,True,0,15,34.923,0,-10,8.7,False,False,False,-4,0.92,0.00319479872
Frame,1232,4.797452,3.5423913,7.2833333,True,False,None,Playing,True,True,True,0,15,34.8913078,0,-10,8.7,False,False,False,-4,0.92,0.002641199
Frame,1233,4.80147648,3.54635644,7.2833333,True,False,None,Playing,True,True,True,0,15,34.8437233,0,-10,8.7,False,False,False,-4,0.92,0.0039652
Frame,1234,4.80430126,3.54923749,7.2833333,True,False,None,Playing,True,True,True,0,15,34.80915,0,-10,8.7,False,False,False,-4,0.92,0.002881101
Frame,1235,4.807437,3.55234933,7.2833333,True,False,None,Playing,True,True,True,0,15,34.77181,0,-10,8.7,False,False,False,-4,0.92,0.00311189773
Frame,1236,4.81039143,3.55526,7.2833333,True,False,None,Playing,True,True,True,0,15,34.73688,0,-10,8.7,False,False,False,-4,0.92,0.00291050179
Frame,1237,4.81416225,3.55891061,7.2833333,True,False,None,Playing,True,True,True,0,15,34.6930733,0,-10,8.7,False,False,False,-4,0.92,0.00365060242
Frame,1238,4.817586,3.56267214,7.2833333,True,False,None,Playing,True,True,True,0,15,34.647934,0,-10,8.7,False,False,False,-4,0.92,0.0037616
Frame,1239,4.81997,3.56509686,7.2833333,True,False,None,Playing,True,True,True,0,15,34.61884,0,-10,8.7,False,False,False,-4,0.92,0.0024246953
Frame,1240,4.823251,3.56812763,7.2833333,True,False,None,Playing,True,True,True,0,15,34.58247,0,-10,8.7,False,False,False,-4,0.92,0.00303080352
Frame,1241,4.825721,3.570806,7.2833333,True,False,None,Playing,True,True,True,0,15,34.55033,0,-10,8.7,False,False,False,-4,0.92,0.00267850049
Frame,1242,4.828309,3.57316542,7.2833333,True,False,None,Playing,True,True,True,0,15,34.5220146,0,-10,8.7,False,False,False,-4,0.92,0.00235939631
Frame,1243,4.83208752,3.57707953,7.2833333,True,False,None,Playing,True,True,True,0,15,34.4750481,0,-10,8.7,False,False,False,-4,0.92,0.0039142007
Frame,1244,4.83440876,3.57949471,7.2833333,True,False,None,Playing,True,True,True,0,15,34.446064,0,-10,8.7,False,False,False,-4,0.92,0.00241510058
Frame,1245,4.83673,3.58173442,7.2833333,True,False,None,Playing,True,True,True,0,15,34.41919,0,-10,8.7,False,False,False,-4,0.92,0.002239803
Frame,1246,4.84007,3.58490252,7.2833333,True,False,None,Playing,True,True,True,0,15,34.3811722,0,-10,8.7,False,False,False,-4,0.92,0.00316819735
Frame,1247,4.843089,3.58807635,7.2833333,True,False,None,Playing,True,True,True,0,15,34.3430862,0,-10,8.7,False,False,False,-4,0.92,0.00317380251
Frame,1248,4.84569073,3.59073663,7.2833333,True,False,None,Playing,True,True,True,0,15,34.31116,0,-10,8.7,False,False,False,-4,0.92,0.002660197
Frame,1249,4.848302,3.593419,7.2833333,True,False,None,Playing,True,True,True,0,15,34.2789726,0,-10,8.7,False,False,False,-4,0.92,0.00268250424
Frame,1250,4.8506937,3.59569168,7.2833333,True,False,None,Playing,True,True,True,0,15,34.2517,0,-10,8.7,False,False,False,-4,0.92,0.002272697
Frame,1251,4.8539114,3.59874988,7.2833333,True,False,None,Playing,True,True,True,0,15,34.215004,0,-10,8.7,False,False,False,-4,0.92,0.00305819861
Frame,1252,4.857236,3.602026,7.2833333,True,False,None,Playing,True,True,True,0,15,34.17569,0,-10,8.7,False,False,False,-4,0.92,0.003275999
Sequence_020,1252,4.8877,3.602026,7.2833333,True,False,None,Playing,True,True,True,0,15,34.17569,0,-10,8.7,False,False,False,-4,0.92,0.003275999
Frame,1253,4.891038,3.63572478,7.2833333,True,False,None,Playing,True,True,True,0,15,33.7713051,0,-10,8.7,False,False,False,-4,0.92,0.0336989
Frame,1254,4.89440632,3.63919926,7.2833333,True,False,None,Playing,True,True,True,0,15,33.72961,0,-10,8.7,False,False,False,-4,0.92,0.003474504
Frame,1255,4.89755726,3.64247537,7.2833333,True,False,None,Playing,True,True,True,0,15,33.6902962,0,-10,8.7,False,False,False,-4,0.92,0.00327609829
C_IntroMiddle,1255,4.899453,3.64247537,7.2833333,True,False,None,Playing,True,True,True,0,15,33.6902962,0,-10,8.7,False,False,False,-4,0.92,0.00327609829
Frame,1256,4.94707,3.69172716,7.2833333,True,False,None,Playing,True,True,True,0,15,33.0992775,0,-10,8.7,False,False,False,-4,0.92,0.0492518
Frame,1257,4.950139,3.69489741,7.2833333,True,False,None,Playing,True,True,True,0,15,33.06123,0,-10,8.7,False,False,False,-4,0.92,0.003170302
Frame,1258,4.953021,3.698001,7.2833333,True,False,None,Playing,True,True,True,0,15,33.02399,0,-10,8.7,False,False,False,-4,0.92,0.00310339429
Frame,1259,4.95615673,3.70105219,7.2833333,True,False,None,Playing,True,True,True,0,15,32.9873772,0,-10,8.7,False,False,False,-4,0.92,0.00305120461
Frame,1260,4.95930767,3.704224,7.2833333,True,False,None,Playing,True,True,True,0,15,32.94931,0,-10,8.7,False,False,False,-4,0.92,0.00317189633
Frame,1261,4.96205235,3.70698667,7.2833333,True,False,None,Playing,True,True,True,0,15,32.91616,0,-10,8.7,False,False,False,-4,0.92,0.00276259915
Frame,1262,4.96485043,3.70983362,7.2833333,True,False,None,Playing,True,True,True,0,15,32.882,0,-10,8.7,False,False,False,-4,0.92,0.00284700259
Frame,1263,4.967471,3.71261477,7.2833333,True,False,None,Playing,True,True,True,0,15,32.8486252,0,-10,8.7,False,False,False,-4,0.92,0.00278120046
Frame,1264,4.97009563,3.71501613,7.2833333,True,False,None,Playing,True,True,True,0,15,32.81981,0,-10,8.7,False,False,False,-4,0.92,0.002401396
Frame,1265,4.97325039,3.71815634,7.2833333,True,False,None,Playing,True,True,True,0,15,32.7821236,0,-10,8.7,False,False,False,-4,0.92,0.003140207
Frame,1266,4.97618961,3.72117352,7.2833333,True,False,None,Playing,True,True,True,0,15,32.74592,0,-10,8.7,False,False,False,-4,0.92,0.003017198
Frame,1267,4.97841,3.72355413,7.2833333,True,False,None,Playing,True,True,True,0,15,32.7173538,0,-10,8.7,False,False,False,-4,0.92,0.002380598
Frame,1268,4.98061275,3.72575331,7.2833333,True,False,None,Playing,True,True,True,0,15,32.69096,0,-10,8.7,False,False,False,-4,0.92,0.0021991
Frame,1269,4.983531,3.7284584,7.2833333,True,False,None,Playing,True,True,True,0,15,32.6585,0,-10,8.7,False,False,False,-4,0.92,0.002705102
Frame,1270,4.98683834,3.7311902,7.2833333,True,False,None,Playing,True,True,True,0,15,32.62572,0,-10,8.7,False,False,False,-4,0.92,0.00273189484
Frame,1271,4.98961544,3.73447275,7.2833333,True,False,None,Playing,True,True,True,0,15,32.58633,0,-10,8.7,False,False,False,-4,0.92,0.00328250416
Frame,1272,4.992503,3.73751473,7.2833333,True,False,None,Playing,True,True,True,0,15,32.5498238,0,-10,8.7,False,False,False,-4,0.92,0.00304190046
Frame,1273,4.995248,3.74013853,7.2833333,True,False,None,Playing,True,True,True,0,15,32.51834,0,-10,8.7,False,False,False,-4,0.92,0.0026237953
Frame,1274,4.997815,3.74279451,7.2833333,True,False,None,Playing,True,True,True,0,15,32.48647,0,-10,8.7,False,False,False,-4,0.92,0.00265590288
Frame,1275,5.00042629,3.74559736,7.2833333,True,False,None,Playing,True,True,True,0,15,32.45283,0,-10,8.7,False,False,False,-4,0.92,0.00280289818
Frame,1276,5.003806,3.74878454,7.2833333,True,False,None,Playing,True,True,True,0,15,32.4145851,0,-10,8.7,False,False,False,-4,0.92,0.00318720238
Frame,1277,5.00656033,3.75143385,7.2833333,True,False,None,Playing,True,True,True,0,15,32.3827972,0,-10,8.7,False,False,False,-4,0.92,0.00264939759
Frame,1278,5.009282,3.75436735,7.2833333,True,False,None,Playing,True,True,True,0,15,32.34759,0,-10,8.7,False,False,False,-4,0.92,0.00293360255
Frame,1279,5.01151943,3.75668478,7.2833333,True,False,None,Playing,True,True,True,0,15,32.3197861,0,-10,8.7,False,False,False,-4,0.92,0.00231739646
Frame,1280,5.01389027,3.75899959,7.2833333,True,False,None,Playing,True,True,True,0,15,32.2920036,0,-10,8.7,False,False,False,-4,0.92,0.002314803
Frame,1281,5.016221,3.76132083,7.2833333,True,False,None,Playing,True,True,True,0,15,32.2641525,0,-10,8.7,False,False,False,-4,0.92,0.002321301
Frame,1282,5.019349,3.76399446,7.2833333,True,False,None,Playing,True,True,True,0,15,32.2320671,0,-10,8.7,False,False,False,-4,0.92,0.00267359684
Frame,1283,5.022889,3.76777267,7.2833333,True,False,None,Playing,True,True,True,0,15,32.18673,0,-10,8.7,False,False,False,-4,0.92,0.003778203
Frame,1284,5.025531,3.7704494,7.2833333,True,False,None,Playing,True,True,True,0,15,32.15461,0,-10,8.7,False,False,False,-4,0.92,0.0026768
Frame,1285,5.02837467,3.773474,7.2833333,True,False,None,Playing,True,True,True,0,15,32.1183128,0,-10,8.7,False,False,False,-4,0.92,0.003024596
Frame,1286,5.03064251,3.77577925,7.2833333,True,False,None,Playing,True,True,True,0,15,32.0906525,0,-10,8.7,False,False,False,-4,0.92,0.00230530044
Frame,1287,5.03337,3.77825332,7.2833333,True,False,None,Playing,True,True,True,0,15,32.0609627,0,-10,8.7,False,False,False,-4,0.92,0.0024741
Frame,1288,5.03605938,3.78101468,7.2833333,True,False,None,Playing,True,True,True,0,15,32.0278244,0,-10,8.7,False,False,False,-4,0.92,0.00276130252
Frame,1289,5.039109,3.7840867,7.2833333,True,False,None,Playing,True,True,True,0,15,31.9909611,0,-10,8.7,False,False,False,-4,0.92,0.00307200244
Frame,1290,5.041795,3.786922,7.2833333,True,False,None,Playing,True,True,True,0,15,31.9569378,0,-10,8.7,False,False,False,-4,0.92,0.002835296
Frame,1291,5.04435062,3.78942442,7.2833333,True,False,None,Playing,True,True,True,0,15,31.9269085,0,-10,8.7,False,False,False,-4,0.92,0.00250240229
Frame,1292,5.04665661,3.79177237,7.2833333,True,False,None,Playing,True,True,True,0,15,31.8987331,0,-10,8.7,False,False,False,-4,0.92,0.00234800181
Frame,1293,5.0490675,3.79410315,7.2833333,True,False,None,Playing,True,True,True,0,15,31.8707638,0,-10,8.7,False,False,False,-4,0.92,0.00233079656
Frame,1294,5.052066,3.79698086,7.2833333,True,False,None,Playing,True,True,True,0,15,31.8362312,0,-10,8.7,False,False,False,-4,0.92,0.002877799
Frame,1295,5.05516529,3.8000145,7.2833333,True,False,None,Playing,True,True,True,0,15,31.7998276,0,-10,8.7,False,False,False,-4,0.92,0.00303360261
Frame,1296,5.05865,3.80358672,7.2833333,True,False,None,Playing,True,True,True,0,15,31.75696,0,-10,8.7,False,False,False,-4,0.92,0.003572201
Sequence_021,1296,5.10569859,3.80358672,7.2833333,True,False,None,Playing,True,True,True,0,15,31.75696,0,-10,8.7,False,False,False,-4,0.92,0.003572201
Frame,1297,5.10851,3.85320973,7.2833333,True,False,None,Playing,True,True,True,0,15,31.1614838,0,-10,8.7,False,False,False,-4,0.92,0.0496228971
Frame,1298,5.11100674,3.856062,7.2833333,True,False,None,Playing,True,True,True,0,15,31.1272583,0,-10,8.7,False,False,False,-4,0.92,0.00285220379
Frame,1299,5.113389,3.85834122,7.2833333,True,False,None,Playing,True,True,True,0,15,31.0999069,0,-10,8.7,False,False,False,-4,0.92,0.002279202
Frame,1300,5.115817,3.86077213,7.2833333,True,False,None,Playing,True,True,True,0,15,31.0707359,0,-10,8.7,False,False,False,-4,0.92,0.002430995
Frame,1301,5.11871052,3.86359239,7.2833333,True,False,None,Playing,True,True,True,0,15,31.0368919,0,-10,8.7,False,False,False,-4,0.92,0.0028203018
Frame,1302,5.1222353,3.86714888,7.2833333,True,False,None,Playing,True,True,True,0,15,30.994215,0,-10,8.7,False,False,False,-4,0.92,0.003556399
Frame,1303,5.12469959,3.86970949,7.2833333,True,False,None,Playing,True,True,True,0,15,30.9634876,0,-10,8.7,False,False,False,-4,0.92,0.0025607
Frame,1304,5.12694836,3.872072,7.2833333,True,False,None,Playing,True,True,True,0,15,30.9351387,0,-10,8.7,False,False,False,-4,0.92,0.0023625
Frame,1305,5.12959576,3.87473059,7.2833333,True,False,None,Playing,True,True,True,0,15,30.9032345,0,-10,8.7,False,False,False,-4,0.92,0.00265850336
Frame,1306,5.1328516,3.87716579,7.2833333,True,False,None,Playing,True,True,True,0,15,30.874012,0,-10,8.7,False,False,False,-4,0.92,0.00243529631
Frame,1307,5.135297,3.88031578,7.2833333,True,False,None,Playing,True,True,True,0,15,30.8362122,0,-10,8.7,False,False,False,-4,0.92,0.00315009919
Frame,1308,5.13789272,3.88280177,7.2833333,True,False,None,Playing,True,True,True,0,15,30.80638,0,-10,8.7,False,False,False,-4,0.92,0.002486104
Frame,1309,5.14086437,3.88592553,7.2833333,True,False,None,Playing,True,True,True,0,15,30.7688942,0,-10,8.7,False,False,False,-4,0.92,0.00312379538
Frame,1310,5.14375,3.88844943,7.2833333,True,False,None,Playing,True,True,True,0,15,30.7386074,0,-10,8.7,False,False,False,-4,0.92,0.00252380245
Frame,1311,5.14640331,3.89151645,7.2833333,True,False,None,Playing,True,True,True,0,15,30.7018032,0,-10,8.7,False,False,False,-4,0.92,0.00306690042
Frame,1312,5.14893436,3.893815,7.2833333,True,False,None,Playing,True,True,True,0,15,30.674221,0,-10,8.7,False,False,False,-4,0.92,0.00229849783
Frame,1313,5.151313,3.896277,7.2833333,True,False,None,Playing,True,True,True,0,15,30.6446781,0,-10,8.7,False,False,False,-4,0.92,0.00246190466
Frame,1314,5.154008,3.89866734,7.2833333,True,False,None,Playing,True,True,True,0,15,30.6159935,0,-10,8.7,False,False,False,-4,0.92,0.00239049736
Frame,1315,5.156848,3.90179634,7.2833333,True,False,None,Playing,True,True,True,0,15,30.5784454,0,-10,8.7,False,False,False,-4,0.92,0.003129103
Frame,1316,5.15951061,3.90466452,7.2833333,True,False,None,Playing,True,True,True,0,15,30.5440273,0,-10,8.7,False,False,False,-4,0.92,0.00286819739
Frame,1317,5.162902,3.90804,7.2833333,True,False,None,Playing,True,True,True,0,15,30.503521,0,-10,8.7,False,False,False,-4,0.92,0.00337560242
Frame,1318,5.16512775,3.91029882,7.2833333,True,False,None,Playing,True,True,True,0,15,30.4764156,0,-10,8.7,False,False,False,-4,0.92,0.00225880113
Frame,1319,5.16741276,3.91250634,7.2833333,True,False,None,Playing,True,True,True,0,15,30.4499245,0,-10,8.7,False,False,False,-4,0.92,0.00220759632
Frame,1320,5.169875,3.91499949,7.2833333,True,False,None,Playing,True,True,True,0,15,30.4200077,0,-10,8.7,False,False,False,-4,0.92,0.00249309815
Frame,1321,5.17231846,3.91748047,7.2833333,True,False,None,Playing,True,True,True,0,15,30.3902359,0,-10,8.7,False,False,False,-4,0.92,0.002481101
Frame,1322,5.174588,3.91962337,7.2833333,True,False,None,Playing,True,True,True,0,15,30.364521,0,-10,8.7,False,False,False,-4,0.92,0.00214280048
Frame,1323,5.177024,3.9220624,7.2833333,True,False,None,Playing,True,True,True,0,15,30.3352528,0,-10,8.7,False,False,False,-4,0.92,0.00243900227
Frame,1324,5.17921352,3.92438149,7.2833333,True,False,None,Playing,True,True,True,0,15,30.3074245,0,-10,8.7,False,False,False,-4,0.92,0.002318998
Frame,1325,5.18191051,3.92684078,7.2833333,True,False,None,Playing,True,True,True,0,15,30.2779121,0,-10,8.7,False,False,False,-4,0.92,0.002459297
Frame,1326,5.184434,3.9293735,7.2833333,True,False,None,Playing,True,True,True,0,15,30.2475185,0,-10,8.7,False,False,False,-4,0.92,0.00253270264
Frame,1327,5.18806171,3.93298864,7.2833333,True,False,None,Playing,True,True,True,0,15,30.2041378,0,-10,8.7,False,False,False,-4,0.92,0.00361510064
Frame,1328,5.190797,3.93593574,7.2833333,True,False,None,Playing,True,True,True,0,15,30.1687737,0,-10,8.7,False,False,False,-4,0.92,0.002947201
Frame,1329,5.193305,3.938222,7.2833333,True,False,None,Playing,True,True,True,0,15,30.1413383,0,-10,8.7,False,False,False,-4,0.92,0.002286097
Frame,1330,5.19609547,3.94102073,7.2833333,True,False,None,Playing,True,True,True,0,15,30.1077518,0,-10,8.7,False,False,False,-4,0.92,0.00279880245
Frame,1331,5.1986,3.943743,7.2833333,True,False,None,Playing,True,True,True,0,15,30.0750847,0,-10,8.7,False,False,False,-4,0.92,0.002722201
Frame,1332,5.2009306,3.94595575,7.2833333,True,False,None,Playing,True,True,True,0,15,30.0485325,0,-10,8.7,False,False,False,-4,0.92,0.00221279752
Frame,1333,5.20338535,3.94834685,7.2833333,True,False,None,Playing,True,True,True,0,15,30.01984,0,-10,8.7,False,False,False,-4,0.92,0.00239100051
Frame,1334,5.20650768,3.951561,7.2833333,True,False,None,Playing,True,True,True,0,15,29.98127,0,-10,8.7,False,False,False,-4,0.92,0.00321400235
Frame,1335,5.20889568,3.95383453,7.2833333,True,False,None,Playing,True,True,True,0,15,29.9539871,0,-10,8.7,False,False,False,-4,0.92,0.00227349764
Frame,1336,5.21235371,3.95683432,7.2833333,True,False,None,Playing,True,True,True,0,15,29.91799,0,-10,8.7,False,False,False,-4,0.92,0.00299980165
Frame,1337,5.215932,3.96104813,7.2833333,True,False,None,Playing,True,True,True,0,15,29.8674259,0,-10,8.7,False,False,False,-4,0.92,0.004213797
Frame,1338,5.218528,3.96364522,7.2833333,True,False,None,Playing,True,True,True,0,15,29.83626,0,-10,8.7,False,False,False,-4,0.92,0.002597201
Frame,1339,5.22123432,3.96621442,7.2833333,True,False,None,Playing,True,True,True,0,15,29.8054276,0,-10,8.7,False,False,False,-4,0.92,0.00256910431
Frame,1340,5.224513,3.969394,7.2833333,True,False,None,Playing,True,True,True,0,15,29.7672729,0,-10,8.7,False,False,False,-4,0.92,0.00317949965
Frame,1341,5.22723675,3.97223258,7.2833333,True,False,None,Playing,True,True,True,0,15,29.7332115,0,-10,8.7,False,False,False,-4,0.92,0.00283869752
Frame,1342,5.229789,3.974762,7.2833333,True,False,None,Playing,True,True,True,0,15,29.702858,0,-10,8.7,False,False,False,-4,0.92,0.0025294004
Frame,1343,5.23276424,3.97772622,7.2833333,True,False,None,Playing,True,True,True,0,15,29.6672859,0,-10,8.7,False,False,False,-4,0.92,0.00296429987
Frame,1344,5.23550129,3.98041844,7.2833333,True,False,None,Playing,True,True,True,0,15,29.6349812,0,-10,8.7,False,False,False,-4,0.92,0.00269229733
Frame,1345,5.238406,3.98327565,7.2833333,True,False,None,Playing,True,True,True,0,15,29.6006947,0,-10,8.7,False,False,False,-4,0.92,0.00285729882
Frame,1346,5.241271,3.98637223,7.2833333,True,False,None,Playing,True,True,True,0,15,29.5635357,0,-10,8.7,False,False,False,-4,0.92,0.00309650647
Frame,1347,5.24418545,3.98925424,7.2833333,True,False,None,Playing,True,True,True,0,15,29.5289516,0,-10,8.7,False,False,False,-4,0.92,0.00288189482
Frame,1348,5.24685574,3.99197483,7.2833333,True,False,None,Playing,True,True,True,0,15,29.4963017,0,-10,8.7,False,False,False,-4,0.92,0.00272059953
Frame,1349,5.249137,3.99425244,7.2833333,True,False,None,Playing,True,True,True,0,15,29.4689713,0,-10,8.7,False,False,False,-4,0.92,0.00227760058
Frame,1350,5.251418,3.99652672,7.2833333,True,False,None,Playing,True,True,True,0,15,29.4416828,0,-10,8.7,False,False,False,-4,0.92,0.00227429857
Frame,1351,5.25861073,4.00289631,7.2833333,True,False,None,Playing,True,True,True,0,15,29.3652477,0,-10,8.7,False,False,False,-4,0.92,0.0063694017
Sequence_022,1351,5.308404,4.00289631,7.2833333,True,False,None,Playing,True,True,True,0,15,29.3652477,0,-10,8.7,False,False,False,-4,0.92,0.0063694017
Frame,1352,5.311179,4.056036,7.2833333,True,False,None,Playing,True,True,True,0,15,28.7275715,0,-10,8.7,False,False,False,-4,0.92,0.0531399027
Frame,1353,5.314784,4.05937672,7.2833333,True,False,None,Playing,True,True,True,0,15,28.68748,0,-10,8.7,False,False,False,-4,0.92,0.00334069575
Frame,1354,5.31827641,4.062694,7.2833333,True,False,None,Playing,True,True,True,0,15,28.6476727,0,-10,8.7,False,False,False,-4,0.92,0.00331740361
Frame,1355,5.321105,4.06600046,7.2833333,True,False,None,Playing,True,True,True,0,15,28.6079979,0,-10,8.7,False,False,False,-4,0.92,0.00330629968
Frame,1356,5.32459736,4.069397,7.2833333,True,False,None,Playing,True,True,True,0,15,28.56724,0,-10,8.7,False,False,False,-4,0.92,0.003396301
Frame,1357,5.32709026,4.072097,7.2833333,True,False,None,Playing,True,True,True,0,15,28.53484,0,-10,8.7,False,False,False,-4,0.92,0.0026998017
Frame,1358,5.33004665,4.07493925,7.2833333,True,False,None,Playing,True,True,True,0,15,28.5007324,0,-10,8.7,False,False,False,-4,0.92,0.00284249568
Frame,1359,5.33307552,4.07816267,7.2833333,True,False,None,Playing,True,True,True,0,15,28.4620514,0,-10,8.7,False,False,False,-4,0.92,0.003223604
Frame,1360,5.335597,4.08064127,7.2833333,True,False,None,Playing,True,True,True,0,15,28.4323063,0,-10,8.7,False,False,False,-4,0.92,0.0024785006
Frame,1361,5.338048,4.08315134,7.2833333,True,False,None,Playing,True,True,True,0,15,28.4021835,0,-10,8.7,False,False,False,-4,0.92,0.00250999862
Frame,1362,5.34096432,4.08586073,7.2833333,True,False,None,Playing,True,True,True,0,15,28.3696728,0,-10,8.7,False,False,False,-4,0.92,0.002709297
Frame,1363,5.34419537,4.08907747,7.2833333,True,False,None,Playing,True,True,True,0,15,28.3310719,0,-10,8.7,False,False,False,-4,0.92,0.00321680121
Frame,1364,5.346921,4.09201956,7.2833333,True,False,None,Playing,True,True,True,0,15,28.2957687,0,-10,8.7,False,False,False,-4,0.92,0.002942099
Frame,1365,5.350209,4.094974,7.2833333,True,False,None,Playing,True,True,True,0,15,28.2603149,0,-10,8.7,False,False,False,-4,0.92,0.0029544998
Frame,1366,5.35283756,4.097762,7.2833333,True,False,None,Playing,True,True,True,0,15,28.2268562,0,-10,8.7,False,False,False,-4,0.92,0.002788003
Frame,1367,5.355876,4.10071135,7.2833333,True,False,None,Playing,True,True,True,0,15,28.1914654,0,-10,8.7,False,False,False,-4,0.92,0.00294929836
Frame,1368,5.358901,4.103836,7.2833333,True,False,None,Playing,True,True,True,0,15,28.1539669,0,-10,8.7,False,False,False,-4,0.92,0.00312480167
Frame,1369,5.361781,4.10668659,7.2833333,True,False,None,Playing,True,True,True,0,15,28.1197624,0,-10,8.7,False,False,False,-4,0.92,0.00285070157
Frame,1370,5.36440945,4.10956049,7.2833333,True,False,None,Playing,True,True,True,0,15,28.0852737,0,-10,8.7,False,False,False,-4,0.92,0.00287389453
Frame,1371,5.366927,4.111978,7.2833333,True,False,None,Playing,True,True,True,0,15,28.0562668,0,-10,8.7,False,False,False,-4,0.92,0.00241780048
Frame,1372,5.36959171,4.11451149,7.2833333,True,False,None,Playing,True,True,True,0,15,28.0258636,0,-10,8.7,False,False,False,-4,0.92,0.00253350334
Frame,1373,5.37216854,4.11714458,7.2833333,True,False,None,Playing,True,True,True,0,15,27.9942665,0,-10,8.7,False,False,False,-4,0.92,0.00263319863
Frame,1374,5.374671,4.119668,7.2833333,True,False,None,Playing,True,True,True,0,15,27.9639835,0,-10,8.7,False,False,False,-4,0.92,0.00252349768
Frame,1375,5.37751675,4.12251234,7.2833333,True,False,None,Playing,True,True,True,0,15,27.9298553,0,-10,8.7,False,False,False,-4,0.92,0.00284410431
Frame,1376,5.38009357,4.12513971,7.2833333,True,False,None,Playing,True,True,True,0,15,27.8983269,0,-10,8.7,False,False,False,-4,0.92,0.002627296
Frame,1377,5.38264561,4.127801,7.2833333,True,False,None,Playing,True,True,True,0,15,27.86639,0,-10,8.7,False,False,False,-4,0.92,0.00266140164
Frame,1378,5.38571835,4.130786,7.2833333,True,False,None,Playing,True,True,True,0,15,27.8305683,0,-10,8.7,False,False,False,-4,0.92,0.00298499851
Frame,1379,5.388486,4.133422,7.2833333,True,False,None,Playing,True,True,True,0,15,27.79894,0,-10,8.7,False,False,False,-4,0.92,0.00263579935
Frame,1380,5.391227,4.13638735,7.2833333,True,False,None,Playing,True,True,True,0,15,27.7633533,0,-10,8.7,False,False,False,-4,0.92,0.00296560372
Frame,1381,5.39384365,4.13875055,7.2833333,True,False,None,Playing,True,True,True,0,15,27.7349968,0,-10,8.7,False,False,False,-4,0.92,0.00236330065
Frame,1382,5.396285,4.141375,7.2833333,True,False,None,Playing,True,True,True,0,15,27.7034988,0,-10,8.7,False,False,False,-4,0.92,0.00262439763
Frame,1383,5.398597,4.14366,7.2833333,True,False,None,Playing,True,True,True,0,15,27.6760788,0,-10,8.7,False,False,False,-4,0.92,0.00228499854
Frame,1384,5.40103054,4.146066,7.2833333,True,False,None,Playing,True,True,True,0,15,27.6472073,0,-10,8.7,False,False,False,-4,0.92,0.00240610121
Frame,1385,5.403569,4.14854145,7.2833333,True,False,None,Playing,True,True,True,0,15,27.6175022,0,-10,8.7,False,False,False,-4,0.92,0.00247509917
Frame,1386,5.406455,4.15133429,7.2833333,True,False,None,Playing,True,True,True,0,15,27.58399,0,-10,8.7,False,False,False,-4,0.92,0.002792999
Frame,1387,5.40943241,4.154546,7.2833333,True,False,None,Playing,True,True,True,0,15,27.5454521,0,-10,8.7,False,False,False,-4,0.92,0.0032116
Frame,1388,5.41198254,4.156836,7.2833333,True,False,None,Playing,True,True,True,0,15,27.51797,0,-10,8.7,False,False,False,-4,0.92,0.002290299
Frame,1389,5.414773,4.159676,7.2833333,True,False,None,Playing,True,True,True,0,15,27.4838886,0,-10,8.7,False,False,False,-4,0.92,0.00283990218
Frame,1390,5.41758442,4.1625514,7.2833333,True,False,None,Playing,True,True,True,0,15,27.4493847,0,-10,8.7,False,False,False,-4,0.92,0.00287529756
Frame,1391,5.42054844,4.165467,7.2833333,True,False,None,Playing,True,True,True,0,15,27.4144,0,-10,8.7,False,False,False,-4,0.92,0.00291550462
Frame,1392,5.4243536,4.169207,7.2833333,True,False,None,Playing,True,True,True,0,15,27.3695183,0,-10,8.7,False,False,False,-4,0.92,0.00374019984
Frame,1393,5.427579,4.17267656,7.2833333,True,False,None,Playing,True,True,True,0,15,27.32788,0,-10,8.7,False,False,False,-4,0.92,0.00346969953
Frame,1394,5.430087,4.175005,7.2833333,True,False,None,Playing,True,True,True,0,15,27.299942,0,-10,8.7,False,False,False,-4,0.92,0.00232819584
Frame,1395,5.43279934,4.177861,7.2833333,True,False,None,Playing,True,True,True,0,15,27.265667,0,-10,8.7,False,False,False,-4,0.92,0.002856406
Frame,1396,5.43541431,4.1803503,7.2833333,True,False,None,Playing,True,True,True,0,15,27.2358,0,-10,8.7,False,False,False,-4,0.92,0.002488896
Frame,1397,5.43825245,4.183198,7.2833333,True,False,None,Playing,True,True,True,0,15,27.2016258,0,-10,8.7,False,False,False,-4,0.92,0.002847704
Frame,1398,5.4414053,4.186216,7.2833333,True,False,None,Playing,True,True,True,0,15,27.16541,0,-10,8.7,False,False,False,-4,0.92,0.00301799877
Frame,1399,5.44382954,4.188953,7.2833333,True,False,None,Playing,True,True,True,0,15,27.1325665,0,-10,8.7,False,False,False,-4,0.92,0.00273689767
Frame,1400,5.446204,4.191173,7.2833333,True,False,None,Playing,True,True,True,0,15,27.1059265,0,-10,8.7,False,False,False,-4,0.92,0.002220302
Frame,1401,5.44886875,4.193998,7.2833333,True,False,None,Playing,True,True,True,0,15,27.07203,0,-10,8.7,False,False,False,-4,0.92,0.002825
Frame,1402,5.45107746,4.196193,7.2833333,True,False,None,Playing,True,True,True,0,15,27.0456848,0,-10,8.7,False,False,False,-4,0.92,0.002195302
Frame,1403,5.45366764,4.19856453,7.2833333,True,False,None,Playing,True,True,True,0,15,27.0172253,0,-10,8.7,False,False,False,-4,0.92,0.00237140013
Frame,1404,5.457368,4.2022934,7.2833333,True,False,None,Playing,True,True,True,0,15,26.9724827,0,-10,8.7,False,False,False,-4,0.92,0.003728699
Frame,1405,5.460582,4.20552254,7.2833333,True,False,None,Playing,True,True,True,0,15,26.93373,0,-10,8.7,False,False,False,-4,0.92,0.00322930119
Sequence_023,1405,5.49206066,4.20552254,7.2833333,True,False,None,Playing,True,True,True,0,15,26.93373,0,-10,8.7,False,False,False,-4,0.92,0.00322930119
Frame,1406,5.49515247,4.23997355,7.2833333,True,False,None,Playing,True,True,True,0,15,26.5203171,0,-10,8.7,False,False,False,-4,0.92,0.0344507955
Frame,1407,5.49779224,4.24281263,7.2833333,True,False,None,Playing,True,True,True,0,15,26.486248,0,-10,8.7,False,False,False,-4,0.92,0.00283910148
Frame,1408,5.5002985,4.24527931,7.2833333,True,False,None,Playing,True,True,True,0,15,26.45665,0,-10,8.7,False,False,False,-4,0.92,0.002466603
Frame,1409,5.50336552,4.24843073,7.2833333,True,False,None,Playing,True,True,True,0,15,26.4188347,0,-10,8.7,False,False,False,-4,0.92,0.003151396
Frame,1410,5.50618458,4.251289,7.2833333,True,False,None,Playing,True,True,True,0,15,26.3845348,0,-10,8.7,False,False,False,-4,0.92,0.00285800034
Frame,1411,5.50908,4.25397635,7.2833333,True,False,None,Playing,True,True,True,0,15,26.3522873,0,-10,8.7,False,False,False,-4,0.92,0.0026875
Frame,1412,5.51201153,4.25692129,7.2833333,True,False,None,Playing,True,True,True,0,15,26.3169479,0,-10,8.7,False,False,False,-4,0.92,0.002944905
Frame,1413,5.514739,4.25979042,7.2833333,True,False,None,Playing,True,True,True,0,15,26.2825165,0,-10,8.7,False,False,False,-4,0.92,0.002868899
Frame,1414,5.51759434,4.262194,7.2833333,True,False,None,Playing,True,True,True,0,15,26.2536716,0,-10,8.7,False,False,False,-4,0.92,0.00240359968
Frame,1415,5.52123165,4.26536274,7.2833333,True,False,None,Playing,True,True,True,0,15,26.2156487,0,-10,8.7,False,False,False,-4,0.92,0.0031687005
Frame,1416,5.52458858,4.269507,7.2833333,True,False,None,Playing,True,True,True,0,15,26.1659164,0,-10,8.7,False,False,False,-4,0.92,0.00414429558
Frame,1417,5.5274,4.272441,7.2833333,True,False,None,Playing,True,True,True,0,15,26.13071,0,-10,8.7,False,False,False,-4,0.92,0.00293410569
Frame,1418,5.529708,4.27483654,7.2833333,True,False,None,Playing,True,True,True,0,15,26.1019611,0,-10,8.7,False,False,False,-4,0.92,0.0023956988
Frame,1419,5.532216,4.277066,7.2833333,True,False,None,Playing,True,True,True,0,15,26.0752087,0,-10,8.7,False,False,False,-4,0.92,0.00222949963
Frame,1420,5.53545666,4.280327,7.2833333,True,False,None,Playing,True,True,True,0,15,26.03608,0,-10,8.7,False,False,False,-4,0.92,0.00326060085
Frame,1421,5.53828526,4.28328133,7.2833333,True,False,None,Playing,True,True,True,0,15,26.0006256,0,-10,8.7,False,False,False,-4,0.92,0.00295469817
Frame,1422,5.54081059,4.285743,7.2833333,True,False,None,Playing,True,True,True,0,15,25.9710827,0,-10,8.7,False,False,False,-4,0.92,0.00246210326
Frame,1423,5.543826,4.288786,7.2833333,True,False,None,Playing,True,True,True,0,15,25.9345684,0,-10,8.7,False,False,False,-4,0.92,0.00304289977
Frame,1424,5.546281,4.29137,7.2833333,True,False,None,Playing,True,True,True,0,15,25.9035645,0,-10,8.7,False,False,False,-4,0.92,0.00258409861
Frame,1425,5.54941654,4.294237,7.2833333,True,False,None,Playing,True,True,True,0,15,25.8691559,0,-10,8.7,False,False,False,-4,0.92,0.00286699971
Frame,1426,5.55388165,4.29855156,7.2833333,True,False,None,Playing,True,True,True,0,15,25.8173828,0,-10,8.7,False,False,False,-4,0.92,0.00431429967
Frame,1427,5.55674267,4.30185175,7.2833333,True,False,None,Playing,True,True,True,0,15,25.77778,0,-10,8.7,False,False,False,-4,0.92,0.00330019835
Frame,1428,5.55915928,4.30417871,7.2833333,True,False,None,Playing,True,True,True,0,15,25.7498569,0,-10,8.7,False,False,False,-4,0.92,0.00232699839
Frame,1429,5.56171131,4.30659246,7.2833333,True,False,None,Playing,True,True,True,0,15,25.720892,0,-10,8.7,False,False,False,-4,0.92,0.00241390313
Frame,1430,5.56444645,4.30934,7.2833333,True,False,None,Playing,True,True,True,0,15,25.6879215,0,-10,8.7,False,False,False,-4,0.92,0.00274759787
Frame,1431,5.56721973,4.31227636,7.2833333,True,False,None,Playing,True,True,True,0,15,25.6526871,0,-10,8.7,False,False,False,-4,0.92,0.00293650082
Frame,1432,5.56973553,4.314656,7.2833333,True,False,None,Playing,True,True,True,0,15,25.6241341,0,-10,8.7,False,False,False,-4,0.92,0.00237930124
Frame,1433,5.5725584,4.31767225,7.2833333,True,False,None,Playing,True,True,True,0,15,25.5879364,0,-10,8.7,False,False,False,-4,0.92,0.00301649654
Frame,1434,5.575122,4.319946,7.2833333,True,False,None,Playing,True,True,True,0,15,25.5606537,0,-10,8.7,False,False,False,-4,0.92,0.00227370323
Frame,1435,5.577777,4.32280445,7.2833333,True,False,None,Playing,True,True,True,0,15,25.5263481,0,-10,8.7,False,False,False,-4,0.92,0.002858801
Frame,1436,5.58072567,4.325819,7.2833333,True,False,None,Playing,True,True,True,0,15,25.4901752,0,-10,8.7,False,False,False,-4,0.92,0.00301459758
Frame,1437,5.583226,4.32835531,7.2833333,True,False,None,Playing,True,True,True,0,15,25.4597359,0,-10,8.7,False,False,False,-4,0.92,0.00253620325
Frame,1438,5.58569431,4.33084345,7.2833333,True,False,None,Playing,True,True,True,0,15,25.429882,0,-10,8.7,False,False,False,-4,0.92,0.00248799613
Frame,1439,5.58848667,4.333468,7.2833333,True,False,None,Playing,True,True,True,0,15,25.3983841,0,-10,8.7,False,False,False,-4,0.92,0.002624504
Frame,1440,5.591115,4.336183,7.2833333,True,False,None,Playing,True,True,True,0,15,25.3658047,0,-10,8.7,False,False,False,-4,0.92,0.00271489518
Frame,1441,5.593528,4.33855629,7.2833333,True,False,None,Playing,True,True,True,0,15,25.337328,0,-10,8.7,False,False,False,-4,0.92,0.0023734055
Frame,1442,5.59629345,4.34143639,7.2833333,True,False,None,Playing,True,True,True,0,15,25.302763,0,-10,8.7,False,False,False,-4,0.92,0.00288019422
Frame,1443,5.59876347,4.343689,7.2833333,True,False,None,Playing,True,True,True,0,15,25.2757359,0,-10,8.7,False,False,False,-4,0.92,0.00225260062
Frame,1444,5.601308,4.34638739,7.2833333,True,False,None,Playing,True,True,True,0,15,25.2433529,0,-10,8.7,False,False,False,-4,0.92,0.00269829924
Frame,1445,5.604068,4.34901428,7.2833333,True,False,None,Playing,True,True,True,0,15,25.211832,0,-10,8.7,False,False,False,-4,0.92,0.00262689916
Frame,1446,5.60752964,4.35243225,7.2833333,True,False,None,Playing,True,True,True,0,15,25.1708145,0,-10,8.7,False,False,False,-4,0.92,0.00341820437
Frame,1447,5.61021137,4.355287,7.2833333,True,False,None,Playing,True,True,True,0,15,25.1365585,0,-10,8.7,False,False,False,-4,0.92,0.00285479729
Frame,1448,5.61348629,4.35842943,7.2833333,True,False,None,Playing,True,True,True,0,15,25.0988464,0,-10,8.7,False,False,False,-4,0.92,0.00314230449
Frame,1449,5.61587048,4.36101532,7.2833333,True,False,None,Playing,True,True,True,0,15,25.0678177,0,-10,8.7,False,False,False,-4,0.92,0.00258589862
Frame,1450,5.618327,4.363468,7.2833333,True,False,None,Playing,True,True,True,0,15,25.0383854,0,-10,8.7,False,False,False,-4,0.92,0.00245299749
Frame,1451,5.620826,4.365827,7.2833333,True,False,None,Playing,True,True,True,0,15,25.0100746,0,-10,8.7,False,False,False,-4,0.92,0.002358801
Frame,1452,5.62366,4.368539,7.2833333,True,False,None,Playing,True,True,True,0,15,24.9775372,0,-10,8.7,False,False,False,-4,0.92,0.00271179853
Frame,1453,5.62626553,4.3712635,7.2833333,True,False,None,Playing,True,True,True,0,15,24.9448414,0,-10,8.7,False,False,False,-4,0.92,0.00272450387
Frame,1454,5.62852764,4.37366962,7.2833333,True,False,None,Playing,True,True,True,0,15,24.9159641,0,-10,8.7,False,False,False,-4,0.92,0.00240620039
Frame,1455,5.63100147,4.37594,7.2833333,True,False,None,Playing,True,True,True,0,15,24.8887253,0,-10,8.7,False,False,False,-4,0.92,0.00227019563
Frame,1456,5.63427258,4.37937546,7.2833333,True,False,None,Playing,True,True,True,0,15,24.847496,0,-10,8.7,False,False,False,-4,0.92,0.00343540241
Frame,1457,5.636508,4.38166237,7.2833333,True,False,None,Playing,True,True,True,0,15,24.8200531,0,-10,8.7,False,False,False,-4,0.92,0.00228669937
Frame,1458,5.638726,4.3838954,7.2833333,True,False,None,Playing,True,True,True,0,15,24.7932549,0,-10,8.7,False,False,False,-4,0.92,0.00223280187
Frame,1459,5.641036,4.386072,7.2833333,True,False,None,Playing,True,True,True,0,15,24.7671337,0,-10,8.7,False,False,False,-4,0.92,0.00217660144
Frame,1460,5.64404774,4.38898468,7.2833333,True,False,None,Playing,True,True,True,0,15,24.7321873,0,-10,8.7,False,False,False,-4,0.92,0.00291259913
Frame,1461,5.6469965,4.39196062,7.2833333,True,False,None,Playing,True,True,True,0,15,24.6964722,0,-10,8.7,False,False,False,-4,0.92,0.00297609833
Frame,1462,5.6493063,4.394437,7.2833333,True,False,None,Playing,True,True,True,0,15,24.6667614,0,-10,8.7,False,False,False,-4,0.92,0.00247609825
Frame,1463,5.65162945,4.396765,7.2833333,True,False,None,Playing,True,True,True,0,15,24.6388187,0,-10,8.7,False,False,False,-4,0.92,0.00232840143
Frame,1464,5.65440845,4.399357,7.2833333,True,False,None,Playing,True,True,True,0,15,24.6077213,0,-10,8.7,False,False,False,-4,0.92,0.00259149657
Frame,1465,5.656968,4.40205145,7.2833333,True,False,None,Playing,True,True,True,0,15,24.575386,0,-10,8.7,False,False,False,-4,0.92,0.00269469945
Frame,1466,5.65926647,4.404434,7.2833333,True,False,None,Playing,True,True,True,0,15,24.546793,0,-10,8.7,False,False,False,-4,0.92,0.00238270266
Frame,1467,5.66301632,4.40804625,7.2833333,True,False,None,Playing,True,True,True,0,15,24.5034466,0,-10,8.7,False,False,False,-4,0.92,0.003612004
Sequence_024,1467,5.68627453,4.40804625,7.2833333,True,False,None,Playing,True,True,True,0,15,24.5034466,0,-10,8.7,False,False,False,-4,0.92,0.003612004
Frame,1468,5.68897724,4.43366575,7.2833333,True,False,None,Playing,True,True,True,0,15,24.1960144,0,-10,8.7,False,False,False,-4,0.92,0.0256196987
Frame,1469,5.692088,4.436955,7.2833333,True,False,None,Playing,True,True,True,0,15,24.1565418,0,-10,8.7,False,False,False,-4,0.92,0.00328919361
Frame,1470,5.69492435,4.43992758,7.2833333,True,False,None,Playing,True,True,True,0,15,24.1208725,0,-10,8.7,False,False,False,-4,0.92,0.00297270413
Frame,1471,5.697608,4.442616,7.2833333,True,False,None,Playing,True,True,True,0,15,24.0886078,0,-10,8.7,False,False,False,-4,0.92,0.0026883008
Frame,1472,5.701165,4.446078,7.2833333,True,False,None,Playing,True,True,True,0,15,24.0470676,0,-10,8.7,False,False,False,-4,0.92,0.00346179842
Frame,1473,5.704421,4.449319,7.2833333,True,False,None,Playing,True,True,True,0,15,24.0081749,0,-10,8.7,False,False,False,-4,0.92,0.00324129825
Frame,1474,5.70782375,4.452488,7.2833333,True,False,None,Playing,True,True,True,0,15,23.9701443,0,-10,8.7,False,False,False,-4,0.92,0.003169005
Frame,1475,5.71081066,4.45572853,7.2833333,True,False,None,Playing,True,True,True,0,15,23.9312611,0,-10,8.7,False,False,False,-4,0.92,0.00324059674
Frame,1476,5.71375751,4.458794,7.2833333,True,False,None,Playing,True,True,True,0,15,23.8944721,0,-10,8.7,False,False,False,-4,0.92,0.003065703
Frame,1477,5.71705341,4.46132565,7.2833333,True,False,None,Playing,True,True,True,0,15,23.8640938,0,-10,8.7,False,False,False,-4,0.92,0.002531498
Frame,1478,5.71968,4.4646244,7.2833333,True,False,None,Playing,True,True,True,0,15,23.82451,0,-10,8.7,False,False,False,-4,0.92,0.003298597
Frame,1479,5.722949,4.467919,7.2833333,True,False,None,Playing,True,True,True,0,15,23.7849731,0,-10,8.7,False,False,False,-4,0.92,0.003294402
Frame,1480,5.7253294,4.47046375,7.2833333,True,False,None,Playing,True,True,True,0,15,23.7544365,0,-10,8.7,False,False,False,-4,0.92,0.00254479866
Frame,1481,5.7275877,4.472748,7.2833333,True,False,None,Playing,True,True,True,0,15,23.7270279,0,-10,8.7,False,False,False,-4,0.92,0.00228390028
Frame,1482,5.729768,4.47492266,7.2833333,True,False,None,Playing,True,True,True,0,15,23.70093,0,-10,8.7,False,False,False,-4,0.92,0.00217470247
Frame,1483,5.7324,4.477181,7.2833333,True,False,None,Playing,True,True,True,0,15,23.67383,0,-10,8.7,False,False,False,-4,0.92,0.00225849636
Frame,1484,5.735133,4.480183,7.2833333,True,False,None,Playing,True,True,True,0,15,23.6378059,0,-10,8.7,False,False,False,-4,0.92,0.003002303
Frame,1485,5.738099,4.482796,7.2833333,True,False,None,Playing,True,True,True,0,15,23.6064472,0,-10,8.7,False,False,False,-4,0.92,0.0026132015
Frame,1486,5.74109554,4.486041,7.2833333,True,False,None,Playing,True,True,True,0,15,23.5675068,0,-10,8.7,False,False,False,-4,0.92,0.003244898
Frame,1487,5.74366856,4.488842,7.2833333,True,False,None,Playing,True,True,True,0,15,23.5338974,0,-10,8.7,False,False,False,-4,0.92,0.00280080084
Frame,1488,5.7464323,4.49158049,7.2833333,True,False,None,Playing,True,True,True,0,15,23.5010357,0,-10,8.7,False,False,False,-4,0.92,0.00273830071
Frame,1489,5.748681,4.49383,7.2833333,True,False,None,Playing,True,True,True,0,15,23.47404,0,-10,8.7,False,False,False,-4,0.92,0.002249497
Frame,1490,5.75095463,4.49613428,7.2833333,True,False,None,Playing,True,True,True,0,15,23.4463921,0,-10,8.7,False,False,False,-4,0.92,0.00230420218
Frame,1491,5.753581,4.49844,7.2833333,True,False,None,Playing,True,True,True,0,15,23.418726,0,-10,8.7,False,False,False,-4,0.92,0.00230539963
Frame,1492,5.756442,4.50144768,7.2833333,True,False,None,Playing,True,True,True,0,15,23.3826275,0,-10,8.7,False,False,False,-4,0.92,0.003007802
Frame,1493,5.758752,4.50385475,7.2833333,True,False,None,Playing,True,True,True,0,15,23.3537464,0,-10,8.7,False,False,False,-4,0.92,0.00240729866
Frame,1494,5.76106358,4.50603867,7.2833333,True,False,None,Playing,True,True,True,0,15,23.3275375,0,-10,8.7,False,False,False,-4,0.92,0.002183801
Frame,1495,5.76376057,4.50892353,7.2833333,True,False,None,Playing,True,True,True,0,15,23.2929173,0,-10,8.7,False,False,False,-4,0.92,0.00288489927
Frame,1496,5.76594639,4.511101,7.2833333,True,False,None,Playing,True,True,True,0,15,23.2667923,0,-10,8.7,False,False,False,-4,0.92,0.002177296
Frame,1497,5.76824474,4.513311,7.2833333,True,False,None,Playing,True,True,True,0,15,23.24027,0,-10,8.7,False,False,False,-4,0.92,0.00220990647
Frame,1498,5.77187824,4.51680136,7.2833333,True,False,None,Playing,True,True,True,0,15,23.1983871,0,-10,8.7,False,False,False,-4,0.92,0.00349049736
Frame,1499,5.7746,4.51968,7.2833333,True,False,None,Playing,True,True,True,0,15,23.1638432,0,-10,8.7,False,False,False,-4,0.92,0.00287889736
Frame,1500,5.776925,4.52201,7.2833333,True,False,None,Playing,True,True,True,0,15,23.1358852,0,-10,8.7,False,False,False,-4,0.92,0.00232959888
Frame,1501,5.77928638,4.524336,7.2833333,True,False,None,Playing,True,True,True,0,15,23.10797,0,-10,8.7,False,False,False,-4,0.92,0.00232580071
Frame,1502,5.78173733,4.52668858,7.2833333,True,False,None,Playing,True,True,True,0,15,23.07974,0,-10,8.7,False,False,False,-4,0.92,0.00235290523
Frame,1503,5.784524,4.5294795,7.2833333,True,False,None,Playing,True,True,True,0,15,23.0462456,0,-10,8.7,False,False,False,-4,0.92,0.00279099355
Frame,1504,5.78735828,4.53247738,7.2833333,True,False,None,Playing,True,True,True,0,15,23.010273,0,-10,8.7,False,False,False,-4,0.92,0.00299810083
Frame,1505,5.789603,4.534722,7.2833333,True,False,None,Playing,True,True,True,0,15,22.9833412,0,-10,8.7,False,False,False,-4,0.92,0.002244402
Frame,1506,5.792281,4.53717947,7.2833333,True,False,None,Playing,True,True,True,0,15,22.9538479,0,-10,8.7,False,False,False,-4,0.92,0.00245760335
Frame,1507,5.794936,4.53983736,7.2833333,True,False,None,Playing,True,True,True,0,15,22.9219513,0,-10,8.7,False,False,False,-4,0.92,0.0026580994
Frame,1508,5.79819,4.54328251,7.2833333,True,False,None,Playing,True,True,True,0,15,22.8806114,0,-10,8.7,False,False,False,-4,0.92,0.0034451955
Frame,1509,5.801036,4.54577446,7.2833333,True,False,None,Playing,True,True,True,0,15,22.850708,0,-10,8.7,False,False,False,-4,0.92,0.00249199965
Frame,1510,5.80386066,4.548767,7.2833333,True,False,None,Playing,True,True,True,0,15,22.8147984,0,-10,8.7,False,False,False,-4,0.92,0.002992602
Frame,1511,5.806676,4.551574,7.2833333,True,False,None,Playing,True,True,True,0,15,22.7811089,0,-10,8.7,False,False,False,-4,0.92,0.00280700112
Frame,1512,5.80944729,4.55447245,7.2833333,True,False,None,Playing,True,True,True,0,15,22.7463341,0,-10,8.7,False,False,False,-4,0.92,0.002898101
Frame,1513,5.812001,4.556938,7.2833333,True,False,None,Playing,True,True,True,0,15,22.7167416,0,-10,8.7,False,False,False,-4,0.92,0.00246559666
Frame,1514,5.814414,4.55952549,7.2833333,True,False,None,Playing,True,True,True,0,15,22.6856956,0,-10,8.7,False,False,False,-4,0.92,0.0025875
Frame,1515,5.81675053,4.561737,7.2833333,True,False,None,Playing,True,True,True,0,15,22.6591549,0,-10,8.7,False,False,False,-4,0.92,0.0022116
Frame,1516,5.819091,4.56423044,7.2833333,True,False,None,Playing,True,True,True,0,15,22.6292362,0,-10,8.7,False,False,False,-4,0.92,0.00249350187
Frame,1517,5.82171726,4.566841,7.2833333,True,False,None,Playing,True,True,True,0,15,22.5979061,0,-10,8.7,False,False,False,-4,0.92,0.0026105016
Frame,1518,5.825139,4.570089,7.2833333,True,False,None,Playing,True,True,True,0,15,22.5589333,0,-10,8.7,False,False,False,-4,0.92,0.00324789551
Frame,1519,5.82774448,4.57288361,7.2833333,True,False,None,Playing,True,True,True,0,15,22.5253963,0,-10,8.7,False,False,False,-4,0.92,0.00279460032
Frame,1520,5.830516,4.57539272,7.2833333,True,False,None,Playing,True,True,True,0,15,22.4952888,0,-10,8.7,False,False,False,-4,0.92,0.002509205
Frame,1521,5.83307552,4.57820845,7.2833333,True,False,None,Playing,True,True,True,0,15,22.4615,0,-10,8.7,False,False,False,-4,0.92,0.00281559676
Frame,1522,5.835614,4.580495,7.2833333,True,False,None,Playing,True,True,True,0,15,22.4340649,0,-10,8.7,False,False,False,-4,0.92,0.0022866
Frame,1523,5.838443,4.58357525,7.2833333,True,False,None,Playing,True,True,True,0,15,22.3970966,0,-10,8.7,False,False,False,-4,0.92,0.00308020134
Frame,1524,5.84096241,4.58612156,7.2833333,True,False,None,Playing,True,True,True,0,15,22.3665428,0,-10,8.7,False,False,False,-4,0.92,0.002546202
Frame,1525,5.843272,4.588404,7.2833333,True,False,None,Playing,True,True,True,0,15,22.3391514,0,-10,8.7,False,False,False,-4,0.92,0.00228269561
Frame,1526,5.845544,4.59067965,7.2833333,True,False,None,Playing,True,True,True,0,15,22.3118477,0,-10,8.7,False,False,False,-4,0.92,0.00227570161
Frame,1527,5.84838963,4.593297,7.2833333,True,False,None,Playing,True,True,True,0,15,22.28044,0,-10,8.7,False,False,False,-4,0.92,0.002617198
Frame,1528,5.85244465,4.59632874,7.2833333,True,False,None,Playing,True,True,True,0,15,22.2440586,0,-10,8.7,False,False,False,-4,0.92,0.00303180283
Frame,1529,5.85611629,4.600993,7.2833333,True,False,None,Playing,True,True,True,0,15,22.1880856,0,-10,8.7,False,False,False,-4,0.92,0.00466449838
Frame,1530,5.85894871,4.603771,7.2833333,True,False,None,Playing,True,True,True,0,15,22.154747,0,-10,8.7,False,False,False,-4,0.92,0.00277800462
Frame,1531,5.86168957,4.6067977,7.2833333,True,False,None,Playing,True,True,True,0,15,22.11843,0,-10,8.7,False,False,False,-4,0.92,0.00302659441
Frame,1532,5.864316,4.60923338,7.2833333,True,False,None,Playing,True,True,True,0,15,22.089201,0,-10,8.7,False,False,False,-4,0.92,0.00243550166
Sequence_025,1532,5.88707256,4.60923338,7.2833333,True,False,None,Playing,True,True,True,0,15,22.089201,0,-10,8.7,False,False,False,-4,0.92,0.00243550166
Frame,1533,5.88977146,4.634748,7.2833333,True,False,None,Playing,True,True,True,0,15,21.7830276,0,-10,8.7,False,False,False,-4,0.92,0.0255147032
Frame,1534,5.89232349,4.637169,7.2833333,True,False,None,Playing,True,True,True,0,15,21.7539749,0,-10,8.7,False,False,False,-4,0.92,0.00242069876
Frame,1535,5.89530849,4.640321,7.2833333,True,False,None,Playing,True,True,True,0,15,21.7161522,0,-10,8.7,False,False,False,-4,0.92,0.00315199839
Frame,1536,5.89794064,4.64288425,7.2833333,True,False,None,Playing,True,True,True,0,15,21.6853886,0,-10,8.7,False,False,False,-4,0.92,0.0025634
Frame,1537,5.90059,4.645688,7.2833333,True,False,None,Playing,True,True,True,0,15,21.6517448,0,-10,8.7,False,False,False,-4,0.92,0.00280389749
Frame,1538,5.902972,4.647986,7.2833333,True,False,None,Playing,True,True,True,0,15,21.6241684,0,-10,8.7,False,False,False,-4,0.92,0.00229780329
Frame,1539,5.905864,4.65081263,7.2833333,True,False,None,Playing,True,True,True,0,15,21.5902519,0,-10,8.7,False,False,False,-4,0.92,0.002826899
Frame,1540,5.908435,4.65331936,7.2833333,True,False,None,Playing,True,True,True,0,15,21.56017,0,-10,8.7,False,False,False,-4,0.92,0.00250680279
Frame,1541,5.91149044,4.656409,7.2833333,True,False,None,Playing,True,True,True,0,15,21.523098,0,-10,8.7,False,False,False,-4,0.92,0.00308949826
Frame,1542,5.915082,4.659381,7.2833333,True,False,None,Playing,True,True,True,0,15,21.48743,0,-10,8.7,False,False,False,-4,0.92,0.002972201
Frame,1543,5.91763,4.662784,7.2833333,True,False,None,Playing,True,True,True,0,15,21.4465942,0,-10,8.7,False,False,False,-4,0.92,0.003403295
Frame,1544,5.920432,4.66533566,7.2833333,True,False,None,Playing,True,True,True,0,15,21.4159756,0,-10,8.7,False,False,False,-4,0.92,0.00255150232
Frame,1545,5.92285442,4.66796637,7.2833333,True,False,None,Playing,True,True,True,0,15,21.384407,0,-10,8.7,False,False,False,-4,0.92,0.00263059814
Frame,1546,5.925786,4.670768,7.2833333,True,False,None,Playing,True,True,True,0,15,21.35079,0,-10,8.7,False,False,False,-4,0.92,0.00280150236
Frame,1547,5.928649,4.673579,7.2833333,True,False,None,Playing,True,True,True,0,15,21.3170528,0,-10,8.7,False,False,False,-4,0.92,0.0028115008
Frame,1548,5.931323,4.67633724,7.2833333,True,False,None,Playing,True,True,True,0,15,21.2839546,0,-10,8.7,False,False,False,-4,0.92,0.00275809946
Frame,1549,5.93398,4.67888069,7.2833333,True,False,None,Playing,True,True,True,0,15,21.2534351,0,-10,8.7,False,False,False,-4,0.92,0.00254360121
Frame,1550,5.93664646,4.681698,7.2833333,True,False,None,Playing,True,True,True,0,15,21.2196255,0,-10,8.7,False,False,False,-4,0.92,0.00281719817
Frame,1551,5.93931675,4.68423128,7.2833333,True,False,None,Playing,True,True,True,0,15,21.1892281,0,-10,8.7,False,False,False,-4,0.92,0.002533298
Frame,1552,5.94233227,4.68744564,7.2833333,True,False,None,Playing,True,True,True,0,15,21.1506538,0,-10,8.7,False,False,False,-4,0.92,0.0032145055
Frame,1553,5.94547749,4.69041967,7.2833333,True,False,None,Playing,True,True,True,0,15,21.1149635,0,-10,8.7,False,False,False,-4,0.92,0.00297419936
Frame,1554,5.94808674,4.69315863,7.2833333,True,False,None,Playing,True,True,True,0,15,21.082098,0,-10,8.7,False,False,False,-4,0.92,0.00273899524
Frame,1555,5.95056438,4.69549036,7.2833333,True,False,None,Playing,True,True,True,0,15,21.05412,0,-10,8.7,False,False,False,-4,0.92,0.00233170344
Frame,1556,5.95374775,4.698635,7.2833333,True,False,None,Playing,True,True,True,0,15,21.01638,0,-10,8.7,False,False,False,-4,0.92,0.003144898
Frame,1557,5.956874,4.701753,7.2833333,True,False,None,Playing,True,True,True,0,15,20.9789619,0,-10,8.7,False,False,False,-4,0.92,0.00311820442
Frame,1558,5.95959949,4.704496,7.2833333,True,False,None,Playing,True,True,True,0,15,20.9460468,0,-10,8.7,False,False,False,-4,0.92,0.002742595
Frame,1559,5.96258259,4.70752048,7.2833333,True,False,None,Playing,True,True,True,0,15,20.9097538,0,-10,8.7,False,False,False,-4,0.92,0.00302460324
Frame,1560,5.965352,4.710351,7.2833333,True,False,None,Playing,True,True,True,0,15,20.87579,0,-10,8.7,False,False,False,-4,0.92,0.00283049885
Frame,1561,5.968463,4.71313763,7.2833333,True,False,None,Playing,True,True,True,0,15,20.8423481,0,-10,8.7,False,False,False,-4,0.92,0.0027867984
Frame,1562,5.971778,4.716587,7.2833333,True,False,None,Playing,True,True,True,0,15,20.8009548,0,-10,8.7,False,False,False,-4,0.92,0.00344940485
Frame,1563,5.976701,4.721261,7.2833333,True,False,None,Playing,True,True,True,0,15,20.7448654,0,-10,8.7,False,False,False,-4,0.92,0.00467379531
Frame,1564,5.97955227,4.724565,7.2833333,True,False,None,Playing,True,True,True,0,15,20.7052174,0,-10,8.7,False,False,False,-4,0.92,0.00330400374
Frame,1565,5.981948,4.72702932,7.2833333,True,False,None,Playing,True,True,True,0,15,20.6756458,0,-10,8.7,False,False,False,-4,0.92,0.00246409443
Frame,1566,5.984475,4.729631,7.2833333,True,False,None,Playing,True,True,True,0,15,20.6444283,0,-10,8.7,False,False,False,-4,0.92,0.0026017006
Frame,1567,5.98714542,4.732047,7.2833333,True,False,None,Playing,True,True,True,0,15,20.6154327,0,-10,8.7,False,False,False,-4,0.92,0.002416206
Frame,1568,5.99000454,4.73486757,7.2833333,True,False,None,Playing,True,True,True,0,15,20.5815868,0,-10,8.7,False,False,False,-4,0.92,0.00282050017
Frame,1569,5.99296474,4.73805666,7.2833333,True,False,None,Playing,True,True,True,0,15,20.5433178,0,-10,8.7,False,False,False,-4,0.92,0.003188896
Frame,1570,5.99527645,4.740341,7.2833333,True,False,None,Playing,True,True,True,0,15,20.5159054,0,-10,8.7,False,False,False,-4,0.92,0.002284701
Frame,1571,5.997567,4.74273348,7.2833333,True,False,None,Playing,True,True,True,0,15,20.487196,0,-10,8.7,False,False,False,-4,0.92,0.00239239656
Frame,1572,5.999982,4.745124,7.2833333,True,False,None,Playing,True,True,True,0,15,20.4585114,0,-10,8.7,False,False,False,-4,0.92,0.00239060377
Frame,1573,6.003276,4.748188,7.2833333,True,False,None,Playing,True,True,True,0,15,20.4217434,0,-10,8.7,False,False,False,-4,0.92,0.00306410156
Frame,1574,6.00660038,4.75144529,7.2833333,True,False,None,Playing,True,True,True,0,15,20.3826542,0,-10,8.7,False,False,False,-4,0.92,0.00325729884
Frame,1575,6.009328,4.75431156,7.2833333,True,False,None,Playing,True,True,True,0,15,20.3482628,0,-10,8.7,False,False,False,-4,0.92,0.002866199
Frame,1576,6.01161861,4.756733,7.2833333,True,False,None,Playing,True,True,True,0,15,20.3192062,0,-10,8.7,False,False,False,-4,0.92,0.002421202
Frame,1577,6.01406,4.759117,7.2833333,True,False,None,Playing,True,True,True,0,15,20.2905922,0,-10,8.7,False,False,False,-4,0.92,0.00238399953
Frame,1578,6.016692,4.7616477,7.2833333,True,False,None,Playing,True,True,True,0,15,20.2602253,0,-10,8.7,False,False,False,-4,0.92,0.00253069727
Frame,1579,6.01936626,4.76451874,7.2833333,True,False,None,Playing,True,True,True,0,15,20.2257729,0,-10,8.7,False,False,False,-4,0.92,0.00287090428
Frame,1580,6.022071,4.767181,7.2833333,True,False,None,Playing,True,True,True,0,15,20.1938286,0,-10,8.7,False,False,False,-4,0.92,0.00266209617
Frame,1581,6.024453,4.769546,7.2833333,True,False,None,Playing,True,True,True,0,15,20.1654472,0,-10,8.7,False,False,False,-4,0.92,0.00236490229
Frame,1582,6.02694225,4.77190733,7.2833333,True,False,None,Playing,True,True,True,0,15,20.13711,0,-10,8.7,False,False,False,-4,0.92,0.00236150087
Frame,1583,6.03031826,4.775459,7.2833333,True,False,None,Playing,True,True,True,0,15,20.0944939,0,-10,8.7,False,False,False,-4,0.92,0.00355160143
Frame,1584,6.032531,4.77771473,7.2833333,True,False,None,Playing,True,True,True,0,15,20.0674229,0,-10,8.7,False,False,False,-4,0.92,0.00225569727
Frame,1585,6.03479862,4.77981234,7.2833333,True,False,None,Playing,True,True,True,0,15,20.0422516,0,-10,8.7,False,False,False,-4,0.92,0.00209749863
Frame,1586,6.037816,4.782545,7.2833333,True,False,None,Playing,True,True,True,0,15,20.0094566,0,-10,8.7,False,False,False,-4,0.92,0.00273260335
Frame,1587,6.0407095,4.785678,7.2833333,True,False,None,Playing,True,True,True,0,15,19.9718666,0,-10,8.7,False,False,False,-4,0.92,0.00313300034
Frame,1588,6.04363346,4.788702,7.2833333,True,False,None,Playing,True,True,True,0,15,19.9355774,0,-10,8.7,False,False,False,-4,0.92,0.0030241
Frame,1589,6.046157,4.791139,7.2833333,True,False,None,Playing,True,True,True,0,15,19.9063282,0,-10,8.7,False,False,False,-4,0.92,0.00243719527
Frame,1590,6.04877,4.793799,7.2833333,True,False,None,Playing,True,True,True,0,15,19.8744125,0,-10,8.7,False,False,False,-4,0.92,0.002659701
Frame,1591,6.051198,4.796332,7.2833333,True,False,None,Playing,True,True,True,0,15,19.844017,0,-10,8.7,False,False,False,-4,0.92,0.00253280182
Frame,1592,6.053567,4.798697,7.2833333,True,False,None,Playing,True,True,True,0,15,19.8156357,0,-10,8.7,False,False,False,-4,0.92,0.00236490229
Frame,1593,6.05604458,4.800835,7.2833333,True,False,None,Playing,True,True,True,0,15,19.789978,0,-10,8.7,False,False,False,-4,0.92,0.0021381944
Frame,1594,6.05930042,4.80440855,7.2833333,True,False,None,Playing,True,True,True,0,15,19.7470951,0,-10,8.7,False,False,False,-4,0.92,0.00357329939
Frame,1595,6.061898,4.80676174,7.2833333,True,False,None,Playing,True,True,True,0,15,19.7188568,0,-10,8.7,False,False,False,-4,0.92,0.00235340139
Frame,1596,6.06454,4.809562,7.2833333,True,False,None,Playing,True,True,True,0,15,19.6852512,0,-10,8.7,False,False,False,-4,0.92,0.00280030468
Sequence_026,1596,6.107173,4.809562,7.2833333,True,False,None,Playing,True,True,True,0,15,19.6852512,0,-10,8.7,False,False,False,-4,0.92,0.00280030468
Frame,1597,6.109683,4.854637,7.2833333,True,False,None,Playing,True,True,True,0,15,19.1443539,0,-10,8.7,False,False,False,-4,0.92,0.045075
Frame,1598,6.11245441,4.85713959,7.2833333,True,False,None,Playing,True,True,True,0,15,19.1143227,0,-10,8.7,False,False,False,-4,0.92,0.002502296
Frame,1599,6.11493,4.859836,7.2833333,True,False,None,Playing,True,True,True,0,15,19.0819683,0,-10,8.7,False,False,False,-4,0.92,0.00269659865
Frame,1600,6.11760235,4.862752,7.2833333,True,False,None,Playing,True,True,True,0,15,19.0469761,0,-10,8.7,False,False,False,-4,0.92,0.002915703
Frame,1601,6.120288,4.86521959,7.2833333,True,False,None,Playing,True,True,True,0,15,19.0173645,0,-10,8.7,False,False,False,-4,0.92,0.0024678004
Frame,1602,6.12317753,4.86828375,7.2833333,True,False,None,Playing,True,True,True,0,15,18.9805927,0,-10,8.7,False,False,False,-4,0.92,0.00306410156
Frame,1603,6.12589,4.870901,7.2833333,True,False,None,Playing,True,True,True,0,15,18.9491882,0,-10,8.7,False,False,False,-4,0.92,0.00261729723
Frame,1604,6.12889,4.873675,7.2833333,True,False,None,Playing,True,True,True,0,15,18.9159012,0,-10,8.7,False,False,False,-4,0.92,0.00277370331
Frame,1605,6.13186932,4.876866,7.2833333,True,False,None,Playing,True,True,True,0,15,18.8776073,0,-10,8.7,False,False,False,-4,0.92,0.003191199
Frame,1606,6.135339,4.87967968,7.2833333,True,False,None,Playing,True,True,True,0,15,18.8438416,0,-10,8.7,False,False,False,-4,0.92,0.002813896
Frame,1607,6.138194,4.88301229,7.2833333,True,False,None,Playing,True,True,True,0,15,18.8038521,0,-10,8.7,False,False,False,-4,0.92,0.00333280186
Frame,1608,6.14102459,4.88590336,7.2833333,True,False,None,Playing,True,True,True,0,15,18.76916,0,-10,8.7,False,False,False,-4,0.92,0.00289100059
Frame,1609,6.14454937,4.88897467,7.2833333,True,False,None,Playing,True,True,True,0,15,18.7323036,0,-10,8.7,False,False,False,-4,0.92,0.003071301
Frame,1610,6.147277,4.892285,7.2833333,True,False,None,Playing,True,True,True,0,15,18.6925812,0,-10,8.7,False,False,False,-4,0.92,0.003310197
Frame,1611,6.14997768,4.8949,7.2833333,True,False,None,Playing,True,True,True,0,15,18.6612,0,-10,8.7,False,False,False,-4,0.92,0.00261500152
Frame,1612,6.15265,4.89759445,7.2833333,True,False,None,Playing,True,True,True,0,15,18.6288643,0,-10,8.7,False,False,False,-4,0.92,0.00269460026
Frame,1613,6.15574,4.90055227,7.2833333,True,False,None,Playing,True,True,True,0,15,18.5933743,0,-10,8.7,False,False,False,-4,0.92,0.0029578018
Frame,1614,6.158622,4.903606,7.2833333,True,False,None,Playing,True,True,True,0,15,18.5567284,0,-10,8.7,False,False,False,-4,0.92,0.00305350055
Frame,1615,6.161401,4.90652847,7.2833333,True,False,None,Playing,True,True,True,0,15,18.5216579,0,-10,8.7,False,False,False,-4,0.92,0.00292249862
Frame,1616,6.164277,4.90924,7.2833333,True,False,None,Playing,True,True,True,0,15,18.4891224,0,-10,8.7,False,False,False,-4,0.92,0.00271150074
Frame,1617,6.1675806,4.91249943,7.2833333,True,False,None,Playing,True,True,True,0,15,18.4500065,0,-10,8.7,False,False,False,-4,0.92,0.003259701
Frame,1618,6.17050838,4.915441,7.2833333,True,False,None,Playing,True,True,True,0,15,18.4147072,0,-10,8.7,False,False,False,-4,0.92,0.00294149667
Frame,1619,6.174306,4.91910648,7.2833333,True,False,None,Playing,True,True,True,0,15,18.37072,0,-10,8.7,False,False,False,-4,0.92,0.00366549753
Frame,1620,6.17721462,4.922221,7.2833333,True,False,None,Playing,True,True,True,0,15,18.3333435,0,-10,8.7,False,False,False,-4,0.92,0.00311490218
Frame,1621,6.17966,4.924618,7.2833333,True,False,None,Playing,True,True,True,0,15,18.3045864,0,-10,8.7,False,False,False,-4,0.92,0.00239640032
Frame,1622,6.182275,4.927421,7.2833333,True,False,None,Playing,True,True,True,0,15,18.2709446,0,-10,8.7,False,False,False,-4,0.92,0.002803203
Frame,1623,6.18487453,4.92982864,7.2833333,True,False,None,Playing,True,True,True,0,15,18.2420559,0,-10,8.7,False,False,False,-4,0.92,0.002407398
Frame,1624,6.18757343,4.93252,7.2833333,True,False,None,Playing,True,True,True,0,15,18.20976,0,-10,8.7,False,False,False,-4,0.92,0.00269129826
Frame,1625,6.190448,4.93532038,7.2833333,True,False,None,Playing,True,True,True,0,15,18.1761551,0,-10,8.7,False,False,False,-4,0.92,0.00280070142
Frame,1626,6.193284,4.938212,7.2833333,True,False,None,Playing,True,True,True,0,15,18.1414566,0,-10,8.7,False,False,False,-4,0.92,0.002891603
Frame,1627,6.1965,4.94149,7.2833333,True,False,None,Playing,True,True,True,0,15,18.1021156,0,-10,8.7,False,False,False,-4,0.92,0.00327819586
Frame,1628,6.19895458,4.94389534,7.2833333,True,False,None,Playing,True,True,True,0,15,18.0732536,0,-10,8.7,False,False,False,-4,0.92,0.0024053005
Frame,1629,6.201705,4.946553,7.2833333,True,False,None,Playing,True,True,True,0,15,18.0413589,0,-10,8.7,False,False,False,-4,0.92,0.00265800022
Frame,1630,6.20471859,4.94968176,7.2833333,True,False,None,Playing,True,True,True,0,15,18.0038185,0,-10,8.7,False,False,False,-4,0.92,0.00312859984
Frame,1631,6.206931,4.95200539,7.2833333,True,False,None,Playing,True,True,True,0,15,17.9759331,0,-10,8.7,False,False,False,-4,0.92,0.00232370314
Frame,1632,6.20916843,4.954283,7.2833333,True,False,None,Playing,True,True,True,0,15,17.9486,0,-10,8.7,False,False,False,-4,0.92,0.00227769976
Frame,1633,6.21153927,4.956455,7.2833333,True,False,None,Playing,True,True,True,0,15,17.9225349,0,-10,8.7,False,False,False,-4,0.92,0.002172201
Frame,1634,6.213952,4.95907927,7.2833333,True,False,None,Playing,True,True,True,0,15,17.8910465,0,-10,8.7,False,False,False,-4,0.92,0.00262389448
Frame,1635,6.21629429,4.96146059,7.2833333,True,False,None,Playing,True,True,True,0,15,17.8624725,0,-10,8.7,False,False,False,-4,0.92,0.00238150521
Frame,1636,6.218631,4.96375656,7.2833333,True,False,None,Playing,True,True,True,0,15,17.8349228,0,-10,8.7,False,False,False,-4,0.92,0.002295798
Frame,1637,6.223008,4.96793461,7.2833333,True,False,None,Playing,True,True,True,0,15,17.7847824,0,-10,8.7,False,False,False,-4,0.92,0.00417819573
Frame,1638,6.22557926,4.97066832,7.2833333,True,False,None,Playing,True,True,True,0,15,17.75198,0,-10,8.7,False,False,False,-4,0.92,0.00273360265
Frame,1639,6.227809,4.97297668,7.2833333,True,False,None,Playing,True,True,True,0,15,17.7242775,0,-10,8.7,False,False,False,-4,0.92,0.00230819872
Frame,1640,6.230441,4.975381,7.2833333,True,False,None,Playing,True,True,True,0,15,17.6954288,0,-10,8.7,False,False,False,-4,0.92,0.002404202
Frame,1641,6.233102,4.97822142,7.2833333,True,False,None,Playing,True,True,True,0,15,17.6613445,0,-10,8.7,False,False,False,-4,0.92,0.00284059672
Frame,1642,6.235383,4.98043776,7.2833333,True,False,None,Playing,True,True,True,0,15,17.6347466,0,-10,8.7,False,False,False,-4,0.92,0.00221630535
Frame,1643,6.239089,4.983996,7.2833333,True,False,None,Playing,True,True,True,0,15,17.5920486,0,-10,8.7,False,False,False,-4,0.92,0.00355819869
Frame,1644,6.242255,4.986898,7.2833333,True,False,None,Playing,True,True,True,0,15,17.5572243,0,-10,8.7,False,False,False,-4,0.92,0.00290219672
Frame,1645,6.24496365,4.98986244,7.2833333,True,False,None,Playing,True,True,True,0,15,17.52165,0,-10,8.7,False,False,False,-4,0.92,0.002964399
Frame,1646,6.248019,4.992902,7.2833333,True,False,None,Playing,True,True,True,0,15,17.485178,0,-10,8.7,False,False,False,-4,0.92,0.00303950533
Frame,1647,6.2514143,4.996523,7.2833333,True,False,None,Playing,True,True,True,0,15,17.4417248,0,-10,8.7,False,False,False,-4,0.92,0.00362119474
Frame,1648,6.254672,4.99971151,7.2833333,True,False,None,Playing,True,True,True,0,15,17.40346,0,-10,8.7,False,False,False,-4,0.92,0.00318850623
Frame,1649,6.25717831,5.00223064,7.2833333,True,False,None,Playing,True,True,True,0,15,17.3732319,0,-10,8.7,False,False,False,-4,0.92,0.00251929555
Frame,1650,6.259452,5.00453568,7.2833333,True,False,None,Playing,True,True,True,0,15,17.34557,0,-10,8.7,False,False,False,-4,0.92,0.00230500288
Frame,1651,6.26230145,5.006908,7.2833333,True,False,None,Playing,True,True,True,0,15,17.3171024,0,-10,8.7,False,False,False,-4,0.92,0.00237230025
Frame,1652,6.265439,5.01033068,7.2833333,True,False,None,Playing,True,True,True,0,15,17.27603,0,-10,8.7,False,False,False,-4,0.92,0.00342279626
Sequence_027,1652,6.29279041,5.01033068,7.2833333,True,False,None,Playing,True,True,True,0,15,17.27603,0,-10,8.7,False,False,False,-4,0.92,0.00342279626
Frame,1653,6.2956686,5.040595,7.2833333,True,False,None,Playing,True,True,True,0,15,16.91286,0,-10,8.7,False,False,False,-4,0.92,0.0302645061
Frame,1654,6.29839039,5.04318333,7.2833333,True,False,None,Playing,True,True,True,0,15,16.8817978,0,-10,8.7,False,False,False,-4,0.92,0.00258829375
Frame,1655,6.30110264,5.04620934,7.2833333,True,False,None,Playing,True,True,True,0,15,16.8454857,0,-10,8.7,False,False,False,-4,0.92,0.00302600628
Frame,1656,6.30431271,5.049269,7.2833333,True,False,None,Playing,True,True,True,0,15,16.80877,0,-10,8.7,False,False,False,-4,0.92,0.00305969384
Frame,1657,6.30769062,5.05265665,7.2833333,True,False,None,Playing,True,True,True,0,15,16.76812,0,-10,8.7,False,False,False,-4,0.92,0.00338760624
Frame,1658,6.31032658,5.05542374,7.2833333,True,False,None,Playing,True,True,True,0,15,16.7349129,0,-10,8.7,False,False,False,-4,0.92,0.00276699965
Frame,1659,6.312785,5.05783463,7.2833333,True,False,None,Playing,True,True,True,0,15,16.7059841,0,-10,8.7,False,False,False,-4,0.92,0.0024107
Frame,1660,6.315423,5.06039,7.2833333,True,False,None,Playing,True,True,True,0,15,16.6753178,0,-10,8.7,False,False,False,-4,0.92,0.00255539967
Frame,1661,6.317666,5.06279659,7.2833333,True,False,None,Playing,True,True,True,0,15,16.64644,0,-10,8.7,False,False,False,-4,0.92,0.00240639877
Frame,1662,6.32126331,5.065354,7.2833333,True,False,None,Playing,True,True,True,0,15,16.6157513,0,-10,8.7,False,False,False,-4,0.92,0.00255710026
Frame,1663,6.324523,5.0694766,7.2833333,True,False,None,Playing,True,True,True,0,15,16.5662785,0,-10,8.7,False,False,False,-4,0.92,0.004122697
Frame,1664,6.326867,5.071996,7.2833333,True,False,None,Playing,True,True,True,0,15,16.5360451,0,-10,8.7,False,False,False,-4,0.92,0.00251969951
Frame,1665,6.32955647,5.07448,7.2833333,True,False,None,Playing,True,True,True,0,15,16.506237,0,-10,8.7,False,False,False,-4,0.92,0.0024837018
Frame,1666,6.33274555,5.077668,7.2833333,True,False,None,Playing,True,True,True,0,15,16.46798,0,-10,8.7,False,False,False,-4,0.92,0.00318810227
Frame,1667,6.33528233,5.08027267,7.2833333,True,False,None,Playing,True,True,True,0,15,16.4367256,0,-10,8.7,False,False,False,-4,0.92,0.00260459888
Frame,1668,6.338361,5.083264,7.2833333,True,False,None,Playing,True,True,True,0,15,16.4008312,0,-10,8.7,False,False,False,-4,0.92,0.00299109984
Frame,1669,6.341319,5.086298,7.2833333,True,False,None,Playing,True,True,True,0,15,16.3644238,0,-10,8.7,False,False,False,-4,0.92,0.00303429714
Frame,1670,6.344119,5.089058,7.2833333,True,False,None,Playing,True,True,True,0,15,16.3313046,0,-10,8.7,False,False,False,-4,0.92,0.0027598
Frame,1671,6.34722042,5.092118,7.2833333,True,False,None,Playing,True,True,True,0,15,16.2945843,0,-10,8.7,False,False,False,-4,0.92,0.00305999862
Frame,1672,6.34969044,5.09480858,7.2833333,True,False,None,Playing,True,True,True,0,15,16.2622967,0,-10,8.7,False,False,False,-4,0.92,0.002690703
Frame,1673,6.35310841,5.09817934,7.2833333,True,False,None,Playing,True,True,True,0,15,16.2218475,0,-10,8.7,False,False,False,-4,0.92,0.00337099633
Frame,1674,6.35583,5.10088873,7.2833333,True,False,None,Playing,True,True,True,0,15,16.1893349,0,-10,8.7,False,False,False,-4,0.92,0.00270950259
Frame,1675,6.358302,5.1032176,7.2833333,True,False,None,Playing,True,True,True,0,15,16.1613884,0,-10,8.7,False,False,False,-4,0.92,0.00232879817
Frame,1676,6.36102962,5.10608625,7.2833333,True,False,None,Playing,True,True,True,0,15,16.1269646,0,-10,8.7,False,False,False,-4,0.92,0.00286860112
Frame,1677,6.36312,5.108276,7.2833333,True,False,None,Playing,True,True,True,0,15,16.100687,0,-10,8.7,False,False,False,-4,0.92,0.00218960457
Frame,1678,6.36554241,5.110685,7.2833333,True,False,None,Playing,True,True,True,0,15,16.07178,0,-10,8.7,False,False,False,-4,0.92,0.0024089003
Frame,1679,6.3678503,5.112996,7.2833333,True,False,None,Playing,True,True,True,0,15,16.0440483,0,-10,8.7,False,False,False,-4,0.92,0.002311097
Frame,1680,6.37027073,5.11539364,7.2833333,True,False,None,Playing,True,True,True,0,15,16.015274,0,-10,8.7,False,False,False,-4,0.92,0.0023973994
Frame,1681,6.37348843,5.11839247,7.2833333,True,False,None,Playing,True,True,True,0,15,15.9792891,0,-10,8.7,False,False,False,-4,0.92,0.00299890153
Frame,1682,6.37645245,5.12130356,7.2833333,True,False,None,Playing,True,True,True,0,15,15.9443579,0,-10,8.7,False,False,False,-4,0.92,0.00291129528
Frame,1683,6.37967,5.12475443,7.2833333,True,False,None,Playing,True,True,True,0,15,15.9029446,0,-10,8.7,False,False,False,-4,0.92,0.00345080066
Frame,1684,6.382079,5.12703848,7.2833333,True,False,None,Playing,True,True,True,0,15,15.8755379,0,-10,8.7,False,False,False,-4,0.92,0.00228390028
Frame,1685,6.38454533,5.129474,7.2833333,True,False,None,Playing,True,True,True,0,15,15.8463087,0,-10,8.7,False,False,False,-4,0.92,0.00243579922
Frame,1686,6.38774967,5.13247967,7.2833333,True,False,None,Playing,True,True,True,0,15,15.8102436,0,-10,8.7,False,False,False,-4,0.92,0.00300530042
Frame,1687,6.390542,5.13550758,7.2833333,True,False,None,Playing,True,True,True,0,15,15.7739067,0,-10,8.7,False,False,False,-4,0.92,0.00302790524
Frame,1688,6.393441,5.138396,7.2833333,True,False,None,Playing,True,True,True,0,15,15.7392511,0,-10,8.7,False,False,False,-4,0.92,0.00288839987
Frame,1689,6.39573,5.140807,7.2833333,True,False,None,Playing,True,True,True,0,15,15.7103138,0,-10,8.7,False,False,False,-4,0.92,0.00241129543
Frame,1690,6.39837742,5.14325142,7.2833333,True,False,None,Playing,True,True,True,0,15,15.6809816,0,-10,8.7,False,False,False,-4,0.92,0.00244430266
Frame,1691,6.401311,5.14637852,7.2833333,True,False,None,Playing,True,True,True,0,15,15.6434584,0,-10,8.7,False,False,False,-4,0.92,0.0031269982
Frame,1692,6.40401745,5.14893532,7.2833333,True,False,None,Playing,True,True,True,0,15,15.6127768,0,-10,8.7,False,False,False,-4,0.92,0.002557001
Frame,1693,6.407592,5.1525774,7.2833333,True,False,None,Playing,True,True,True,0,15,15.5690718,0,-10,8.7,False,False,False,-4,0.92,0.00364199979
Frame,1694,6.410056,5.155123,7.2833333,True,False,None,Playing,True,True,True,0,15,15.5385208,0,-10,8.7,False,False,False,-4,0.92,0.00254559959
Frame,1695,6.4131155,5.15799665,7.2833333,True,False,None,Playing,True,True,True,0,15,15.5040407,0,-10,8.7,False,False,False,-4,0.92,0.00287329941
Frame,1696,6.416026,5.16089773,7.2833333,True,False,None,Playing,True,True,True,0,15,15.4692259,0,-10,8.7,False,False,False,-4,0.92,0.00290120463
Frame,1697,6.41840458,5.16351461,7.2833333,True,False,None,Playing,True,True,True,0,15,15.4378242,0,-10,8.7,False,False,False,-4,0.92,0.002616695
Frame,1698,6.421279,5.166164,7.2833333,True,False,None,Playing,True,True,True,0,15,15.4060326,0,-10,8.7,False,False,False,-4,0.92,0.0026491
Frame,1699,6.424838,5.16986752,7.2833333,True,False,None,Playing,True,True,True,0,15,15.3615885,0,-10,8.7,False,False,False,-4,0.92,0.00370379817
Frame,1700,6.427602,5.17239,7.2833333,True,False,None,Playing,True,True,True,0,15,15.3313179,0,-10,8.7,False,False,False,-4,0.92,0.00252250559
Frame,1701,6.43030262,5.17528439,7.2833333,True,False,None,Playing,True,True,True,0,15,15.296586,0,-10,8.7,False,False,False,-4,0.92,0.00289429561
Frame,1702,6.43269634,5.17779541,7.2833333,True,False,None,Playing,True,True,True,0,15,15.2664547,0,-10,8.7,False,False,False,-4,0.92,0.0025109055
Frame,1703,6.43644238,5.18125534,7.2833333,True,False,None,Playing,True,True,True,0,15,15.2249346,0,-10,8.7,False,False,False,-4,0.92,0.003459793
Frame,1704,6.439891,5.184771,7.2833333,True,False,None,Playing,True,True,True,0,15,15.1827469,0,-10,8.7,False,False,False,-4,0.92,0.00351550453
Frame,1705,6.44288158,5.187826,7.2833333,True,False,None,Playing,True,True,True,0,15,15.1460867,0,-10,8.7,False,False,False,-4,0.92,0.003055102
Frame,1706,6.44560528,5.19048643,7.2833333,True,False,None,Playing,True,True,True,0,15,15.1141624,0,-10,8.7,False,False,False,-4,0.92,0.00266009779
Frame,1707,6.44859028,5.19365931,7.2833333,True,False,None,Playing,True,True,True,0,15,15.0760889,0,-10,8.7,False,False,False,-4,0.92,0.003173101
Frame,1708,6.451024,5.19605637,7.2833333,True,False,None,Playing,True,True,True,0,15,15.0473232,0,-10,8.7,False,False,False,-4,0.92,0.002397201
Frame,1709,6.45414257,5.198988,7.2833333,True,False,None,Playing,True,True,True,0,15,15.0121441,0,-10,8.7,False,False,False,-4,0.92,0.00293169636
Frame,1710,6.457223,5.20232344,7.2833333,True,False,None,Playing,True,True,True,0,15,14.9721174,0,-10,8.7,False,False,False,-4,0.92,0.00333540258
Frame,1711,6.45989132,5.20501328,7.2833333,True,False,None,Playing,True,True,True,0,15,14.9398375,0,-10,8.7,False,False,False,-4,0.92,0.00269000139
Frame,1712,6.462325,5.207447,7.2833333,True,False,None,Playing,True,True,True,0,15,14.9106331,0,-10,8.7,False,False,False,-4,0.92,0.00243379385
Frame,1713,6.46472836,5.209794,7.2833333,True,False,None,Playing,True,True,True,0,15,14.8824711,0,-10,8.7,False,False,False,-4,0.92,0.00234720088
Frame,1714,6.4678793,5.212983,7.2833333,True,False,None,Playing,True,True,True,0,15,14.8442011,0,-10,8.7,False,False,False,-4,0.92,0.00318920077
Sequence_028,1714,6.504283,5.212983,7.2833333,True,False,None,Playing,True,True,True,0,15,14.8442011,0,-10,8.7,False,False,False,-4,0.92,0.00318920077
Frame,1715,6.50773525,5.25238132,7.2833333,True,False,None,Playing,True,True,True,0,15,14.3714218,0,-10,8.7,False,False,False,-4,0.92,0.0393984
Frame,1716,6.51091862,5.255841,7.2833333,True,False,None,Playing,True,True,True,0,15,14.3299093,0,-10,8.7,False,False,False,-4,0.92,0.003459304
Frame,1717,6.513646,5.258516,7.2833333,True,False,None,Playing,True,True,True,0,15,14.2978086,0,-10,8.7,False,False,False,-4,0.92,0.002675
Frame,1718,6.51668644,5.261597,7.2833333,True,False,None,Playing,True,True,True,0,15,14.2608328,0,-10,8.7,False,False,False,-4,0.92,0.003081498
Frame,1719,6.51965237,5.26454639,7.2833333,True,False,None,Playing,True,True,True,0,15,14.2254429,0,-10,8.7,False,False,False,-4,0.92,0.00294919917
Frame,1720,6.522813,5.26792049,7.2833333,True,False,None,Playing,True,True,True,0,15,14.1849527,0,-10,8.7,False,False,False,-4,0.92,0.0033741
Frame,1721,6.52533627,5.27025843,7.2833333,True,False,None,Playing,True,True,True,0,15,14.1568985,0,-10,8.7,False,False,False,-4,0.92,0.00233769836
Frame,1722,6.527795,5.27287,7.2833333,True,False,None,Playing,True,True,True,0,15,14.1255569,0,-10,8.7,False,False,False,-4,0.92,0.002611501
Frame,1723,6.5301733,5.27525949,7.2833333,True,False,None,Playing,True,True,True,0,15,14.0968838,0,-10,8.7,False,False,False,-4,0.92,0.0023893
Frame,1724,6.533078,5.27755642,7.2833333,True,False,None,Playing,True,True,True,0,15,14.0693207,0,-10,8.7,False,False,False,-4,0.92,0.00229710178
Frame,1725,6.535819,5.280507,7.2833333,True,False,None,Playing,True,True,True,0,15,14.0339136,0,-10,8.7,False,False,False,-4,0.92,0.00295080082
Frame,1726,6.53852367,5.28327036,7.2833333,True,False,None,Playing,True,True,True,0,15,14.0007553,0,-10,8.7,False,False,False,-4,0.92,0.00276339985
Frame,1727,6.54235363,5.28726244,7.2833333,True,False,None,Playing,True,True,True,0,15,13.9528494,0,-10,8.7,False,False,False,-4,0.92,0.00399199966
Frame,1728,6.54541874,5.29030561,7.2833333,True,False,None,Playing,True,True,True,0,15,13.9163332,0,-10,8.7,False,False,False,-4,0.92,0.003042999
Frame,1729,6.54911137,5.29397154,7.2833333,True,False,None,Playing,True,True,True,0,15,13.87234,0,-10,8.7,False,False,False,-4,0.92,0.00366570288
Frame,1730,6.55306339,5.29788446,7.2833333,True,False,None,Playing,True,True,True,0,15,13.8253851,0,-10,8.7,False,False,False,-4,0.92,0.003913095
Frame,1731,6.5564394,5.301433,7.2833333,True,False,None,Playing,True,True,True,0,15,13.7828016,0,-10,8.7,False,False,False,-4,0.92,0.003548604
Frame,1732,6.55935764,5.30430651,7.2833333,True,False,None,Playing,True,True,True,0,15,13.7483215,0,-10,8.7,False,False,False,-4,0.92,0.0028733986
Frame,1733,6.56228161,5.307191,7.2833333,True,False,None,Playing,True,True,True,0,15,13.71371,0,-10,8.7,False,False,False,-4,0.92,0.00288440334
Frame,1734,6.56461048,5.309685,7.2833333,True,False,None,Playing,True,True,True,0,15,13.6837749,0,-10,8.7,False,False,False,-4,0.92,0.00249429559
Frame,1735,6.567996,5.313092,7.2833333,True,False,None,Playing,True,True,True,0,15,13.6428928,0,-10,8.7,False,False,False,-4,0.92,0.00340719963
Frame,1736,6.570548,5.31551647,7.2833333,True,False,None,Playing,True,True,True,0,15,13.6138,0,-10,8.7,False,False,False,-4,0.92,0.00242440472
Frame,1737,6.57346058,5.318485,7.2833333,True,False,None,Playing,True,True,True,0,15,13.5781822,0,-10,8.7,False,False,False,-4,0.92,0.00296819722
Frame,1738,6.57587147,5.32090664,7.2833333,True,False,None,Playing,True,True,True,0,15,13.549118,0,-10,8.7,False,False,False,-4,0.92,0.00242200261
Frame,1739,6.578555,5.323472,7.2833333,True,False,None,Playing,True,True,True,0,15,13.5183353,0,-10,8.7,False,False,False,-4,0.92,0.002565299
Frame,1740,6.58136654,5.32622242,7.2833333,True,False,None,Playing,True,True,True,0,15,13.48533,0,-10,8.7,False,False,False,-4,0.92,0.00275029754
Frame,1741,6.58420467,5.32908964,7.2833333,True,False,None,Playing,True,True,True,0,15,13.4509249,0,-10,8.7,False,False,False,-4,0.92,0.00286740367
Frame,1742,6.58736324,5.332276,7.2833333,True,False,None,Playing,True,True,True,0,15,13.4126873,0,-10,8.7,False,False,False,-4,0.92,0.003186196
Frame,1743,6.59038639,5.33527851,7.2833333,True,False,None,Playing,True,True,True,0,15,13.3766575,0,-10,8.7,False,False,False,-4,0.92,0.0030027
Frame,1744,6.592883,5.3379817,7.2833333,True,False,None,Playing,True,True,True,0,15,13.3442183,0,-10,8.7,False,False,False,-4,0.92,0.002703302
Frame,1745,6.59612942,5.34111071,7.2833333,True,False,None,Playing,True,True,True,0,15,13.3066711,0,-10,8.7,False,False,False,-4,0.92,0.0031288974
Frame,1746,6.59905338,5.344127,7.2833333,True,False,None,Playing,True,True,True,0,15,13.2704744,0,-10,8.7,False,False,False,-4,0.92,0.00301670213
Frame,1747,6.601655,5.346551,7.2833333,True,False,None,Playing,True,True,True,0,15,13.2413893,0,-10,8.7,False,False,False,-4,0.92,0.00242380239
Frame,1748,6.60448,5.34954357,7.2833333,True,False,None,Playing,True,True,True,0,15,13.2054758,0,-10,8.7,False,False,False,-4,0.92,0.00299269427
Frame,1749,6.607072,5.35197973,7.2833333,True,False,None,Playing,True,True,True,0,15,13.1762438,0,-10,8.7,False,False,False,-4,0.92,0.00243630237
Frame,1750,6.61004162,5.354958,7.2833333,True,False,None,Playing,True,True,True,0,15,13.140501,0,-10,8.7,False,False,False,-4,0.92,0.00297850068
Frame,1751,6.61340046,5.358187,7.2833333,True,False,None,Playing,True,True,True,0,15,13.1017523,0,-10,8.7,False,False,False,-4,0.92,0.00322910282
Frame,1752,6.615779,5.36086226,7.2833333,True,False,None,Playing,True,True,True,0,15,13.0696526,0,-10,8.7,False,False,False,-4,0.92,0.00267519848
Frame,1753,6.61817265,5.36320829,7.2833333,True,False,None,Playing,True,True,True,0,15,13.0414982,0,-10,8.7,False,False,False,-4,0.92,0.0023462018
Frame,1754,6.62089825,5.36601973,7.2833333,True,False,None,Playing,True,True,True,0,15,13.007761,0,-10,8.7,False,False,False,-4,0.92,0.00281119626
Frame,1755,6.62423229,5.36912155,7.2833333,True,False,None,Playing,True,True,True,0,15,12.970542,0,-10,8.7,False,False,False,-4,0.92,0.00310179987
Frame,1756,6.626773,5.37190056,7.2833333,True,False,None,Playing,True,True,True,0,15,12.937192,0,-10,8.7,False,False,False,-4,0.92,0.0027790037
Frame,1757,6.629367,5.37453651,7.2833333,True,False,None,Playing,True,True,True,0,15,12.90556,0,-10,8.7,False,False,False,-4,0.92,0.00263579935
Frame,1758,6.63190746,5.37686062,7.2833333,True,False,None,Playing,True,True,True,0,15,12.8776722,0,-10,8.7,False,False,False,-4,0.92,0.00232429849
Frame,1759,6.634362,5.37936831,7.2833333,True,False,None,Playing,True,True,True,0,15,12.8475819,0,-10,8.7,False,False,False,-4,0.92,0.00250759628
Frame,1760,6.63707066,5.38212633,7.2833333,True,False,None,Playing,True,True,True,0,15,12.8144836,0,-10,8.7,False,False,False,-4,0.92,0.00275809946
Frame,1761,6.63980961,5.38464,7.2833333,True,False,None,Playing,True,True,True,0,15,12.7843161,0,-10,8.7,False,False,False,-4,0.92,0.00251400238
Frame,1762,6.64277744,5.38793325,7.2833333,True,False,None,Playing,True,True,True,0,15,12.7448006,0,-10,8.7,False,False,False,-4,0.92,0.00329309818
Frame,1763,6.64518642,5.39013958,7.2833333,True,False,None,Playing,True,True,True,0,15,12.7183237,0,-10,8.7,False,False,False,-4,0.92,0.0022062005
Frame,1764,6.6479063,5.392975,7.2833333,True,False,None,Playing,True,True,True,0,15,12.6843023,0,-10,8.7,False,False,False,-4,0.92,0.0028354025
Frame,1765,6.65110874,5.39622974,7.2833333,True,False,None,Playing,True,True,True,0,15,12.6452427,0,-10,8.7,False,False,False,-4,0.92,0.003255102
Frame,1766,6.65360928,5.398638,7.2833333,True,False,None,Playing,True,True,True,0,15,12.6163454,0,-10,8.7,False,False,False,-4,0.92,0.00240819878
Frame,1767,6.655839,5.40095329,7.2833333,True,False,None,Playing,True,True,True,0,15,12.5885582,0,-10,8.7,False,False,False,-4,0.92,0.00231549749
Frame,1768,6.6583147,5.40344524,7.2833333,True,False,None,Playing,True,True,True,0,15,12.5586548,0,-10,8.7,False,False,False,-4,0.92,0.00249199965
Frame,1769,6.660928,5.406028,7.2833333,True,False,None,Playing,True,True,True,0,15,12.5276651,0,-10,8.7,False,False,False,-4,0.92,0.00258270255
Frame,1770,6.663596,5.40849829,7.2833333,True,False,None,Playing,True,True,True,0,15,12.4980211,0,-10,8.7,False,False,False,-4,0.92,0.0024705003
Frame,1771,6.66593266,5.41101456,7.2833333,True,False,None,Playing,True,True,True,0,15,12.4678221,0,-10,8.7,False,False,False,-4,0.92,0.002516298
Frame,1772,6.668496,5.41334772,7.2833333,True,False,None,Playing,True,True,True,0,15,12.4398279,0,-10,8.7,False,False,False,-4,0.92,0.00233329786
Sequence_029,1772,6.706313,5.41334772,7.2833333,True,False,None,Playing,True,True,True,0,15,12.4398279,0,-10,8.7,False,False,False,-4,0.92,0.00233329786
Frame,1773,6.70918941,5.453813,7.2833333,True,False,None,Playing,True,True,True,0,15,11.9542408,0,-10,8.7,False,False,False,-4,0.92,0.0404655039
Frame,1774,6.712119,5.45695162,7.2833333,True,False,None,Playing,True,True,True,0,15,11.9165783,0,-10,8.7,False,False,False,-4,0.92,0.003138499
Frame,1775,6.715234,5.46006966,7.2833333,True,False,None,Playing,True,True,True,0,15,11.8791628,0,-10,8.7,False,False,False,-4,0.92,0.00311799883
Frame,1776,6.71770573,5.46282,7.2833333,True,False,None,Playing,True,True,True,0,15,11.8461571,0,-10,8.7,False,False,False,-4,0.92,0.00275029754
Frame,1777,6.72074032,5.46525335,7.2833333,True,False,None,Playing,True,True,True,0,15,11.81696,0,-10,8.7,False,False,False,-4,0.92,0.002433404
Frame,1778,6.72394276,5.46889162,7.2833333,True,False,None,Playing,True,True,True,0,15,11.7732992,0,-10,8.7,False,False,False,-4,0.92,0.00363849918
Frame,1779,6.72639,5.47148466,7.2833333,True,False,None,Playing,True,True,True,0,15,11.7421818,0,-10,8.7,False,False,False,-4,0.92,0.0025928996
Frame,1780,6.72921658,5.47413349,7.2833333,True,False,None,Playing,True,True,True,0,15,11.7103968,0,-10,8.7,False,False,False,-4,0.92,0.00264890166
Frame,1781,6.73204327,5.4770174,7.2833333,True,False,None,Playing,True,True,True,0,15,11.67579,0,-10,8.7,False,False,False,-4,0.92,0.00288370182
Frame,1782,6.73550129,5.479357,7.2833333,True,False,None,Playing,True,True,True,0,15,11.6477194,0,-10,8.7,False,False,False,-4,0.92,0.0023393
Frame,1783,6.73819256,5.483105,7.2833333,True,False,None,Playing,True,True,True,0,15,11.6027365,0,-10,8.7,False,False,False,-4,0.92,0.00374839851
Frame,1784,6.74179554,5.486137,7.2833333,True,False,None,Playing,True,True,True,0,15,11.5663548,0,-10,8.7,False,False,False,-4,0.92,0.00303159724
Frame,1785,6.744439,5.489539,7.2833333,True,False,None,Playing,True,True,True,0,15,11.52553,0,-10,8.7,False,False,False,-4,0.92,0.00340220379
Frame,1786,6.746974,5.492038,7.2833333,True,False,None,Playing,True,True,True,0,15,11.4955463,0,-10,8.7,False,False,False,-4,0.92,0.002498597
Frame,1787,6.74943447,5.49437952,7.2833333,True,False,None,Playing,True,True,True,0,15,11.4674435,0,-10,8.7,False,False,False,-4,0.92,0.002341702
Frame,1788,6.752576,5.49732542,7.2833333,True,False,None,Playing,True,True,True,0,15,11.4320936,0,-10,8.7,False,False,False,-4,0.92,0.00294609554
Frame,1789,6.75599957,5.5007205,7.2833333,True,False,None,Playing,True,True,True,0,15,11.3913517,0,-10,8.7,False,False,False,-4,0.92,0.00339530176
Frame,1790,6.758567,5.503604,7.2833333,True,False,None,Playing,True,True,True,0,15,11.3567514,0,-10,8.7,False,False,False,-4,0.92,0.00288350345
Frame,1791,6.76105,5.50611353,7.2833333,True,False,None,Playing,True,True,True,0,15,11.3266363,0,-10,8.7,False,False,False,-4,0.92,0.00250959466
Frame,1792,6.76362133,5.508727,7.2833333,True,False,None,Playing,True,True,True,0,15,11.2952757,0,-10,8.7,False,False,False,-4,0.92,0.002613499
Frame,1793,6.767169,5.511891,7.2833333,True,False,None,Playing,True,True,True,0,15,11.257309,0,-10,8.7,False,False,False,-4,0.92,0.00316360546
Frame,1794,6.770665,5.515053,7.2833333,True,False,None,Playing,True,True,True,0,15,11.219367,0,-10,8.7,False,False,False,-4,0.92,0.00316189765
Frame,1795,6.77339458,5.518346,7.2833333,True,False,None,Playing,True,True,True,0,15,11.1798477,0,-10,8.7,False,False,False,-4,0.92,0.00329289958
Frame,1796,6.77582073,5.52095,7.2833333,True,False,None,Playing,True,True,True,0,15,11.1486015,0,-10,8.7,False,False,False,-4,0.92,0.00260420213
Frame,1797,6.77823925,5.523218,7.2833333,True,False,None,Playing,True,True,True,0,15,11.1213818,0,-10,8.7,False,False,False,-4,0.92,0.002268098
Frame,1798,6.78098,5.52607727,7.2833333,True,False,None,Playing,True,True,True,0,15,11.08707,0,-10,8.7,False,False,False,-4,0.92,0.00285899942
Frame,1799,6.78361225,5.52850866,7.2833333,True,False,None,Playing,True,True,True,0,15,11.0578938,0,-10,8.7,False,False,False,-4,0.92,0.00243139872
Frame,1800,6.78632641,5.531205,7.2833333,True,False,None,Playing,True,True,True,0,15,11.0255375,0,-10,8.7,False,False,False,-4,0.92,0.00269649946
Frame,1801,6.788825,5.53398037,7.2833333,True,False,None,Playing,True,True,True,0,15,10.9922361,0,-10,8.7,False,False,False,-4,0.92,0.00277510635
Frame,1802,6.79121876,5.536311,7.2833333,True,False,None,Playing,True,True,True,0,15,10.9642658,0,-10,8.7,False,False,False,-4,0.92,0.00233079656
Frame,1803,6.794652,5.53958654,7.2833333,True,False,None,Playing,True,True,True,0,15,10.9249611,0,-10,8.7,False,False,False,-4,0.92,0.00327539677
Frame,1804,6.797454,5.542395,7.2833333,True,False,None,Playing,True,True,True,0,15,10.8912563,0,-10,8.7,False,False,False,-4,0.92,0.00280850334
Frame,1805,6.800372,5.54524374,7.2833333,True,False,None,Playing,True,True,True,0,15,10.8570757,0,-10,8.7,False,False,False,-4,0.92,0.002848597
Frame,1806,6.8029623,5.54799032,7.2833333,True,False,None,Playing,True,True,True,0,15,10.8241177,0,-10,8.7,False,False,False,-4,0.92,0.00274640019
Frame,1807,6.80586147,5.55079746,7.2833333,True,False,None,Playing,True,True,True,0,15,10.7904282,0,-10,8.7,False,False,False,-4,0.92,0.0028071003
Frame,1808,6.808242,5.55336428,7.2833333,True,False,None,Playing,True,True,True,0,15,10.7596264,0,-10,8.7,False,False,False,-4,0.92,0.0025667022
Frame,1809,6.81055927,5.555516,7.2833333,True,False,None,Playing,True,True,True,0,15,10.7338123,0,-10,8.7,False,False,False,-4,0.92,0.00215129671
Frame,1810,6.81280231,5.55791,7.2833333,True,False,None,Playing,True,True,True,0,15,10.7050791,0,-10,8.7,False,False,False,-4,0.92,0.00239420356
Frame,1811,6.815917,5.561034,7.2833333,True,False,None,Playing,True,True,True,0,15,10.6675873,0,-10,8.7,False,False,False,-4,0.92,0.00312429853
Frame,1812,6.818345,5.563492,7.2833333,True,False,None,Playing,True,True,True,0,15,10.6380959,0,-10,8.7,False,False,False,-4,0.92,0.002457802
Frame,1813,6.82181835,5.566692,7.2833333,True,False,None,Playing,True,True,True,0,15,10.5996981,0,-10,8.7,False,False,False,-4,0.92,0.00319990073
Frame,1814,6.82468128,5.56965065,7.2833333,True,False,None,Playing,True,True,True,0,15,10.5641918,0,-10,8.7,False,False,False,-4,0.92,0.002958801
Frame,1815,6.82723141,5.572175,7.2833333,True,False,None,Playing,True,True,True,0,15,10.5339012,0,-10,8.7,False,False,False,-4,0.92,0.0025241992
Frame,1816,6.82988644,5.57498169,7.2833333,True,False,None,Playing,True,True,True,0,15,10.5002193,0,-10,8.7,False,False,False,-4,0.92,0.00280669634
Frame,1817,6.832528,5.577675,7.2833333,True,False,None,Playing,True,True,True,0,15,10.4679,0,-10,8.7,False,False,False,-4,0.92,0.00269340281
Frame,1818,6.834897,5.579898,7.2833333,True,False,None,Playing,True,True,True,0,15,10.4412231,0,-10,8.7,False,False,False,-4,0.92,0.00222300179
Frame,1819,6.8375597,5.582686,7.2833333,True,False,None,Playing,True,True,True,0,15,10.40777,0,-10,8.7,False,False,False,-4,0.92,0.002787897
Frame,1820,6.83982372,5.58489132,7.2833333,True,False,None,Playing,True,True,True,0,15,10.3813047,0,-10,8.7,False,False,False,-4,0.92,0.00220539956
Frame,1821,6.842536,5.587296,7.2833333,True,False,None,Playing,True,True,True,0,15,10.3524475,0,-10,8.7,False,False,False,-4,0.92,0.00240480434
Frame,1822,6.845645,5.5907464,7.2833333,True,False,None,Playing,True,True,True,0,15,10.3110428,0,-10,8.7,False,False,False,-4,0.92,0.00345019833
Frame,1823,6.848611,5.59374046,7.2833333,True,False,None,Playing,True,True,True,0,15,10.2751131,0,-10,8.7,False,False,False,-4,0.92,0.0029938987
Frame,1824,6.85145664,5.59643936,7.2833333,True,False,None,Playing,True,True,True,0,15,10.2427263,0,-10,8.7,False,False,False,-4,0.92,0.0026991
Frame,1825,6.854455,5.59943628,7.2833333,True,False,None,Playing,True,True,True,0,15,10.2067642,0,-10,8.7,False,False,False,-4,0.92,0.00299689616
Frame,1826,6.85732555,5.60222435,7.2833333,True,False,None,Playing,True,True,True,0,15,10.1733065,0,-10,8.7,False,False,False,-4,0.92,0.00278790388
Frame,1827,6.86006832,5.60502672,7.2833333,True,False,None,Playing,True,True,True,0,15,10.139677,0,-10,8.7,False,False,False,-4,0.92,0.00280219666
Frame,1828,6.862941,5.607915,7.2833333,True,False,None,Playing,True,True,True,0,15,10.1050215,0,-10,8.7,False,False,False,-4,0.92,0.00288839987
Frame,1829,6.865556,5.61066771,7.2833333,True,False,None,Playing,True,True,True,0,15,10.0719872,0,-10,8.7,False,False,False,-4,0.92,0.0027527
Frame,1830,6.86819935,5.613109,7.2833333,True,False,None,Playing,True,True,True,0,15,10.0426912,0,-10,8.7,False,False,False,-4,0.92,0.00244150357
Frame,1831,6.87089252,5.615856,7.2833333,True,False,None,Playing,True,True,True,0,15,10.0097246,0,-10,8.7,False,False,False,-4,0.92,0.00274710171
Sequence_030,1831,6.91150761,5.615856,7.2833333,True,False,None,Playing,True,True,True,0,15,10.0097246,0,-10,8.7,False,False,False,-4,0.92,0.00274710171
Frame,1832,6.91414928,5.65912867,7.2833333,True,False,None,Playing,True,True,True,0,15,9.490457,0,-10,8.7,False,False,False,-4,0.92,0.0432724
Frame,1833,6.91666126,5.661638,7.2833333,True,False,None,Playing,True,True,True,0,15,9.460345,0,-10,8.7,False,False,False,-4,0.92,0.002509297
Frame,1834,6.91927242,5.66441345,7.2833333,True,False,None,Playing,True,True,True,0,15,9.427039,0,-10,8.7,False,False,False,-4,0.92,0.002775503
Frame,1835,6.92223072,5.66700172,7.2833333,True,False,None,Playing,True,True,True,0,15,9.395978,0,-10,8.7,False,False,False,-4,0.92,0.00258809514
Frame,1836,6.925679,5.67054749,7.2833333,True,False,None,Playing,True,True,True,0,15,9.353431,0,-10,8.7,False,False,False,-4,0.92,0.00354559952
Frame,1837,6.92853451,5.673649,7.2833333,True,False,None,Playing,True,True,True,0,15,9.316212,0,-10,8.7,False,False,False,-4,0.92,0.003101304
Frame,1838,6.93108273,5.676225,7.2833333,True,False,None,Playing,True,True,True,0,15,9.285297,0,-10,8.7,False,False,False,-4,0.92,0.0025761975
Frame,1839,6.933507,5.678556,7.2833333,True,False,None,Playing,True,True,True,0,15,9.257327,0,-10,8.7,False,False,False,-4,0.92,0.002331002
Frame,1840,6.936263,5.68119526,7.2833333,True,False,None,Playing,True,True,True,0,15,9.225655,0,-10,8.7,False,False,False,-4,0.92,0.00263920077
Frame,1841,6.94074535,5.684568,7.2833333,True,False,None,Playing,True,True,True,0,15,9.18518448,0,-10,8.7,False,False,False,-4,0.92,0.00337249856
Frame,1842,6.94388866,5.68894625,7.2833333,True,False,None,Playing,True,True,True,0,15,9.132646,0,-10,8.7,False,False,False,-4,0.92,0.004378401
Frame,1843,6.94621944,5.69133043,7.2833333,True,False,None,Playing,True,True,True,0,15,9.10403252,0,-10,8.7,False,False,False,-4,0.92,0.002384297
Frame,1844,6.94859028,5.69357538,7.2833333,True,False,None,Playing,True,True,True,0,15,9.077096,0,-10,8.7,False,False,False,-4,0.92,0.0022447987
Frame,1845,6.95089626,5.696033,7.2833333,True,False,None,Playing,True,True,True,0,15,9.047604,0,-10,8.7,False,False,False,-4,0.92,0.00245770277
Frame,1846,6.95391941,5.69878054,7.2833333,True,False,None,Playing,True,True,True,0,15,9.014633,0,-10,8.7,False,False,False,-4,0.92,0.00274759787
Frame,1847,6.956998,5.70196247,7.2833333,True,False,None,Playing,True,True,True,0,15,8.976452,0,-10,8.7,False,False,False,-4,0.92,0.00318210036
Frame,1848,6.95945072,5.704528,7.2833333,True,False,None,Playing,True,True,True,0,15,8.945665,0,-10,8.7,False,False,False,-4,0.92,0.00256519974
Frame,1849,6.96207142,5.707144,7.2833333,True,False,None,Playing,True,True,True,0,15,8.914272,0,-10,8.7,False,False,False,-4,0.92,0.00261609978
Frame,1850,6.96585369,5.710543,7.2833333,True,False,None,Playing,True,True,True,0,15,8.873483,0,-10,8.7,False,False,False,-4,0.92,0.00339930551
Frame,1851,6.96859074,5.713493,7.2833333,True,False,None,Playing,True,True,True,0,15,8.838084,0,-10,8.7,False,False,False,-4,0.92,0.00294969534
Frame,1852,6.97404575,5.718852,7.2833333,True,False,None,Playing,True,True,True,0,15,8.773777,0,-10,8.7,False,False,False,-4,0.92,0.005359205
Frame,1853,6.977311,5.72228432,7.2833333,True,False,None,Playing,True,True,True,0,15,8.732588,0,-10,8.7,False,False,False,-4,0.92,0.00343219959
Frame,1854,6.97988033,5.725008,7.2833333,True,False,None,Playing,True,True,True,0,15,8.699904,0,-10,8.7,False,False,False,-4,0.92,0.00272389455
Frame,1855,6.982665,5.72756243,7.2833333,True,False,None,Playing,True,True,True,0,15,8.66925049,0,-10,8.7,False,False,False,-4,0.92,0.002554606
Frame,1856,6.985324,5.73044157,7.2833333,True,False,None,Playing,True,True,True,0,15,8.634699,0,-10,8.7,False,False,False,-4,0.92,0.00287909573
Frame,1857,6.98792362,5.73285151,7.2833333,True,False,None,Playing,True,True,True,0,15,8.605782,0,-10,8.7,False,False,False,-4,0.92,0.002409701
Frame,1858,6.990636,5.73576355,7.2833333,True,False,None,Playing,True,True,True,0,15,8.570839,0,-10,8.7,False,False,False,-4,0.92,0.00291189761
Frame,1859,6.9929266,5.738068,7.2833333,True,False,None,Playing,True,True,True,0,15,8.543183,0,-10,8.7,False,False,False,-4,0.92,0.00230440055
Frame,1860,6.99548244,5.74041128,7.2833333,True,False,None,Playing,True,True,True,0,15,8.515065,0,-10,8.7,False,False,False,-4,0.92,0.00234330352
Frame,1861,6.99805737,5.74294424,7.2833333,True,False,None,Playing,True,True,True,0,15,8.484667,0,-10,8.7,False,False,False,-4,0.92,0.00253309938
Frame,1862,7.001397,5.74645042,7.2833333,True,False,None,Playing,True,True,True,0,15,8.442595,0,-10,8.7,False,False,False,-4,0.92,0.00350639876
Frame,1863,7.00418,5.749075,7.2833333,True,False,None,Playing,True,True,True,0,15,8.411102,0,-10,8.7,False,False,False,-4,0.92,0.00262470241
Frame,1864,7.006816,5.75192976,7.2833333,True,False,None,Playing,True,True,True,0,15,8.376842,0,-10,8.7,False,False,False,-4,0.92,0.00285499566
Frame,1865,7.009265,5.75422573,7.2833333,True,False,None,Playing,True,True,True,0,15,8.349291,0,-10,8.7,False,False,False,-4,0.92,0.00229600351
Frame,1866,7.01217365,5.75714874,7.2833333,True,False,None,Playing,True,True,True,0,15,8.314216,0,-10,8.7,False,False,False,-4,0.92,0.002923101
Frame,1867,7.01427746,5.759403,7.2833333,True,False,None,Playing,True,True,True,0,15,8.287159,0,-10,8.7,False,False,False,-4,0.92,0.0022544004
Frame,1868,7.017028,5.761775,7.2833333,True,False,None,Playing,True,True,True,0,15,8.25869751,0,-10,8.7,False,False,False,-4,0.92,0.00237189629
Frame,1869,7.020316,5.7651906,7.2833333,True,False,None,Playing,True,True,True,0,15,8.217712,0,-10,8.7,False,False,False,-4,0.92,0.00341570284
Frame,1870,7.02325344,5.768202,7.2833333,True,False,None,Playing,True,True,True,0,15,8.181579,0,-10,8.7,False,False,False,-4,0.92,0.00301139452
Frame,1871,7.02557659,5.77065754,7.2833333,True,False,None,Playing,True,True,True,0,15,8.152107,0,-10,8.7,False,False,False,-4,0.92,0.002455506
Frame,1872,7.02917,5.77409458,7.2833333,True,False,None,Playing,True,True,True,0,15,8.110866,0,-10,8.7,False,False,False,-4,0.92,0.00343689765
Frame,1873,7.03284359,5.77767229,7.2833333,True,False,None,Playing,True,True,True,0,15,8.067931,0,-10,8.7,False,False,False,-4,0.92,0.0035777
Frame,1874,7.036975,5.78179741,7.2833333,True,False,None,Playing,True,True,True,0,15,8.018432,0,-10,8.7,False,False,False,-4,0.92,0.00412519835
Frame,1875,7.039851,5.78482628,7.2833333,True,False,None,Playing,True,True,True,0,15,7.98208332,0,-10,8.7,False,False,False,-4,0.92,0.00302879815
Frame,1876,7.04266071,5.787592,7.2833333,True,False,None,Playing,True,True,True,0,15,7.948897,0,-10,8.7,False,False,False,-4,0.92,0.0027658022
Frame,1877,7.045562,5.79050159,7.2833333,True,False,None,Playing,True,True,True,0,15,7.913982,0,-10,8.7,False,False,False,-4,0.92,0.00290970085
Frame,1878,7.047961,5.79300356,7.2833333,True,False,None,Playing,True,True,True,0,15,7.88395834,0,-10,8.7,False,False,False,-4,0.92,0.00250209752
Frame,1879,7.05079,5.79569769,7.2833333,True,False,None,Playing,True,True,True,0,15,7.851627,0,-10,8.7,False,False,False,-4,0.92,0.00269410433
Frame,1880,7.053935,5.79897451,7.2833333,True,False,None,Playing,True,True,True,0,15,7.812307,0,-10,8.7,False,False,False,-4,0.92,0.00327670062
Frame,1881,7.05637836,5.80129671,7.2833333,True,False,None,Playing,True,True,True,0,15,7.78444,0,-10,8.7,False,False,False,-4,0.92,0.00232199556
Frame,1882,7.059413,5.804443,7.2833333,True,False,None,Playing,True,True,True,0,15,7.7466855,0,-10,8.7,False,False,False,-4,0.92,0.003146301
Frame,1883,7.06166363,5.806827,7.2833333,True,False,None,Playing,True,True,True,0,15,7.718076,0,-10,8.7,False,False,False,-4,0.92,0.00238440325
Frame,1884,7.064662,5.809591,7.2833333,True,False,None,Playing,True,True,True,0,15,7.68491,0,-10,8.7,False,False,False,-4,0.92,0.00276379683
Frame,1885,7.06740856,5.8123374,7.2833333,True,False,None,Playing,True,True,True,0,15,7.65195131,0,-10,8.7,False,False,False,-4,0.92,0.00274659856
Frame,1886,7.070264,5.81527042,7.2833333,True,False,None,Playing,True,True,True,0,15,7.61675262,0,-10,8.7,False,False,False,-4,0.92,0.00293280184
Frame,1887,7.0727663,5.817889,7.2833333,True,False,None,Playing,True,True,True,0,15,7.58532763,0,-10,8.7,False,False,False,-4,0.92,0.00261889887
Sequence_031,1887,7.1118536,5.817889,7.2833333,True,False,None,Playing,True,True,True,0,15,7.58532763,0,-10,8.7,False,False,False,-4,0.92,0.00261889887
Frame,1888,7.11481953,5.85970926,7.2833333,True,False,None,Playing,True,True,True,0,15,7.083487,0,-10,8.7,False,False,False,-4,0.92,0.0418201052
Frame,1889,7.11761761,5.86243343,7.2833333,True,False,None,Playing,True,True,True,0,15,7.05079651,0,-10,8.7,False,False,False,-4,0.92,0.00272439769
Frame,1890,7.120612,5.86552572,7.2833333,True,False,None,Playing,True,True,True,0,15,7.01369238,0,-10,8.7,False,False,False,-4,0.92,0.00309219817
Frame,1891,7.123557,5.86847353,7.2833333,True,False,None,Playing,True,True,True,0,15,6.978318,0,-10,8.7,False,False,False,-4,0.92,0.00294790254
Frame,1892,7.1261797,5.871274,7.2833333,True,False,None,Playing,True,True,True,0,15,6.94471264,0,-10,8.7,False,False,False,-4,0.92,0.002800503
Frame,1893,7.129058,5.873959,7.2833333,True,False,None,Playing,True,True,True,0,15,6.912489,0,-10,8.7,False,False,False,-4,0.92,0.00268499856
Frame,1894,7.13196468,5.876933,7.2833333,True,False,None,Playing,True,True,True,0,15,6.876803,0,-10,8.7,False,False,False,-4,0.92,0.0029741
Frame,1895,7.13462925,5.87967443,7.2833333,True,False,None,Playing,True,True,True,0,15,6.8439045,0,-10,8.7,False,False,False,-4,0.92,0.002741199
Frame,1896,7.137349,5.882495,7.2833333,True,False,None,Playing,True,True,True,0,15,6.81005955,0,-10,8.7,False,False,False,-4,0.92,0.00282069878
Frame,1897,7.14048862,5.884743,7.2833333,True,False,None,Playing,True,True,True,0,15,6.783079,0,-10,8.7,False,False,False,-4,0.92,0.00224839849
Frame,1898,7.143285,5.8880434,7.2833333,True,False,None,Playing,True,True,True,0,15,6.74347973,0,-10,8.7,False,False,False,-4,0.92,0.00330030476
Frame,1899,7.146018,5.89114332,7.2833333,True,False,None,Playing,True,True,True,0,15,6.70628,0,-10,8.7,False,False,False,-4,0.92,0.0030997945
Frame,1900,7.14839649,5.893373,7.2833333,True,False,None,Playing,True,True,True,0,15,6.67952347,0,-10,8.7,False,False,False,-4,0.92,0.00222970522
Frame,1901,7.15115833,5.89617443,7.2833333,True,False,None,Playing,True,True,True,0,15,6.645906,0,-10,8.7,False,False,False,-4,0.92,0.00280119758
Frame,1902,7.154111,5.899199,7.2833333,True,False,None,Playing,True,True,True,0,15,6.609613,0,-10,8.7,False,False,False,-4,0.92,0.00302470243
Frame,1903,7.156335,5.90143251,7.2833333,True,False,None,Playing,True,True,True,0,15,6.58280849,0,-10,8.7,False,False,False,-4,0.92,0.0022334964
Frame,1904,7.159028,5.903969,7.2833333,True,False,None,Playing,True,True,True,0,15,6.552374,0,-10,8.7,False,False,False,-4,0.92,0.0025365008
Frame,1905,7.161523,5.906625,7.2833333,True,False,None,Playing,True,True,True,0,15,6.520502,0,-10,8.7,False,False,False,-4,0.92,0.002656002
Frame,1906,7.16422558,5.90938234,7.2833333,True,False,None,Playing,True,True,True,0,15,6.4874115,0,-10,8.7,False,False,False,-4,0.92,0.00275749713
Frame,1907,7.16661167,5.911536,7.2833333,True,False,None,Playing,True,True,True,0,15,6.46156549,0,-10,8.7,False,False,False,-4,0.92,0.00215390441
Frame,1908,7.169883,5.91485,7.2833333,True,False,None,Playing,True,True,True,0,15,6.421798,0,-10,8.7,False,False,False,-4,0.92,0.003313896
Frame,1909,7.17270756,5.917673,7.2833333,True,False,None,Playing,True,True,True,0,15,6.38792133,0,-10,8.7,False,False,False,-4,0.92,0.00282280333
Frame,1910,7.175805,5.92071342,7.2833333,True,False,None,Playing,True,True,True,0,15,6.35143661,0,-10,8.7,False,False,False,-4,0.92,0.003040299
Frame,1911,7.178464,5.9236,7.2833333,True,False,None,Playing,True,True,True,0,15,6.316797,0,-10,8.7,False,False,False,-4,0.92,0.00288699684
Frame,1912,7.18109035,5.926001,7.2833333,True,False,None,Playing,True,True,True,0,15,6.28798771,0,-10,8.7,False,False,False,-4,0.92,0.00240109838
Frame,1913,7.18336773,5.92839861,7.2833333,True,False,None,Playing,True,True,True,0,15,6.2592144,0,-10,8.7,False,False,False,-4,0.92,0.00239770417
Frame,1914,7.185998,5.93097353,7.2833333,True,False,None,Playing,True,True,True,0,15,6.228317,0,-10,8.7,False,False,False,-4,0.92,0.002575
Frame,1915,7.18887043,5.9336834,7.2833333,True,False,None,Playing,True,True,True,0,15,6.19579744,0,-10,8.7,False,False,False,-4,0.92,0.002709701
Frame,1916,7.19132328,5.93638563,7.2833333,True,False,None,Playing,True,True,True,0,15,6.16337,0,-10,8.7,False,False,False,-4,0.92,0.002702296
Frame,1917,7.193822,5.938899,7.2833333,True,False,None,Playing,True,True,True,0,15,6.133211,0,-10,8.7,False,False,False,-4,0.92,0.00251320144
Frame,1918,7.19671535,5.941752,7.2833333,True,False,None,Playing,True,True,True,0,15,6.0989747,0,-10,8.7,False,False,False,-4,0.92,0.00285310368
Frame,1919,7.19899845,5.944151,7.2833333,True,False,None,Playing,True,True,True,0,15,6.07018948,0,-10,8.7,False,False,False,-4,0.92,0.00239919918
Frame,1920,7.201234,5.946415,7.2833333,True,False,None,Playing,True,True,True,0,15,6.04302168,0,-10,8.7,False,False,False,-4,0.92,0.00226409431
Frame,1921,7.203389,5.94855833,7.2833333,True,False,None,Playing,True,True,True,0,15,6.01729965,0,-10,8.7,False,False,False,-4,0.92,0.00214360119
Frame,1922,7.20566273,5.95079756,7.2833333,True,False,None,Playing,True,True,True,0,15,5.990427,0,-10,8.7,False,False,False,-4,0.92,0.00223910157
Frame,1923,7.208213,5.953131,7.2833333,True,False,None,Playing,True,True,True,0,15,5.96242476,0,-10,8.7,False,False,False,-4,0.92,0.00233350345
Frame,1924,7.21098042,5.95591164,7.2833333,True,False,None,Playing,True,True,True,0,15,5.929059,0,-10,8.7,False,False,False,-4,0.92,0.002780499
Frame,1925,7.213807,5.958663,7.2833333,True,False,None,Playing,True,True,True,0,15,5.89604473,0,-10,8.7,False,False,False,-4,0.92,0.00275119767
Frame,1926,7.216464,5.961548,7.2833333,True,False,None,Playing,True,True,True,0,15,5.861425,0,-10,8.7,False,False,False,-4,0.92,0.00288489927
Frame,1927,7.21929646,5.96404648,7.2833333,True,False,None,Playing,True,True,True,0,15,5.8314414,0,-10,8.7,False,False,False,-4,0.92,0.00249860412
Frame,1928,7.22301,5.967913,7.2833333,True,False,None,Playing,True,True,True,0,15,5.785041,0,-10,8.7,False,False,False,-4,0.92,0.00386690046
Frame,1929,7.22549343,5.970524,7.2833333,True,False,None,Playing,True,True,True,0,15,5.7537117,0,-10,8.7,False,False,False,-4,0.92,0.0026107002
Frame,1930,7.227805,5.97283459,7.2833333,True,False,None,Playing,True,True,True,0,15,5.725985,0,-10,8.7,False,False,False,-4,0.92,0.0023107
Frame,1931,7.23074436,5.97569,7.2833333,True,False,None,Playing,True,True,True,0,15,5.69172049,0,-10,8.7,False,False,False,-4,0.92,0.00285509485
Frame,1932,7.23336124,5.97847939,7.2833333,True,False,None,Playing,True,True,True,0,15,5.658247,0,-10,8.7,False,False,False,-4,0.92,0.00278950529
Frame,1933,7.235736,5.98069954,7.2833333,True,False,None,Playing,True,True,True,0,15,5.631606,0,-10,8.7,False,False,False,-4,0.92,0.00222029467
Frame,1934,7.239354,5.98421574,7.2833333,True,False,None,Playing,True,True,True,0,15,5.589411,0,-10,8.7,False,False,False,-4,0.92,0.003516199
Frame,1935,7.241935,5.987076,7.2833333,True,False,None,Playing,True,True,True,0,15,5.55509043,0,-10,8.7,False,False,False,-4,0.92,0.002860105
Frame,1936,7.24435329,5.98943663,7.2833333,True,False,None,Playing,True,True,True,0,15,5.52676058,0,-10,8.7,False,False,False,-4,0.92,0.00236099772
Frame,1937,7.246747,5.99172974,7.2833333,True,False,None,Playing,True,True,True,0,15,5.49924135,0,-10,8.7,False,False,False,-4,0.92,0.00229289965
Frame,1938,7.25005054,5.995174,7.2833333,True,False,None,Playing,True,True,True,0,15,5.45791245,0,-10,8.7,False,False,False,-4,0.92,0.00344409724
Frame,1939,7.252618,5.99750853,7.2833333,True,False,None,Playing,True,True,True,0,15,5.429898,0,-10,8.7,False,False,False,-4,0.92,0.00233460171
Frame,1940,7.255727,6.00062656,7.2833333,True,False,None,Playing,True,True,True,0,15,5.392479,0,-10,8.7,False,False,False,-4,0.92,0.00311780046
Frame,1941,7.25840473,6.00339556,7.2833333,True,False,None,Playing,True,True,True,0,15,5.359253,0,-10,8.7,False,False,False,-4,0.92,0.00276889885
Frame,1942,7.26110935,6.00622129,7.2833333,True,False,None,Playing,True,True,True,0,15,5.325344,0,-10,8.7,False,False,False,-4,0.92,0.00282570161
Frame,1943,7.263442,6.00858927,7.2833333,True,False,None,Playing,True,True,True,0,15,5.29693,0,-10,8.7,False,False,False,-4,0.92,0.00236789975
Frame,1944,7.26573658,6.01079369,7.2833333,True,False,None,Playing,True,True,True,0,15,5.270477,0,-10,8.7,False,False,False,-4,0.92,0.00220440049
Frame,1945,7.26833248,6.01320076,7.2833333,True,False,None,Playing,True,True,True,0,15,5.241592,0,-10,8.7,False,False,False,-4,0.92,0.00240729866
Frame,1946,7.27123928,6.01636076,7.2833333,True,False,None,Playing,True,True,True,0,15,5.20366955,0,-10,8.7,False,False,False,-4,0.92,0.003160204
Frame,1947,7.273591,6.01857948,7.2833333,True,False,None,Playing,True,True,True,0,15,5.177045,0,-10,8.7,False,False,False,-4,0.92,0.00221860129
Sequence_032,1947,7.29612064,6.01857948,7.2833333,True,False,None,Playing,True,True,True,0,15,5.177045,0,-10,8.7,False,False,False,-4,0.92,0.00221860129
Frame,1948,7.29937458,6.04412746,7.2833333,True,False,None,Playing,True,True,True,0,15,4.870471,0,-10,8.7,False,False,False,-4,0.92,0.0255479943
Frame,1949,7.302495,6.04726553,7.2833333,True,False,None,Playing,True,True,True,0,15,4.83281231,0,-10,8.7,False,False,False,-4,0.92,0.00313810236
Frame,1950,7.306199,6.05120039,7.2833333,True,False,None,Playing,True,True,True,0,15,4.785593,0,-10,8.7,False,False,False,-4,0.92,0.00393499853
Frame,1951,7.30861568,6.05373,7.2833333,True,False,None,Playing,True,True,True,0,15,4.755238,0,-10,8.7,False,False,False,-4,0.92,0.002529599
Frame,1952,7.310874,6.0559926,7.2833333,True,False,None,Playing,True,True,True,0,15,4.72808647,0,-10,8.7,False,False,False,-4,0.92,0.0022625
Frame,1953,7.313943,6.0588026,7.2833333,True,False,None,Playing,True,True,True,0,15,4.69436932,0,-10,8.7,False,False,False,-4,0.92,0.00280980021
Frame,1954,7.316745,6.06148052,7.2833333,True,False,None,Playing,True,True,True,0,15,4.66223335,0,-10,8.7,False,False,False,-4,0.92,0.002677799
Frame,1955,7.31955433,6.064646,7.2833333,True,False,None,Playing,True,True,True,0,15,4.624251,0,-10,8.7,False,False,False,-4,0.92,0.0031652
Frame,1956,7.32231236,6.067227,7.2833333,True,False,None,Playing,True,True,True,0,15,4.59327745,0,-10,8.7,False,False,False,-4,0.92,0.00258090277
Frame,1957,7.32529926,6.069675,7.2833333,True,False,None,Playing,True,True,True,0,15,4.563901,0,-10,8.7,False,False,False,-4,0.92,0.00244790246
Frame,1958,7.327815,6.07285166,7.2833333,True,False,None,Playing,True,True,True,0,15,4.525779,0,-10,8.7,False,False,False,-4,0.92,0.00317659439
Frame,1959,7.330304,6.075407,7.2833333,True,False,None,Playing,True,True,True,0,15,4.49511671,0,-10,8.7,False,False,False,-4,0.92,0.00255560526
Frame,1960,7.33289051,6.077811,7.2833333,True,False,None,Playing,True,True,True,0,15,4.466272,0,-10,8.7,False,False,False,-4,0.92,0.00240350049
Frame,1961,7.33521557,6.08029175,7.2833333,True,False,None,Playing,True,True,True,0,15,4.4365,0,-10,8.7,False,False,False,-4,0.92,0.002480995
Frame,1962,7.33787251,6.0827713,7.2833333,True,False,None,Playing,True,True,True,0,15,4.40674448,0,-10,8.7,False,False,False,-4,0.92,0.00247970526
Frame,1963,7.34083462,6.085745,7.2833333,True,False,None,Playing,True,True,True,0,15,4.37106228,0,-10,8.7,False,False,False,-4,0.92,0.00297339843
Frame,1964,7.34362125,6.08872032,7.2833333,True,False,None,Playing,True,True,True,0,15,4.335356,0,-10,8.7,False,False,False,-4,0.92,0.002975496
Frame,1965,7.346019,6.090997,7.2833333,True,False,None,Playing,True,True,True,0,15,4.308033,0,-10,8.7,False,False,False,-4,0.92,0.00227679987
Frame,1966,7.34895229,6.093848,7.2833333,True,False,None,Playing,True,True,True,0,15,4.2738204,0,-10,8.7,False,False,False,-4,0.92,0.00285110553
Frame,1967,7.3514204,6.09642172,7.2833333,True,False,None,Playing,True,True,True,0,15,4.24293852,0,-10,8.7,False,False,False,-4,0.92,0.00257329922
Frame,1968,7.35504055,6.10010529,7.2833333,True,False,None,Playing,True,True,True,0,15,4.19873428,0,-10,8.7,False,False,False,-4,0.92,0.003683801
Frame,1969,7.357686,6.10254335,7.2833333,True,False,None,Playing,True,True,True,0,15,4.169478,0,-10,8.7,False,False,False,-4,0.92,0.002437996
Frame,1970,7.36055851,6.1053195,7.2833333,True,False,None,Playing,True,True,True,0,15,4.136164,0,-10,8.7,False,False,False,-4,0.92,0.00277620461
Frame,1971,7.36312,6.108276,7.2833333,True,False,None,Playing,True,True,True,0,15,4.10069,0,-10,8.7,False,False,False,-4,0.92,0.00295639876
Frame,1972,7.365903,6.110697,7.2833333,True,False,None,Playing,True,True,True,0,15,4.071637,0,-10,8.7,False,False,False,-4,0.92,0.0024210955
Frame,1973,7.368785,6.113782,7.2833333,True,False,None,Playing,True,True,True,0,15,4.034617,0,-10,8.7,False,False,False,-4,0.92,0.003085105
Frame,1974,7.372319,6.116732,7.2833333,True,False,None,Playing,True,True,True,0,15,3.99921465,0,-10,8.7,False,False,False,-4,0.92,0.00295
Frame,1975,7.37494373,6.119986,7.2833333,True,False,None,Playing,True,True,True,0,15,3.960166,0,-10,8.7,False,False,False,-4,0.92,0.00325389742
Frame,1976,7.377509,6.12253666,7.2833333,True,False,None,Playing,True,True,True,0,15,3.92955971,0,-10,8.7,False,False,False,-4,0.92,0.00255039684
Frame,1977,7.380021,6.124912,7.2833333,True,False,None,Playing,True,True,True,0,15,3.9010582,0,-10,8.7,False,False,False,-4,0.92,0.002375
Frame,1978,7.383569,6.128429,7.2833333,True,False,None,Playing,True,True,True,0,15,3.85885072,0,-10,8.7,False,False,False,-4,0.92,0.00351720513
Frame,1979,7.38641262,6.13139,7.2833333,True,False,None,Playing,True,True,True,0,15,3.82331634,0,-10,8.7,False,False,False,-4,0.92,0.00296099763
Frame,1980,7.389201,6.134245,7.2833333,True,False,None,Playing,True,True,True,0,15,3.78906,0,-10,8.7,False,False,False,-4,0.92,0.002854698
Frame,1981,7.391856,6.13697767,7.2833333,True,False,None,Playing,True,True,True,0,15,3.7562654,0,-10,8.7,False,False,False,-4,0.92,0.00273270276
Frame,1982,7.39546871,6.1396,7.2833333,True,False,None,Playing,True,True,True,0,15,3.72480059,0,-10,8.7,False,False,False,-4,0.92,0.0026223
Frame,1983,7.39786434,6.14280128,7.2833333,True,False,None,Playing,True,True,True,0,15,3.68638277,0,-10,8.7,False,False,False,-4,0.92,0.00320150238
Frame,1984,7.40038,6.145409,7.2833333,True,False,None,Playing,True,True,True,0,15,3.65508986,0,-10,8.7,False,False,False,-4,0.92,0.0026080003
Frame,1985,7.403096,6.14808464,7.2833333,True,False,None,Playing,True,True,True,0,15,3.622982,0,-10,8.7,False,False,False,-4,0.92,0.00267539686
Frame,1986,7.405957,6.151036,7.2833333,True,False,None,Playing,True,True,True,0,15,3.58757138,0,-10,8.7,False,False,False,-4,0.92,0.00295109837
Frame,1987,7.40856457,6.15343857,7.2833333,True,False,None,Playing,True,True,True,0,15,3.55873823,0,-10,8.7,False,False,False,-4,0.92,0.0024026006
Frame,1988,7.41231632,6.157238,7.2833333,True,False,None,Playing,True,True,True,0,15,3.51314449,0,-10,8.7,False,False,False,-4,0.92,0.00379939773
Frame,1989,7.415101,6.1599803,7.2833333,True,False,None,Playing,True,True,True,0,15,3.480234,0,-10,8.7,False,False,False,-4,0.92,0.00274230447
Frame,1990,7.417598,6.162745,7.2833333,True,False,None,Playing,True,True,True,0,15,3.44705963,0,-10,8.7,False,False,False,-4,0.92,0.00276469672
Frame,1991,7.4203825,6.16533,7.2833333,True,False,None,Playing,True,True,True,0,15,3.416042,0,-10,8.7,False,False,False,-4,0.92,0.00258489931
Frame,1992,7.42305851,6.168062,7.2833333,True,False,None,Playing,True,True,True,0,15,3.38325143,0,-10,8.7,False,False,False,-4,0.92,0.002732405
Frame,1993,7.42551327,6.170647,7.2833333,True,False,None,Playing,True,True,True,0,15,3.352234,0,-10,8.7,False,False,False,-4,0.92,0.00258489931
Frame,1994,7.4279623,6.172931,7.2833333,True,False,None,Playing,True,True,True,0,15,3.32482624,0,-10,8.7,False,False,False,-4,0.92,0.00228419784
Frame,1995,7.43057537,6.17573738,7.2833333,True,False,None,Playing,True,True,True,0,15,3.29114914,0,-10,8.7,False,False,False,-4,0.92,0.002806002
Frame,1996,7.432809,6.17797661,7.2833333,True,False,None,Playing,True,True,True,0,15,3.2642808,0,-10,8.7,False,False,False,-4,0.92,0.00223899516
Frame,1997,7.43493557,6.18003273,7.2833333,True,False,None,Playing,True,True,True,0,15,3.239605,0,-10,8.7,False,False,False,-4,0.92,0.002056101
Frame,1998,7.43915844,6.183982,7.2833333,True,False,None,Playing,True,True,True,0,15,3.19221783,0,-10,8.7,False,False,False,-4,0.92,0.00394919934
Frame,1999,7.442216,6.18703,7.2833333,True,False,None,Playing,True,True,True,0,15,3.15564132,0,-10,8.7,False,False,False,-4,0.92,0.00304780318
Frame,2000,7.444709,6.18983269,7.2833333,True,False,None,Playing,True,True,True,0,15,3.12200785,0,-10,8.7,False,False,False,-4,0.92,0.002802799
Frame,2001,7.447324,6.192295,7.2833333,True,False,None,Playing,True,True,True,0,15,3.09246,0,-10,8.7,False,False,False,-4,0.92,0.00246220245
Frame,2002,7.44989872,6.195028,7.2833333,True,False,None,Playing,True,True,True,0,15,3.0596652,0,-10,8.7,False,False,False,-4,0.92,0.00273269555
Frame,2003,7.45231152,6.197209,7.2833333,True,False,None,Playing,True,True,True,0,15,3.03349161,0,-10,8.7,False,False,False,-4,0.92,0.002181002
Frame,2004,7.45514,6.20003128,7.2833333,True,False,None,Playing,True,True,True,0,15,2.99962282,0,-10,8.7,False,False,False,-4,0.92,0.002822201
Frame,2005,7.45790958,6.20302439,7.2833333,True,False,None,Playing,True,True,True,0,15,2.963705,0,-10,8.7,False,False,False,-4,0.92,0.00299299881
Frame,2006,7.46028233,6.205332,7.2833333,True,False,None,Playing,True,True,True,0,15,2.936018,0,-10,8.7,False,False,False,-4,0.92,0.00230760337
Frame,2007,7.463002,6.20812225,7.2833333,True,False,None,Playing,True,True,True,0,15,2.90253258,0,-10,8.7,False,False,False,-4,0.92,0.00279049738
Frame,2008,7.46538258,6.21035528,7.2833333,True,False,None,Playing,True,True,True,0,15,2.875736,0,-10,8.7,False,False,False,-4,0.92,0.002232901
Frame,2009,7.46867657,6.21373367,7.2833333,True,False,None,Playing,True,True,True,0,15,2.83519387,0,-10,8.7,False,False,False,-4,0.92,0.003378302
Frame,2010,7.471282,6.216339,7.2833333,True,False,None,Playing,True,True,True,0,15,2.80392885,0,-10,8.7,False,False,False,-4,0.92,0.00260539958
Frame,2011,7.47427654,6.21929932,7.2833333,True,False,None,Playing,True,True,True,0,15,2.76840639,0,-10,8.7,False,False,False,-4,0.92,0.0029603953
Sequence_033,2011,7.51162624,6.21929932,7.2833333,True,False,None,Playing,True,True,True,0,15,2.76840639,0,-10,8.7,False,False,False,-4,0.92,0.0029603953
Frame,2012,7.51468945,6.259398,7.2833333,True,False,None,Playing,True,True,True,0,15,2.28722429,0,-10,8.7,False,False,False,-4,0.92,0.0400988
Frame,2013,7.51753139,6.262385,7.2833333,True,False,None,Playing,True,True,True,0,15,2.25138259,0,-10,8.7,False,False,False,-4,0.92,0.002986997
Frame,2014,7.521035,6.2658844,7.2833333,True,False,None,Playing,True,True,True,0,15,2.20938683,0,-10,8.7,False,False,False,-4,0.92,0.00349930557
Frame,2015,7.523921,6.26885366,7.2833333,True,False,None,Playing,True,True,True,0,15,2.1737566,0,-10,8.7,False,False,False,-4,0.92,0.00296919653
Frame,2016,7.52706051,6.27200174,7.2833333,True,False,None,Playing,True,True,True,0,15,2.135978,0,-10,8.7,False,False,False,-4,0.92,0.00314820022
Frame,2017,7.529668,6.27474165,7.2833333,True,False,None,Playing,True,True,True,0,15,2.10309935,0,-10,8.7,False,False,False,-4,0.92,0.00273969676
Frame,2018,7.53243542,6.27721453,7.2833333,True,False,None,Playing,True,True,True,0,15,2.07342362,0,-10,8.7,False,False,False,-4,0.92,0.0024730016
Frame,2019,7.53550053,6.28040457,7.2833333,True,False,None,Playing,True,True,True,0,15,2.03514576,0,-10,8.7,False,False,False,-4,0.92,0.00319000147
Frame,2020,7.5387125,6.28352976,7.2833333,True,False,None,Playing,True,True,True,0,15,1.99764276,0,-10,8.7,False,False,False,-4,0.92,0.00312509923
Frame,2021,7.54194164,6.286168,7.2833333,True,False,None,Playing,True,True,True,0,15,1.9659822,0,-10,8.7,False,False,False,-4,0.92,0.00263849925
Frame,2022,7.54456425,6.28950453,7.2833333,True,False,None,Playing,True,True,True,0,15,1.92594731,0,-10,8.7,False,False,False,-4,0.92,0.00333630247
Frame,2023,7.5476923,6.292472,7.2833333,True,False,None,Playing,True,True,True,0,15,1.8903451,0,-10,8.7,False,False,False,-4,0.92,0.00296739652
Frame,2024,7.55062962,6.295741,7.2833333,True,False,None,Playing,True,True,True,0,15,1.85112488,0,-10,8.7,False,False,False,-4,0.92,0.00326910429
Frame,2025,7.55347729,6.29830742,7.2833333,True,False,None,Playing,True,True,True,0,15,1.8203429,0,-10,8.7,False,False,False,-4,0.92,0.00256629824
Frame,2026,7.556031,6.300956,7.2833333,True,False,None,Playing,True,True,True,0,15,1.78858256,0,-10,8.7,False,False,False,-4,0.92,0.00264820014
Frame,2027,7.55909634,6.30419445,7.2833333,True,False,None,Playing,True,True,True,0,15,1.74975753,0,-10,8.7,False,False,False,-4,0.92,0.00323890313
Frame,2028,7.561593,6.30649471,7.2833333,True,False,None,Playing,True,True,True,0,15,1.72218633,0,-10,8.7,False,False,False,-4,0.92,0.002300496
Frame,2029,7.56458,6.309488,7.2833333,True,False,None,Playing,True,True,True,0,15,1.68632066,0,-10,8.7,False,False,False,-4,0.92,0.00299289962
Frame,2030,7.56803036,6.31286049,7.2833333,True,False,None,Playing,True,True,True,0,15,1.64592624,0,-10,8.7,False,False,False,-4,0.92,0.00337280333
Frame,2031,7.57140446,6.316254,7.2833333,True,False,None,Playing,True,True,True,0,15,1.60530031,0,-10,8.7,False,False,False,-4,0.92,0.00339379953
Frame,2032,7.575015,6.32002163,7.2833333,True,False,None,Playing,True,True,True,0,15,1.56022549,0,-10,8.7,False,False,False,-4,0.92,0.00376760215
Frame,2033,7.57757473,6.322508,7.2833333,True,False,None,Playing,True,True,True,0,15,1.53049779,0,-10,8.7,False,False,False,-4,0.92,0.002486097
Frame,2034,7.580451,6.325192,7.2833333,True,False,None,Playing,True,True,True,0,15,1.498418,0,-10,8.7,False,False,False,-4,0.92,0.002684297
Frame,2035,7.583209,6.32814455,7.2833333,True,False,None,Playing,True,True,True,0,15,1.46315122,0,-10,8.7,False,False,False,-4,0.92,0.00295250141
Frame,2036,7.586585,6.33147144,7.2833333,True,False,None,Playing,True,True,True,0,15,1.42344379,0,-10,8.7,False,False,False,-4,0.92,0.0033268
Frame,2037,7.589673,6.33474541,7.2833333,True,False,None,Playing,True,True,True,0,15,1.38439524,0,-10,8.7,False,False,False,-4,0.92,0.003274001
Frame,2038,7.593524,6.338435,7.2833333,True,False,None,Playing,True,True,True,0,15,1.34042668,0,-10,8.7,False,False,False,-4,0.92,0.00368990214
Frame,2039,7.5968256,6.341566,7.2833333,True,False,None,Playing,True,True,True,0,15,1.30315125,0,-10,8.7,False,False,False,-4,0.92,0.00313089578
Frame,2040,7.600669,6.34486866,7.2833333,True,False,None,Playing,True,True,True,0,15,1.26387107,0,-10,8.7,False,False,False,-4,0.92,0.0033026007
Frame,2041,7.60602856,6.35052347,7.2833333,True,False,None,Playing,True,True,True,0,15,1.19670415,0,-10,8.7,False,False,False,-4,0.92,0.005655003
Frame,2042,7.61327839,6.357894,7.2833333,True,False,None,Playing,True,True,True,0,15,1.10935414,0,-10,8.7,False,False,False,-4,0.92,0.00737059955
Frame,2043,7.616622,6.361632,7.2833333,True,False,None,Playing,True,True,True,0,15,1.06514192,0,-10,8.7,False,False,False,-4,0.92,0.00373779773
Frame,2044,7.61920261,6.36411572,7.2833333,True,False,None,Playing,True,True,True,0,15,1.0357976,0,-10,8.7,False,False,False,-4,0.92,0.002483801
Frame,2045,7.6232214,6.36775637,7.2833333,True,False,None,Playing,True,True,True,0,15,0.992839456,0,-10,8.7,False,False,False,-4,0.92,0.003640703
Frame,2046,7.627574,6.37232876,7.2833333,True,False,None,Playing,True,True,True,0,15,0.938982964,0,-10,8.7,False,False,False,-4,0.92,0.00457249861
Frame,2047,7.63143063,6.376574,7.2833333,True,False,None,Playing,True,True,True,0,15,0.889076054,0,-10,8.7,False,False,False,-4,0.92,0.00424520252
Frame,2048,7.634734,6.37967253,7.2833333,True,False,None,Playing,True,True,True,0,15,0.852715135,0,-10,8.7,False,False,False,-4,0.92,0.00309869624
Frame,2049,7.638562,6.38346,7.2833333,True,False,None,Playing,True,True,True,0,15,0.808335245,0,-10,8.7,False,False,False,-4,0.92,0.00378769846
Frame,2050,7.6433115,6.38822365,7.2833333,True,False,None,Playing,True,True,True,0,15,0.752641737,0,-10,8.7,False,False,False,-4,0.92,0.00476349937
Frame,2051,7.64687824,6.391798,7.2833333,True,False,None,Playing,True,True,True,0,15,0.7109455,0,-10,8.7,False,False,False,-4,0.92,0.00357460324
Frame,2052,7.650588,6.395641,7.2833333,True,False,None,Playing,True,True,True,0,15,0.6662022,0,-10,8.7,False,False,False,-4,0.92,0.00384280039
Frame,2053,7.653857,6.39867163,7.2833333,True,False,None,Playing,True,True,True,0,15,0.6309834,0,-10,8.7,False,False,False,-4,0.92,0.00303069735
Frame,2054,7.65676,6.40165,7.2833333,True,False,None,Playing,True,True,True,0,15,0.596435547,0,-10,8.7,False,False,False,-4,0.92,0.00297840126
Frame,2055,7.65948772,6.404395,7.2833333,True,False,None,Playing,True,True,True,0,15,0.5646432,0,-10,8.7,False,False,False,-4,0.92,0.00274510356
Frame,2056,7.662917,6.407551,7.2833333,True,False,None,Playing,True,True,True,0,15,0.5281625,0,-10,8.7,False,False,False,-4,0.92,0.00315589574
Frame,2057,7.66591358,6.41103268,7.2833333,True,False,None,Playing,True,True,True,0,15,0.487995744,0,-10,8.7,False,False,False,-4,0.92,0.00348200114
Frame,2058,7.66855335,6.41346455,7.2833333,True,False,None,Playing,True,True,True,0,15,0.459993243,0,-10,8.7,False,False,False,-4,0.92,0.00243180268
Frame,2059,7.671254,6.416413,7.2833333,True,False,None,Playing,True,True,True,0,15,0.4261043,0,-10,8.7,False,False,False,-4,0.92,0.0029482
Frame,2060,7.67380238,6.418655,7.2833333,True,False,None,Playing,True,True,True,0,15,0.4003781,0,-10,8.7,False,False,False,-4,0.92,0.00224190042
Frame,2061,7.67610836,6.421197,7.2833333,True,False,None,Playing,True,True,True,0,15,0.371257424,0,-10,8.7,False,False,False,-4,0.92,0.00254219817
Sequence_034,2061,7.70094776,6.421197,7.2833333,True,False,None,Playing,True,True,True,0,15,0.371257424,0,-10,8.7,False,False,False,-4,0.92,0.00254219817
Frame,2062,7.704198,6.448895,7.2833333,True,False,None,Playing,True,True,True,0,15,0.0574473143,0,-10,8.7,False,False,False,-4,0.92,0.0276981015
Frame,2063,7.70729351,6.45212173,7.2833333,True,False,None,Playing,True,True,True,0,15,0.0213339925,0,-10,8.7,False,False,False,-4,0.92,0.003226899
Frame,2064,7.709964,6.455002,7.2833333,True,False,None,Playing,True,True,True,0,15,-0.0108137727,0,-10,8.7,False,False,False,-4,0.92,0.00287999585
Frame,2065,7.712449,6.457343,7.2833333,True,False,None,Playing,True,True,True,0,15,-0.0368874073,0,-10,8.7,False,False,False,-4,0.92,0.00234110677
Frame,2066,7.715253,6.46022129,7.2833333,True,False,None,Playing,True,True,True,0,15,-0.068867445,0,-10,8.7,False,False,False,-4,0.92,0.00287819584
Frame,2067,7.717593,6.462748,7.2833333,True,False,None,Playing,True,True,True,0,15,-0.09687394,0,-10,8.7,False,False,False,-4,0.92,0.00252670073
Frame,2068,7.72034359,6.46514654,7.2833333,True,False,None,Playing,True,True,True,0,15,-0.123402834,0,-10,8.7,False,False,False,-4,0.92,0.00239829929
Frame,2069,7.72327137,6.468103,7.2833333,True,False,None,Playing,True,True,True,0,15,-0.15601784,0,-10,8.7,False,False,False,-4,0.92,0.00295620039
Frame,2070,7.726184,6.471303,7.2833333,True,False,None,Playing,True,True,True,0,15,-0.191220641,0,-10,8.7,False,False,False,-4,0.92,0.00319990073
Frame,2071,7.72948,6.473655,7.2833333,True,False,None,Playing,True,True,True,0,15,-0.217026711,0,-10,8.7,False,False,False,-4,0.92,0.00235240231
Frame,2072,7.73201275,6.47708941,7.2833333,True,False,None,Playing,True,True,True,0,15,-0.254601657,0,-10,8.7,False,False,False,-4,0.92,0.00343399937
Frame,2073,7.735162,6.479616,7.2833333,True,False,None,Playing,True,True,True,0,15,-0.282164872,0,-10,8.7,False,False,False,-4,0.92,0.00252659433
Frame,2074,7.73804,6.48313332,7.2833333,True,False,None,Playing,True,True,True,0,15,-0.320414722,0,-10,8.7,False,False,False,-4,0.92,0.00351730431
Frame,2075,7.74076,6.48576927,7.2833333,True,False,None,Playing,True,True,True,0,15,-0.348996282,0,-10,8.7,False,False,False,-4,0.92,0.00263599772
Frame,2076,7.74340153,6.488485,7.2833333,True,False,None,Playing,True,True,True,0,15,-0.378352582,0,-10,8.7,False,False,False,-4,0.92,0.00271539832
Frame,2077,7.745946,6.49079847,7.2833333,True,False,None,Playing,True,True,True,0,15,-0.40330404,0,-10,8.7,False,False,False,-4,0.92,0.0023137047
Frame,2078,7.748439,6.493356,7.2833333,True,False,None,Playing,True,True,True,0,15,-0.430811346,0,-10,8.7,False,False,False,-4,0.92,0.00255759642
Frame,2079,7.75163555,6.496407,7.2833333,True,False,None,Playing,True,True,True,0,15,-0.4635262,0,-10,8.7,False,False,False,-4,0.92,0.00305070146
Frame,2080,7.75476933,6.499607,7.2833333,True,False,None,Playing,True,True,True,0,15,-0.497722626,0,-10,8.7,False,False,False,-4,0.92,0.0032
Frame,2081,7.757739,6.50286627,7.2833333,True,False,None,Playing,True,True,True,0,15,-0.532426238,0,-10,8.7,False,False,False,-4,0.92,0.003259297
Frame,2082,7.76089954,6.50583172,7.2833333,True,False,None,Playing,True,True,True,0,15,-0.5638951,0,-10,8.7,False,False,False,-4,0.92,0.00296560372
Frame,2083,7.763673,6.508748,7.2833333,True,False,None,Playing,True,True,True,0,15,-0.594733,0,-10,8.7,False,False,False,-4,0.92,0.002916298
Frame,2084,7.765958,6.5110836,7.2833333,True,False,None,Playing,True,True,True,0,15,-0.619357,0,-10,8.7,False,False,False,-4,0.92,0.0023355016
Frame,2085,7.76849651,6.513393,7.2833333,True,False,None,Playing,True,True,True,0,15,-0.643637538,0,-10,8.7,False,False,False,-4,0.92,0.00230909861
Frame,2086,7.77114773,6.51611376,7.2833333,True,False,None,Playing,True,True,True,0,15,-0.6721592,0,-10,8.7,False,False,False,-4,0.92,0.00272069871
Frame,2087,7.773898,6.5187273,7.2833333,True,False,None,Playing,True,True,True,0,15,-0.6994708,0,-10,8.7,False,False,False,-4,0.92,0.00261339988
Frame,2088,7.77658558,6.521439,7.2833333,True,False,None,Playing,True,True,True,0,15,-0.7277169,0,-10,8.7,False,False,False,-4,0.92,0.002712004
Frame,2089,7.779498,6.52437544,7.2833333,True,False,None,Playing,True,True,True,0,15,-0.7581914,0,-10,8.7,False,False,False,-4,0.92,0.00293640164
Frame,2090,7.78224659,6.52718973,7.2833333,True,False,None,Playing,True,True,True,0,15,-0.7872961,0,-10,8.7,False,False,False,-4,0.92,0.00281419349
Frame,2091,7.784745,6.529731,7.2833333,True,False,None,Playing,True,True,True,0,15,-0.813489556,0,-10,8.7,False,False,False,-4,0.92,0.00254100049
Frame,2092,7.78861332,6.53344727,7.2833333,True,False,None,Playing,True,True,True,0,15,-0.851639569,0,-10,8.7,False,False,False,-4,0.92,0.003716702
Frame,2093,7.791543,6.536419,7.2833333,True,False,None,Playing,True,True,True,0,15,-0.8820142,0,-10,8.7,False,False,False,-4,0.92,0.00297149946
Frame,2094,7.794139,6.53912258,7.2833333,True,False,None,Playing,True,True,True,0,15,-0.9095455,0,-10,8.7,False,False,False,-4,0.92,0.00270379824
Frame,2095,7.796426,6.54151964,7.2833333,True,False,None,Playing,True,True,True,0,15,-0.933873951,0,-10,8.7,False,False,False,-4,0.92,0.00239690323
Frame,2096,7.799096,6.54400063,7.2833333,True,False,None,Playing,True,True,True,0,15,-0.9589692,0,-10,8.7,False,False,False,-4,0.92,0.002481101
Frame,2097,7.801862,6.546788,7.2833333,True,False,None,Playing,True,True,True,0,15,-0.9870635,0,-10,8.7,False,False,False,-4,0.92,0.0027875
Frame,2098,7.804797,6.54979658,7.2833333,True,False,None,Playing,True,True,True,0,15,-1.01726651,0,-10,8.7,False,False,False,-4,0.92,0.00300859543
Frame,2099,7.80709171,6.55224228,7.2833333,True,False,None,Playing,True,True,True,0,15,-1.04172277,0,-10,8.7,False,False,False,-4,0.92,0.00244559953
Frame,2100,7.809762,6.554747,7.2833333,True,False,None,Playing,True,True,True,0,15,-1.06668615,0,-10,8.7,False,False,False,-4,0.92,0.00250490359
Frame,2101,7.81255436,6.55746937,7.2833333,True,False,None,Playing,True,True,True,0,15,-1.09371424,0,-10,8.7,False,False,False,-4,0.92,0.00272239931
Frame,2102,7.81673145,6.5616293,7.2833333,True,False,None,Playing,True,True,True,0,15,-1.1348114,0,-10,8.7,False,False,False,-4,0.92,0.004159701
Frame,2103,7.82002354,6.5650897,7.2833333,True,False,None,Playing,True,True,True,0,15,-1.16880417,0,-10,8.7,False,False,False,-4,0.92,0.0034604026
Frame,2104,7.823367,6.56829262,7.2833333,True,False,None,Playing,True,True,True,0,15,-1.20011735,0,-10,8.7,False,False,False,-4,0.92,0.00320269982
Frame,2105,7.82651043,6.571539,7.2833333,True,False,None,Playing,True,True,True,0,15,-1.231694,0,-10,8.7,False,False,False,-4,0.92,0.00324629387
Frame,2106,7.829116,6.574,7.2833333,True,False,None,Playing,True,True,True,0,15,-1.25553131,0,-10,8.7,False,False,False,-4,0.92,0.00246100477
Frame,2107,7.83196735,6.576862,7.2833333,True,False,None,Playing,True,True,True,0,15,-1.28313851,0,-10,8.7,False,False,False,-4,0.92,0.00286189769
Frame,2108,7.86552525,6.61044359,7.2833333,True,False,None,Playing,True,True,True,0,15,-1.5976634,0,-10,8.7,False,False,False,-4,0.92,0.0335815
Frame,2109,7.86887074,6.61386251,7.2833333,True,False,None,Playing,True,True,True,0,15,-1.628685,0,-10,8.7,False,False,False,-4,0.92,0.003418906
Frame,2110,7.871749,6.616519,7.2833333,True,False,None,Playing,True,True,True,0,15,-1.652658,0,-10,8.7,False,False,False,-4,0.92,0.00265639881
Frame,2111,7.874503,6.61950731,7.2833333,True,False,None,Playing,True,True,True,0,15,-1.67948651,0,-10,8.7,False,False,False,-4,0.92,0.00298849912
Frame,2112,7.87801075,6.62286663,7.2833333,True,False,None,Playing,True,True,True,0,15,-1.7094698,0,-10,8.7,False,False,False,-4,0.92,0.00335909869
Sequence_035,2112,7.90092564,6.62286663,7.2833333,True,False,None,Playing,True,True,True,0,15,-1.7094698,0,-10,8.7,False,False,False,-4,0.92,0.00335909869
Frame,2113,7.903657,6.648524,7.2833333,True,False,None,Playing,True,True,True,0,15,-1.93226373,0,-10,8.7,False,False,False,-4,0.92,0.0256570019
Frame,2114,7.906249,6.651239,7.2833333,True,False,None,Playing,True,True,True,0,15,-1.95518649,0,-10,8.7,False,False,False,-4,0.92,0.00271510053
Frame,2115,7.90942669,6.65419674,7.2833333,True,False,None,Playing,True,True,True,0,15,-1.98001409,0,-10,8.7,False,False,False,-4,0.92,0.00295800017
Frame,2116,7.912366,6.65721655,7.2833333,True,False,None,Playing,True,True,True,0,15,-2.00520515,0,-10,8.7,False,False,False,-4,0.92,0.00301960041
Frame,2117,7.915347,6.66022062,7.2833333,True,False,None,Playing,True,True,True,0,15,-2.03010464,0,-10,8.7,False,False,False,-4,0.92,0.00300399656
Frame,2118,7.91829,6.66321945,7.2833333,True,False,None,Playing,True,True,True,0,15,-2.05480862,0,-10,8.7,False,False,False,-4,0.92,0.002999001
Frame,2119,7.921571,6.66643333,7.2833333,True,False,None,Playing,True,True,True,0,15,-2.081106,0,-10,8.7,False,False,False,-4,0.92,0.00321390317
Frame,2120,7.92449474,6.669463,7.2833333,True,False,None,Playing,True,True,True,0,15,-2.10572982,0,-10,8.7,False,False,False,-4,0.92,0.003029698
Frame,2121,7.92680264,6.67181826,7.2833333,True,False,None,Playing,True,True,True,0,15,-2.124759,0,-10,8.7,False,False,False,-4,0.92,0.00235499581
Frame,2122,7.929759,6.674058,7.2833333,True,False,None,Playing,True,True,True,0,15,-2.14276576,0,-10,8.7,False,False,False,-4,0.92,0.002239803
Frame,2123,7.93267727,6.67759275,7.2833333,True,False,None,Playing,True,True,True,0,15,-2.17100382,0,-10,8.7,False,False,False,-4,0.92,0.003534701
Frame,2124,7.935176,6.68009853,7.2833333,True,False,None,Playing,True,True,True,0,15,-2.19088364,0,-10,8.7,False,False,False,-4,0.92,0.00250569731
Frame,2125,7.937989,6.68310976,7.2833333,True,False,None,Playing,True,True,True,0,15,-2.214629,0,-10,8.7,False,False,False,-4,0.92,0.00301120314
Frame,2126,7.940772,6.685605,7.2833333,True,False,None,Playing,True,True,True,0,15,-2.23418117,0,-10,8.7,False,False,False,-4,0.92,0.00249519548
Frame,2127,7.94316769,6.688297,7.2833333,True,False,None,Playing,True,True,True,0,15,-2.255147,0,-10,8.7,False,False,False,-4,0.92,0.002691702
Frame,2128,7.9454813,6.690605,7.2833333,True,False,None,Playing,True,True,True,0,15,-2.27302217,0,-10,8.7,False,False,False,-4,0.92,0.00230819872
Frame,2129,7.94813251,6.693175,7.2833333,True,False,None,Playing,True,True,True,0,15,-2.29281,0,-10,8.7,False,False,False,-4,0.92,0.00256960024
Frame,2130,7.950673,6.69557762,7.2833333,True,False,None,Playing,True,True,True,0,15,-2.311204,0,-10,8.7,False,False,False,-4,0.92,0.00240290537
Frame,2131,7.95356655,6.698497,7.2833333,True,False,None,Playing,True,True,True,0,15,-2.33340788,0,-10,8.7,False,False,False,-4,0.92,0.00291939476
Frame,2132,7.956504,6.701437,7.2833333,True,False,None,Playing,True,True,True,0,15,-2.35561585,0,-10,8.7,False,False,False,-4,0.92,0.0029401998
Frame,2133,7.960208,6.705156,7.2833333,True,False,None,Playing,True,True,True,0,15,-2.38348246,0,-10,8.7,False,False,False,-4,0.92,0.00371879968
Frame,2134,7.96247768,6.70754957,7.2833333,True,False,None,Playing,True,True,True,0,15,-2.40128565,0,-10,8.7,False,False,False,-4,0.92,0.00239360123
Frame,2135,7.964883,6.70998049,7.2833333,True,False,None,Playing,True,True,True,0,15,-2.41925645,0,-10,8.7,False,False,False,-4,0.92,0.00243080361
Frame,2136,7.96707439,6.7122035,7.2833333,True,False,None,Playing,True,True,True,0,15,-2.43559384,0,-10,8.7,False,False,False,-4,0.92,0.00222299458
Frame,2137,7.969611,6.714525,7.2833333,True,False,None,Playing,True,True,True,0,15,-2.45256233,0,-10,8.7,False,False,False,-4,0.92,0.002321705
Frame,2138,7.972268,6.717266,7.2833333,True,False,None,Playing,True,True,True,0,15,-2.472466,0,-10,8.7,False,False,False,-4,0.92,0.00274100062
Frame,2139,7.97466373,6.7197175,7.2833333,True,False,None,Playing,True,True,True,0,15,-2.49014926,0,-10,8.7,False,False,False,-4,0.92,0.00245119748
Frame,2140,7.97697163,6.72209167,7.2833333,True,False,None,Playing,True,True,True,0,15,-2.50716972,0,-10,8.7,False,False,False,-4,0.92,0.00237419922
Frame,2141,7.97964,6.724515,7.2833333,True,False,None,Playing,True,True,True,0,15,-2.52443743,0,-10,8.7,False,False,False,-4,0.92,0.0024232
Frame,2142,7.982072,6.72722864,7.2833333,True,False,None,Playing,True,True,True,0,15,-2.54364228,0,-10,8.7,False,False,False,-4,0.92,0.00271359831
Frame,2143,7.985196,6.730122,7.2833333,True,False,None,Playing,True,True,True,0,15,-2.56396937,0,-10,8.7,False,False,False,-4,0.92,0.002893601
Frame,2144,7.988364,6.733273,7.2833333,True,False,None,Playing,True,True,True,0,15,-2.58592558,0,-10,8.7,False,False,False,-4,0.92,0.003150999
Frame,2145,7.991584,6.73649263,7.2833333,True,False,None,Playing,True,True,True,0,15,-2.60817337,0,-10,8.7,False,False,False,-4,0.92,0.00321969949
Frame,2146,7.994384,6.73914576,7.2833333,True,False,None,Playing,True,True,True,0,15,-2.62636,0,-10,8.7,False,False,False,-4,0.92,0.0026530046
Frame,2147,7.99694347,6.74186945,7.2833333,True,False,None,Playing,True,True,True,0,15,-2.644894,0,-10,8.7,False,False,False,-4,0.92,0.00272379536
Frame,2148,7.999501,6.744612,7.2833333,True,False,None,Playing,True,True,True,0,15,-2.66341972,0,-10,8.7,False,False,False,-4,0.92,0.00274289958
Frame,2149,8.002494,6.747162,7.2833333,True,False,None,Playing,True,True,True,0,15,-2.680512,0,-10,8.7,False,False,False,-4,0.92,0.00254980149
Frame,2150,8.005078,6.750047,7.2833333,True,False,None,Playing,True,True,True,0,15,-2.6997087,0,-10,8.7,False,False,False,-4,0.92,0.0028855016
Frame,2151,8.007695,6.752789,7.2833333,True,False,None,Playing,True,True,True,0,15,-2.71780729,0,-10,8.7,False,False,False,-4,0.92,0.00274199969
Frame,2152,8.01007,6.7550354,7.2833333,True,False,None,Playing,True,True,True,0,15,-2.73253155,0,-10,8.7,False,False,False,-4,0.92,0.00224659871
Frame,2153,8.013825,6.758785,7.2833333,True,False,None,Playing,True,True,True,0,15,-2.75689173,0,-10,8.7,False,False,False,-4,0.92,0.003749504
Frame,2154,8.016223,6.761195,7.2833333,True,False,None,Playing,True,True,True,0,15,-2.77241468,0,-10,8.7,False,False,False,-4,0.92,0.00241029612
Frame,2155,8.019313,6.764129,7.2833333,True,False,None,Playing,True,True,True,0,15,-2.79116,0,-10,8.7,False,False,False,-4,0.92,0.002933801
Frame,2156,8.022037,6.76696873,7.2833333,True,False,None,Playing,True,True,True,0,15,-2.809147,0,-10,8.7,False,False,False,-4,0.92,0.00283949822
Frame,2157,8.024919,6.769813,7.2833333,True,False,None,Playing,True,True,True,0,15,-2.827014,0,-10,8.7,False,False,False,-4,0.92,0.0028442035
Frame,2158,8.027762,6.772706,7.2833333,True,False,None,Playing,True,True,True,0,15,-2.84503269,0,-10,8.7,False,False,False,-4,0.92,0.002892999
Frame,2159,8.03057,6.77550936,7.2833333,True,False,None,Playing,True,True,True,0,15,-2.86234045,0,-10,8.7,False,False,False,-4,0.92,0.00280350051
Frame,2160,8.033822,6.77868557,7.2833333,True,False,None,Playing,True,True,True,0,15,-2.881769,0,-10,8.7,False,False,False,-4,0.92,0.00317619764
Frame,2161,8.036464,6.7813406,7.2833333,True,False,None,Playing,True,True,True,0,15,-2.89786673,0,-10,8.7,False,False,False,-4,0.92,0.00265490357
Frame,2162,8.039083,6.784166,7.2833333,True,False,None,Playing,True,True,True,0,15,-2.91484714,0,-10,8.7,False,False,False,-4,0.92,0.00282539683
Frame,2163,8.042764,6.78784275,7.2833333,True,False,None,Playing,True,True,True,0,15,-2.93672371,0,-10,8.7,False,False,False,-4,0.92,0.00367679982
Frame,2164,8.045152,6.790117,7.2833333,True,False,None,Playing,True,True,True,0,15,-2.950126,0,-10,8.7,False,False,False,-4,0.92,0.00227400078
Frame,2165,8.047738,6.792663,7.2833333,True,False,None,Playing,True,True,True,0,15,-2.9650178,0,-10,8.7,False,False,False,-4,0.92,0.002546301
Frame,2166,8.050216,6.795349,7.2833333,True,False,None,Playing,True,True,True,0,15,-2.98059225,0,-10,8.7,False,False,False,-4,0.92,0.00268579926
Frame,2167,8.052743,6.797809,7.2833333,True,False,None,Playing,True,True,True,0,15,-2.99474144,0,-10,8.7,False,False,False,-4,0.92,0.00245999848
Frame,2168,8.054975,6.80008841,7.2833333,True,False,None,Playing,True,True,True,0,15,-3.00774431,0,-10,8.7,False,False,False,-4,0.92,0.00227949978
Frame,2169,8.057651,6.802744,7.2833333,True,False,None,Playing,True,True,True,0,15,-3.02277184,0,-10,8.7,False,False,False,-4,0.92,0.00265530054
Frame,2170,8.060418,6.805386,7.2833333,True,False,None,Playing,True,True,True,0,15,-3.03759575,0,-10,8.7,False,False,False,-4,0.92,0.0026423044
Frame,2171,8.06264,6.80781555,7.2833333,True,False,None,Playing,True,True,True,0,15,-3.05110574,0,-10,8.7,False,False,False,-4,0.92,0.00242929417
Frame,2172,8.065465,6.81045,7.2833333,True,False,None,Playing,True,True,True,0,15,-3.06563425,0,-10,8.7,False,False,False,-4,0.92,0.00263460167
Frame,2173,8.067838,6.81292772,7.2833333,True,False,None,Playing,True,True,True,0,15,-3.07917619,0,-10,8.7,False,False,False,-4,0.92,0.0024777
Frame,2174,8.071506,6.816559,7.2833333,True,False,None,Playing,True,True,True,0,15,-3.09881639,0,-10,8.7,False,False,False,-4,0.92,0.00363090285
Frame,2175,8.074466,6.81932068,7.2833333,True,False,None,Playing,True,True,True,0,15,-3.11359215,0,-10,8.7,False,False,False,-4,0.92,0.00276169926
Frame,2176,8.077014,6.8220787,7.2833333,True,False,None,Playing,True,True,True,0,15,-3.12820053,0,-10,8.7,False,False,False,-4,0.92,0.00275800028
Frame,2177,8.079797,6.824725,7.2833333,True,False,None,Playing,True,True,True,0,15,-3.142086,0,-10,8.7,False,False,False,-4,0.92,0.00264649955
Sequence_036,2177,8.116069,6.824725,7.2833333,True,False,None,Playing,True,True,True,0,15,-3.142086,0,-10,8.7,False,False,False,-4,0.92,0.00264649955
Frame,2178,8.119344,6.863669,7.2833333,True,False,None,Playing,True,True,True,0,15,-3.33137035,0,-10,8.7,False,False,False,-4,0.92,0.0389438979
Frame,2179,8.123216,6.86798668,7.2833333,True,False,None,Playing,True,True,True,0,15,-3.350635,0,-10,8.7,False,False,False,-4,0.92,0.00431780051
Frame,2180,8.125821,6.870906,7.2833333,True,False,None,Playing,True,True,True,0,15,-3.36347032,0,-10,8.7,False,False,False,-4,0.92,0.00291919638
Frame,2181,8.128131,6.873247,7.2833333,True,False,None,Playing,True,True,True,0,15,-3.37365365,0,-10,8.7,False,False,False,-4,0.92,0.00234110677
Frame,2182,8.130527,6.87547731,7.2833333,True,False,None,Playing,True,True,True,0,15,-3.383258,0,-10,8.7,False,False,False,-4,0.92,0.00223019416
Frame,2183,8.133508,6.87848663,7.2833333,True,False,None,Playing,True,True,True,0,15,-3.39608121,0,-10,8.7,False,False,False,-4,0.92,0.00300950254
Frame,2184,8.135995,6.881116,7.2833333,True,False,None,Playing,True,True,True,0,15,-3.40714741,0,-10,8.7,False,False,False,-4,0.92,0.002629103
Frame,2185,8.138608,6.883435,7.2833333,True,False,None,Playing,True,True,True,0,15,-3.4168036,0,-10,8.7,False,False,False,-4,0.92,0.002318899
Frame,2186,8.141339,6.88626671,7.2833333,True,False,None,Playing,True,True,True,0,15,-3.4284687,0,-10,8.7,False,False,False,-4,0.92,0.002831895
Frame,2187,8.144719,6.8890686,7.2833333,True,False,None,Playing,True,True,True,0,15,-3.439866,0,-10,8.7,False,False,False,-4,0.92,0.002801906
Frame,2188,8.147534,6.89249,7.2833333,True,False,None,Playing,True,True,True,0,15,-3.45359588,0,-10,8.7,False,False,False,-4,0.92,0.00342109543
Frame,2189,8.150092,6.89504528,7.2833333,True,False,None,Playing,True,True,True,0,15,-3.46371531,0,-10,8.7,False,False,False,-4,0.92,0.00255530048
Frame,2190,8.153182,6.898091,7.2833333,True,False,None,Playing,True,True,True,0,15,-3.475624,0,-10,8.7,False,False,False,-4,0.92,0.00304569863
Frame,2191,8.156095,6.90095854,7.2833333,True,False,None,Playing,True,True,True,0,15,-3.48669,0,-10,8.7,False,False,False,-4,0.92,0.00286750286
Frame,2192,8.158919,6.904038,7.2833333,True,False,None,Playing,True,True,True,0,15,-3.498411,0,-10,8.7,False,False,False,-4,0.92,0.00307930121
Frame,2193,8.161351,6.906443,7.2833333,True,False,None,Playing,True,True,True,0,15,-3.5074482,0,-10,8.7,False,False,False,-4,0.92,0.00240539969
Frame,2194,8.163943,6.90890265,7.2833333,True,False,None,Playing,True,True,True,0,15,-3.51658535,0,-10,8.7,False,False,False,-4,0.92,0.002459701
Frame,2195,8.16657,6.911508,7.2833333,True,False,None,Playing,True,True,True,0,15,-3.52615,0,-10,8.7,False,False,False,-4,0.92,0.0026053004
Frame,2196,8.16957951,6.91435575,7.2833333,True,False,None,Playing,True,True,True,0,15,-3.53647327,0,-10,8.7,False,False,False,-4,0.92,0.00284749852
Frame,2197,8.172833,6.91780853,7.2833333,True,False,None,Playing,True,True,True,0,15,-3.54879713,0,-10,8.7,False,False,False,-4,0.92,0.003452799
Frame,2198,8.176267,6.92120361,7.2833333,True,False,None,Playing,True,True,True,0,15,-3.56071782,0,-10,8.7,False,False,False,-4,0.92,0.0033950964
Frame,2199,8.179322,6.92410755,7.2833333,True,False,None,Playing,True,True,True,0,15,-3.57075357,0,-10,8.7,False,False,False,-4,0.92,0.00290390453
Frame,2200,8.182385,6.927105,7.2833333,True,False,None,Playing,True,True,True,0,15,-3.5809648,0,-10,8.7,False,False,False,-4,0.92,0.00299730012
Frame,2201,8.185081,6.93007135,7.2833333,True,False,None,Playing,True,True,True,0,15,-3.59092069,0,-10,8.7,False,False,False,-4,0.92,0.002966199
Frame,2202,8.188493,6.9333353,7.2833333,True,False,None,Playing,True,True,True,0,15,-3.60170317,0,-10,8.7,False,False,False,-4,0.92,0.00326379668
Frame,2203,8.191384,6.936342,7.2833333,True,False,None,Playing,True,True,True,0,15,-3.61147523,0,-10,8.7,False,False,False,-4,0.92,0.00300629949
Frame,2204,8.194205,6.93909836,7.2833333,True,False,None,Playing,True,True,True,0,15,-3.620305,0,-10,8.7,False,False,False,-4,0.92,0.002756505
Frame,2205,8.197198,6.942087,7.2833333,True,False,None,Playing,True,True,True,0,15,-3.62973356,0,-10,8.7,False,False,False,-4,0.92,0.00298899529
Frame,2206,8.199899,6.944962,7.2833333,True,False,None,Playing,True,True,True,0,15,-3.638663,0,-10,8.7,False,False,False,-4,0.92,0.002875
Frame,2207,8.202912,6.94779539,7.2833333,True,False,None,Playing,True,True,True,0,15,-3.64733315,0,-10,8.7,False,False,False,-4,0.92,0.00283320574
Frame,2208,8.206193,6.95125961,7.2833333,True,False,None,Playing,True,True,True,0,15,-3.657752,0,-10,8.7,False,False,False,-4,0.92,0.00346399518
Frame,2209,8.208978,6.9538846,7.2833333,True,False,None,Playing,True,True,True,0,15,-3.66551948,0,-10,8.7,False,False,False,-4,0.92,0.00262480159
Frame,2210,8.211497,6.95664263,7.2833333,True,False,None,Playing,True,True,True,0,15,-3.67355442,0,-10,8.7,False,False,False,-4,0.92,0.00275809946
Frame,2211,8.213906,6.95899248,7.2833333,True,False,None,Playing,True,True,True,0,15,-3.68030739,0,-10,8.7,False,False,False,-4,0.92,0.00234970241
Frame,2212,8.216147,6.96124649,7.2833333,True,False,None,Playing,True,True,True,0,15,-3.686701,0,-10,8.7,False,False,False,-4,0.92,0.00225409586
Frame,2213,8.219201,6.964112,7.2833333,True,False,None,Playing,True,True,True,0,15,-3.69471216,0,-10,8.7,False,False,False,-4,0.92,0.00286540529
Frame,2214,8.222589,6.96744,7.2833333,True,False,None,Playing,True,True,True,0,15,-3.70385313,0,-10,8.7,False,False,False,-4,0.92,0.003328295
Frame,2215,8.22514248,6.97001171,7.2833333,True,False,None,Playing,True,True,True,0,15,-3.710794,0,-10,8.7,False,False,False,-4,0.92,0.002571705
Frame,2216,8.228206,6.97314548,7.2833333,True,False,None,Playing,True,True,True,0,15,-3.7191124,0,-10,8.7,False,False,False,-4,0.92,0.00313390023
Frame,2217,8.231284,6.976236,7.2833333,True,False,None,Playing,True,True,True,0,15,-3.72716737,0,-10,8.7,False,False,False,-4,0.92,0.003090299
Frame,2218,8.235339,6.980129,7.2833333,True,False,None,Playing,True,True,True,0,15,-3.73710322,0,-10,8.7,False,False,False,-4,0.92,0.003892999
Frame,2219,8.238481,6.983429,7.2833333,True,False,None,Playing,True,True,True,0,15,-3.74534583,0,-10,8.7,False,False,False,-4,0.92,0.00330039673
Frame,2220,8.24137,6.986336,7.2833333,True,False,None,Playing,True,True,True,0,15,-3.7524662,0,-10,8.7,False,False,False,-4,0.92,0.00290719955
Frame,2221,8.244166,6.989113,7.2833333,True,False,None,Playing,True,True,True,0,15,-3.75915146,0,-10,8.7,False,False,False,-4,0.92,0.00277670077
Frame,2222,8.246833,6.991818,7.2833333,True,False,None,Playing,True,True,True,0,15,-3.765549,0,-10,8.7,False,False,False,-4,0.92,0.002705003
Frame,2223,8.249452,6.994345,7.2833333,True,False,None,Playing,True,True,True,0,15,-3.77142739,0,-10,8.7,False,False,False,-4,0.92,0.00252719666
Frame,2224,8.252444,6.99728346,7.2833333,True,False,None,Playing,True,True,True,0,15,-3.77814436,0,-10,8.7,False,False,False,-4,0.92,0.00293810223
Frame,2225,8.254851,6.999852,7.2833333,True,False,None,Playing,True,True,True,0,15,-3.78391123,0,-10,8.7,False,False,False,-4,0.92,0.00256860116
Frame,2226,8.257083,7.002251,7.2833333,True,False,None,Playing,True,True,True,0,15,-3.78921056,0,-10,8.7,False,False,False,-4,0.92,0.0023990008
Frame,2227,8.25948,7.00456142,7.2833333,True,False,None,Playing,True,True,True,0,15,-3.79423428,0,-10,8.7,False,False,False,-4,0.92,0.00231029629
Frame,2228,8.26271,7.007842,7.2833333,True,False,None,Playing,True,True,True,0,15,-3.801235,0,-10,8.7,False,False,False,-4,0.92,0.00328049879
Frame,2229,8.264964,7.010102,7.2833333,True,False,None,Playing,True,True,True,0,15,-3.80596733,0,-10,8.7,False,False,False,-4,0.92,0.00225980021
Frame,2230,8.267404,7.01236629,7.2833333,True,False,None,Playing,True,True,True,0,15,-3.81063557,0,-10,8.7,False,False,False,-4,0.92,0.002264406
Frame,2231,8.270389,7.015339,7.2833333,True,False,None,Playing,True,True,True,0,15,-3.816654,0,-10,8.7,False,False,False,-4,0.92,0.00297249854
Frame,2232,8.27310848,7.018254,7.2833333,True,False,None,Playing,True,True,True,0,15,-3.82243657,0,-10,8.7,False,False,False,-4,0.92,0.002914796
Frame,2233,8.275462,7.0205617,7.2833333,True,False,None,Playing,True,True,True,0,15,-3.826929,0,-10,8.7,False,False,False,-4,0.92,0.00230809953
Frame,2234,8.277797,7.022983,7.2833333,True,False,None,Playing,True,True,True,0,15,-3.83156562,0,-10,8.7,False,False,False,-4,0.92,0.00242140028
Frame,2235,8.280402,7.02547932,7.2833333,True,False,None,Playing,True,True,True,0,15,-3.836258,0,-10,8.7,False,False,False,-4,0.92,0.00249640015
Sequence_037,2235,8.315454,7.02547932,7.2833333,True,False,None,Playing,True,True,True,0,15,-3.836258,0,-10,8.7,False,False,False,-4,0.92,0.00249640015
Frame,2236,8.318395,7.06313467,7.2833333,True,False,None,Playing,True,True,True,0,15,-3.89711523,0,-10,8.7,False,False,False,-4,0.92,0.0376555063
Frame,2237,8.322185,7.066883,7.2833333,True,False,None,Playing,True,True,True,0,15,-3.90220284,0,-10,8.7,False,False,False,-4,0.92,0.00374829932
D_IntroNearEnd,2237,8.324166,7.066883,7.2833333,True,False,None,Playing,True,True,True,0,15,-3.90220284,0,-10,8.7,False,False,False,-4,0.92,0.00374829932
Frame,2238,8.372722,7.1169343,7.2833333,True,False,None,Playing,True,True,True,0,15,-3.955145,0,-10,8.7,False,False,False,-4,0.92,0.0500513949
Frame,2239,8.37527,7.120263,7.2833333,True,False,None,Playing,True,True,True,0,15,-3.95776057,0,-10,8.7,False,False,False,-4,0.92,0.00332859973
Frame,2240,8.377725,7.122809,7.2833333,True,False,None,Playing,True,True,True,0,15,-3.95968962,0,-10,8.7,False,False,False,-4,0.92,0.00254590414
Frame,2241,8.380521,7.1254015,7.2833333,True,False,None,Playing,True,True,True,0,15,-3.9615984,0,-10,8.7,False,False,False,-4,0.92,0.00259249564
Frame,2242,8.383447,7.128348,7.2833333,True,False,None,Playing,True,True,True,0,15,-3.963691,0,-10,8.7,False,False,False,-4,0.92,0.00294630113
Frame,2243,8.386886,7.13178825,7.2833333,True,False,None,Playing,True,True,True,0,15,-3.96603918,0,-10,8.7,False,False,False,-4,0.92,0.00344060385
Frame,2244,8.390002,7.13482952,7.2833333,True,False,None,Playing,True,True,True,0,15,-3.968028,0,-10,8.7,False,False,False,-4,0.92,0.00304129813
Frame,2245,8.393304,7.138147,7.2833333,True,False,None,Playing,True,True,True,0,15,-3.97010851,0,-10,8.7,False,False,False,-4,0.92,0.00331729744
Frame,2246,8.3963995,7.14118,7.2833333,True,False,None,Playing,True,True,True,0,15,-3.97192955,0,-10,8.7,False,False,False,-4,0.92,0.00303329783
Frame,2247,8.399594,7.144486,7.2833333,True,False,None,Playing,True,True,True,0,15,-3.97383046,0,-10,8.7,False,False,False,-4,0.92,0.00330570433
Frame,2248,8.403262,7.148038,7.2833333,True,False,None,Playing,True,True,True,0,15,-3.97577524,0,-10,8.7,False,False,False,-4,0.92,0.0035517998
Frame,2249,8.406268,7.151128,7.2833333,True,False,None,Playing,True,True,True,0,15,-3.97738886,0,-10,8.7,False,False,False,-4,0.92,0.00308979582
Frame,2250,8.410062,7.154712,7.2833333,True,False,None,Playing,True,True,True,0,15,-3.97916985,0,-10,8.7,False,False,False,-4,0.92,0.0035845025
Frame,2251,8.41282749,7.15792465,7.2833333,True,False,None,Playing,True,True,True,0,15,-3.98068333,0,-10,8.7,False,False,False,-4,0.92,0.0032125
Frame,2252,8.415172,7.160226,7.2833333,True,False,None,Playing,True,True,True,0,15,-3.98172164,0,-10,8.7,False,False,False,-4,0.92,0.00230109831
Frame,2253,8.417813,7.162657,7.2833333,True,False,None,Playing,True,True,True,0,15,-3.98278,0,-10,8.7,False,False,False,-4,0.92,0.00243080361
Frame,2254,8.420592,7.16540956,7.2833333,True,False,None,Playing,True,True,True,0,15,-3.983926,0,-10,8.7,False,False,False,-4,0.92,0.00275289826
Frame,2255,8.423158,7.168205,7.2833333,True,False,None,Playing,True,True,True,0,15,-3.98503637,0,-10,8.7,False,False,False,-4,0.92,0.00279520266
Frame,2256,8.42587,7.1707,7.2833333,True,False,None,Playing,True,True,True,0,15,-3.98598671,0,-10,8.7,False,False,False,-4,0.92,0.00249529467
Frame,2257,8.428559,7.17349339,7.2833333,True,False,None,Playing,True,True,True,0,15,-3.98699713,0,-10,8.7,False,False,False,-4,0.92,0.00279320427
Frame,2258,8.43183,7.176756,7.2833333,True,False,None,Playing,True,True,True,0,15,-3.98811936,0,-10,8.7,False,False,False,-4,0.92,0.00326230167
Frame,2259,8.434823,7.17991734,7.2833333,True,False,None,Playing,True,True,True,0,15,-3.9891417,0,-10,8.7,False,False,False,-4,0.92,0.0031613945
Frame,2260,8.437095,7.182205,7.2833333,True,False,None,Playing,True,True,True,0,15,-3.98984456,0,-10,8.7,False,False,False,-4,0.92,0.0022879038
Frame,2261,8.439647,7.18482733,7.2833333,True,False,None,Playing,True,True,True,0,15,-3.99061131,0,-10,8.7,False,False,False,-4,0.92,0.00262189633
Frame,2262,8.441964,7.186859,7.2833333,True,False,None,Playing,True,True,True,0,15,-3.99117827,0,-10,8.7,False,False,False,-4,0.92,0.00203190185
Frame,2263,8.444421,7.18944454,7.2833333,True,False,None,Playing,True,True,True,0,15,-3.99186516,0,-10,8.7,False,False,False,-4,0.92,0.00258550164
Frame,2264,8.446765,7.19191647,7.2833333,True,False,None,Playing,True,True,True,0,15,-3.9924922,0,-10,8.7,False,False,False,-4,0.92,0.00247169775
Frame,2265,8.449296,7.194225,7.2833333,True,False,None,Playing,True,True,True,0,15,-3.99304342,0,-10,8.7,False,False,False,-4,0.92,0.002308298
Frame,2266,8.451581,7.19667435,7.2833333,True,False,None,Playing,True,True,True,0,15,-3.99360228,0,-10,8.7,False,False,False,-4,0.92,0.00244960329
Frame,2267,8.45449352,7.19955444,7.2833333,True,False,None,Playing,True,True,True,0,15,-3.9942174,0,-10,8.7,False,False,False,-4,0.92,0.00288020121
Frame,2268,8.457141,7.20227766,7.2833333,True,False,None,Playing,True,True,True,0,15,-3.99476051,0,-10,8.7,False,False,False,-4,0.92,0.00272339862
Frame,2269,8.45990849,7.20471239,7.2833333,True,False,None,Playing,True,True,True,0,15,-3.99521971,0,-10,8.7,False,False,False,-4,0.92,0.00243489933
Frame,2270,8.462754,7.207852,7.2833333,True,False,None,Playing,True,True,True,0,15,-3.99576688,0,-10,8.7,False,False,False,-4,0.92,0.003139399
Frame,2271,8.465072,7.210102,7.2833333,True,False,None,Playing,True,True,True,0,15,-3.99613428,0,-10,8.7,False,False,False,-4,0.92,0.00225
Frame,2272,8.467624,7.21271229,7.2833333,True,False,None,Playing,True,True,True,0,15,-3.99653363,0,-10,8.7,False,False,False,-4,0.92,0.002610204
Frame,2273,8.470103,7.215188,7.2833333,True,False,None,Playing,True,True,True,0,15,-3.996885,0,-10,8.7,False,False,False,-4,0.92,0.00247569452
Frame,2274,8.472426,7.21751738,7.2833333,True,False,None,Playing,True,True,True,0,15,-3.99719262,0,-10,8.7,False,False,False,-4,0.92,0.00232920214
Frame,2275,8.475152,7.21986246,7.2833333,True,False,None,Playing,True,True,True,0,15,-3.99748015,0,-10,8.7,False,False,False,-4,0.92,0.002345302
Frame,2276,8.477784,7.222869,7.2833333,True,False,None,Playing,True,True,True,0,15,-3.99782348,0,-10,8.7,False,False,False,-4,0.92,0.003006399
Frame,2277,8.480245,7.225143,7.2833333,True,False,None,Playing,True,True,True,0,15,-3.99805927,0,-10,8.7,False,False,False,-4,0.92,0.00227419916
Sequence_038,2277,8.514047,7.225143,7.2833333,True,False,None,Playing,True,True,True,0,15,-3.99805927,0,-10,8.7,False,False,False,-4,0.92,0.00227419916
Frame,2278,8.517051,7.26183939,7.2833333,True,False,None,Playing,True,True,True,0,15,-3.9999,0,-10,8.7,False,False,False,-4,0.92,0.0366964
Frame,2279,8.520684,7.265477,7.2833333,True,False,None,Playing,True,True,True,0,15,-3.99994421,0,-10,8.7,False,False,False,-4,0.92,0.00363759929
Frame,2280,8.523946,7.26865244,7.2833333,True,False,None,Playing,True,True,True,0,15,-3.999968,0,-10,8.7,False,False,False,-4,0.92,0.00317530474
Frame,2281,8.527347,7.27198648,7.2833333,True,False,None,Playing,True,True,True,0,15,-3.999984,0,-10,8.7,False,False,False,-4,0.92,0.00333409873
Frame,2282,8.529832,7.27493668,7.2833333,True,False,None,Playing,True,True,True,0,15,-3.999996,0,-10,8.7,False,False,False,-4,0.92,0.0029500993
Frame,2283,8.532372,7.277281,7.2833333,True,False,None,Playing,True,True,True,0,15,-3.999996,0,-10,8.7,False,False,False,-4,0.92,0.00234409724
Frame,2284,8.535113,7.28017569,7.2833333,True,False,None,Playing,True,True,True,0,15,-4,0,-10,8.7,False,False,False,-4,0.92,0.002894905
Frame,2285,8.537465,7.282525,7.2833333,True,False,None,Playing,True,True,True,0,15,-4,0,-10,8.7,False,False,False,-4,0.92,0.00234949682
Frame,2286,8.540828,7.284859,7.2833333,False,False,None,Playing,True,True,True,0,15,-4,0,-10,8.7,True,True,True,-4,0.92,0.00233399938
E_GameplayResumed,2286,8.542363,7.284859,7.2833333,False,False,None,Playing,True,True,True,0,15,-4,0,-10,8.7,True,True,True,-4,0.92,0.00233399938
Frame,2287,8.658242,7.284859,7.2833333,False,False,None,Playing,True,True,True,0,15,-4,0,-10,8.7,True,True,True,-3.90518475,0.963020742,0.0565519
Frame,2288,8.66158,7.284859,7.2833333,False,False,None,Playing,True,True,True,0,15,-3.9460454,0,-10,8.7,True,True,True,-3.66814661,0.964481056,0.0645274
Frame,2289,8.664252,7.284859,7.2833333,False,False,None,Playing,True,True,True,0,15,-3.94205785,0,-10,8.7,True,True,True,-3.66814661,0.964481056,0.00307719666
Frame,2290,8.66734,7.284859,7.2833333,False,False,None,Playing,True,True,True,0,15,-3.93768239,0,-10,8.7,True,True,True,-3.66814661,0.964481056,0.00333710317
Frame,2291,8.670232,7.284859,7.2833333,False,False,None,Playing,True,True,True,0,15,-3.933861,0,-10,8.7,True,True,True,-3.66814661,0.964481056,0.00288669928
Frame,2292,8.672929,7.284859,7.2833333,False,False,None,Playing,True,True,True,0,15,-3.93049073,0,-10,8.7,True,True,True,-3.66814661,0.964481056,0.0025285997
Frame,2293,8.675889,7.284859,7.2833333,False,False,None,Playing,True,True,True,0,15,-3.92643452,0,-10,8.7,True,True,True,-3.55752873,0.964667857,0.002984297
Frame,2294,8.678514,7.284859,7.2833333,False,False,None,Playing,True,True,True,0,15,-3.92255425,0,-10,8.7,True,True,True,-3.55752873,0.964667857,0.002767602
Frame,2295,8.680821,7.284859,7.2833333,False,False,None,Playing,True,True,True,0,15,-3.91915417,0,-10,8.7,True,True,True,-3.55752873,0.964667857,0.002366199
Frame,2296,8.683272,7.284859,7.2833333,False,False,None,Playing,True,True,True,0,15,-3.915556,0,-10,8.7,True,True,True,-3.55752873,0.964667857,0.00245330227
Frame,2297,8.685861,7.284859,7.2833333,False,False,None,Playing,True,True,True,0,15,-3.9119637,0,-10,8.7,True,True,True,-3.55752873,0.964667857,0.00240440061
Frame,2298,8.688615,7.284859,7.2833333,False,False,None,Playing,True,True,True,0,15,-3.907778,0,-10,8.7,True,True,True,-3.55752873,0.964667857,0.00275350059
Frame,2299,8.691098,7.284859,7.2833333,False,False,None,Playing,True,True,True,0,15,-3.9037106,0,-10,8.7,True,True,True,-3.55752873,0.964667857,0.002632802
Frame,2300,8.693831,7.284859,7.2833333,False,False,None,Playing,True,True,True,0,15,-3.90003633,0,-10,8.7,True,True,True,-3.43110824,0.964787364,0.002321797
Frame,2301,8.696778,7.284859,7.2833333,False,False,None,Playing,True,True,True,0,15,-3.89476275,0,-10,8.7,True,True,True,-3.43110824,0.964787364,0.00321089849
Frame,2302,8.69982052,7.284859,7.2833333,False,False,None,Playing,True,True,True,0,15,-3.88989854,0,-10,8.7,True,True,True,-3.43110824,0.964787364,0.00285549881
Frame,2303,8.703565,7.284859,7.2833333,False,False,None,Playing,True,True,True,0,15,-3.883289,0,-10,8.7,True,True,True,-3.43110824,0.964787364,0.00375080062
Frame,2304,8.706588,7.284859,7.2833333,False,False,None,Playing,True,True,True,0,15,-3.87724662,0,-10,8.7,True,True,True,-3.43110824,0.964787364,0.003321705
Frame,2305,8.709931,7.284859,7.2833333,False,False,None,Playing,True,True,True,0,15,-3.87264514,0,-10,8.7,True,True,True,-3.43110824,0.964787364,0.00247259787
Frame,2306,8.713342,7.284859,7.2833333,False,False,None,Playing,True,True,True,0,15,-3.865075,0,-10,8.7,True,True,True,-3.43110824,0.964787364,0.003983702
Frame,2307,8.716119,7.284859,7.2833333,False,False,None,Playing,True,True,True,0,15,-3.85964918,0,-10,8.7,True,True,True,-3.30330563,0.9648639,0.00276979874
Frame,2308,8.71892452,7.284859,7.2833333,False,False,None,Playing,True,True,True,0,15,-3.85382175,0,-10,8.7,True,True,True,-3.30330563,0.9648639,0.00287429849
Frame,2309,8.721465,7.284859,7.2833333,False,False,None,Playing,True,True,True,0,15,-3.84803557,0,-10,8.7,True,True,True,-3.30330563,0.9648639,0.00276840269
Frame,2310,8.723903,7.284859,7.2833333,False,False,None,Playing,True,True,True,0,15,-3.84280038,0,-10,8.7,True,True,True,-3.30330563,0.9648639,0.00244289963
Frame,2311,8.72683048,7.284859,7.2833333,False,False,None,Playing,True,True,True,0,15,-3.836902,0,-10,8.7,True,True,True,-3.30330563,0.9648639,0.0026933956
Frame,2312,8.729627,7.284859,7.2833333,False,False,None,Playing,True,True,True,0,15,-3.83056164,0,-10,8.7,True,True,True,-3.30330563,0.9648639,0.00283579924
Frame,2313,8.732461,7.284859,7.2833333,False,False,None,Playing,True,True,True,0,15,-3.82411766,0,-10,8.7,True,True,True,-3.30330563,0.9648639,0.00282880524
Frame,2314,8.735702,7.284859,7.2833333,False,False,None,Playing,True,True,True,0,15,-3.81697583,0,-10,8.7,True,True,True,-3.175503,0.964912832,0.00305309659
Frame,2315,8.738677,7.284859,7.2833333,False,False,None,Playing,True,True,True,0,15,-3.80934119,0,-10,8.7,True,True,True,-3.175503,0.964912832,0.00315420213
Frame,2316,8.741569,7.284859,7.2833333,False,False,None,Playing,True,True,True,0,15,-3.80211234,0,-10,8.7,True,True,True,-3.175503,0.964912832,0.00290049613
Frame,2317,8.744552,7.284859,7.2833333,False,False,None,Playing,True,True,True,0,15,-3.79385233,0,-10,8.7,True,True,True,-3.175503,0.964912832,0.00323070446
Frame,2318,8.747088,7.284859,7.2833333,False,False,None,Playing,True,True,True,0,15,-3.78739786,0,-10,8.7,True,True,True,-3.175503,0.964912832,0.00247140019
Frame,2319,8.750215,7.284859,7.2833333,False,False,None,Playing,True,True,True,0,15,-3.779224,0,-10,8.7,True,True,True,-3.175503,0.964912832,0.00307559525
Frame,2320,8.753552,7.284859,7.2833333,False,False,None,Playing,True,True,True,0,15,-3.77041841,0,-10,8.7,True,True,True,-3.04770041,0.9649442,0.00322740222
Frame,2321,8.756036,7.284859,7.2833333,False,False,None,Playing,True,True,True,0,15,-3.76301551,0,-10,8.7,True,True,True,-3.04770041,0.9649442,0.002634198
Frame,2322,8.758744,7.284859,7.2833333,False,False,None,Playing,True,True,True,0,15,-3.75503,0,-10,8.7,True,True,True,-3.04770041,0.9649442,0.00277490076
Frame,2323,8.761191,7.284859,7.2833333,False,False,None,Playing,True,True,True,0,15,-3.748479,0,-10,8.7,True,True,True,-3.04770041,0.9649442,0.00223170361
Frame,2324,8.76470852,7.284859,7.2833333,False,False,None,Playing,True,True,True,0,15,-3.738146,0,-10,8.7,True,True,True,-3.04770041,0.9649442,0.00345359975
Frame,2325,8.768428,7.284859,7.2833333,False,False,None,Playing,True,True,True,0,15,-3.72902441,0,-10,8.7,True,True,True,-3.04770041,0.9649442,0.00299000135
Frame,2326,8.772149,7.284859,7.2833333,False,False,None,Playing,True,True,True,0,15,-3.71539187,0,-10,8.7,True,True,True,-3.04770041,0.9649442,0.004389094
Frame,2327,8.775105,7.284859,7.2833333,False,False,None,Playing,True,True,True,0,15,-3.70558858,0,-10,8.7,True,True,True,-2.91989779,0.9649643,0.00308390032
Frame,2328,8.777528,7.284859,7.2833333,False,False,None,Playing,True,True,True,0,15,-3.6973412,0,-10,8.7,True,True,True,-2.91989779,0.9649643,0.0025365008
Frame,2329,8.780091,7.284859,7.2833333,False,False,None,Playing,True,True,True,0,15,-3.68878317,0,-10,8.7,True,True,True,-2.91989779,0.9649643,0.00258530327
Frame,2330,8.782893,7.284859,7.2833333,False,False,None,Playing,True,True,True,0,15,-3.68002987,0,-10,8.7,True,True,True,-2.91989779,0.9649643,0.00260209758
Frame,2331,8.78616,7.284859,7.2833333,False,False,None,Playing,True,True,True,0,15,-3.668844,0,-10,8.7,True,True,True,-2.91989779,0.9649643,0.00327380234
Frame,2332,8.789098,7.284859,7.2833333,False,False,None,Playing,True,True,True,0,15,-3.65867,0,-10,8.7,True,True,True,-2.91989779,0.9649643,0.002934701
Frame,2333,8.791837,7.284859,7.2833333,False,False,None,Playing,True,True,True,0,15,-3.64899969,0,-10,8.7,True,True,True,-2.91989779,0.9649643,0.00275819865
Frame,2334,8.795199,7.284859,7.2833333,False,False,None,Playing,True,True,True,0,15,-3.637602,0,-10,8.7,True,True,True,-2.79209518,0.964977145,0.00319829932
Frame,2335,8.797795,7.284859,7.2833333,False,False,None,Playing,True,True,True,0,15,-3.62771678,0,-10,8.7,True,True,True,-2.79209518,0.964977145,0.0027182966
Frame,2336,8.801341,7.284859,7.2833333,False,False,None,Playing,True,True,True,0,15,-3.615436,0,-10,8.7,True,True,True,-2.79209518,0.964977145,0.00331879966
Frame,2337,8.804753,7.284859,7.2833333,False,False,None,Playing,True,True,True,0,15,-3.601874,0,-10,8.7,True,True,True,-2.79209518,0.964977145,0.00360290543
Frame,2338,8.807551,7.284859,7.2833333,False,False,None,Playing,True,True,True,0,15,-3.59086275,0,-10,8.7,True,True,True,-2.79209518,0.964977145,0.00288529624
Frame,2339,8.810235,7.284859,7.2833333,False,False,None,Playing,True,True,True,0,15,-3.58056021,0,-10,8.7,True,True,True,-2.79209518,0.964977145,0.00267329928
Frame,2340,8.813336,7.284859,7.2833333,False,False,None,Playing,True,True,True,0,15,-3.56846237,0,-10,8.7,True,True,True,-2.79209518,0.964977145,0.00311349914
Frame,2341,8.816585,7.284859,7.2833333,False,False,None,Playing,True,True,True,0,15,-3.55633664,0,-10,8.7,True,True,True,-2.66429257,0.9649853,0.00308010215
Frame,2342,8.820401,7.284859,7.2833333,False,False,None,Playing,True,True,True,0,15,-3.54117,0,-10,8.7,True,True,True,-2.66429257,0.9649853,0.003782398
Frame,2343,8.823525,7.284859,7.2833333,False,False,None,Playing,True,True,True,0,15,-3.52680063,0,-10,8.7,True,True,True,-2.66429257,0.9649853,0.00352430553
Frame,2344,8.825927,7.284859,7.2833333,False,False,None,Playing,True,True,True,0,15,-3.517055,0,-10,8.7,True,True,True,-2.66429257,0.9649853,0.00236279774
Frame,2345,8.829394,7.284859,7.2833333,False,False,None,Playing,True,True,True,0,15,-3.50605249,0,-10,8.7,True,True,True,-2.66429257,0.9649853,0.002646698
Frame,2346,8.83261,7.284859,7.2833333,False,False,None,Playing,True,True,True,0,15,-3.48962283,0,-10,8.7,True,True,True,-2.66429257,0.9649853,0.003920401
Frame,2347,8.836059,7.284859,7.2833333,False,False,None,Playing,True,True,True,0,15,-3.47582865,0,-10,8.7,True,True,True,-2.53649,0.964990556,0.003248604
Frame,2348,8.838534,7.284859,7.2833333,False,False,None,Playing,True,True,True,0,15,-3.46350121,0,-10,8.7,True,True,True,-2.53649,0.964990556,0.00285980012
Frame,2349,8.841178,7.284859,7.2833333,False,False,None,Playing,True,True,True,0,15,-3.453326,0,-10,8.7,True,True,True,-2.53649,0.964990556,0.00233449554
Frame,2350,8.844186,7.284859,7.2833333,False,False,None,Playing,True,True,True,0,15,-3.439243,0,-10,8.7,True,True,True,-2.53649,0.964990556,0.00320040388
Frame,2351,8.846904,7.284859,7.2833333,False,False,None,Playing,True,True,True,0,15,-3.426463,0,-10,8.7,True,True,True,-2.53649,0.964990556,0.002877799
Frame,2352,8.849496,7.284859,7.2833333,False,False,None,Playing,True,True,True,0,15,-3.41603279,0,-10,8.7,True,True,True,-2.53649,0.964990556,0.00233319867
Frame,2353,8.853066,7.284859,7.2833333,False,False,None,Playing,True,True,True,0,15,-3.400153,0,-10,8.7,True,True,True,-2.53649,0.964990556,0.00353370188
Frame,2354,8.856408,7.284859,7.2833333,False,False,None,Playing,True,True,True,0,15,-3.38636827,0,-10,8.7,True,True,True,-2.40868735,0.9649939,0.00303719519
Frame,2355,8.86018848,7.284859,7.2833333,False,False,None,Playing,True,True,True,0,15,-3.36834264,0,-10,8.7,True,True,True,-2.40868735,0.9649939,0.00391640468
Frame,2356,8.863751,7.284859,7.2833333,False,False,None,Playing,True,True,True,0,15,-3.350631,0,-10,8.7,True,True,True,-2.40868735,0.9649939,0.00379890157
Frame,2357,8.86626148,7.284859,7.2833333,False,False,None,Playing,True,True,True,0,15,-3.33836913,0,-10,8.7,True,True,True,-2.40868735,0.9649939,0.00260669645
Frame,2358,8.868953,7.284859,7.2833333,False,False,None,Playing,True,True,True,0,15,-3.32534242,0,-10,8.7,True,True,True,-2.40868735,0.9649939,0.00275400374
Frame,2359,8.871654,7.284859,7.2833333,False,False,None,Playing,True,True,True,0,15,-3.31367087,0,-10,8.7,True,True,True,-2.40868735,0.9649939,0.00245669647
Frame,2360,8.876054,7.284859,7.2833333,False,False,None,Playing,True,True,True,0,15,-3.29296827,0,-10,8.7,True,True,True,-2.28088474,0.96499604,0.00431429967
Frame,2361,8.878936,7.284859,7.2833333,False,False,None,Playing,True,True,True,0,15,-3.27859664,0,-10,8.7,True,True,True,-2.28088474,0.96499604,0.00295379828
Frame,2362,8.881415,7.284859,7.2833333,False,False,None,Playing,True,True,True,0,15,-3.26537418,0,-10,8.7,True,True,True,-2.28088474,0.96499604,0.00269460026
Frame,2363,8.884488,7.284859,7.2833333,False,False,None,Playing,True,True,True,0,15,-3.25221848,0,-10,8.7,True,True,True,-2.28088474,0.96499604,0.0026634
Frame,2364,8.88827,7.284859,7.2833333,False,False,None,Playing,True,True,True,0,15,-3.232309,0,-10,8.7,True,True,True,-2.28088474,0.96499604,0.004007001
Frame,2365,8.892171,7.284859,7.2833333,False,False,None,Playing,True,True,True,0,15,-3.21724463,0,-10,8.7,True,True,True,-2.28088474,0.96499604,0.00301629817
Frame,2366,8.895402,7.284859,7.2833333,False,False,None,Playing,True,True,True,0,15,-3.19768953,0,-10,8.7,True,True,True,-2.15308213,0.9649974,0.003882901
Frame,2367,8.898204,7.284859,7.2833333,False,False,None,Playing,True,True,True,0,15,-3.18188977,0,-10,8.7,True,True,True,-2.15308213,0.9649974,0.00310099917
Frame,2368,8.901189,7.284859,7.2833333,False,False,None,Playing,True,True,True,0,15,-3.16651344,0,-10,8.7,True,True,True,-2.15308213,0.9649974,0.002994005
Frame,2369,8.904304,7.284859,7.2833333,False,False,None,Playing,True,True,True,0,15,-3.150891,0,-10,8.7,True,True,True,-2.15308213,0.9649974,0.00302329939
Frame,2370,8.906898,7.284859,7.2833333,False,False,None,Playing,True,True,True,0,15,-3.13595819,0,-10,8.7,True,True,True,-2.15308213,0.9649974,0.00287649524
Frame,2371,8.90927,7.284859,7.2833333,False,False,None,Playing,True,True,True,0,15,-3.12342143,0,-10,8.7,True,True,True,-2.15308213,0.9649974,0.002407405
Frame,2372,8.911643,7.284859,7.2833333,False,False,None,Playing,True,True,True,0,15,-3.11124921,0,-10,8.7,True,True,True,-2.15308213,0.9649974,0.00233319867
Frame,2373,8.914512,7.284859,7.2833333,False,False,None,Playing,True,True,True,0,15,-3.09744358,0,-10,8.7,True,True,True,-2.02527952,0.9649983,0.00263390015
Frame,2374,8.91706,7.284859,7.2833333,False,False,None,Playing,True,True,True,0,15,-3.08260965,0,-10,8.7,True,True,True,-2.02527952,0.9649983,0.00280800019
Frame,2375,8.920167,7.284859,7.2833333,False,False,None,Playing,True,True,True,0,15,-3.06726074,0,-10,8.7,True,True,True,-2.02527952,0.9649983,0.00288589858
Frame,2376,8.923303,7.284859,7.2833333,False,False,None,Playing,True,True,True,0,15,-3.05079,0,-10,8.7,True,True,True,-2.02527952,0.9649983,0.00307979737
Frame,2377,8.926185,7.284859,7.2833333,False,False,None,Playing,True,True,True,0,15,-3.03444242,0,-10,8.7,True,True,True,-2.02527952,0.9649983,0.00304379966
Frame,2378,8.928828,7.284859,7.2833333,False,False,None,Playing,True,True,True,0,15,-3.02110624,0,-10,8.7,True,True,True,-2.02527952,0.9649983,0.00247610547
Frame,2379,8.931996,7.284859,7.2833333,False,False,None,Playing,True,True,True,0,15,-3.00375938,0,-10,8.7,True,True,True,-2.02527952,0.9649983,0.00321659585
Frame,2380,8.999816,7.284859,7.2833333,False,False,None,Playing,True,True,True,0,15,-2.98367953,0,-10,8.7,True,True,True,-1.897477,0.964998841,0.00370330224
F_AfterMovement,2380,9.001746,7.284859,7.2833333,False,False,None,Playing,True,True,True,0,15,-2.98367953,0,-10,8.7,True,True,True,-1.897477,0.964998841,0.00370330224
