[Licensing::Module] Trying to connect to existing licensing client channel...
Built from '6000.3/staging' branch; Version is '6000.3.21f1 (c02631ffc030) revision 12592689'; Using compiler version '194234433'; Build Type 'Release'
[Licensing::IpcConnector] Channel LicenseClient-田尻大翔 doesn't exist
OS: 'Windows 11  (10.0.26200) Professional' Language: 'ja' Physical Memory: 16052 MB
BatchMode: 1, IsHumanControllingUs: 0, StartBugReporterOnCrash: 0, Is64bit: 1
System  architecture: x64
Process architecture: x64
Date: 2026-09-30T11:41:46Z
[Licensing::Module] Successfully launched the LicensingClient (PId: 11360)

COMMAND LINE ARGUMENTS:
C:\Program Files\Unity\Hub\Editor\6000.3.21f1\Editor\Unity.exe
-batchmode
-projectPath
C:/Users/田尻大翔/Documents/Codex/2026-08-07/new-chat/outputs/HimoHitoPrototype/.codex_tmp/CheckpointMergedBridgeFix_20260930/DiagnosticProject
-executeMethod
CheckpointMergedBridgeFix.Run
-fixCase
Merged
-fixEvidence
C:/Users/田尻大翔/Documents/Codex/2026-08-07/new-chat/outputs/HimoHitoPrototype/Docs/QA/CheckpointMergedBridgeFix_20260930/Evidence/Merged
-logFile
C:/Users/田尻大翔/Documents/Codex/2026-08-07/new-chat/outputs/HimoHitoPrototype/Docs/QA/CheckpointMergedBridgeFix_20260930/Evidence/Merged_runtime.log
Successfully changed project path to: C:/Users/田尻大翔/Documents/Codex/2026-08-07/new-chat/outputs/HimoHitoPrototype/.codex_tmp/CheckpointMergedBridgeFix_20260930/DiagnosticProject
C:/Users/田尻大翔/Documents/Codex/2026-08-07/new-chat/outputs/HimoHitoPrototype/.codex_tmp/CheckpointMergedBridgeFix_20260930/DiagnosticProject
[UnityMemory] Configuration Parameters - Can be set up in boot.config
    "memorysetup-temp-allocator-size-nav-mesh-worker=65536"
    "memorysetup-temp-allocator-size-audio-worker=65536"
    "memorysetup-temp-allocator-size-gfx=262144"
    "memorysetup-allocator-temp-initial-block-size-main=262144"
    "memorysetup-allocator-temp-initial-block-size-worker=262144"
    "memorysetup-temp-allocator-size-background-worker=32768"
    "memorysetup-temp-allocator-size-job-worker=262144"
    "memorysetup-temp-allocator-size-preload-manager=33554432"
    "memorysetup-temp-allocator-size-gi-baking-worker=262144"
    "memorysetup-temp-allocator-size-gi-baking-worker=262144"
    "memorysetup-temp-allocator-size-gi-baking-worker=262144"
    "memorysetup-temp-allocator-size-gi-baking-worker=262144"
    "memorysetup-temp-allocator-size-gi-baking-worker=262144"
    "memorysetup-bucket-allocator-granularity=16"
    "memorysetup-bucket-allocator-bucket-count=8"
    "memorysetup-bucket-allocator-block-size=33554432"
    "memorysetup-bucket-allocator-block-count=8"
    "memorysetup-main-allocator-block-size=16777216"
    "memorysetup-thread-allocator-block-size=16777216"
    "memorysetup-gfx-main-allocator-block-size=16777216"
    "memorysetup-gfx-thread-allocator-block-size=16777216"
    "memorysetup-cache-allocator-block-size=4194304"
    "memorysetup-typetree-allocator-block-size=2097152"
    "memorysetup-profiler-bucket-allocator-granularity=16"
    "memorysetup-profiler-bucket-allocator-bucket-count=8"
    "memorysetup-profiler-bucket-allocator-block-size=33554432"
    "memorysetup-profiler-bucket-allocator-block-count=8"
    "memorysetup-profiler-allocator-block-size=16777216"
    "memorysetup-profiler-editor-allocator-block-size=1048576"
    "memorysetup-temp-allocator-size-main=16777216"
    "memorysetup-job-temp-allocator-block-size=2097152"
    "memorysetup-job-temp-allocator-block-size-background=1048576"
    "memorysetup-job-temp-allocator-reduction-small-platforms=262144"
    "memorysetup-temp-allocator-size-cloud-worker=32768"
Player connection [26448]  Target information:

Player connection [26448]  * "[IP] 192.168.40.81 [Port] 55504 [Flags] 2 [Guid] 1215039912 [EditorId] 1215039912 [Version] 1048832 [Id] WindowsEditor(7,DESKTOP-UM0GV1L) [Debug] 1 [PackageName] WindowsEditor [ProjectName] Editor" 

Player connection [26448] Host joined multi-casting on [225.0.0.222:54997]...
Player connection [26448] Host joined alternative multi-casting on [225.0.0.222:34997]...
Input System module state changed to: Initialized.
[Physics::Module] Initialized fallback backend.
[Physics::Module] Id: 0xdecafbad
[Package Manager] Connected to IPC stream "Upm-23220" after 0.6 seconds.
[Licensing::Module] Licensing is not yet initialized.
[Licensing::IpcConnector] Successfully connected to: "LicenseClient-田尻大翔" at "2026-09-30T11:41:47.5637638Z"
[Licensing::Client] Code 10 while verifying Licensing Client signature (process Id: 11360, path: "C:/Program Files/Unity/Hub/Editor/6000.3.21f1/Editor/Data/Resources/Licensing/Client/Unity.Licensing.Client.exe")
[Licensing::Module] LicensingClient has failed validation; ignoring
[Licensing::Client] Handshaking with LicensingClient:
  Version:                 1.18.1+9fbee8e
  Session Id:              ceb3618f1ba8479598c24cd4ea368bca
  Correlation Id:          383e23aec1b2eb7992448f40eb222455
  External correlation Id: 3518105845951186370
  Machine Id:              dNinDYak6EUa2pX7RMEoTuNEbYA=
[Licensing::Module] Successfully connected to LicensingClient on channel: "LicenseClient-田尻大翔" (connect: 1.29s, validation: 0.31s, handshake: 0.12s)
[Licensing::IpcConnector] Successfully connected to: "LicenseClient-田尻大翔-notifications" at "2026-09-30T11:41:47.9909522Z"
[Licensing::Module] Connected to LicensingClient (PId: 11360, launch time: 0.01, total connection time: 1.71s)
[Licensing::Module] Error: Access token is unavailable; failed to update
[Licensing::Client] Successfully resolved entitlement details
[Licensing::Module] License group:
  Id: 15669713720629-UnityPersXXXX
  Product: Unity Personal
  Type: Assigned
  Expiration: Unlimited
[Licensing::Client] Successfully updated license, isAsync: True, time: 0.02
[Licensing::Client] Successfully resolved entitlement details
[Licensing::Module] Licensing Background thread has ended after 1.85s
[Licensing::Module] Licensing is initialized (took 0.71s).
[Licensing::Client] Successfully resolved entitlement details
Library Redirect Path: Library/
Rebuilding Library because the asset database could not be found!
[Physics::Module] Selected backend.
[Physics::Module] Name: PhysX
[Physics::Module] Id: 0xf2b8ea05
[Physics::Module] SDK Version: 4.1.2
[Physics::Module] Integration Version: 1.0.0
[Physics::Module] Threading Mode: Multi-Threaded
Refreshing native plugins compatible for Editor in 0.00 ms, found 0 plugins.
Preloading 0 native plugins for Editor in 0.00 ms.
Initialize engine version: 6000.3.21f1 (c02631ffc030)
[Subsystems] Discovering subsystems at path C:/Program Files/Unity/Hub/Editor/6000.3.21f1/Editor/Data/Resources/UnitySubsystems
[Subsystems] Discovering subsystems at path C:/Users/田尻大翔/Documents/Codex/2026-08-07/new-chat/outputs/HimoHitoPrototype/.codex_tmp/CheckpointMergedBridgeFix_20260930/DiagnosticProject/Assets
GfxDevice: creating device client; kGfxThreadingModeNonThreaded
d3d12: failed to query info queue interface (0x80004002).
Direct3D:
    Version:         Direct3D 12 [level 12.1]
    Renderer:        Intel(R) Iris(R) Xe Graphics (ID=0xa7a0)
    Vendor:          Intel
    VRAM:            8026 MB
    App VRAM Budget: 7369 MB
    Driver:          31.0.101.4255
    Unified Memory Architecture
    Cache Coherent UMA
Initialize mono
Mono path[0] = 'C:/Program Files/Unity/Hub/Editor/6000.3.21f1/Editor/Data/Managed'
Mono path[1] = 'C:/Program Files/Unity/Hub/Editor/6000.3.21f1/Editor/Data/MonoBleedingEdge/lib/mono/unityjit-win32'
Mono config path = 'C:/Program Files/Unity/Hub/Editor/6000.3.21f1/Editor/Data/MonoBleedingEdge/etc'
Using monoOptions --debugger-agent=transport=dt_socket,embedding=1,server=y,suspend=n,address=127.0.0.1:56220
Using cacheserver namespaces - metadata:defaultmetadata, artifacts:defaultartifacts
Using cacheserver namespaces - metadata:defaultmetadata, artifacts:defaultartifacts
ImportWorker Server TCP listen port: 0
AcceleratorClientConnectionCallback - disconnected - :0
Begin MonoManager ReloadAssembly
Registering precompiled unity dll's ...
Register platform support module: C:/Program Files/Unity/Hub/Editor/6000.3.21f1/Editor/Data/PlaybackEngines/WindowsStandaloneSupport/UnityEditor.WindowsStandalone.Extensions.dll
Registered in 0.006336 seconds.
- Loaded All Assemblies, in  1.168 seconds
Native extension for WindowsStandalone target not found
Package Manager log level set to [2]
ScheduleIndexationOnStartup MainProcess:False IndexOnStartup:False
Mono: successfully reloaded assembly
- Finished resetting the current domain, in  1.164 seconds
Domain Reload Profiling: 2322ms
	BeginReloadAssembly (391ms)
		ExecutionOrderSort (0ms)
		DisableScriptedObjects (0ms)
		BackupInstance (0ms)
		ReleaseScriptingObjects (0ms)
		CreateAndSetChildDomain (17ms)
	RebuildCommonClasses (95ms)
	RebuildNativeTypeToScriptingClass (32ms)
	initialDomainReloadingComplete (170ms)
	LoadAllAssembliesAndSetupDomain (469ms)
		LoadAssemblies (366ms)
		RebuildTransferFunctionScriptingTraits (0ms)
		AnalyzeDomain (461ms)
			TypeCache.Refresh (458ms)
				TypeCache.ScanAssembly (423ms)
			BuildScriptInfoCaches (0ms)
			ResolveRequiredComponents (1ms)
	FinalizeReload (1165ms)
		ReleaseScriptCaches (0ms)
		RebuildScriptCaches (0ms)
		SetupLoadedEditorAssemblies (1069ms)
			LogAssemblyErrors (0ms)
			InitializePlatformSupportModulesInManaged (124ms)
			SetLoadedEditorAssemblies (10ms)
			BeforeProcessingInitializeOnLoad (221ms)
			ProcessInitializeOnLoadAttributes (431ms)
			ProcessInitializeOnLoadMethodAttributes (281ms)
			AfterProcessingInitializeOnLoad (0ms)
			EditorAssembliesLoaded (0ms)
		ExecutionOrderSort2 (0ms)
		AwakeInstancesAfterBackupRestoration (0ms)
[Licensing::Client] Successfully resolved entitlement details
Application.AssetDatabase Initial Refresh Start
[Package Manager] Done resolving packages in 0.78 seconds
[Licensing::Client] Successfully resolved entitlement details
[Package Manager] Lock file was modified
[Package Manager] Registered 6 packages:
  Built-in packages:
    com.unity.modules.audio@1.0.0 (location: C:\Users\田尻大翔\Documents\Codex\2026-08-07\new-chat\outputs\HimoHitoPrototype\.codex_tmp\CheckpointMergedBridgeFix_20260930\DiagnosticProject\Library\PackageCache\com.unity.modules.audio)
    com.unity.modules.imgui@1.0.0 (location: C:\Users\田尻大翔\Documents\Codex\2026-08-07\new-chat\outputs\HimoHitoPrototype\.codex_tmp\CheckpointMergedBridgeFix_20260930\DiagnosticProject\Library\PackageCache\com.unity.modules.imgui)
    com.unity.modules.jsonserialize@1.0.0 (location: C:\Users\田尻大翔\Documents\Codex\2026-08-07\new-chat\outputs\HimoHitoPrototype\.codex_tmp\CheckpointMergedBridgeFix_20260930\DiagnosticProject\Library\PackageCache\com.unity.modules.jsonserialize)
    com.unity.modules.particlesystem@1.0.0 (location: C:\Users\田尻大翔\Documents\Codex\2026-08-07\new-chat\outputs\HimoHitoPrototype\.codex_tmp\CheckpointMergedBridgeFix_20260930\DiagnosticProject\Library\PackageCache\com.unity.modules.particlesystem)
    com.unity.modules.physics2d@1.0.0 (location: C:\Users\田尻大翔\Documents\Codex\2026-08-07\new-chat\outputs\HimoHitoPrototype\.codex_tmp\CheckpointMergedBridgeFix_20260930\DiagnosticProject\Library\PackageCache\com.unity.modules.physics2d)
    com.unity.modules.imageconversion@1.0.0 (location: C:\Users\田尻大翔\Documents\Codex\2026-08-07\new-chat\outputs\HimoHitoPrototype\.codex_tmp\CheckpointMergedBridgeFix_20260930\DiagnosticProject\Library\PackageCache\com.unity.modules.imageconversion)
[Subsystems] No new subsystems found in resolved package list.
[Package Manager] Done registering packages in 0.00 seconds
[ScriptCompilation] Requested script compilation because: Assetdatabase observed changes in script compilation related files
Starting: C:\Program Files\Unity\Hub\Editor\6000.3.21f1\Editor\Data\Tools\BuildPipeline\bee_backend.exe --ipc --defer-dag-verification --dagfile="Library/Bee/1900b0aE.dag" --continue-on-failure --profile="Library/Bee/backend1.traceevents" ScriptAssemblies
WorkingDir: C:/Users/田尻大翔/Documents/Codex/2026-08-07/new-chat/outputs/HimoHitoPrototype/.codex_tmp/CheckpointMergedBridgeFix_20260930/DiagnosticProject
ExitCode: 4 Duration: 0s119ms
[             ] Require frontend run.  Library/Bee/1900b0aE.dag couldn't be loaded
DisplayProgressbar: Compiling Scripts
Starting: C:\Program Files\Unity\Hub\Editor\6000.3.21f1\Editor\Data\netcorerun\netcorerun.exe "C:\Program Files\Unity\Hub\Editor\6000.3.21f1\Editor\Data\Tools\BuildPipeline\ScriptCompilationBuildProgram.exe" "Library/Bee/1900b0aE.dag.json" "Library/Bee/1900b0aE-inputdata.json" "Library\Bee\buildprogram0.traceevents"
WorkingDir: C:/Users/田尻大翔/Documents/Codex/2026-08-07/new-chat/outputs/HimoHitoPrototype/.codex_tmp/CheckpointMergedBridgeFix_20260930/DiagnosticProject
ExitCode: 0 Duration: 0s680ms
Starting: C:\Program Files\Unity\Hub\Editor\6000.3.21f1\Editor\Data\Tools\BuildPipeline\bee_backend.exe --ipc --defer-dag-verification --dagfile="Library/Bee/1900b0aE.dag" --continue-on-failure --dagfilejson="Library\Bee\1900b0aE.dag.json" --profile="Library/Bee/backend2.traceevents" ScriptAssemblies
WorkingDir: C:/Users/田尻大翔/Documents/Codex/2026-08-07/new-chat/outputs/HimoHitoPrototype/.codex_tmp/CheckpointMergedBridgeFix_20260930/DiagnosticProject
ExitCode: 0 Duration: 11s
Finished compiling graph: 158 nodes, 568 flattened edges (558 ToBuild, 4 ToUse), maximum node priority 18
[  1/155    0s] MovedFromExtractor Library/Bee/artifacts/mvdfrm/UnityEditor.TextCoreFontEngineModule.dll_5834B916B6AF848E.mvfrm
[  2/155    0s] MovedFromExtractor Library/Bee/artifacts/mvdfrm/UnityEditor.TextCoreTextEngineModule.dll_A01CEF8846333DAC.mvfrm
[  3/155    0s] MovedFromExtractor Library/Bee/artifacts/mvdfrm/UnityEditor.ShaderCompilationModule.dll_AAB42E503893C4B1.mvfrm
[  4/155    0s] MovedFromExtractor Library/Bee/artifacts/mvdfrm/UnityEditor.SubstanceModule.dll_8532039AEDD8FDC3.mvfrm
[  5/155    0s] MovedFromExtractor Library/Bee/artifacts/mvdfrm/UnityEditor.UIAutomationModule.dll_6ADE791D77773F6C.mvfrm
[  6/155    0s] MovedFromExtractor Library/Bee/artifacts/mvdfrm/UnityEditor.ShaderFoundryModule.dll_82C0D8E7D444AE27.mvfrm
[  7/155    0s] MovedFromExtractor Library/Bee/artifacts/mvdfrm/UnityEditor.TilemapModule.dll_8B9D5CC44AE30791.mvfrm
[  8/155    0s] MovedFromExtractor Library/Bee/artifacts/mvdfrm/UnityEditor.TreeModule.dll_3B90E8039CE5BA4F.mvfrm
[  9/155    0s] MovedFromExtractor Library/Bee/artifacts/mvdfrm/UnityEditor.SceneTemplateModule.dll_43E108A4B1953199.mvfrm
[ 10/155    0s] MovedFromExtractor Library/Bee/artifacts/mvdfrm/UnityEditor.SpriteMaskModule.dll_CF698A6AC367D642.mvfrm
[ 11/155    0s] MovedFromExtractor Library/Bee/artifacts/mvdfrm/UnityEditor.SceneViewModule.dll_1A0259C95343F2C4.mvfrm
[ 12/155    0s] MovedFromExtractor Library/Bee/artifacts/mvdfrm/UnityEditor.ShaderBuildSettingsModule.dll_2752E48C906E867F.mvfrm
[ 13/155    0s] MovedFromExtractor Library/Bee/artifacts/mvdfrm/UnityEditor.TextRenderingModule.dll_8D842AE003F1E2F2.mvfrm
[ 14/155    0s] MovedFromExtractor Library/Bee/artifacts/mvdfrm/UnityEditor.SpriteShapeModule.dll_FD0CD83E917F5C8F.mvfrm
[ 15/155    0s] MovedFromExtractor Library/Bee/artifacts/mvdfrm/UnityEditor.TerrainModule.dll_ECA0F54333262688.mvfrm
[ 16/155    0s] MovedFromExtractor Library/Bee/artifacts/mvdfrm/UnityEditor.SketchUpModule.dll_FDAF8D3C8B7559A8.mvfrm
[ 17/155    0s] MovedFromExtractor Library/Bee/artifacts/mvdfrm/UnityEngine.InsightsModule.dll_AA7832FD4E8BE497.mvfrm
[ 18/155    0s] MovedFromExtractor Library/Bee/artifacts/mvdfrm/UnityEditor.SafeModeModule.dll_159AA7EC4043BD91.mvfrm
[ 19/155    0s] MovedFromExtractor Library/Bee/artifacts/mvdfrm/UnityEditor.QuickInstallModule.dll_991CD86C1C89E4DF.mvfrm
[ 20/155    0s] MovedFromExtractor Library/Bee/artifacts/mvdfrm/UnityEditor.PresetsUIModule.dll_96B8AFA360797DBB.mvfrm
[ 21/155    0s] MovedFromExtractor Library/Bee/artifacts/mvdfrm/UnityEditor.MediaModule.dll_9939381169A6BC37.mvfrm
[ 22/155    0s] MovedFromExtractor Library/Bee/artifacts/mvdfrm/UnityEditor.GraphicsStateCollectionSerializerModule.dll_8F6D00143C8E2579.mvfrm
[ 23/155    0s] MovedFromExtractor Library/Bee/artifacts/mvdfrm/UnityEditor.QuickSearchModule.dll_A58847818BB08018.mvfrm
[ 24/155    0s] MovedFromExtractor Library/Bee/artifacts/mvdfrm/UnityEditor.PlayModeModule.dll_5B8E99A5DF0CCCF8.mvfrm
[ 25/155    0s] MovedFromExtractor Library/Bee/artifacts/mvdfrm/UnityEditor.HierarchyModule.dll_C8C67D9D1C006478.mvfrm
[ 26/155    0s] MovedFromExtractor Library/Bee/artifacts/mvdfrm/UnityEditor.PropertiesModule.dll_1378571914E3A504.mvfrm
[ 27/155    0s] MovedFromExtractor Library/Bee/artifacts/mvdfrm/UnityEditor.PhysicsModule.dll_D25A79D45D67DD9A.mvfrm
[ 28/155    0s] MovedFromExtractor Library/Bee/artifacts/mvdfrm/UnityEditor.GridAndSnapModule.dll_2431ACF5B63E40AE.mvfrm
[ 29/155    0s] MovedFromExtractor Library/Bee/artifacts/mvdfrm/UnityEditor.GridModule.dll_BB560EE32D74BB07.mvfrm
[ 30/155    0s] MovedFromExtractor Library/Bee/artifacts/mvdfrm/UnityEditor.Physics2DModule.dll_4097F1F1F3FB400C.mvfrm
[ 31/155    0s] MovedFromExtractor Library/Bee/artifacts/mvdfrm/UnityEditor.GraphViewModule.dll_DB5276C15E2125B6.mvfrm
[ 32/155    0s] MovedFromExtractor Library/Bee/artifacts/mvdfrm/UnityEditor.GIModule.dll_A1E0CDE61419A5B3.mvfrm
[ 33/155    0s] MovedFromExtractor Library/Bee/artifacts/mvdfrm/UnityEditor.DeviceSimulatorModule.dll_23F257FF5C0FA5B1.mvfrm
[ 34/155    0s] MovedFromExtractor Library/Bee/artifacts/mvdfrm/UnityEditor.BuildProfileModule.dll_BA3D8A2CDB0376AC.mvfrm
[ 35/155    0s] MovedFromExtractor Library/Bee/artifacts/mvdfrm/UnityEditor.ClothModule.dll_34617B7AC577128D.mvfrm
[ 36/155    0s] MovedFromExtractor Library/Bee/artifacts/mvdfrm/UnityEditor.CoreBusinessMetricsModule.dll_9F17975DE3B68437.mvfrm
[ 37/155    0s] MovedFromExtractor Library/Bee/artifacts/mvdfrm/UnityEngine.VirtualTexturingModule.dll_305F9EA6A9498F19.mvfrm
[ 38/155    0s] MovedFromExtractor Library/Bee/artifacts/mvdfrm/UnityEditor.EditorToolbarModule.dll_204197E6B2A88761.mvfrm
[ 39/155    0s] MovedFromExtractor Library/Bee/artifacts/mvdfrm/UnityEditor.EmbreeModule.dll_B67646F3D328CF59.mvfrm
[ 40/155    0s] MovedFromExtractor Library/Bee/artifacts/mvdfrm/UnityEditor.AccessibilityModule.dll_EA4582143912D611.mvfrm
[ 41/155    0s] MovedFromExtractor Library/Bee/artifacts/mvdfrm/UnityEditor.DiagnosticsModule.dll_1A78C67432D983BF.mvfrm
[ 42/155    0s] MovedFromExtractor Library/Bee/artifacts/mvdfrm/UnityEditor.AdaptivePerformanceModule.dll_1F2C9DE3BD6F553D.mvfrm
[ 43/155    0s] MovedFromExtractor Library/Bee/artifacts/mvdfrm/UnityEditor.AssetComplianceModule.dll_5CCD67EDD6CB89DE.mvfrm
[ 44/155    0s] MovedFromExtractor Library/Bee/artifacts/mvdfrm/UnityEngine.dll_5C157879E519046A.mvfrm
[ 45/155    0s] MovedFromExtractor Library/Bee/artifacts/mvdfrm/UnityEngine.VFXModule.dll_D3E27AC5124FAF60.mvfrm
[ 46/155    0s] MovedFromExtractor Library/Bee/artifacts/mvdfrm/UnityEditor.CoreModule.dll_DDE4F2F515202510.mvfrm
[ 47/155    0s] MovedFromExtractor Library/Bee/artifacts/mvdfrm/UnityEngine.UnityCurlModule.dll_DCF4941BA891EC49.mvfrm
[ 48/155    0s] MovedFromExtractor Library/Bee/artifacts/mvdfrm/UnityEngine.UnityConsentModule.dll_747CB2DE0779F2C1.mvfrm
[ 49/155    0s] MovedFromExtractor Library/Bee/artifacts/mvdfrm/UnityEngine.UnityConnectModule.dll_A2D71BB1FA6F5C71.mvfrm
[ 50/155    0s] MovedFromExtractor Library/Bee/artifacts/mvdfrm/UnityEngine.TextCoreFontEngineModule.dll_D6943469C9AD4359.mvfrm
[ 51/155    0s] MovedFromExtractor Library/Bee/artifacts/mvdfrm/UnityEngine.TextRenderingModule.dll_19C51D077CEA6617.mvfrm
[ 52/155    0s] MovedFromExtractor Library/Bee/artifacts/mvdfrm/UnityEngine.SubstanceModule.dll_3B17F483D358AFA8.mvfrm
[ 53/155    0s] MovedFromExtractor Library/Bee/artifacts/mvdfrm/UnityEngine.SpriteShapeModule.dll_02D2A7CDA3B96D14.mvfrm
[ 54/155    0s] MovedFromExtractor Library/Bee/artifacts/mvdfrm/UnityEngine.TextCoreTextEngineModule.dll_1E7C6ADB5930FC77.mvfrm
[ 55/155    0s] MovedFromExtractor Library/Bee/artifacts/mvdfrm/UnityEngine.TLSModule.dll_5303E2563BE245F3.mvfrm
[ 56/155    0s] MovedFromExtractor Library/Bee/artifacts/mvdfrm/UnityEngine.ShaderVariantAnalyticsModule.dll_A33DCB341258A222.mvfrm
[ 57/155    0s] MovedFromExtractor Library/Bee/artifacts/mvdfrm/UnityEngine.StreamingModule.dll_5E6CE03A8805B19A.mvfrm
[ 58/155    0s] MovedFromExtractor Library/Bee/artifacts/mvdfrm/UnityEngine.SpriteMaskModule.dll_D017F7B2C5ABEF8D.mvfrm
[ 59/155    0s] MovedFromExtractor Library/Bee/artifacts/mvdfrm/UnityEngine.SharedInternalsModule.dll_19A256F6C51D6679.mvfrm
[ 60/155    0s] MovedFromExtractor Library/Bee/artifacts/mvdfrm/UnityEngine.ShaderRuntimeModule.dll_065E1D6A020EC3AB.mvfrm
[ 61/155    0s] MovedFromExtractor Library/Bee/artifacts/mvdfrm/UnityEngine.UnityAnalyticsCommonModule.dll_F7F3DA0F29FEBE58.mvfrm
[ 62/155    0s] MovedFromExtractor Library/Bee/artifacts/mvdfrm/UnityEngine.RuntimeInitializeOnLoadManagerInitializerModule.dll_52E3F004F5F9C4BA.mvfrm
[ 63/155    0s] MovedFromExtractor Library/Bee/artifacts/mvdfrm/UnityEngine.RenderAs2DModule.dll_555E86E6F6820886.mvfrm
[ 64/155    0s] MovedFromExtractor Library/Bee/artifacts/mvdfrm/UnityEngine.PropertiesModule.dll_1426C4611727BE4F.mvfrm
[ 65/155    0s] MovedFromExtractor Library/Bee/artifacts/mvdfrm/UnityEngine.PhysicsBackendPhysXModule.dll_B9D01A26DB70EB01.mvfrm
[ 66/155    0s] MovedFromExtractor Library/Bee/artifacts/mvdfrm/UnityEngine.Physics2DModule.dll_F67DE2DAD97AF1F1.mvfrm
[ 67/155    0s] MovedFromExtractor Library/Bee/artifacts/mvdfrm/UnityEngine.MultiplayerModule.dll_691996FFA6DEC282.mvfrm
[ 68/155    0s] MovedFromExtractor Library/Bee/artifacts/mvdfrm/UnityEngine.PerformanceReportingModule.dll_5CB51CCB10161FFA.mvfrm
[ 69/155    0s] MovedFromExtractor Library/Bee/artifacts/mvdfrm/UnityEngine.ParticleSystemModule.dll_6D50CD3401FAA241.mvfrm
[ 70/155    0s] MovedFromExtractor Library/Bee/artifacts/mvdfrm/UnityEngine.LocalizationModule.dll_7360D70B48EB2185.mvfrm
[ 71/155    0s] MovedFromExtractor Library/Bee/artifacts/mvdfrm/UnityEngine.InputLegacyModule.dll_7AB695918608EAFB.mvfrm
[ 72/155    0s] MovedFromExtractor Library/Bee/artifacts/mvdfrm/UnityEngine.JSONSerializeModule.dll_D69DFD77B146B9C0.mvfrm
[ 73/155    0s] MovedFromExtractor Library/Bee/artifacts/mvdfrm/UnityEngine.MarshallingModule.dll_91DA1907D23F625C.mvfrm
[ 74/155    0s] MovedFromExtractor Library/Bee/artifacts/mvdfrm/UnityEngine.InputModule.dll_FA1BA294930F88F2.mvfrm
[ 75/155    0s] MovedFromExtractor Library/Bee/artifacts/mvdfrm/UnityEditor.MultiplayerModule.dll_6353C77094A4B1FD.mvfrm
[ 76/155    0s] MovedFromExtractor Library/Bee/artifacts/mvdfrm/UnityEngine.InputForUIModule.dll_E99DDF3C045CF6CF.mvfrm
[ 77/155    0s] MovedFromExtractor Library/Bee/artifacts/mvdfrm/UnityEngine.ImageConversionModule.dll_959118214DEF6B29.mvfrm
[ 78/155    0s] MovedFromExtractor Library/Bee/artifacts/mvdfrm/UnityEngine.IMGUIModule.dll_CC057A4AE308F82F.mvfrm
[ 79/155    0s] MovedFromExtractor Library/Bee/artifacts/mvdfrm/UnityEngine.IdentifiersModule.dll_C1FB0268B0900322.mvfrm
[ 80/155    0s] MovedFromExtractor Library/Bee/artifacts/mvdfrm/UnityEngine.HotReloadModule.dll_2B20B0F013B115DE.mvfrm
[ 81/155    0s] MovedFromExtractor Library/Bee/artifacts/mvdfrm/UnityEngine.GridModule.dll_DE76E235D57A2632.mvfrm
[ 82/155    0s] MovedFromExtractor Library/Bee/artifacts/mvdfrm/UnityEngine.GameCenterModule.dll_E6EB8522A43C5A13.mvfrm
[ 83/155    0s] MovedFromExtractor Library/Bee/artifacts/mvdfrm/UnityEngine.GraphicsStateCollectionSerializerModule.dll_9860CD04098D6EDE.mvfrm
[ 84/155    0s] MovedFromExtractor Library/Bee/artifacts/mvdfrm/UnityEngine.GIModule.dll_E04F5F757F96D97E.mvfrm
[ 85/155    0s] MovedFromExtractor Library/Bee/artifacts/mvdfrm/UnityEngine.DSPGraphModule.dll_1602CBD6366F6639.mvfrm
[ 86/155    0s] MovedFromExtractor Library/Bee/artifacts/mvdfrm/UnityEngine.ClusterInputModule.dll_35140CB8B16F2E8C.mvfrm
[ 87/155    0s] MovedFromExtractor Library/Bee/artifacts/mvdfrm/UnityEngine.CrashReportingModule.dll_1A3E83E793E916B3.mvfrm
[ 88/155    0s] MovedFromExtractor Library/Bee/artifacts/mvdfrm/UnityEngine.ContentLoadModule.dll_8287D3B3BC99DCF7.mvfrm
[ 89/155    0s] MovedFromExtractor Library/Bee/artifacts/mvdfrm/UnityEngine.ClusterRendererModule.dll_299F1A70CBCAB335.mvfrm
[ 90/155    0s] WriteText Library/Bee/artifacts/1900b0aE.dag/Assembly-CSharp.rsp2
[ 91/155    0s] WriteText Library/Bee/artifacts/1900b0aE.dag/Assembly-CSharp.UnityAdditionalFile.txt
[ 92/155    0s] WriteText Library/Bee/artifacts/1900b0aE.dag/Assembly-CSharp.dll.mvfrm.rsp
[ 93/155    0s] WriteText Library/Bee/artifacts/1900b0aE.dag/Assembly-CSharp.rsp
[ 94/155    0s] MovedFromExtractor Library/Bee/artifacts/mvdfrm/UnityEngine.CoreModule.dll_0105C647BD25903B.mvfrm
[ 95/155    0s] MovedFromExtractor Library/Bee/artifacts/mvdfrm/UnityEngine.ARModule.dll_0185DB6B4105502D.mvfrm
[ 96/155    0s] MovedFromExtractor Library/Bee/artifacts/mvdfrm/UnityEngine.AudioModule.dll_93A5DAE41CD7644E.mvfrm
[ 97/155    0s] MovedFromExtractor Library/Bee/artifacts/mvdfrm/UnityEditor.XRModule.dll_8AA90C8FFFA6961B.mvfrm
[ 98/155    0s] MovedFromExtractor Library/Bee/artifacts/mvdfrm/UnityEditor.dll_297131A186A57785.mvfrm
[ 99/155    0s] MovedFromExtractor Library/Bee/artifacts/mvdfrm/UnityEditor.VideoModule.dll_F282A2EAADEC4F4E.mvfrm
[100/155    0s] MovedFromExtractor Library/Bee/artifacts/mvdfrm/UnityEditor.VectorGraphicsModule.dll_4973A1CD7814847F.mvfrm
[101/155    0s] MovedFromExtractor Library/Bee/artifacts/mvdfrm/UnityEditor.VFXModule.dll_C7C0D871A29FA15B.mvfrm
[102/155    0s] MovedFromExtractor Library/Bee/artifacts/mvdfrm/UnityEditor.UmbraModule.dll_484DCA987880DF1C.mvfrm
[103/155    0s] MovedFromExtractor Library/Bee/artifacts/mvdfrm/UnityEditor.UnityConnectModule.dll_B57797A2FFE75BC6.mvfrm
[104/155    0s] MovedFromExtractor Library/Bee/artifacts/mvdfrm/UnityEditor.UIToolkitAuthoringModule.dll_8B8B4DA3D536084E.mvfrm
[105/155    0s] MovedFromExtractor Library/Bee/artifacts/mvdfrm/UnityEditor.UIElementsSamplesModule.dll_9EE5CBD8558FCFE1.mvfrm
[106/155    0s] MovedFromExtractor Library/Bee/artifacts/mvdfrm/UnityEditor.Graphs.dll_7236269B09219F42.mvfrm
[107/155    0s] MovedFromExtractor Library/Bee/artifacts/mvdfrm/UnityEngine.AIModule.dll_48131667E3E7F164.mvfrm
[108/155    0s] MovedFromExtractor Library/Bee/artifacts/mvdfrm/UnityEditor.UIElementsModule.dll_3E55523494DBFA4C.mvfrm
[109/155    0s] MovedFromExtractor Library/Bee/artifacts/mvdfrm/UnityEngine.AnimationModule.dll_A9D7F2EA387DFA5C.mvfrm
[110/155    0s] MovedFromExtractor Library/Bee/artifacts/mvdfrm/UnityEditor.UIBuilderModule.dll_2FDB23DDD0D99EEA.mvfrm
[111/155    0s] MovedFromExtractor Library/Bee/artifacts/mvdfrm/UnityEngine.UnityWebRequestAudioModule.dll_D4B170A99680EA92.mvfrm
[112/155    0s] MovedFromExtractor Library/Bee/artifacts/mvdfrm/UnityEditor.WindowsStandalone.Extensions.dll_5A982575EA622D90.mvfrm
[113/155    0s] MovedFromExtractor Library/Bee/artifacts/mvdfrm/UnityEngine.XRModule.dll_C9179E1F6B23C9E6.mvfrm
[114/155    0s] MovedFromExtractor Library/Bee/artifacts/mvdfrm/UnityEngine.WindModule.dll_7754A1704E5C0EA4.mvfrm
[115/155    0s] MovedFromExtractor Library/Bee/artifacts/mvdfrm/UnityEngine.VideoModule.dll_B8AF5F4EDF697FF3.mvfrm
[116/155    0s] MovedFromExtractor Library/Bee/artifacts/mvdfrm/UnityEngine.VRModule.dll_9658DB1AE1E97C88.mvfrm
[117/155    0s] MovedFromExtractor Library/Bee/artifacts/mvdfrm/UnityEngine.VectorGraphicsModule.dll_049803689401188A.mvfrm
[118/155    0s] MovedFromExtractor Library/Bee/artifacts/mvdfrm/UnityEngine.VehiclesModule.dll_887463EC3E3864B3.mvfrm
[119/155    0s] MovedFromExtractor Library/Bee/artifacts/mvdfrm/UnityEngine.UnityWebRequestTextureModule.dll_E283AD83668C66A7.mvfrm
[120/155    0s] MovedFromExtractor Library/Bee/artifacts/mvdfrm/UnityEngine.UnityWebRequestWWWModule.dll_E93EB03748F0B8E3.mvfrm
[121/155    0s] MovedFromExtractor Library/Bee/artifacts/mvdfrm/UnityEngine.UnityWebRequestAssetBundleModule.dll_859021CDD1FF7CCE.mvfrm
[122/155    0s] MovedFromExtractor Library/Bee/artifacts/mvdfrm/UnityEngine.UnityAnalyticsModule.dll_8CF03DFDAE21F43D.mvfrm
[123/155    0s] MovedFromExtractor Library/Bee/artifacts/mvdfrm/UnityEngine.UmbraModule.dll_0E7A86FCA9FE0FC1.mvfrm
[124/155    0s] MovedFromExtractor-Combine Library/Bee/artifacts/1900b0aE.dag/Assembly-CSharp.dll.mvfrm
[125/155    0s] MovedFromExtractor Library/Bee/artifacts/mvdfrm/UnityEngine.UnityWebRequestModule.dll_A7301FCB58E405A8.mvfrm
[126/155    0s] MovedFromExtractor Library/Bee/artifacts/mvdfrm/UnityEngine.UIModule.dll_4386B495402EF710.mvfrm
[127/155    0s] MovedFromExtractor Library/Bee/artifacts/mvdfrm/UnityEngine.TilemapModule.dll_7E18156EAFF1EED6.mvfrm
[128/155    0s] MovedFromExtractor Library/Bee/artifacts/mvdfrm/UnityEngine.TerrainPhysicsModule.dll_6DCB76071B3D9CCE.mvfrm
[129/155    0s] MovedFromExtractor Library/Bee/artifacts/mvdfrm/UnityEngine.UIElementsModule.dll_3F03BF7C97201397.mvfrm
[130/155    0s] WriteText Library/Bee/artifacts/1900b0aE.dag/Assembly-CSharp-Editor.rsp2
[131/155    0s] WriteText Library/Bee/artifacts/1900b0aE.dag/Assembly-CSharp-Editor.UnityAdditionalFile.txt
[132/155    0s] MovedFromExtractor Library/Bee/artifacts/mvdfrm/UnityEngine.TerrainModule.dll_DF1BADED98350DCD.mvfrm
[133/155    0s] WriteText Library/Bee/artifacts/1900b0aE.dag/Assembly-CSharp-Editor.dll.mvfrm.rsp
[134/155    0s] WriteText Library/Bee/artifacts/1900b0aE.dag/Assembly-CSharp-Editor.rsp
[135/155    0s] MovedFromExtractor Library/Bee/artifacts/mvdfrm/UnityEngine.SubsystemsModule.dll_3AC55E1493F3D7A0.mvfrm
[136/155    0s] MovedFromExtractor Library/Bee/artifacts/mvdfrm/UnityEngine.ScreenCaptureModule.dll_F085AAFCC5B2E622.mvfrm
[137/155    0s] MovedFromExtractor Library/Bee/artifacts/mvdfrm/UnityEngine.NVIDIAModule.dll_0E875EDB30C5EA07.mvfrm
[138/155    0s] MovedFromExtractor Library/Bee/artifacts/mvdfrm/UnityEngine.PhysicsModule.dll_C4D5327EC276C4DF.mvfrm
[139/155    0s] MovedFromExtractor Library/Bee/artifacts/mvdfrm/UnityEngine.HierarchyModule.dll_7EAC6E860180165D.mvfrm
[140/155    0s] MovedFromExtractor Library/Bee/artifacts/mvdfrm/UnityEngine.HierarchyCoreModule.dll_EDA1111620B8B22C.mvfrm
[141/155    0s] MovedFromExtractor Library/Bee/artifacts/mvdfrm/UnityEngine.ClothModule.dll_FA8E37DEF6F44332.mvfrm
[142/155    0s] MovedFromExtractor Library/Bee/artifacts/mvdfrm/UnityEngine.DirectorModule.dll_10B16A6CC40E9518.mvfrm
[143/155    0s] MovedFromExtractor Library/Bee/artifacts/mvdfrm/UnityEngine.AdaptivePerformanceModule.dll_DFBC3299F8B4A842.mvfrm
[144/155    0s] MovedFromExtractor Library/Bee/artifacts/mvdfrm/UnityEngine.AssetBundleModule.dll_E9717A72EE17350A.mvfrm
[145/155    0s] MovedFromExtractor Library/Bee/artifacts/mvdfrm/UnityEngine.AccessibilityModule.dll_7686743BB20B5936.mvfrm
[146/155    0s] MovedFromExtractor Library/Bee/artifacts/mvdfrm/UnityEngine.AndroidJNIModule.dll_BC9E3B07DDFB6922.mvfrm
[147/155    0s] MovedFromExtractor Library/Bee/artifacts/mvdfrm/UnityEngine.AMDModule.dll_54741EF114B1CAA0.mvfrm
[148/155    0s] MovedFromExtractor-Combine Library/Bee/artifacts/1900b0aE.dag/Assembly-CSharp-Editor.dll.mvfrm
[149/155    5s] Csc Library/Bee/artifacts/1900b0aE.dag/Assembly-CSharp.dll (+2 others)
[150/155    0s] CopyFiles Library/ScriptAssemblies/Assembly-CSharp.pdb
[151/155    0s] CopyFiles Library/ScriptAssemblies/Assembly-CSharp.dll
[152/155    0s] Csc Library/Bee/artifacts/1900b0aE.dag/Assembly-CSharp-Editor.dll (+2 others)
[153/155    0s] CopyFiles Library/ScriptAssemblies/Assembly-CSharp-Editor.pdb
[154/155    0s] CopyFiles Library/ScriptAssemblies/Assembly-CSharp-Editor.dll
*** Tundra build success (11.49 seconds), 154 items updated, 155 evaluated
AssetDatabase: script compilation time: 13.443017s
Begin MonoManager ReloadAssembly
- Loaded All Assemblies, in  4.671 seconds
Start importing Assets using Guid(00000000000000001000000000000000) (DefaultImporter) -> (artifact id: '4b55c7cb15071bfc086d0e52a7664a41') in 0.0407291 seconds
Start importing ProjectSettings/InputManager.asset using Guid(00000000000000002000000000000000) (LibraryAssetImporter) -> (artifact id: '3d278bdfa729973ecf92c670ca181c88') in 0.0069155 seconds
Start importing ProjectSettings/TagManager.asset using Guid(00000000000000003000000000000000) (LibraryAssetImporter) -> (artifact id: '4aa03ef27a83f311e598313a3ec2fbc3') in 0.0040598 seconds
Start importing ProjectSettings/ProjectSettings.asset using Guid(00000000000000004000000000000000) (LibraryAssetImporter) -> (artifact id: 'f096649ad26627c45237ce4590518161') in 0.007406 seconds
Start importing ProjectSettings/AudioManager.asset using Guid(00000000000000006000000000000000) (LibraryAssetImporter) -> (artifact id: '7bb8de31f311db17f0fefe3abfd595f1') in 0.0041761 seconds
Start importing ProjectSettings/TimeManager.asset using Guid(00000000000000007000000000000000) (LibraryAssetImporter) -> (artifact id: '52c307e924e96ceef905bcc2cea85a00') in 0.0046249 seconds
Start importing ProjectSettings/DynamicsManager.asset using Guid(00000000000000008000000000000000) (LibraryAssetImporter) -> (artifact id: '913ceedd18932e74f6c2ac19d4bebe5c') in 0.0039467 seconds
Start importing ProjectSettings/QualitySettings.asset using Guid(00000000000000009000000000000000) (LibraryAssetImporter) -> (artifact id: '0108565e686be3fe2e35cd30ef61dd30') in 0.0041915 seconds
Start importing ProjectSettings/EditorBuildSettings.asset using Guid(0000000000000000b000000000000000) (LibraryAssetImporter) -> (artifact id: 'cc5024ba743cb4132310bf025be68d55') in 0.0039181 seconds
Start importing ProjectSettings/EditorSettings.asset using Guid(0000000000000000c000000000000000) (LibraryAssetImporter) -> (artifact id: 'fdcca38f5f1944c9bec0b9f00395ab39') in 0.0043982 seconds
Start importing ProjectSettings/NavMeshAreas.asset using Guid(00000000000000004100000000000000) (LibraryAssetImporter) -> (artifact id: '4ba0a6bb5cc18b1619eb3b3f4ce570d1') in 0.0040396 seconds
Start importing ProjectSettings/Physics2DSettings.asset using Guid(00000000000000005100000000000000) (LibraryAssetImporter) -> (artifact id: '03a2f9665ad2b81ca54b808a512fd98e') in 0.0037204 seconds
Start importing ProjectSettings/GraphicsSettings.asset using Guid(00000000000000006100000000000000) (LibraryAssetImporter) -> (artifact id: '041f8e671a93a484399854eca4c35b80') in 0.0045546 seconds
Start importing ProjectSettings/ClusterInputManager.asset using Guid(00000000000000007100000000000000) (LibraryAssetImporter) -> (artifact id: '5a028a71a6163b7bc9a46219c48662ec') in 0.0042451 seconds
Start importing ProjectSettings/UnityConnectSettings.asset using Guid(0000000000000000a100000000000000) (LibraryAssetImporter) -> (artifact id: '5a6e69f8200d884ded3f19f546ea756a') in 0.0059608 seconds
Start importing ProjectSettings/PresetManager.asset using Guid(0000000000000000b100000000000000) (LibraryAssetImporter) -> (artifact id: '669bd2cb5cdf99ef516d1350fa42393e') in 0.0054198 seconds
Start importing ProjectSettings/VFXManager.asset using Guid(0000000000000000c100000000000000) (LibraryAssetImporter) -> (artifact id: 'dd6732d958402095937fd19a0cecb735') in 0.0043316 seconds
Start importing ProjectSettings/VersionControlSettings.asset using Guid(0000000000000000d100000000000000) (LibraryAssetImporter) -> (artifact id: 'b89f810c452b248c014f182ae5caa680') in 0.0036633 seconds
Start importing ProjectSettings/MemorySettings.asset using Guid(0000000000000000f100000000000000) (LibraryAssetImporter) -> (artifact id: '19f032dc933bd79e61da5c81f7ddd1ac') in 0.0042393 seconds
Start importing ProjectSettings/MultiplayerManager.asset using Guid(00000000000000000200000000000000) (LibraryAssetImporter) -> (artifact id: 'f060d13f2990d90fc35c577bb4111c66') in 0.0047256 seconds
Start importing Library/BuildInstructions using Guid(00000000000000002300000000000000) (DefaultImporter) -> (artifact id: 'ade3aeda13ad9960ede0e143cb33502a') in 0.0013558 seconds
Start importing Packages/com.unity.modules.imgui using Guid(c060426bfd6e82575228df6656368eaa) (DefaultImporter) -> (artifact id: '7d484ab5933192f91b6a2fb9f7498a1e') in 0.0012207 seconds
Start importing Assets/ThirdParty using Guid(24ce2b73e8f44746b691924fbbf24398) (DefaultImporter) -> (artifact id: 'c6765a6cebe590f80fb386ae8ba736ee') in 0.0014398 seconds
Start importing Assets/Resources using Guid(15a49b176a9c400f9de451d475756713) (DefaultImporter) -> (artifact id: '200048a8567d858feebe48cf47bafb39') in 0.0013983 seconds
Start importing Packages/com.unity.modules.imageconversion using Guid(850c54ee0b9e1aa740b1c67792eb1f26) (DefaultImporter) -> (artifact id: '77f78b27bd9bac81a00a007ef6f28867') in 0.0011262 seconds
Start importing Assets/Editor using Guid(b5c6c95632f4b194a839511b20c64cfb) (DefaultImporter) -> (artifact id: '5bd0a3caeef15244ef9ec25cf5534a13') in 0.0014232 seconds
Start importing Assets/Scripts using Guid(f647cba8605562d449948b1d7da1f6f0) (DefaultImporter) -> (artifact id: '4fc847c13cd837e11d41183dbcd4fb38') in 0.0013465 seconds
Start importing Packages/com.unity.modules.physics2d using Guid(376c84ea405e0f2b80562c23bb977216) (DefaultImporter) -> (artifact id: 'f030ba7c21f8c3d36c2700ba9484429e') in 0.0015029 seconds
Start importing Packages/com.unity.modules.particlesystem using Guid(48b10b41f58d5b49717f376cda59eeb8) (DefaultImporter) -> (artifact id: '52931c3585e961751803a41152ba5f0c') in 0.0017413 seconds
Start importing Packages/com.unity.modules.jsonserialize using Guid(fc3a810351931f5e6183e16b9beb5563) (DefaultImporter) -> (artifact id: 'ae149b8f46567b37c6b77b16bb572fe8') in 0.0017498 seconds
Start importing Packages/com.unity.modules.audio using Guid(2d6ba5cbe47e6ad3c87474c56174d4e0) (DefaultImporter) -> (artifact id: '2ad5535b0c9fde796c0a268a703c42c8') in 0.0014831 seconds
Start importing Assets/Scenes using Guid(ed37427fe343e82409a70ed57fd72f70) (DefaultImporter) -> (artifact id: 'c73a0e388484101b61480aeb12e27818') in 0.0034898 seconds
Start importing Assets/Resources/Audio using Guid(12c7acd5a72a4878b94fba744981b0a6) (DefaultImporter) -> (artifact id: '2a3b91fbfaa90dc1fa049f85b6e6cd5d') in 0.0018816 seconds
Start importing Assets/Resources/Fonts using Guid(85b53eae82124d1f84da41a0dd27d70e) (DefaultImporter) -> (artifact id: 'ade32b38b56cf2b31d15237b2b45ce0b') in 0.0015066 seconds
Start importing Assets/ThirdParty/KenneyImpactSounds using Guid(49ecc179ca69445ebfe5229f2263f106) (DefaultImporter) -> (artifact id: '2bfd53624e81f08d28077abc50046972') in 0.0014965 seconds
Start importing Assets/Resources/Art using Guid(69b9951cc96443eaaee6b446665170bf) (DefaultImporter) -> (artifact id: '680d370810a83daa43c3340029c92ffc') in 0.0015025 seconds
Start importing Assets/ThirdParty/MPlusRounded1c using Guid(5c3a2289f67b48b49817cb2c52f47237) (DefaultImporter) -> (artifact id: '43c3ebcda2ba27bb8081eb48e93e4141') in 0.0013829 seconds
Start importing Packages/com.unity.modules.imageconversion/package.ModuleCompilationTrigger using Guid(830a36a23cf3ab1e61fa47940a6dc35e) (DefaultImporter) -> (artifact id: 'ee0f0c801f95c19382d8b454dc7586e1') in 0.0675101 seconds
Start importing Packages/com.unity.modules.audio/package.ModuleCompilationTrigger using Guid(042dc296246916648e55a43d0eeb2036) (DefaultImporter) -> (artifact id: '93cfeb7be8bf6df4dc4fc167223dc2d5') in 0.0018378 seconds
Start importing Packages/com.unity.modules.jsonserialize/package.ModuleCompilationTrigger using Guid(e6a135e3ea9cb46795d1b0e05ac3e1e5) (DefaultImporter) -> (artifact id: '8d26f1c211bce77f7cf17eccccd57b0d') in 0.0016044 seconds
Start importing Packages/com.unity.modules.particlesystem/package.ModuleCompilationTrigger using Guid(17f093324b67f5bd57e55b546736750e) (DefaultImporter) -> (artifact id: '2ff549dcfdc7b1fa23811cebe1444f07') in 0.0015349 seconds
Start importing Packages/com.unity.modules.imgui/package.ModuleCompilationTrigger using Guid(be13c398521e3c1ad21fb9da30ab2ab6) (DefaultImporter) -> (artifact id: 'ea0574aa05344c7e80357502346d73fc') in 0.0014691 seconds
Start importing Packages/com.unity.modules.physics2d/package.ModuleCompilationTrigger using Guid(fe6a6957b37b61417b457a1e0541791d) (DefaultImporter) -> (artifact id: 'a5a6ae7d64235baf32ceb35097cc3c10') in 0.0015942 seconds
Refreshing native plugins compatible for Editor in 0.00 ms, found 0 plugins.
Native extension for WindowsStandalone target not found
ScheduleIndexationOnStartup MainProcess:True IndexOnStartup:True
Mono: successfully reloaded assembly
- Finished resetting the current domain, in  1.185 seconds
Domain Reload Profiling: 5849ms
	BeginReloadAssembly (624ms)
		ExecutionOrderSort (0ms)
		DisableScriptedObjects (57ms)
		BackupInstance (0ms)
		ReleaseScriptingObjects (0ms)
		CreateAndSetChildDomain (179ms)
	RebuildCommonClasses (93ms)
	RebuildNativeTypeToScriptingClass (32ms)
	initialDomainReloadingComplete (72ms)
	LoadAllAssembliesAndSetupDomain (3843ms)
		LoadAssemblies (4087ms)
		RebuildTransferFunctionScriptingTraits (0ms)
		AnalyzeDomain (32ms)
			TypeCache.Refresh (20ms)
				TypeCache.ScanAssembly (3ms)
			BuildScriptInfoCaches (2ms)
			ResolveRequiredComponents (5ms)
	FinalizeReload (1187ms)
		ReleaseScriptCaches (0ms)
		RebuildScriptCaches (0ms)
		SetupLoadedEditorAssemblies (820ms)
			LogAssemblyErrors (0ms)
			InitializePlatformSupportModulesInManaged (75ms)
			SetLoadedEditorAssemblies (6ms)
			BeforeProcessingInitializeOnLoad (287ms)
			ProcessInitializeOnLoadAttributes (305ms)
			ProcessInitializeOnLoadMethodAttributes (124ms)
			AfterProcessingInitializeOnLoad (21ms)
			EditorAssembliesLoaded (0ms)
		ExecutionOrderSort2 (0ms)
		AwakeInstancesAfterBackupRestoration (74ms)
Start importing Library/BuildPlayer.prefs using Guid(00000000000000005000000000000000) (DefaultImporter) -> (artifact id: '083d37eb6b0e82b8f5c1ec86344d848d') in 0.0173143 seconds
Start importing Assets/Scenes/MainStage.unity using Guid(f47cde71ad654939b3802f6bdeacb9c1) (DefaultImporter) -> (artifact id: '8ecaffa579898e87b1d5d3820ca82eed') in 0.0020643 seconds
Start importing Assets/Scenes/Tutorial.unity using Guid(9cdde09beba3a9948b21ff389c954384) (DefaultImporter) -> (artifact id: '60b87483935d8a8c324ed9bb313d939e') in 0.0017402 seconds
Start importing Assets/Resources/Art/HimoHitoEndingBackground-v1.png using Guid(60bb9eec31a84e658337764911b0557b) (TextureImporter) -> (artifact id: 'ad2a4fa4f7615816b1d0496f3b78b1e1') in 0.1750927 seconds
Start importing Assets/Resources/Art/HimoHitoCraftWoodGrain-v1.png using Guid(905d2db9d513478baf2c80dd0e00a012) (TextureImporter) -> (artifact id: '0d9b164095316a3a5cd72b97a62ae8a1') in 0.1229517 seconds
Start importing Assets/Resources/Art/TutorialGuideSign-v1.png using Guid(c0a74a768e0d4a5e9d72757bfb1a3691) (TextureImporter) -> (artifact id: 'b34bd6e088a92ea9f1aa8c0890e28a15') in 0.1561171 seconds
Start importing Assets/Resources/Art/HimoHitoCraftSpike-v1.png using Guid(f097aef7b0a049809189bbb4ac1c7b48) (TextureImporter) -> (artifact id: '441e7f9b88f480081bd09e54d8c91831') in 0.0961187 seconds
Start importing Assets/Resources/Art/HimoHitoControlsBackground-v1.png using Guid(119bd32ef42b4c69a7769736c21dbb80) (TextureImporter) -> (artifact id: '31852b56ab1da4f27c3c4f8dd4e1c33f') in 0.1644953 seconds
Start importing Assets/Resources/Art/HimoHitoWalkTransitions-v1.png using Guid(21f894b46cb94a728bceac3edf950891) (TextureImporter) -> (artifact id: 'c25bf04770c7cf7d06388a84936514b6') in 0.1001746 seconds
Start importing Assets/Resources/Art/HimoHitoCraftHookMount-v1.png using Guid(4135dfb82dfc4a41adcf8974566e392d) (TextureImporter) -> (artifact id: '3b58af775886e10e5a6c3c59020c004f') in 0.1009059 seconds
Start importing Assets/Resources/Art/HimoHitoStageMapPieces-v1.png using Guid(51f234cf38954df59880dce05e7b984a) (TextureImporter) -> (artifact id: '63a608e288c5faf9ad8783a97ad88557') in 0.1582803 seconds
Start importing Assets/Resources/Art/HimoHitoStageMapBackground-v1.png using Guid(42a507fb1e7c4d94908496f4f88e85ab) (TextureImporter) -> (artifact id: 'f08f791cd582b8f5cb56cb7eae6dbe65') in 0.166259 seconds
Start importing Assets/Resources/Art/HimoHitoFarBackground-v1.png using Guid(03ba781b513841fa8b0e18a1af62a252) (TextureImporter) -> (artifact id: '7cabdf026859327d0d4c9be9d1f7d3de') in 0.1716198 seconds
Start importing Assets/Resources/Art/HimoHitoWalk-v3.png using Guid(33ac9edeb4ad4fd396ef04c4ccae37a1) (TextureImporter) -> (artifact id: '065e21da6a02b50108cac6db07ba9b1d') in 0.1032444 seconds
Start importing Assets/Resources/Art/TutorialBlockPlatform-v1.png using Guid(53b3e7d6386d4caca7ffb2882bd395f1) (TextureImporter) -> (artifact id: 'c86631ca3cf93fad3f9834c05512cc83') in 0.0974245 seconds
Start importing Assets/Resources/Art/HimoHitoCraftPlayer-v1.png using Guid(b36d913a2af247a992bd830300000001) (TextureImporter) -> (artifact id: '16738ccd927f2a0cafbb4b062e63ca7d') in 0.0981917 seconds
Start importing Assets/Resources/Art/HimoHitoCraftWalk-v1.png using Guid(b36d913a2af247a992bd830300000002) (TextureImporter) -> (artifact id: '9d40076aaae5f9a49f2f4abf89a1062c') in 0.1021481 seconds
Start importing Assets/Resources/Art/HimoHitoCraftJump-v1.png using Guid(b36d913a2af247a992bd830300000003) (TextureImporter) -> (artifact id: '0a486e46c7a00ace00aaa528d8d59662') in 0.0968286 seconds
Start importing Assets/Resources/Art/HimoHitoCraftSwing-v1.png using Guid(b36d913a2af247a992bd830300000004) (TextureImporter) -> (artifact id: '383377e0dd022bf2c23dc2e563dbc117') in 0.0972405 seconds
Start importing Assets/Resources/Art/HimoHitoCraftIdle-v1.png using Guid(b36d913a2af247a992bd830300000005) (TextureImporter) -> (artifact id: '7bfb36849e98074857ab16c5dbfdbe29') in 0.0962004 seconds
Start importing Assets/Resources/Art/HimoHitoCraftAim-v1.png using Guid(b36d913a2af247a992bd830300000006) (TextureImporter) -> (artifact id: '33a3e062efaed4e7da4c49824fb34a40') in 0.0959385 seconds
Start importing Assets/Resources/Art/HimoHitoCraftWalkTransitions-v1.png using Guid(b36d913a2af247a992bd830300000007) (TextureImporter) -> (artifact id: '19afc14fea261986e56ce2d46b589e08') in 0.0905663 seconds
Start importing Assets/Resources/Art/HimoHitoCraftLanding-v1.png using Guid(b36d913a2af247a992bd830300000008) (TextureImporter) -> (artifact id: 'afa706be06d5204f7c084eb284f5a7b6') in 0.1022923 seconds
Start importing Assets/Resources/Art/HimoHitoCraftEdgeBalance-v1.png using Guid(b36d913a2af247a992bd830300000009) (TextureImporter) -> (artifact id: '0f62adf8c55dff0e3b41ae53ed89cbaa') in 0.0943055 seconds
Start importing Assets/Resources/Art/HimoHitoCraftWeave-v1.png using Guid(b36d913a2af247a992bd83030000000a) (TextureImporter) -> (artifact id: '04be5c764f2579caa7334e185caf21f0') in 0.0937631 seconds
Start importing Assets/Resources/Art/HimoHitoCraftGoal-v1.png using Guid(b36d913a2af247a992bd83030000000b) (TextureImporter) -> (artifact id: '3a87c232e87d3b6ae0aa4f75fed57056') in 0.096795 seconds
Start importing Assets/Resources/Art/HimoHitoCraftWallPush-v1.png using Guid(b36d913a2af247a992bd83030000000c) (TextureImporter) -> (artifact id: '75b1fb10e3418a8998580b94cc6c1c2f') in 0.1063073 seconds
Start importing Assets/Resources/Art/HimoHitoCraftSwitchPress-v1.png using Guid(b36d913a2af247a992bd83030000000d) (TextureImporter) -> (artifact id: '5cb11cee3fda332acf20209c2be3e878') in 0.1028301 seconds
Start importing Assets/Resources/Art/HimoHitoFailureBackground-v1.png using Guid(95c9c2c8aa9f46de81229cf13a633fee) (TextureImporter) -> (artifact id: '88be5d632fb5c919a9325093b81cd5cc') in 0.1541321 seconds
Start importing Assets/Resources/Art/HimoHitoCraftRoomMid-v1.png using Guid(26eed2660c084f7e8655718dbe2dca35) (TextureImporter) -> (artifact id: '35a1c21c024bdce53ed01dd0d5fb699b') in 0.146549 seconds
Start importing Assets/Resources/Art/TutorialRopeAnchorRing-v1.png using Guid(46f420de2d3a4a418204a1b272af3e97) (TextureImporter) -> (artifact id: '0789784538e0be03a7d1cef203ec1100') in 0.1034259 seconds
Start importing Assets/Resources/Art/HimoHitoStageMapUpcoming-v1.png using Guid(5668abed389e4d0ab8f8f0840c19a9dd) (TextureImporter) -> (artifact id: 'b5baff1a959d21057f7889b1309d3416') in 0.1649334 seconds
Start importing Assets/Resources/Art/HimoHitoSwing-v2.png using Guid(e68191c520a84cd8a84de8f1796a4d47) (TextureImporter) -> (artifact id: 'c1892269d468be132e425c911c2316e1') in 0.0939883 seconds
Start importing Assets/Resources/Art/WoodenToySpike-v1.png using Guid(372491b625c94d608b2065a29a83bf9c) (TextureImporter) -> (artifact id: 'b46239c537b71949b80166d8f735e0dd') in 0.1249002 seconds
Start importing Assets/Resources/Art/HimoHitoPlayer-v1.png using Guid(47a9a5e20d5d4a62b7d3d87ab73f69d2) (TextureImporter) -> (artifact id: 'e21b42a528710f7f9eb770d8fc7d44ad') in 0.0951794 seconds
Start importing Assets/Resources/Art/HimoHitoWeave-v1.png using Guid(474b3921276842e1b6e1b4dd211de2d0) (TextureImporter) -> (artifact id: '345f4e98e2b5d6ffccbde3053b256ba2') in 0.0988644 seconds
Start importing Assets/Resources/Art/HimoHitoJump-v2.png using Guid(57956f836e2a46ee8591048f48c4b8e6) (TextureImporter) -> (artifact id: 'de0d95833ffd5578523d6720c2beb171') in 0.1015232 seconds
Start importing Assets/Resources/Art/TutorialNightChildRoom-v1.png using Guid(a85306197474410aaf3b0a1e5ade76f3) (TextureImporter) -> (artifact id: 'a61a5ac55d3124c1088dd1edf280fef9') in 0.1587022 seconds
Start importing Assets/Resources/Art/RecoverySwitch-v1.png using Guid(a89b6f10927244e7a2918600bcd5a541) (TextureImporter) -> (artifact id: 'e130894f094cf95a09008b034497111a') in 0.1012162 seconds
Start importing Assets/Resources/Art/HimoHitoIdle-v1.png using Guid(49640119d9c94a42ab54649d755574a2) (TextureImporter) -> (artifact id: '99eeb9e0a573ba43de968041970892cb') in 0.10147 seconds
Start importing Assets/Resources/Art/HimoHitoTitleBackground-v1.png using Guid(a94c1d6472b54f1b9e172f43c6a8d0e2) (TextureImporter) -> (artifact id: 'aba011590496eeb108b9907a1ec9962a') in 0.1571763 seconds
Start importing Assets/Resources/Art/HimoHitoGoal-v1.png using Guid(d971f50ca47a4c179842b105513ac11c) (TextureImporter) -> (artifact id: 'e7b84c9a8a9a68d8d4715ba0374f26f7') in 0.1065936 seconds
Start importing Assets/Resources/Art/HimoHitoCraftChestOpening-v1.png using Guid(d9b2d670c0284dd6a55f2211df7674af) (TextureImporter) -> (artifact id: '1925a83da136e3ea08744d5c5798661a') in 0.1110081 seconds
Start importing Assets/Resources/Art/TutorialToyBoxGoal-v2.png using Guid(0a79c33d98fa47d9b62af3512f64389e) (TextureImporter) -> (artifact id: '3b1bd448bb7b454f45371d6a32478e9d') in 0.1155437 seconds
Start importing Assets/Resources/Art/HimoHitoLanding-v1.png using Guid(4a684fb28a7c4e97a649955becd70f54) (TextureImporter) -> (artifact id: 'ec03a528682caa5118f7b01eafbedac6') in 0.1063369 seconds
Start importing Assets/Resources/Art/HimoHitoStageCurtainCloth-v1.png using Guid(5ab39b2b5c1a4b5e845a74b0c07d641e) (TextureImporter) -> (artifact id: 'acba8163f3db6168c3d8d0b718d4f21f') in 0.1514089 seconds
Start importing Assets/Resources/Art/ToyBoxOpening-v1.png using Guid(1b4714df89bc4a06a7b00ca8cf2f4d98) (TextureImporter) -> (artifact id: 'ac331918a7976c2e2970ff9498092d98') in 0.112511 seconds
Start importing Assets/Resources/Art/HimoHitoCraftHudPanel-v1.png using Guid(db86517fe10744e8876f83932f22c2b1) (TextureImporter) -> (artifact id: 'c640bafdf71e6537a57cdffe93ad3242') in 0.1500901 seconds
Start importing Assets/Resources/Art/TutorialHookConnector-v1.png using Guid(0cf5cdde40ca47c8842641575371bc4e) (TextureImporter) -> (artifact id: 'eb34346f75db0f984a5fede043239c1a') in 0.100337 seconds
Start importing Assets/Resources/Art/HimoHitoCraftHookBlue-v1.png using Guid(aca965a532e54ff98bbd30b98a57f645) (TextureImporter) -> (artifact id: 'acd0af43b7bd038d6abd5fc058b6b31b') in 0.0999154 seconds
Start importing Assets/Resources/Art/HimoHitoStageDiorama-v1.png using Guid(bc68e9b2ee9b48edbfebc4b0ff43c677) (TextureImporter) -> (artifact id: '531016156457021ce4a0202c5cd49235') in 0.1556657 seconds
Start importing Assets/Resources/Art/HimoHitoEdgeBalance-v1.png using Guid(bcbd0e990d87433683095efc9e3fd79a) (TextureImporter) -> (artifact id: '800330c8cf5dfd0b36e87a8850a8c342') in 0.1030728 seconds
Start importing Assets/Resources/Art/HimoHitoSwitchPress-v1.png using Guid(dc784581e1ca4035a6f47c7e1dc1a359) (TextureImporter) -> (artifact id: 'ceb2e642f1dbefbb5cd5c39dbdd56721') in 0.1218822 seconds
Start importing Assets/Resources/Art/HimoHitoCraftWoodBlocks-v1.png using Guid(1d0066cbeb554814a68c4091ca9fa8ad) (TextureImporter) -> (artifact id: '28efcb29dca081f8e88ebb6a4f6325b3') in 0.136637 seconds
Start importing Assets/Resources/Art/HimoHitoCraftRecoverySwitch-v1.png using Guid(4db17f702e48474e8765fc0d221cb025) (TextureImporter) -> (artifact id: '75714572eacb62c7e7161138451f8010') in 0.1008353 seconds
Start importing Assets/Resources/Art/HimoHitoUiParts-v1.png using Guid(5e8b60c60c51cfd48b80d302046de380) (TextureImporter) -> (artifact id: 'e902ea4663a8bfd42ba2850a67ac3e35') in 0.0843649 seconds
Start importing Assets/Resources/Art/HimoHitoAppIcon-v1.png using Guid(6e890ec3e8174289903faa48d3033c6c) (TextureImporter) -> (artifact id: '26e21b3bc28bd5bd39f7d1d73080b921') in 0.161977 seconds
Start importing Assets/Resources/Art/HimoHitoYarnRope-v1.png using Guid(7ebd2a8e76a2446698e2027287591a32) (TextureImporter) -> (artifact id: '9dec09ce4501dd6d6e9dbeebcfc9d41d') in 0.1013207 seconds
Start importing Assets/Resources/Art/TutorialRailPlatform-v1.png using Guid(9ed1eb7633994bfc98f17cb2ce2ad592) (TextureImporter) -> (artifact id: 'b4a701ecd55c568ecb44f1f719f13d33') in 0.0970831 seconds
Start importing Assets/Resources/Art/HimoHitoCraftRail-v1.png using Guid(de607b977cdf45ee88bf5e1dcff9a57a) (TextureImporter) -> (artifact id: '429aee4daf9d82f70ed3e1ff4bcb265d') in 0.0967729 seconds
Start importing Assets/Resources/Art/HimoHitoAim-v1.png using Guid(0f53025be5f34a7aa7aec6772c7b18dd) (TextureImporter) -> (artifact id: '475fedb420ff783e1e61a4e1de039b3a') in 0.1086956 seconds
Start importing Assets/Resources/Art/HimoHitoCraftRoomFar-v1.png using Guid(5f40655b79394ae5b9c2bd19206c3d1d) (TextureImporter) -> (artifact id: '15d9065ba6f8f764c1beb4ac2a85e6c5') in 0.1726912 seconds
Start importing Assets/Resources/Art/HimoHitoCraftGuideSign-v1.png using Guid(6ff3e6a0b2b742bfb9397512f2a3d541) (TextureImporter) -> (artifact id: '24beaf1cd56da72904c0715ae8c7b3ce') in 0.1096199 seconds
Start importing Assets/Resources/Art/HimoHitoWallPush-v1.png using Guid(9f56962b08694fdc9f6217821fb9c20a) (TextureImporter) -> (artifact id: '8e32285030ed0f173cb95a3fa31c9d9e') in 0.1209445 seconds
Start importing Assets/Resources/Art/HimoHitoCraftHookGreen-v1.png using Guid(df028a2e957648eeb80ad1c5aa476b19) (TextureImporter) -> (artifact id: '53130befd97079091d59cd2572b3922d') in 0.1134073 seconds
Start importing Assets/Resources/RespawnWeave.shader using Guid(74f36cd1d3e14bf1b026e98b20d8f125) (ShaderImporter)Launched and connected shader compiler UnityShaderCompiler.exe after 0.05 seconds
 -> (artifact id: 'fe2a098a97179298efcfb796a8b0fdab') in 0.1093142 seconds
Start importing Assets/Resources/TutorialSignGreeting.shader using Guid(f624e90b37ae4df8a5f4e75a04ac2039) (ShaderImporter) -> (artifact id: 'e48ca0d28fe6503b013349d74e3b18cb') in 0.011229 seconds
Start importing Assets/Resources/HangingDecorSway.shader using Guid(ea09584549024e33a70dd81d9383dbd1) (ShaderImporter) -> (artifact id: 'd54fa105bb790c881b785e90c618a4b4') in 0.0103609 seconds
Start importing Assets/Resources/Fonts/MPlusRounded1c-Regular.ttf using Guid(b03eb138fcfd446cb68c5948838b0b20) (TrueTypeFontImporter) -> (artifact id: '25320fa9ff2791277ca289b0a3c288a2') in 0.0348928 seconds
Start importing Assets/Resources/Fonts/MPlusRounded1c-Bold.ttf using Guid(768f5d55443e44bc93772d9f738e5de4) (TrueTypeFontImporter) -> (artifact id: '958f5607fd7c95d035a8a9cafbaff8de') in 0.0215455 seconds
Start importing Packages/com.unity.modules.jsonserialize/package.json using Guid(40bf3cec17fa0b49fe04443c8332d638) (PackageManifestImporter) -> (artifact id: '4c54406cdf6f27a0dfd74653ac191550') in 0.0062259 seconds
Start importing Packages/com.unity.modules.imgui/package.json using Guid(42fe78c8fe682715a2cb531422e6ccb3) (PackageManifestImporter) -> (artifact id: 'b643c636c8e55776455f8adce1983951') in 0.0049389 seconds
Start importing Assets/ThirdParty/KenneyImpactSounds/License.txt using Guid(72a317b61dc44a089e56a63fcf4be9bc) (TextScriptImporter) -> (artifact id: '5524443009110b2d00b80f90df4041be') in 0.0056063 seconds
Start importing Packages/com.unity.modules.imageconversion/package.json using Guid(953fab16d15d5885b3600fcd6388b2ad) (PackageManifestImporter) -> (artifact id: '4914195fadd462954a635b65250787ed') in 0.004937 seconds
Start importing Assets/Resources/StageCatalog.json using Guid(d5b1cae6a0a2471b876e9f47a83b60a6) (TextScriptImporter) -> (artifact id: '795a53e7452850e792c1372411d9ace8') in 0.0048222 seconds
Start importing Packages/com.unity.modules.particlesystem/package.json using Guid(87d720faa37005c08600090e04d8c739) (PackageManifestImporter) -> (artifact id: 'd6aa8c20d84b997ec285a739a17be19d') in 0.0048998 seconds
Start importing Packages/com.unity.modules.physics2d/package.json using Guid(f7a8357347c80dc69c08d0b1a05e2122) (PackageManifestImporter) -> (artifact id: 'e2187f6cfb7435ccc7f0487e9567b857') in 0.0048603 seconds
Start importing Packages/com.unity.modules.audio/package.json using Guid(e9df95f53f1c1d0c9199e235d6c42b50) (PackageManifestImporter) -> (artifact id: '14bdb854ae6daae762f5873a0a889a4a') in 0.0049578 seconds
Start importing Assets/ThirdParty/MPlusRounded1c/OFL.txt using Guid(6f3a7420a3ac4fbf810d7f59c93d1cd8) (TextScriptImporter) -> (artifact id: '284fa736d407de826d0229d38ef7ee76') in 0.0059996 seconds
Start importing Assets/Resources/Audio/RopeAttachMissWhoosh.mp3 using Guid(a0c623313cd24137aa9b2b9eea6a06d4) (AudioImporter) -> (artifact id: '7162e68e7fd3cce5327201ae4935bacd') in 0.6432521 seconds
Start importing Assets/Resources/Audio/PlayerJumpSoft.ogg using Guid(b0fabb5300d54da7b3f8d308427966d6) (AudioImporter) -> (artifact id: 'd8d4011005bb69de088be8f1d4984da9') in 0.1357082 seconds
Start importing Assets/Resources/Audio/GoalClearXylophone.mp3 using Guid(228a3af47b1b42508a21701e8a10cbae) (AudioImporter) -> (artifact id: '33777e2a91d0fdeffbcbdea9029a67e4') in 0.1334954 seconds
Start importing Assets/Resources/Audio/FailureYarnDrop.mp3 using Guid(83b579259e74491bb73501adf72ab0d7) (AudioImporter) -> (artifact id: 'ae77ec8db6629ae3a2ccb267b974cb25') in 0.1398134 seconds
Start importing Assets/Resources/Audio/RopeLengthClick.mp3 using Guid(2480126c207d4453bb4287505ae25524) (AudioImporter) -> (artifact id: '4b825ceea3f7cdebc3618f829779fcd6') in 0.1451962 seconds
Start importing Assets/Resources/Audio/YasashiiOdori.mp3 using Guid(347b62b9e0f64384a965e9b2f2f8c679) (AudioImporter) -> (artifact id: '0c51adcca628cd9bc6289e0bc7472176') in 2.288226 seconds
Start importing Assets/Resources/Audio/RopeReleaseWind.wav using Guid(f58184b1b32c4a19919274da741af66e) (AudioImporter) -> (artifact id: '266693a7ce7a57c019599c622412a8f5') in 0.1274848 seconds
Start importing Assets/Resources/Audio/FailurePianoNote.mp3 using Guid(f53f55c7606d47f49b5110764f713218) (AudioImporter) -> (artifact id: '35efa64db21ff5756cb46ceac57a7694') in 0.1810926 seconds
Start importing Assets/Resources/Audio/HookAttachWood.ogg using Guid(76e9fb09e76b44ba88a73362818358a5) (AudioImporter) -> (artifact id: '681bc8556685474c358cb5c8df793014') in 0.1165238 seconds
Start importing Assets/Resources/Audio/HookAttachSoft.ogg using Guid(b743d22cecfe4e5abd62bfeca36b49ee) (AudioImporter) -> (artifact id: '4d1e0591f632660abe7f929c79cd6bbd') in 0.1159594 seconds
Start importing Assets/Resources/Audio/RopeShotRustling.mp3 using Guid(f7e9340ce9784a54b77c1dc1f73bb672) (AudioImporter) -> (artifact id: '01a83b4607ab362596f162edb00c8eb0') in 0.1761809 seconds
Start importing Assets/Resources/Audio/UiPaperOpen.mp3 using Guid(a8d15bd907114663aef0521138785274) (AudioImporter) -> (artifact id: '6c322b3c67138423d3e710385115aabb') in 0.1625582 seconds
Start importing Assets/Resources/Audio/PlayerLandingStep.mp3 using Guid(a9c532c96ee24a83b3361d1fe51406d7) (AudioImporter) -> (artifact id: 'f4f1988d0d09250b38e78b369142c292') in 0.1525831 seconds
Start importing Assets/Resources/Audio/PlayerFootstepSoftA.ogg using Guid(c957bf9374144767a799eba8db3bd0e0) (AudioImporter) -> (artifact id: '3a51a3384ff587c118f6ae6789e85492') in 0.0990299 seconds
Start importing Assets/Resources/Audio/RopePlatformBuildWood.ogg using Guid(4bd556dccffe49ce90bf436a0e18f8e8) (AudioImporter) -> (artifact id: 'fcb0fa84c82072c465b37624e5e8d8a6') in 0.1254763 seconds
Start importing Assets/Resources/Audio/RopeLengthLimitWood.mp3 using Guid(6ba174d06cb54e65ad844c287f39dd77) (AudioImporter) -> (artifact id: '8b805a8fd4965259ddf452b5c4a3ebbd') in 0.1770189 seconds
Start importing Assets/Resources/Audio/PlayerFootstepSoftD.ogg using Guid(2c5118ccb22945fda80e25bcc93d8109) (AudioImporter) -> (artifact id: '2dff5f335eccf15892ebc4f7a2b1aeb1') in 0.1098756 seconds
Start importing Assets/Resources/Audio/RopePlatformMergeWood.ogg using Guid(0efb0e493ea84d81a8e164237a490d2e) (AudioImporter) -> (artifact id: '8500c159e5c59c82b2ded975642b45a0') in 0.1099543 seconds
Start importing Assets/Resources/Audio/PlayerFootstepSoftC.ogg using Guid(9e97ebc6ce1f429db693c098003af615) (AudioImporter) -> (artifact id: '23bdaef25505ff798d150cc2f6ee0475') in 0.1170623 seconds
Start importing Assets/Resources/Audio/GoalTreasureChestOpen.mp3 using Guid(7ff7b0df9e664af4b05dbd8956f0e1d4) (AudioImporter) -> (artifact id: '6591bb0f2131e54b6594656d032d6c7e') in 0.1618268 seconds
Launched and connected shader compiler UnityShaderCompiler.exe after 0.03 seconds
Launched and connected shader compiler UnityShaderCompiler.exe after 0.03 seconds
Launched and connected shader compiler UnityShaderCompiler.exe after 0.03 seconds
Launched and connected shader compiler UnityShaderCompiler.exe after 0.04 seconds
Launched and connected shader compiler UnityShaderCompiler.exe after 0.03 seconds
Launched and connected shader compiler UnityShaderCompiler.exe after 0.03 seconds
Loading style catalogs (6)
	StyleSheets/Extensions/base/common.uss
	UIPackageResources/StyleSheets/Default/Variables/Public/common.uss
	StyleSheets/Northstar/common.uss
	StyleSheets/Extensions/fonts/inter.uss
	StyleSheets/Extensions/base/dark.uss
	UIPackageResources/StyleSheets/Default/Northstar/Palette/dark.uss
Refreshing native plugins compatible for Editor in 0.00 ms, found 0 plugins.
Preloading 0 native plugins for Editor in 0.00 ms.
Asset Pipeline Refresh (id=fcea08e39cf37ef4f9cf2aec60f4aa85): Total: 36.363 seconds - Initiated by InitialRefreshV2(ForceSynchronousImport)
	Summary:
		Imports: total=142 (actual=142, local cache=0, cache server=0)
		Asset DB Process Time: managed=41 ms, native=15533 ms
		Asset DB Callback time: managed=428 ms, native=2217 ms
		Scripting: domain reloads=1, domain reload time=4672 ms, compile time=13448 ms, other=21 ms
		Project Asset Count: scripts=43, non-scripts=99
		Asset File Changes: new=266, changed=266, moved=0, deleted=0
		Scan Filter Count: 0
	InvokeCustomDependenciesCallbacks: 0.004ms
	InvokePackagesCallback: 809.919ms
	ApplyChangesToAssetFolders: 0.854ms
	Scan: 870.430ms
	OnSourceAssetsModified: 5.010ms
	CategorizeAssetsWithTransientArtifact: 1.216ms
	ProcessAssetsWithTransientArtifactChanges: 5.414ms
	CategorizeAssets: 2.179ms
	ImportOutOfDateAssets: 14511.953ms (-12244.787ms without children)
		ImportManagerImport: 13307.388ms (22.033ms without children)
			ImportInProcess: 13284.605ms
			UpdateCategorizedAssets: 0.749ms
		CompileScripts: 13448.085ms
		ReloadNativeAssets: 0.002ms
		UnloadImportedAssets: 0.217ms
		ReloadImportedAssets: 0.032ms
		EnsureUptoDateAssetsAreRegisteredWithGuidPM: 0.057ms
		InitializingProgressBar: 0.014ms
		PostProcessAllAssetNotificationsAddChangedAssets: 0.002ms
		OnDemandSchedulerStart: 0.942ms
	PostProcessAllAssets: 1850.001ms
	Hotreload: 5.529ms
	GatherAllCurrentPrimaryArtifactRevisions: 0.028ms
	UnloadStreamsBegin: 3.896ms
	PersistCurrentRevisions: 0.281ms
	UnloadStreamsEnd: 0.310ms
	GenerateScriptTypeHashes: 0.004ms
	Untracked: 18296.392ms

Application.AssetDatabase Initial Refresh End
Scanning for USB devices : 3.420ms
Initializing Unity extensions:
[MODES] ModeService[none].Initialize
[MODES] ModeService[none].LoadModes
[MODES] Loading mode Default (0) for mode-current-id-ヒモヒト
Unloading 3 Unused Serialized files (Serialized files now loaded: 0)
Unloading 138 unused Assets / (507.5 KB). Loaded Objects now: 777.
Memory consumption went from 98.0 MB to 97.5 MB.
Total: 11.314600 ms (FindLiveObjects: 0.118500 ms CreateObjectMapping: 0.022500 ms MarkObjects: 10.736300 ms  DeleteObjects: 0.434800 ms)

Opening scene 'Assets/Scenes/MainStage.unity'
Unloading 0 Unused Serialized files (Serialized files now loaded: 0)
Loaded scene 'Assets/Scenes/MainStage.unity'
	Deserialize:            42.833 ms
	Integration:            9171.329 ms
	Integration of assets:  0.010 ms
	Thread Wait Time:       0.089 ms
	Total Operation Time:   9214.260 ms
Unloading 9 unused Assets / (1.5 KB). Loaded Objects now: 2406.
Memory consumption went from 242.2 MB to 242.2 MB.
Total: 11.006900 ms (FindLiveObjects: 0.285200 ms CreateObjectMapping: 0.025000 ms MarkObjects: 10.558600 ms  DeleteObjects: 0.135600 ms)

Start importing ProjectSettings/ProjectSettings.asset using Guid(00000000000000004000000000000000) (LibraryAssetImporter) -> (artifact id: '5f4e37d65bda7afa8e268936913a1795') in 0.0088925 seconds
Refreshing native plugins compatible for Editor in 0.00 ms, found 0 plugins.
Preloading 0 native plugins for Editor in 0.00 ms.
Asset Pipeline Refresh (id=aadb74e65a6f7ab468148fb5037c513f): Total: 0.068 seconds - Initiated by StopAssetImportingV2(NoUpdateAssetOptions)
Start importing Assets/Scenes/MainStage.unity using Guid(f47cde71ad654939b3802f6bdeacb9c1) (DefaultImporter) -> (artifact id: '8ecaffa579898e87b1d5d3820ca82eed') in 0.0022526 seconds
Refreshing native plugins compatible for Editor in 0.00 ms, found 0 plugins.
Preloading 0 native plugins for Editor in 0.00 ms.
Asset Pipeline Refresh (id=05d8b8c776199d44d87a0bb86ecb11ae): Total: 0.034 seconds - Initiated by StopAssetImportingV2(NoUpdateAssetOptions)
FIX_RUN Unity=6000.3.21f1 scene=MainStage test=Merged
UnityEngine.Debug:ExtractStackTraceNoAlloc (byte*,int,string)
UnityEngine.StackTraceUtility:ExtractStackTrace ()
UnityEngine.DebugLogHandler:Internal_Log (UnityEngine.LogType,UnityEngine.LogOption,string,UnityEngine.Object)
UnityEngine.DebugLogHandler:LogFormat (UnityEngine.LogType,UnityEngine.Object,string,object[])
UnityEngine.Logger:Log (UnityEngine.LogType,object)
UnityEngine.Debug:Log (object)
CheckpointMergedBridgeFix:Run () (at Assets/Editor/CheckpointMergedBridgeFix.cs:24)

(Filename: Assets/Editor/CheckpointMergedBridgeFix.cs Line: 24)

[Project] Loading completed in 53.493 seconds
	Project init time: 				42.670 seconds
		Template init time: 		0.000 seconds
		Package Manager init time: 		1.326 seconds
		Asset Database init time: 		1.403 seconds
		Global illumination init time: 	0.006 seconds
		Assemblies load time: 			2.404 seconds
		Unity extensions init time: 	0.001 seconds
		Asset Database refresh time: 	36.364 seconds
	Scene opening time: 			10.036 seconds
##utp:{"type":"ProjectInfo","version":2,"phase":"Immediate","time":1790768559713,"processId":23220,"projectLoad":53.4928439,"projectInit":42.669832,"templateInit":0.0,"packageManagerInit":1.3264278,"assetDatabaseInit":1.4026004,"globalIlluminationInit":0.0063033,"assembliesLoad":2.4044912,"unityExtensionsInit":0.0009857,"assetDatabaseRefresh":36.3641533,"sceneOpening":10.0359238}
##utp:{"type":"EditorInfo","version":2,"phase":"Immediate","time":1790768559713,"processId":23220,"editorVersion":"6000.3.21f1 (c02631ffc030)","branch":"6000.3/staging","buildType":"Release","platform":"Windows"}
Reloading assemblies for play mode.
Reloading assemblies after forced synchronous recompile.
Begin MonoManager ReloadAssembly
- Loaded All Assemblies, in  0.880 seconds
Refreshing native plugins compatible for Editor in 0.00 ms, found 0 plugins.
Native extension for WindowsStandalone target not found
ScheduleIndexationOnStartup MainProcess:True IndexOnStartup:True
Mono: successfully reloaded assembly
- Finished resetting the current domain, in 10.132 seconds
Domain Reload Profiling: 11006ms
	BeginReloadAssembly (644ms)
		ExecutionOrderSort (1ms)
		DisableScriptedObjects (197ms)
		BackupInstance (0ms)
		ReleaseScriptingObjects (0ms)
		CreateAndSetChildDomain (79ms)
	RebuildCommonClasses (97ms)
	RebuildNativeTypeToScriptingClass (32ms)
	initialDomainReloadingComplete (65ms)
	LoadAllAssembliesAndSetupDomain (32ms)
		LoadAssemblies (304ms)
		RebuildTransferFunctionScriptingTraits (0ms)
		AnalyzeDomain (22ms)
			TypeCache.Refresh (9ms)
				TypeCache.ScanAssembly (0ms)
			BuildScriptInfoCaches (4ms)
			ResolveRequiredComponents (4ms)
	FinalizeReload (10136ms)
		ReleaseScriptCaches (0ms)
		RebuildScriptCaches (0ms)
		SetupLoadedEditorAssemblies (832ms)
			LogAssemblyErrors (0ms)
			InitializePlatformSupportModulesInManaged (65ms)
			SetLoadedEditorAssemblies (11ms)
			BeforeProcessingInitializeOnLoad (284ms)
			ProcessInitializeOnLoadAttributes (309ms)
			ProcessInitializeOnLoadMethodAttributes (144ms)
			AfterProcessingInitializeOnLoad (18ms)
			EditorAssembliesLoaded (0ms)
		ExecutionOrderSort2 (0ms)
		AwakeInstancesAfterBackupRestoration (8860ms)
Asset Pipeline Refresh (id=627c60ec016f02040bf650d9ac8d7402): Total: 11.168 seconds - Initiated by StopAssetImportingV2(ForceSynchronousImport | ForceDomainReload)
	Summary:
		Imports: total=0 (actual=0, local cache=0, cache server=0)
		Asset DB Process Time: managed=0 ms, native=10204 ms
		Asset DB Callback time: managed=56 ms, native=1 ms
		Scripting: domain reloads=1, domain reload time=898 ms, compile time=8 ms, other=0 ms
		Project Asset Count: scripts=43, non-scripts=99
		Asset File Changes: new=0, changed=0, moved=0, deleted=0
		Scan Filter Count: 0
	InvokeCustomDependenciesCallbacks: 0.002ms
	InvokePackagesCallback: 5.580ms
	ApplyChangesToAssetFolders: 0.807ms
	Scan: 0.001ms
	OnSourceAssetsModified: 0.003ms
	CategorizeAssetsWithTransientArtifact: 0.005ms
	ProcessAssetsWithTransientArtifactChanges: 0.142ms
	CategorizeAssets: 1.405ms
	ImportOutOfDateAssets: 10138.746ms (10128.904ms without children)
		CompileScripts: 8.239ms
		CollectScriptTypesHashes: 0.001ms
		ReloadNativeAssets: 0.001ms
		UnloadImportedAssets: 0.074ms
		EnsureUptoDateAssetsAreRegisteredWithGuidPM: 0.041ms
		InitializingProgressBar: 0.001ms
		PostProcessAllAssetNotificationsAddChangedAssets: 0.000ms
		OnDemandSchedulerStart: 1.485ms
	PostProcessAllAssets: 56.542ms
	GatherAllCurrentPrimaryArtifactRevisions: 0.021ms
	UnloadStreamsBegin: 0.097ms
	PersistCurrentRevisions: 0.014ms
	UnloadStreamsEnd: 0.002ms
	GenerateScriptTypeHashes: 0.001ms
	Untracked: 964.962ms

Loaded scene 'Temp/__Backupscenes/0.backup'
	Deserialize:            12.872 ms
	Integration:            3775.082 ms
	Integration of assets:  0.017 ms
	Thread Wait Time:       0.011 ms
	Total Operation Time:   3787.981 ms
[MODES] ModeService[none].Initialize
[MODES] ModeService[none].LoadModes
[Licensing::Client] Successfully resolved entitlement details
Play開始地点：Tutorial
UnityEngine.Debug:ExtractStackTraceNoAlloc (byte*,int,string)
UnityEngine.StackTraceUtility:ExtractStackTrace ()
UnityEngine.DebugLogHandler:Internal_Log (UnityEngine.LogType,UnityEngine.LogOption,string,UnityEngine.Object)
UnityEngine.DebugLogHandler:LogFormat (UnityEngine.LogType,UnityEngine.Object,string,object[])
UnityEngine.Logger:Log (UnityEngine.LogType,object)
UnityEngine.Debug:Log (object)
HimoHitoEditor.PlayStartSceneSelector:ConfigurePlayStartScene (string,string) (at Assets/Editor/PlayStartSceneSelector.cs:50)
HimoHitoEditor.PlayStartSceneSelector:ConfigurePlayStartScene () (at Assets/Editor/PlayStartSceneSelector.cs:23)
UnityEditor.EditorApplication:Internal_CallDelayFunctions ()

(Filename: Assets/Editor/PlayStartSceneSelector.cs Line: 50)

Start Indexing on Editor startup
ArgumentOutOfRangeException: Index was out of range. Must be non-negative and less than the size of the collection.
Parameter name: index
  at System.Collections.Generic.List`1[T].get_Item (System.Int32 index) [0x00009] in <41d29b352f6a475ab1bf7c6628b82790>:0 
  at UnityEditor.Search.SearchDatabase+<EnumerateAll>d__81.MoveNext () [0x00106] in <63453c9528324daaa566ad51effa49a4>:0 
  at System.Linq.Enumerable.TryGetFirst[TSource] (System.Collections.Generic.IEnumerable`1[T] source, System.Boolean& found) [0x00045] in <80564d689e48448fa2a7101993ee7201>:0 
  at System.Linq.Enumerable.First[TSource] (System.Collections.Generic.IEnumerable`1[T] source) [0x00000] in <80564d689e48448fa2a7101993ee7201>:0 
  at UnityEditor.Search.SearchDatabase.GetDefaultSearchDatabase () [0x00006] in <63453c9528324daaa566ad51effa49a4>:0 
  at UnityEditor.Search.SearchInit.IndexationOnStartup () [0x0000c] in <63453c9528324daaa566ad51effa49a4>:0 
  at UnityEditor.EditorApplication.Internal_CallDelayFunctions () [0x0002c] in <ebc962e8381145e6bdb44b1996e8e9b4>:0 

Created GICache directory at C:/Users/田尻大翔/AppData/LocalLow/Unity/Caches/GiCache. Took: 0.066s, timestamps: [68.822 - 68.888]
ASSERT PASS Authored checkpoint9 exists
UnityEngine.Debug:ExtractStackTraceNoAlloc (byte*,int,string)
UnityEngine.StackTraceUtility:ExtractStackTrace ()
UnityEngine.DebugLogHandler:Internal_Log (UnityEngine.LogType,UnityEngine.LogOption,string,UnityEngine.Object)
UnityEngine.DebugLogHandler:LogFormat (UnityEngine.LogType,UnityEngine.Object,string,object[])
UnityEngine.Logger:Log (UnityEngine.LogType,object)
UnityEngine.Debug:Log (object)
HimoHito.FixDriver:Check (bool,string) (at Assets/Scripts/FixTrace.cs:63)
HimoHito.FixDriver/<Run>d__25:MoveNext () (at Assets/Scripts/FixTrace.cs:129)
UnityEngine.SetupCoroutine:InvokeMoveNext (System.Collections.IEnumerator,intptr)

(Filename: Assets/Scripts/FixTrace.cs Line: 63)

FIX_STATE {"test":"Merged","scene":"MainStage","label":"CONTROLLED_SETUP_POSITION","centerName":"Main S09 Center Hook","sequence":0,"frame":296,"section":1,"generatedCount":0,"removedCount":0,"savedRemovedCount":0,"selected":7,"savedSelected":7,"centerInstanceId":20962,"time":0.47703829407691958,"rope":50.0,"savedRope":50.0,"centerSelf":true,"centerHierarchy":true,"centerValid":true,"position":{"x":172.8000030517578,"y":-0.9499995708465576},"platforms":[],"savedPlatforms":[],"removedIds":[],"savedRemovedIds":[]}
UnityEngine.Debug:ExtractStackTraceNoAlloc (byte*,int,string)
UnityEngine.StackTraceUtility:ExtractStackTrace ()
UnityEngine.DebugLogHandler:Internal_Log (UnityEngine.LogType,UnityEngine.LogOption,string,UnityEngine.Object)
UnityEngine.DebugLogHandler:LogFormat (UnityEngine.LogType,UnityEngine.Object,string,object[])
UnityEngine.Logger:Log (UnityEngine.LogType,object)
UnityEngine.Debug:Log (object)
HimoHito.FixTrace:Record (string,UnityEngine.GameObject) (at Assets/Scripts/FixTrace.cs:49)
HimoHito.FixDriver:Position (UnityEngine.Vector2) (at Assets/Scripts/FixTrace.cs:87)
HimoHito.FixDriver/<Run>d__25:MoveNext () (at Assets/Scripts/FixTrace.cs:131)
UnityEngine.SetupCoroutine:InvokeMoveNext (System.Collections.IEnumerator,intptr)

(Filename: Assets/Scripts/FixTrace.cs Line: 49)

FIX_STATE {"test":"Merged","scene":"MainStage","label":"CaptureCheckpointState.enter","centerName":"Main S09 Center Hook","sequence":1,"frame":499,"section":9,"generatedCount":0,"removedCount":0,"savedRemovedCount":0,"selected":7,"savedSelected":7,"centerInstanceId":20962,"time":0.7999997138977051,"rope":50.0,"savedRope":50.0,"centerSelf":true,"centerHierarchy":true,"centerValid":true,"position":{"x":172.8000030517578,"y":-1.5350018739700318},"platforms":[],"savedPlatforms":[],"removedIds":[],"savedRemovedIds":[]}
UnityEngine.Debug:ExtractStackTraceNoAlloc (byte*,int,string)
UnityEngine.StackTraceUtility:ExtractStackTrace ()
UnityEngine.DebugLogHandler:Internal_Log (UnityEngine.LogType,UnityEngine.LogOption,string,UnityEngine.Object)
UnityEngine.DebugLogHandler:LogFormat (UnityEngine.LogType,UnityEngine.Object,string,object[])
UnityEngine.Logger:Log (UnityEngine.LogType,object)
UnityEngine.Debug:Log (object)
HimoHito.FixTrace:Record (string,UnityEngine.GameObject) (at Assets/Scripts/FixTrace.cs:49)
HimoHito.MainStageRespawnOnFall:CaptureCheckpointState () (at Assets/Scripts/MainStageRespawnOnFall.cs:203)
HimoHito.MainStageRespawnOnFall:TryReachSection (int,UnityEngine.Vector2,single) (at Assets/Scripts/MainStageRespawnOnFall.cs:195)
HimoHito.MainStageCheckpoint:OnCollisionStay2D (UnityEngine.Collision2D) (at Assets/Scripts/MainStageCheckpoint.cs:34)

(Filename: Assets/Scripts/FixTrace.cs Line: 49)

FIX_STATE {"test":"Merged","scene":"MainStage","label":"CaptureCheckpointState.exit","centerName":"Main S09 Center Hook","sequence":2,"frame":499,"section":9,"generatedCount":0,"removedCount":0,"savedRemovedCount":0,"selected":7,"savedSelected":7,"centerInstanceId":20962,"time":0.7999997138977051,"rope":50.0,"savedRope":50.0,"centerSelf":true,"centerHierarchy":true,"centerValid":true,"position":{"x":172.8000030517578,"y":-1.5350018739700318},"platforms":[],"savedPlatforms":[],"removedIds":[],"savedRemovedIds":[]}
UnityEngine.Debug:ExtractStackTraceNoAlloc (byte*,int,string)
UnityEngine.StackTraceUtility:ExtractStackTrace ()
UnityEngine.DebugLogHandler:Internal_Log (UnityEngine.LogType,UnityEngine.LogOption,string,UnityEngine.Object)
UnityEngine.DebugLogHandler:LogFormat (UnityEngine.LogType,UnityEngine.Object,string,object[])
UnityEngine.Logger:Log (UnityEngine.LogType,object)
UnityEngine.Debug:Log (object)
HimoHito.FixTrace:Record (string,UnityEngine.GameObject) (at Assets/Scripts/FixTrace.cs:49)
HimoHito.MainStageRespawnOnFall:CaptureCheckpointState () (at Assets/Scripts/MainStageRespawnOnFall.cs:208)
HimoHito.MainStageRespawnOnFall:TryReachSection (int,UnityEngine.Vector2,single) (at Assets/Scripts/MainStageRespawnOnFall.cs:195)
HimoHito.MainStageCheckpoint:OnCollisionStay2D (UnityEngine.Collision2D) (at Assets/Scripts/MainStageCheckpoint.cs:34)

(Filename: Assets/Scripts/FixTrace.cs Line: 49)

ASSERT PASS Authored physical landing captured section9
UnityEngine.Debug:ExtractStackTraceNoAlloc (byte*,int,string)
UnityEngine.StackTraceUtility:ExtractStackTrace ()
UnityEngine.DebugLogHandler:Internal_Log (UnityEngine.LogType,UnityEngine.LogOption,string,UnityEngine.Object)
UnityEngine.DebugLogHandler:LogFormat (UnityEngine.LogType,UnityEngine.Object,string,object[])
UnityEngine.Logger:Log (UnityEngine.LogType,object)
UnityEngine.Debug:Log (object)
HimoHito.FixDriver:Check (bool,string) (at Assets/Scripts/FixTrace.cs:63)
HimoHito.FixDriver/<Run>d__25:MoveNext () (at Assets/Scripts/FixTrace.cs:132)
UnityEngine.SetupCoroutine:InvokeMoveNext (System.Collections.IEnumerator,intptr)

(Filename: Assets/Scripts/FixTrace.cs Line: 63)

FIX_STATE {"test":"Merged","scene":"MainStage","label":"CONTROLLED_SETUP_POSITION","centerName":"Main S09 Center Hook","sequence":3,"frame":805,"section":9,"generatedCount":0,"removedCount":0,"savedRemovedCount":0,"selected":6,"savedSelected":7,"centerInstanceId":20962,"time":1.277549147605896,"rope":50.0,"savedRope":50.0,"centerSelf":true,"centerHierarchy":true,"centerValid":true,"position":{"x":179.35000610351563,"y":-1.4300000667572022},"platforms":[],"savedPlatforms":[],"removedIds":[],"savedRemovedIds":[]}
UnityEngine.Debug:ExtractStackTraceNoAlloc (byte*,int,string)
UnityEngine.StackTraceUtility:ExtractStackTrace ()
UnityEngine.DebugLogHandler:Internal_Log (UnityEngine.LogType,UnityEngine.LogOption,string,UnityEngine.Object)
UnityEngine.DebugLogHandler:LogFormat (UnityEngine.LogType,UnityEngine.Object,string,object[])
UnityEngine.Logger:Log (UnityEngine.LogType,object)
UnityEngine.Debug:Log (object)
HimoHito.FixTrace:Record (string,UnityEngine.GameObject) (at Assets/Scripts/FixTrace.cs:49)
HimoHito.FixDriver:Position (UnityEngine.Vector2) (at Assets/Scripts/FixTrace.cs:87)
HimoHito.FixDriver/<Run>d__25:MoveNext () (at Assets/Scripts/FixTrace.cs:142)
UnityEngine.SetupCoroutine:InvokeMoveNext (System.Collections.IEnumerator,intptr)

(Filename: Assets/Scripts/FixTrace.cs Line: 49)

ASSERT PASS First E attach
UnityEngine.Debug:ExtractStackTraceNoAlloc (byte*,int,string)
UnityEngine.StackTraceUtility:ExtractStackTrace ()
UnityEngine.DebugLogHandler:Internal_Log (UnityEngine.LogType,UnityEngine.LogOption,string,UnityEngine.Object)
UnityEngine.DebugLogHandler:LogFormat (UnityEngine.LogType,UnityEngine.Object,string,object[])
UnityEngine.Logger:Log (UnityEngine.LogType,object)
UnityEngine.Debug:Log (object)
HimoHito.FixDriver:Check (bool,string) (at Assets/Scripts/FixTrace.cs:63)
HimoHito.FixDriver/<Run>d__25:MoveNext () (at Assets/Scripts/FixTrace.cs:143)
UnityEngine.SetupCoroutine:InvokeMoveNext (System.Collections.IEnumerator,intptr)

(Filename: Assets/Scripts/FixTrace.cs Line: 63)

ASSERT PASS First Q bridge
UnityEngine.Debug:ExtractStackTraceNoAlloc (byte*,int,string)
UnityEngine.StackTraceUtility:ExtractStackTrace ()
UnityEngine.DebugLogHandler:Internal_Log (UnityEngine.LogType,UnityEngine.LogOption,string,UnityEngine.Object)
UnityEngine.DebugLogHandler:LogFormat (UnityEngine.LogType,UnityEngine.Object,string,object[])
UnityEngine.Logger:Log (UnityEngine.LogType,object)
UnityEngine.Debug:Log (object)
HimoHito.FixDriver:Check (bool,string) (at Assets/Scripts/FixTrace.cs:63)
HimoHito.FixDriver/<Run>d__25:MoveNext () (at Assets/Scripts/FixTrace.cs:144)
UnityEngine.SetupCoroutine:InvokeMoveNext (System.Collections.IEnumerator,intptr)

(Filename: Assets/Scripts/FixTrace.cs Line: 63)

ASSERT PASS Second E attach
UnityEngine.Debug:ExtractStackTraceNoAlloc (byte*,int,string)
UnityEngine.StackTraceUtility:ExtractStackTrace ()
UnityEngine.DebugLogHandler:Internal_Log (UnityEngine.LogType,UnityEngine.LogOption,string,UnityEngine.Object)
UnityEngine.DebugLogHandler:LogFormat (UnityEngine.LogType,UnityEngine.Object,string,object[])
UnityEngine.Logger:Log (UnityEngine.LogType,object)
UnityEngine.Debug:Log (object)
HimoHito.FixDriver:Check (bool,string) (at Assets/Scripts/FixTrace.cs:63)
HimoHito.FixDriver/<Run>d__25:MoveNext () (at Assets/Scripts/FixTrace.cs:146)
UnityEngine.SetupCoroutine:InvokeMoveNext (System.Collections.IEnumerator,intptr)

(Filename: Assets/Scripts/FixTrace.cs Line: 63)

ASSERT PASS Second Q bridge
UnityEngine.Debug:ExtractStackTraceNoAlloc (byte*,int,string)
UnityEngine.StackTraceUtility:ExtractStackTrace ()
UnityEngine.DebugLogHandler:Internal_Log (UnityEngine.LogType,UnityEngine.LogOption,string,UnityEngine.Object)
UnityEngine.DebugLogHandler:LogFormat (UnityEngine.LogType,UnityEngine.Object,string,object[])
UnityEngine.Logger:Log (UnityEngine.LogType,object)
UnityEngine.Debug:Log (object)
HimoHito.FixDriver:Check (bool,string) (at Assets/Scripts/FixTrace.cs:63)
HimoHito.FixDriver/<Run>d__25:MoveNext () (at Assets/Scripts/FixTrace.cs:147)
UnityEngine.SetupCoroutine:InvokeMoveNext (System.Collections.IEnumerator,intptr)

(Filename: Assets/Scripts/FixTrace.cs Line: 63)

FIX_STATE {"test":"Merged","scene":"MainStage","label":"TWO_UNMERGED_BRIDGES","centerName":"Main S09 Center Hook","sequence":4,"frame":1473,"section":9,"generatedCount":2,"removedCount":0,"savedRemovedCount":0,"selected":6,"savedSelected":7,"centerInstanceId":20962,"time":2.51336932182312,"rope":38.0,"savedRope":50.0,"centerSelf":true,"centerHierarchy":true,"centerValid":true,"position":{"x":185.14952087402345,"y":-0.32531994581222536},"platforms":[{"start":{"x":185.5,"y":-1.0499999523162842},"end":{"x":180.0,"y":-2.1500000953674318},"ropeLength":6.0},{"start":{"x":191.0,"y":-2.1500000953674318},"end":{"x":185.5,"y":-1.0499999523162842},"ropeLength":6.0}],"savedPlatforms":[],"removedIds":[],"savedRemovedIds":[]}
UnityEngine.Debug:ExtractStackTraceNoAlloc (byte*,int,string)
UnityEngine.StackTraceUtility:ExtractStackTrace ()
UnityEngine.DebugLogHandler:Internal_Log (UnityEngine.LogType,UnityEngine.LogOption,string,UnityEngine.Object)
UnityEngine.DebugLogHandler:LogFormat (UnityEngine.LogType,UnityEngine.Object,string,object[])
UnityEngine.Logger:Log (UnityEngine.LogType,object)
UnityEngine.Debug:Log (object)
HimoHito.FixTrace:Record (string,UnityEngine.GameObject) (at Assets/Scripts/FixTrace.cs:49)
HimoHito.FixDriver/<Run>d__25:MoveNext () (at Assets/Scripts/FixTrace.cs:148)
UnityEngine.SetupCoroutine:InvokeMoveNext (System.Collections.IEnumerator,intptr)

(Filename: Assets/Scripts/FixTrace.cs Line: 49)

ASSERT PASS F merge
UnityEngine.Debug:ExtractStackTraceNoAlloc (byte*,int,string)
UnityEngine.StackTraceUtility:ExtractStackTrace ()
UnityEngine.DebugLogHandler:Internal_Log (UnityEngine.LogType,UnityEngine.LogOption,string,UnityEngine.Object)
UnityEngine.DebugLogHandler:LogFormat (UnityEngine.LogType,UnityEngine.Object,string,object[])
UnityEngine.Logger:Log (UnityEngine.LogType,object)
UnityEngine.Debug:Log (object)
HimoHito.FixDriver:Check (bool,string) (at Assets/Scripts/FixTrace.cs:63)
HimoHito.FixDriver/<Run>d__25:MoveNext () (at Assets/Scripts/FixTrace.cs:152)
UnityEngine.SetupCoroutine:InvokeMoveNext (System.Collections.IEnumerator,intptr)

(Filename: Assets/Scripts/FixTrace.cs Line: 63)

FIX_STATE {"test":"Merged","scene":"MainStage","label":"MERGED_BEFORE_CHECKPOINT","centerName":"Main S09 Center Hook","sequence":5,"frame":1723,"section":9,"generatedCount":1,"removedCount":1,"savedRemovedCount":0,"selected":6,"savedSelected":7,"centerInstanceId":20962,"time":3.3134284019470217,"rope":38.0,"savedRope":50.0,"centerSelf":false,"centerHierarchy":false,"centerValid":true,"position":{"x":185.1500701904297,"y":-2.4058640003204347},"platforms":[{"start":{"x":180.0,"y":-2.1500000953674318},"end":{"x":191.0,"y":-2.1500000953674318},"ropeLength":12.0}],"savedPlatforms":[],"removedIds":[20962],"savedRemovedIds":[]}
UnityEngine.Debug:ExtractStackTraceNoAlloc (byte*,int,string)
UnityEngine.StackTraceUtility:ExtractStackTrace ()
UnityEngine.DebugLogHandler:Internal_Log (UnityEngine.LogType,UnityEngine.LogOption,string,UnityEngine.Object)
UnityEngine.DebugLogHandler:LogFormat (UnityEngine.LogType,UnityEngine.Object,string,object[])
UnityEngine.Logger:Log (UnityEngine.LogType,object)
UnityEngine.Debug:Log (object)
HimoHito.FixTrace:Record (string,UnityEngine.GameObject) (at Assets/Scripts/FixTrace.cs:49)
HimoHito.FixDriver/<Run>d__25:MoveNext () (at Assets/Scripts/FixTrace.cs:153)
UnityEngine.SetupCoroutine:InvokeMoveNext (System.Collections.IEnumerator,intptr)

(Filename: Assets/Scripts/FixTrace.cs Line: 49)

FIX_STATE {"test":"Merged","scene":"MainStage","label":"CaptureCheckpointState.enter","centerName":"Main S09 Center Hook","sequence":6,"frame":2253,"section":10,"generatedCount":1,"removedCount":1,"savedRemovedCount":0,"selected":6,"savedSelected":7,"centerInstanceId":20962,"time":4.639998435974121,"rope":38.0,"savedRope":50.0,"centerSelf":false,"centerHierarchy":false,"centerValid":true,"position":{"x":193.00942993164063,"y":-1.5350136756896973},"platforms":[{"start":{"x":180.0,"y":-2.1500000953674318},"end":{"x":191.0,"y":-2.1500000953674318},"ropeLength":12.0}],"savedPlatforms":[],"removedIds":[20962],"savedRemovedIds":[]}
UnityEngine.Debug:ExtractStackTraceNoAlloc (byte*,int,string)
UnityEngine.StackTraceUtility:ExtractStackTrace ()
UnityEngine.DebugLogHandler:Internal_Log (UnityEngine.LogType,UnityEngine.LogOption,string,UnityEngine.Object)
UnityEngine.DebugLogHandler:LogFormat (UnityEngine.LogType,UnityEngine.Object,string,object[])
UnityEngine.Logger:Log (UnityEngine.LogType,object)
UnityEngine.Debug:Log (object)
HimoHito.FixTrace:Record (string,UnityEngine.GameObject) (at Assets/Scripts/FixTrace.cs:49)
HimoHito.MainStageRespawnOnFall:CaptureCheckpointState () (at Assets/Scripts/MainStageRespawnOnFall.cs:203)
HimoHito.MainStageRespawnOnFall:TryReachSection (int,UnityEngine.Vector2,single) (at Assets/Scripts/MainStageRespawnOnFall.cs:195)
HimoHito.MainStageCheckpoint:OnCollisionStay2D (UnityEngine.Collision2D) (at Assets/Scripts/MainStageCheckpoint.cs:34)

(Filename: Assets/Scripts/FixTrace.cs Line: 49)

FIX_STATE {"test":"Merged","scene":"MainStage","label":"CaptureCheckpointState.exit","centerName":"Main S09 Center Hook","sequence":7,"frame":2253,"section":10,"generatedCount":1,"removedCount":1,"savedRemovedCount":1,"selected":6,"savedSelected":6,"centerInstanceId":20962,"time":4.639998435974121,"rope":38.0,"savedRope":38.0,"centerSelf":false,"centerHierarchy":false,"centerValid":true,"position":{"x":193.00942993164063,"y":-1.5350136756896973},"platforms":[{"start":{"x":180.0,"y":-2.1500000953674318},"end":{"x":191.0,"y":-2.1500000953674318},"ropeLength":12.0}],"savedPlatforms":[{"start":{"x":180.0,"y":-2.1500000953674318},"end":{"x":191.0,"y":-2.1500000953674318},"ropeLength":12.0}],"removedIds":[20962],"savedRemovedIds":[20962]}
UnityEngine.Debug:ExtractStackTraceNoAlloc (byte*,int,string)
UnityEngine.StackTraceUtility:ExtractStackTrace ()
UnityEngine.DebugLogHandler:Internal_Log (UnityEngine.LogType,UnityEngine.LogOption,string,UnityEngine.Object)
UnityEngine.DebugLogHandler:LogFormat (UnityEngine.LogType,UnityEngine.Object,string,object[])
UnityEngine.Logger:Log (UnityEngine.LogType,object)
UnityEngine.Debug:Log (object)
HimoHito.FixTrace:Record (string,UnityEngine.GameObject) (at Assets/Scripts/FixTrace.cs:49)
HimoHito.MainStageRespawnOnFall:CaptureCheckpointState () (at Assets/Scripts/MainStageRespawnOnFall.cs:208)
HimoHito.MainStageRespawnOnFall:TryReachSection (int,UnityEngine.Vector2,single) (at Assets/Scripts/MainStageRespawnOnFall.cs:195)
HimoHito.MainStageCheckpoint:OnCollisionStay2D (UnityEngine.Collision2D) (at Assets/Scripts/MainStageCheckpoint.cs:34)

(Filename: Assets/Scripts/FixTrace.cs Line: 49)

ASSERT PASS Authored physical landing captured checkpoint10
UnityEngine.Debug:ExtractStackTraceNoAlloc (byte*,int,string)
UnityEngine.StackTraceUtility:ExtractStackTrace ()
UnityEngine.DebugLogHandler:Internal_Log (UnityEngine.LogType,UnityEngine.LogOption,string,UnityEngine.Object)
UnityEngine.DebugLogHandler:LogFormat (UnityEngine.LogType,UnityEngine.Object,string,object[])
UnityEngine.Logger:Log (UnityEngine.LogType,object)
UnityEngine.Debug:Log (object)
HimoHito.FixDriver:Check (bool,string) (at Assets/Scripts/FixTrace.cs:63)
HimoHito.FixDriver/<Run>d__25:MoveNext () (at Assets/Scripts/FixTrace.cs:164)
UnityEngine.SetupCoroutine:InvokeMoveNext (System.Collections.IEnumerator,intptr)

(Filename: Assets/Scripts/FixTrace.cs Line: 63)

FIX_STATE {"test":"Merged","scene":"MainStage","label":"CHECKPOINT_CAPTURED","centerName":"Main S09 Center Hook","sequence":8,"frame":2253,"section":10,"generatedCount":1,"removedCount":1,"savedRemovedCount":1,"selected":6,"savedSelected":6,"centerInstanceId":20962,"time":4.640388488769531,"rope":38.0,"savedRope":38.0,"centerSelf":false,"centerHierarchy":false,"centerValid":true,"position":{"x":193.00942993164063,"y":-1.5350136756896973},"platforms":[{"start":{"x":180.0,"y":-2.1500000953674318},"end":{"x":191.0,"y":-2.1500000953674318},"ropeLength":12.0}],"savedPlatforms":[{"start":{"x":180.0,"y":-2.1500000953674318},"end":{"x":191.0,"y":-2.1500000953674318},"ropeLength":12.0}],"removedIds":[20962],"savedRemovedIds":[20962]}
UnityEngine.Debug:ExtractStackTraceNoAlloc (byte*,int,string)
UnityEngine.StackTraceUtility:ExtractStackTrace ()
UnityEngine.DebugLogHandler:Internal_Log (UnityEngine.LogType,UnityEngine.LogOption,string,UnityEngine.Object)
UnityEngine.DebugLogHandler:LogFormat (UnityEngine.LogType,UnityEngine.Object,string,object[])
UnityEngine.Logger:Log (UnityEngine.LogType,object)
UnityEngine.Debug:Log (object)
HimoHito.FixTrace:Record (string,UnityEngine.GameObject) (at Assets/Scripts/FixTrace.cs:49)
HimoHito.FixDriver/<Run>d__25:MoveNext () (at Assets/Scripts/FixTrace.cs:165)
UnityEngine.SetupCoroutine:InvokeMoveNext (System.Collections.IEnumerator,intptr)

(Filename: Assets/Scripts/FixTrace.cs Line: 49)

ASSERT PASS Snapshot platform/removed counts
UnityEngine.Debug:ExtractStackTraceNoAlloc (byte*,int,string)
UnityEngine.StackTraceUtility:ExtractStackTrace ()
UnityEngine.DebugLogHandler:Internal_Log (UnityEngine.LogType,UnityEngine.LogOption,string,UnityEngine.Object)
UnityEngine.DebugLogHandler:LogFormat (UnityEngine.LogType,UnityEngine.Object,string,object[])
UnityEngine.Logger:Log (UnityEngine.LogType,object)
UnityEngine.Debug:Log (object)
HimoHito.FixDriver:Check (bool,string) (at Assets/Scripts/FixTrace.cs:63)
HimoHito.FixDriver/<Run>d__25:MoveNext () (at Assets/Scripts/FixTrace.cs:170)
UnityEngine.SetupCoroutine:InvokeMoveNext (System.Collections.IEnumerator,intptr)

(Filename: Assets/Scripts/FixTrace.cs Line: 63)

ASSERT PASS Snapshot contains exact central GameObject reference
UnityEngine.Debug:ExtractStackTraceNoAlloc (byte*,int,string)
UnityEngine.StackTraceUtility:ExtractStackTrace ()
UnityEngine.DebugLogHandler:Internal_Log (UnityEngine.LogType,UnityEngine.LogOption,string,UnityEngine.Object)
UnityEngine.DebugLogHandler:LogFormat (UnityEngine.LogType,UnityEngine.Object,string,object[])
UnityEngine.Logger:Log (UnityEngine.LogType,object)
UnityEngine.Debug:Log (object)
HimoHito.FixDriver:Check (bool,string) (at Assets/Scripts/FixTrace.cs:63)
HimoHito.FixDriver/<Run>d__25:MoveNext () (at Assets/Scripts/FixTrace.cs:171)
UnityEngine.SetupCoroutine:InvokeMoveNext (System.Collections.IEnumerator,intptr)

(Filename: Assets/Scripts/FixTrace.cs Line: 63)

FIX_STATE {"test":"Merged","scene":"MainStage","label":"RESTART_1_BEFORE_PERTURBED","centerName":"Main S09 Center Hook","sequence":9,"frame":2253,"section":10,"generatedCount":1,"removedCount":1,"savedRemovedCount":1,"selected":4,"savedSelected":6,"centerInstanceId":20962,"time":4.640388488769531,"rope":23.0,"savedRope":38.0,"centerSelf":false,"centerHierarchy":false,"centerValid":true,"position":{"x":193.00942993164063,"y":-1.5350136756896973},"platforms":[{"start":{"x":180.0,"y":-2.1500000953674318},"end":{"x":191.0,"y":-2.1500000953674318},"ropeLength":12.0}],"savedPlatforms":[{"start":{"x":180.0,"y":-2.1500000953674318},"end":{"x":191.0,"y":-2.1500000953674318},"ropeLength":12.0}],"removedIds":[20962],"savedRemovedIds":[20962]}
UnityEngine.Debug:ExtractStackTraceNoAlloc (byte*,int,string)
UnityEngine.StackTraceUtility:ExtractStackTrace ()
UnityEngine.DebugLogHandler:Internal_Log (UnityEngine.LogType,UnityEngine.LogOption,string,UnityEngine.Object)
UnityEngine.DebugLogHandler:LogFormat (UnityEngine.LogType,UnityEngine.Object,string,object[])
UnityEngine.Logger:Log (UnityEngine.LogType,object)
UnityEngine.Debug:Log (object)
HimoHito.FixTrace:Record (string,UnityEngine.GameObject) (at Assets/Scripts/FixTrace.cs:49)
HimoHito.FixDriver/<Run>d__25:MoveNext () (at Assets/Scripts/FixTrace.cs:176)
UnityEngine.SetupCoroutine:InvokeMoveNext (System.Collections.IEnumerator,intptr)

(Filename: Assets/Scripts/FixTrace.cs Line: 49)

FIX_STATE {"test":"Merged","scene":"MainStage","label":"RestartFromCheckpoint.enter","centerName":"Main S09 Center Hook","sequence":10,"frame":2253,"section":10,"generatedCount":1,"removedCount":1,"savedRemovedCount":1,"selected":4,"savedSelected":6,"centerInstanceId":20962,"time":4.640388488769531,"rope":23.0,"savedRope":38.0,"centerSelf":false,"centerHierarchy":false,"centerValid":true,"position":{"x":193.00942993164063,"y":-1.5350136756896973},"platforms":[{"start":{"x":180.0,"y":-2.1500000953674318},"end":{"x":191.0,"y":-2.1500000953674318},"ropeLength":12.0}],"savedPlatforms":[{"start":{"x":180.0,"y":-2.1500000953674318},"end":{"x":191.0,"y":-2.1500000953674318},"ropeLength":12.0}],"removedIds":[20962],"savedRemovedIds":[20962]}
UnityEngine.Debug:ExtractStackTraceNoAlloc (byte*,int,string)
UnityEngine.StackTraceUtility:ExtractStackTrace ()
UnityEngine.DebugLogHandler:Internal_Log (UnityEngine.LogType,UnityEngine.LogOption,string,UnityEngine.Object)
UnityEngine.DebugLogHandler:LogFormat (UnityEngine.LogType,UnityEngine.Object,string,object[])
UnityEngine.Logger:Log (UnityEngine.LogType,object)
UnityEngine.Debug:Log (object)
HimoHito.FixTrace:Record (string,UnityEngine.GameObject) (at Assets/Scripts/FixTrace.cs:49)
HimoHito.MainStageRespawnOnFall:RestartFromCheckpoint () (at Assets/Scripts/MainStageRespawnOnFall.cs:226)
System.Reflection.RuntimeMethodInfo:Invoke (object,System.Reflection.BindingFlags,System.Reflection.Binder,object[],System.Globalization.CultureInfo)
System.Reflection.MethodBase:Invoke (object,object[])
HimoHito.FixTrace:Call (object,string,object[]) (at Assets/Scripts/FixTrace.cs:17)
HimoHito.FixDriver/<Run>d__25:MoveNext () (at Assets/Scripts/FixTrace.cs:177)
UnityEngine.SetupCoroutine:InvokeMoveNext (System.Collections.IEnumerator,intptr)

(Filename: Assets/Scripts/FixTrace.cs Line: 49)

FIX_STATE {"test":"Merged","scene":"MainStage","label":"ClearPlatforms.enter","centerName":"Main S09 Center Hook","sequence":11,"frame":2253,"section":10,"generatedCount":1,"removedCount":1,"savedRemovedCount":1,"selected":6,"savedSelected":6,"centerInstanceId":20962,"time":4.640388488769531,"rope":38.0,"savedRope":38.0,"centerSelf":false,"centerHierarchy":false,"centerValid":true,"position":{"x":192.88412475585938,"y":-1.535021185874939},"platforms":[{"start":{"x":180.0,"y":-2.1500000953674318},"end":{"x":191.0,"y":-2.1500000953674318},"ropeLength":12.0}],"savedPlatforms":[{"start":{"x":180.0,"y":-2.1500000953674318},"end":{"x":191.0,"y":-2.1500000953674318},"ropeLength":12.0}],"removedIds":[20962],"savedRemovedIds":[20962]}
UnityEngine.Debug:ExtractStackTraceNoAlloc (byte*,int,string)
UnityEngine.StackTraceUtility:ExtractStackTrace ()
UnityEngine.DebugLogHandler:Internal_Log (UnityEngine.LogType,UnityEngine.LogOption,string,UnityEngine.Object)
UnityEngine.DebugLogHandler:LogFormat (UnityEngine.LogType,UnityEngine.Object,string,object[])
UnityEngine.Logger:Log (UnityEngine.LogType,object)
UnityEngine.Debug:Log (object)
HimoHito.FixTrace:Record (string,UnityEngine.GameObject) (at Assets/Scripts/FixTrace.cs:49)
HimoHito.RopePlatformBuilder:ClearPlatforms () (at Assets/Scripts/RopePlatformBuilder.cs:332)
HimoHito.RopePlatformBuilder:RestorePlatformStates (System.Collections.Generic.IReadOnlyList`1<HimoHito.RopePlatformBuilder/PlatformState>,System.Collections.Generic.IReadOnlyList`1<UnityEngine.GameObject>) (at Assets/Scripts/RopePlatformBuilder.cs:239)
HimoHito.MainStageRespawnOnFall:RestartFromCheckpoint () (at Assets/Scripts/MainStageRespawnOnFall.cs:232)
System.Reflection.RuntimeMethodInfo:Invoke (object,System.Reflection.BindingFlags,System.Reflection.Binder,object[],System.Globalization.CultureInfo)
System.Reflection.MethodBase:Invoke (object,object[])
HimoHito.FixTrace:Call (object,string,object[]) (at Assets/Scripts/FixTrace.cs:17)
HimoHito.FixDriver/<Run>d__25:MoveNext () (at Assets/Scripts/FixTrace.cs:177)
UnityEngine.SetupCoroutine:InvokeMoveNext (System.Collections.IEnumerator,intptr)

(Filename: Assets/Scripts/FixTrace.cs Line: 49)

FIX_STATE {"test":"Merged","scene":"MainStage","label":"RestoreRemovedHooks.enter","centerName":"Main S09 Center Hook","sequence":12,"frame":2253,"section":10,"generatedCount":1,"removedCount":1,"savedRemovedCount":1,"selected":6,"savedSelected":6,"centerInstanceId":20962,"time":4.640388488769531,"rope":38.0,"savedRope":38.0,"centerSelf":false,"centerHierarchy":false,"centerValid":true,"position":{"x":192.88412475585938,"y":-1.535021185874939},"platforms":[{"start":{"x":180.0,"y":-2.1500000953674318},"end":{"x":191.0,"y":-2.1500000953674318},"ropeLength":12.0}],"savedPlatforms":[{"start":{"x":180.0,"y":-2.1500000953674318},"end":{"x":191.0,"y":-2.1500000953674318},"ropeLength":12.0}],"removedIds":[20962],"savedRemovedIds":[20962]}
UnityEngine.Debug:ExtractStackTraceNoAlloc (byte*,int,string)
UnityEngine.StackTraceUtility:ExtractStackTrace ()
UnityEngine.DebugLogHandler:Internal_Log (UnityEngine.LogType,UnityEngine.LogOption,string,UnityEngine.Object)
UnityEngine.DebugLogHandler:LogFormat (UnityEngine.LogType,UnityEngine.Object,string,object[])
UnityEngine.Logger:Log (UnityEngine.LogType,object)
UnityEngine.Debug:Log (object)
HimoHito.FixTrace:Record (string,UnityEngine.GameObject) (at Assets/Scripts/FixTrace.cs:49)
HimoHito.RopePlatformBuilder:RestoreRemovedHooks () (at Assets/Scripts/RopePlatformBuilder.cs:342)
HimoHito.RopePlatformBuilder:ClearPlatforms () (at Assets/Scripts/RopePlatformBuilder.cs:333)
HimoHito.RopePlatformBuilder:RestorePlatformStates (System.Collections.Generic.IReadOnlyList`1<HimoHito.RopePlatformBuilder/PlatformState>,System.Collections.Generic.IReadOnlyList`1<UnityEngine.GameObject>) (at Assets/Scripts/RopePlatformBuilder.cs:239)
HimoHito.MainStageRespawnOnFall:RestartFromCheckpoint () (at Assets/Scripts/MainStageRespawnOnFall.cs:232)
System.Reflection.RuntimeMethodInfo:Invoke (object,System.Reflection.BindingFlags,System.Reflection.Binder,object[],System.Globalization.CultureInfo)
System.Reflection.MethodBase:Invoke (object,object[])
HimoHito.FixTrace:Call (object,string,object[]) (at Assets/Scripts/FixTrace.cs:17)
HimoHito.FixDriver/<Run>d__25:MoveNext () (at Assets/Scripts/FixTrace.cs:177)
UnityEngine.SetupCoroutine:InvokeMoveNext (System.Collections.IEnumerator,intptr)

(Filename: Assets/Scripts/FixTrace.cs Line: 49)

FIX_STATE {"test":"Merged","scene":"MainStage","label":"RestoreRemovedHooks.exit","centerName":"Main S09 Center Hook","sequence":13,"frame":2253,"section":10,"generatedCount":1,"removedCount":0,"savedRemovedCount":1,"selected":6,"savedSelected":6,"centerInstanceId":20962,"time":4.640388488769531,"rope":38.0,"savedRope":38.0,"centerSelf":true,"centerHierarchy":true,"centerValid":true,"position":{"x":192.88412475585938,"y":-1.535021185874939},"platforms":[{"start":{"x":180.0,"y":-2.1500000953674318},"end":{"x":191.0,"y":-2.1500000953674318},"ropeLength":12.0}],"savedPlatforms":[{"start":{"x":180.0,"y":-2.1500000953674318},"end":{"x":191.0,"y":-2.1500000953674318},"ropeLength":12.0}],"removedIds":[],"savedRemovedIds":[20962]}
UnityEngine.Debug:ExtractStackTraceNoAlloc (byte*,int,string)
UnityEngine.StackTraceUtility:ExtractStackTrace ()
UnityEngine.DebugLogHandler:Internal_Log (UnityEngine.LogType,UnityEngine.LogOption,string,UnityEngine.Object)
UnityEngine.DebugLogHandler:LogFormat (UnityEngine.LogType,UnityEngine.Object,string,object[])
UnityEngine.Logger:Log (UnityEngine.LogType,object)
UnityEngine.Debug:Log (object)
HimoHito.FixTrace:Record (string,UnityEngine.GameObject) (at Assets/Scripts/FixTrace.cs:49)
HimoHito.RopePlatformBuilder:RestoreRemovedHooks () (at Assets/Scripts/RopePlatformBuilder.cs:351)
HimoHito.RopePlatformBuilder:ClearPlatforms () (at Assets/Scripts/RopePlatformBuilder.cs:333)
HimoHito.RopePlatformBuilder:RestorePlatformStates (System.Collections.Generic.IReadOnlyList`1<HimoHito.RopePlatformBuilder/PlatformState>,System.Collections.Generic.IReadOnlyList`1<UnityEngine.GameObject>) (at Assets/Scripts/RopePlatformBuilder.cs:239)
HimoHito.MainStageRespawnOnFall:RestartFromCheckpoint () (at Assets/Scripts/MainStageRespawnOnFall.cs:232)
System.Reflection.RuntimeMethodInfo:Invoke (object,System.Reflection.BindingFlags,System.Reflection.Binder,object[],System.Globalization.CultureInfo)
System.Reflection.MethodBase:Invoke (object,object[])
HimoHito.FixTrace:Call (object,string,object[]) (at Assets/Scripts/FixTrace.cs:17)
HimoHito.FixDriver/<Run>d__25:MoveNext () (at Assets/Scripts/FixTrace.cs:177)
UnityEngine.SetupCoroutine:InvokeMoveNext (System.Collections.IEnumerator,intptr)

(Filename: Assets/Scripts/FixTrace.cs Line: 49)

FIX_STATE {"test":"Merged","scene":"MainStage","label":"RestorePlatformStates.exit","centerName":"Main S09 Center Hook","sequence":14,"frame":2253,"section":10,"generatedCount":1,"removedCount":1,"savedRemovedCount":1,"selected":6,"savedSelected":6,"centerInstanceId":20962,"time":4.640388488769531,"rope":38.0,"savedRope":38.0,"centerSelf":false,"centerHierarchy":false,"centerValid":true,"position":{"x":192.88412475585938,"y":-1.535021185874939},"platforms":[{"start":{"x":180.0,"y":-2.1500000953674318},"end":{"x":191.0,"y":-2.1500000953674318},"ropeLength":12.0}],"savedPlatforms":[{"start":{"x":180.0,"y":-2.1500000953674318},"end":{"x":191.0,"y":-2.1500000953674318},"ropeLength":12.0}],"removedIds":[20962],"savedRemovedIds":[20962]}
UnityEngine.Debug:ExtractStackTraceNoAlloc (byte*,int,string)
UnityEngine.StackTraceUtility:ExtractStackTrace ()
UnityEngine.DebugLogHandler:Internal_Log (UnityEngine.LogType,UnityEngine.LogOption,string,UnityEngine.Object)
UnityEngine.DebugLogHandler:LogFormat (UnityEngine.LogType,UnityEngine.Object,string,object[])
UnityEngine.Logger:Log (UnityEngine.LogType,object)
UnityEngine.Debug:Log (object)
HimoHito.FixTrace:Record (string,UnityEngine.GameObject) (at Assets/Scripts/FixTrace.cs:49)
HimoHito.MainStageRespawnOnFall:RestartFromCheckpoint () (at Assets/Scripts/MainStageRespawnOnFall.cs:233)
System.Reflection.RuntimeMethodInfo:Invoke (object,System.Reflection.BindingFlags,System.Reflection.Binder,object[],System.Globalization.CultureInfo)
System.Reflection.MethodBase:Invoke (object,object[])
HimoHito.FixTrace:Call (object,string,object[]) (at Assets/Scripts/FixTrace.cs:17)
HimoHito.FixDriver/<Run>d__25:MoveNext () (at Assets/Scripts/FixTrace.cs:177)
UnityEngine.SetupCoroutine:InvokeMoveNext (System.Collections.IEnumerator,intptr)

(Filename: Assets/Scripts/FixTrace.cs Line: 49)

FIX_STATE {"test":"Merged","scene":"MainStage","label":"RestartFromCheckpoint.exit","centerName":"Main S09 Center Hook","sequence":15,"frame":2253,"section":10,"generatedCount":1,"removedCount":1,"savedRemovedCount":1,"selected":6,"savedSelected":6,"centerInstanceId":20962,"time":4.640388488769531,"rope":38.0,"savedRope":38.0,"centerSelf":false,"centerHierarchy":false,"centerValid":true,"position":{"x":192.0,"y":-1.4500000476837159},"platforms":[{"start":{"x":180.0,"y":-2.1500000953674318},"end":{"x":191.0,"y":-2.1500000953674318},"ropeLength":12.0}],"savedPlatforms":[{"start":{"x":180.0,"y":-2.1500000953674318},"end":{"x":191.0,"y":-2.1500000953674318},"ropeLength":12.0}],"removedIds":[20962],"savedRemovedIds":[20962]}
UnityEngine.Debug:ExtractStackTraceNoAlloc (byte*,int,string)
UnityEngine.StackTraceUtility:ExtractStackTrace ()
UnityEngine.DebugLogHandler:Internal_Log (UnityEngine.LogType,UnityEngine.LogOption,string,UnityEngine.Object)
UnityEngine.DebugLogHandler:LogFormat (UnityEngine.LogType,UnityEngine.Object,string,object[])
UnityEngine.Logger:Log (UnityEngine.LogType,object)
UnityEngine.Debug:Log (object)
HimoHito.FixTrace:Record (string,UnityEngine.GameObject) (at Assets/Scripts/FixTrace.cs:49)
HimoHito.MainStageRespawnOnFall:RestartFromCheckpoint () (at Assets/Scripts/MainStageRespawnOnFall.cs:245)
System.Reflection.RuntimeMethodInfo:Invoke (object,System.Reflection.BindingFlags,System.Reflection.Binder,object[],System.Globalization.CultureInfo)
System.Reflection.MethodBase:Invoke (object,object[])
HimoHito.FixTrace:Call (object,string,object[]) (at Assets/Scripts/FixTrace.cs:17)
HimoHito.FixDriver/<Run>d__25:MoveNext () (at Assets/Scripts/FixTrace.cs:177)
UnityEngine.SetupCoroutine:InvokeMoveNext (System.Collections.IEnumerator,intptr)

(Filename: Assets/Scripts/FixTrace.cs Line: 49)

FIX_STATE {"test":"Merged","scene":"MainStage","label":"RESTART_1_AFTER","centerName":"Main S09 Center Hook","sequence":16,"frame":2253,"section":10,"generatedCount":1,"removedCount":1,"savedRemovedCount":1,"selected":6,"savedSelected":6,"centerInstanceId":20962,"time":4.640388488769531,"rope":38.0,"savedRope":38.0,"centerSelf":false,"centerHierarchy":false,"centerValid":true,"position":{"x":192.0,"y":-1.4500000476837159},"platforms":[{"start":{"x":180.0,"y":-2.1500000953674318},"end":{"x":191.0,"y":-2.1500000953674318},"ropeLength":12.0}],"savedPlatforms":[{"start":{"x":180.0,"y":-2.1500000953674318},"end":{"x":191.0,"y":-2.1500000953674318},"ropeLength":12.0}],"removedIds":[20962],"savedRemovedIds":[20962]}
UnityEngine.Debug:ExtractStackTraceNoAlloc (byte*,int,string)
UnityEngine.StackTraceUtility:ExtractStackTrace ()
UnityEngine.DebugLogHandler:Internal_Log (UnityEngine.LogType,UnityEngine.LogOption,string,UnityEngine.Object)
UnityEngine.DebugLogHandler:LogFormat (UnityEngine.LogType,UnityEngine.Object,string,object[])
UnityEngine.Logger:Log (UnityEngine.LogType,object)
UnityEngine.Debug:Log (object)
HimoHito.FixTrace:Record (string,UnityEngine.GameObject) (at Assets/Scripts/FixTrace.cs:49)
HimoHito.FixDriver/<Run>d__25:MoveNext () (at Assets/Scripts/FixTrace.cs:177)
UnityEngine.SetupCoroutine:InvokeMoveNext (System.Collections.IEnumerator,intptr)

(Filename: Assets/Scripts/FixTrace.cs Line: 49)

ASSERT PASS Restart1 Hook identity valid/unchanged
UnityEngine.Debug:ExtractStackTraceNoAlloc (byte*,int,string)
UnityEngine.StackTraceUtility:ExtractStackTrace ()
UnityEngine.DebugLogHandler:Internal_Log (UnityEngine.LogType,UnityEngine.LogOption,string,UnityEngine.Object)
UnityEngine.DebugLogHandler:LogFormat (UnityEngine.LogType,UnityEngine.Object,string,object[])
UnityEngine.Logger:Log (UnityEngine.LogType,object)
UnityEngine.Debug:Log (object)
HimoHito.FixDriver:Check (bool,string) (at Assets/Scripts/FixTrace.cs:63)
HimoHito.FixDriver/<Run>d__25:MoveNext () (at Assets/Scripts/FixTrace.cs:178)
UnityEngine.SetupCoroutine:InvokeMoveNext (System.Collections.IEnumerator,intptr)

(Filename: Assets/Scripts/FixTrace.cs Line: 63)

ASSERT PASS Restart1 center active contract
UnityEngine.Debug:ExtractStackTraceNoAlloc (byte*,int,string)
UnityEngine.StackTraceUtility:ExtractStackTrace ()
UnityEngine.DebugLogHandler:Internal_Log (UnityEngine.LogType,UnityEngine.LogOption,string,UnityEngine.Object)
UnityEngine.DebugLogHandler:LogFormat (UnityEngine.LogType,UnityEngine.Object,string,object[])
UnityEngine.Logger:Log (UnityEngine.LogType,object)
UnityEngine.Debug:Log (object)
HimoHito.FixDriver:Check (bool,string) (at Assets/Scripts/FixTrace.cs:63)
HimoHito.FixDriver/<Run>d__25:MoveNext () (at Assets/Scripts/FixTrace.cs:179)
UnityEngine.SetupCoroutine:InvokeMoveNext (System.Collections.IEnumerator,intptr)

(Filename: Assets/Scripts/FixTrace.cs Line: 63)

ASSERT PASS Restart1 platform count/endpoints/length exact
UnityEngine.Debug:ExtractStackTraceNoAlloc (byte*,int,string)
UnityEngine.StackTraceUtility:ExtractStackTrace ()
UnityEngine.DebugLogHandler:Internal_Log (UnityEngine.LogType,UnityEngine.LogOption,string,UnityEngine.Object)
UnityEngine.DebugLogHandler:LogFormat (UnityEngine.LogType,UnityEngine.Object,string,object[])
UnityEngine.Logger:Log (UnityEngine.LogType,object)
UnityEngine.Debug:Log (object)
HimoHito.FixDriver:Check (bool,string) (at Assets/Scripts/FixTrace.cs:63)
HimoHito.FixDriver/<Run>d__25:MoveNext () (at Assets/Scripts/FixTrace.cs:180)
UnityEngine.SetupCoroutine:InvokeMoveNext (System.Collections.IEnumerator,intptr)

(Filename: Assets/Scripts/FixTrace.cs Line: 63)

ASSERT PASS Restart1 removedHooks count/identity no growth
UnityEngine.Debug:ExtractStackTraceNoAlloc (byte*,int,string)
UnityEngine.StackTraceUtility:ExtractStackTrace ()
UnityEngine.DebugLogHandler:Internal_Log (UnityEngine.LogType,UnityEngine.LogOption,string,UnityEngine.Object)
UnityEngine.DebugLogHandler:LogFormat (UnityEngine.LogType,UnityEngine.Object,string,object[])
UnityEngine.Logger:Log (UnityEngine.LogType,object)
UnityEngine.Debug:Log (object)
HimoHito.FixDriver:Check (bool,string) (at Assets/Scripts/FixTrace.cs:63)
HimoHito.FixDriver/<Run>d__25:MoveNext () (at Assets/Scripts/FixTrace.cs:182)
UnityEngine.SetupCoroutine:InvokeMoveNext (System.Collections.IEnumerator,intptr)

(Filename: Assets/Scripts/FixTrace.cs Line: 63)

ASSERT PASS Restart1 rope38/selected6/section10 restored
UnityEngine.Debug:ExtractStackTraceNoAlloc (byte*,int,string)
UnityEngine.StackTraceUtility:ExtractStackTrace ()
UnityEngine.DebugLogHandler:Internal_Log (UnityEngine.LogType,UnityEngine.LogOption,string,UnityEngine.Object)
UnityEngine.DebugLogHandler:LogFormat (UnityEngine.LogType,UnityEngine.Object,string,object[])
UnityEngine.Logger:Log (UnityEngine.LogType,object)
UnityEngine.Debug:Log (object)
HimoHito.FixDriver:Check (bool,string) (at Assets/Scripts/FixTrace.cs:63)
HimoHito.FixDriver/<Run>d__25:MoveNext () (at Assets/Scripts/FixTrace.cs:183)
UnityEngine.SetupCoroutine:InvokeMoveNext (System.Collections.IEnumerator,intptr)

(Filename: Assets/Scripts/FixTrace.cs Line: 63)

ASSERT PASS Restart1 all authored Hook active states unchanged
UnityEngine.Debug:ExtractStackTraceNoAlloc (byte*,int,string)
UnityEngine.StackTraceUtility:ExtractStackTrace ()
UnityEngine.DebugLogHandler:Internal_Log (UnityEngine.LogType,UnityEngine.LogOption,string,UnityEngine.Object)
UnityEngine.DebugLogHandler:LogFormat (UnityEngine.LogType,UnityEngine.Object,string,object[])
UnityEngine.Logger:Log (UnityEngine.LogType,object)
UnityEngine.Debug:Log (object)
HimoHito.FixDriver:Check (bool,string) (at Assets/Scripts/FixTrace.cs:63)
HimoHito.FixDriver/<Run>d__25:MoveNext () (at Assets/Scripts/FixTrace.cs:184)
UnityEngine.SetupCoroutine:InvokeMoveNext (System.Collections.IEnumerator,intptr)

(Filename: Assets/Scripts/FixTrace.cs Line: 63)

FIX_STATE {"test":"Merged","scene":"MainStage","label":"RESTART_2_BEFORE_PERTURBED","centerName":"Main S09 Center Hook","sequence":17,"frame":2584,"section":10,"generatedCount":1,"removedCount":1,"savedRemovedCount":1,"selected":4,"savedSelected":6,"centerInstanceId":20962,"time":5.5410566329956059,"rope":22.0,"savedRope":38.0,"centerSelf":false,"centerHierarchy":false,"centerValid":true,"position":{"x":192.0,"y":-1.5350003242492676},"platforms":[{"start":{"x":180.0,"y":-2.1500000953674318},"end":{"x":191.0,"y":-2.1500000953674318},"ropeLength":12.0}],"savedPlatforms":[{"start":{"x":180.0,"y":-2.1500000953674318},"end":{"x":191.0,"y":-2.1500000953674318},"ropeLength":12.0}],"removedIds":[20962],"savedRemovedIds":[20962]}
UnityEngine.Debug:ExtractStackTraceNoAlloc (byte*,int,string)
UnityEngine.StackTraceUtility:ExtractStackTrace ()
UnityEngine.DebugLogHandler:Internal_Log (UnityEngine.LogType,UnityEngine.LogOption,string,UnityEngine.Object)
UnityEngine.DebugLogHandler:LogFormat (UnityEngine.LogType,UnityEngine.Object,string,object[])
UnityEngine.Logger:Log (UnityEngine.LogType,object)
UnityEngine.Debug:Log (object)
HimoHito.FixTrace:Record (string,UnityEngine.GameObject) (at Assets/Scripts/FixTrace.cs:49)
HimoHito.FixDriver/<Run>d__25:MoveNext () (at Assets/Scripts/FixTrace.cs:176)
UnityEngine.SetupCoroutine:InvokeMoveNext (System.Collections.IEnumerator,intptr)

(Filename: Assets/Scripts/FixTrace.cs Line: 49)

FIX_STATE {"test":"Merged","scene":"MainStage","label":"RestartFromCheckpoint.enter","centerName":"Main S09 Center Hook","sequence":18,"frame":2584,"section":10,"generatedCount":1,"removedCount":1,"savedRemovedCount":1,"selected":4,"savedSelected":6,"centerInstanceId":20962,"time":5.5410566329956059,"rope":22.0,"savedRope":38.0,"centerSelf":false,"centerHierarchy":false,"centerValid":true,"position":{"x":192.0,"y":-1.5350003242492676},"platforms":[{"start":{"x":180.0,"y":-2.1500000953674318},"end":{"x":191.0,"y":-2.1500000953674318},"ropeLength":12.0}],"savedPlatforms":[{"start":{"x":180.0,"y":-2.1500000953674318},"end":{"x":191.0,"y":-2.1500000953674318},"ropeLength":12.0}],"removedIds":[20962],"savedRemovedIds":[20962]}
UnityEngine.Debug:ExtractStackTraceNoAlloc (byte*,int,string)
UnityEngine.StackTraceUtility:ExtractStackTrace ()
UnityEngine.DebugLogHandler:Internal_Log (UnityEngine.LogType,UnityEngine.LogOption,string,UnityEngine.Object)
UnityEngine.DebugLogHandler:LogFormat (UnityEngine.LogType,UnityEngine.Object,string,object[])
UnityEngine.Logger:Log (UnityEngine.LogType,object)
UnityEngine.Debug:Log (object)
HimoHito.FixTrace:Record (string,UnityEngine.GameObject) (at Assets/Scripts/FixTrace.cs:49)
HimoHito.MainStageRespawnOnFall:RestartFromCheckpoint () (at Assets/Scripts/MainStageRespawnOnFall.cs:226)
System.Reflection.RuntimeMethodInfo:Invoke (object,System.Reflection.BindingFlags,System.Reflection.Binder,object[],System.Globalization.CultureInfo)
System.Reflection.MethodBase:Invoke (object,object[])
HimoHito.FixTrace:Call (object,string,object[]) (at Assets/Scripts/FixTrace.cs:17)
HimoHito.FixDriver/<Run>d__25:MoveNext () (at Assets/Scripts/FixTrace.cs:177)
UnityEngine.SetupCoroutine:InvokeMoveNext (System.Collections.IEnumerator,intptr)

(Filename: Assets/Scripts/FixTrace.cs Line: 49)

FIX_STATE {"test":"Merged","scene":"MainStage","label":"ClearPlatforms.enter","centerName":"Main S09 Center Hook","sequence":19,"frame":2584,"section":10,"generatedCount":1,"removedCount":1,"savedRemovedCount":1,"selected":6,"savedSelected":6,"centerInstanceId":20962,"time":5.5410566329956059,"rope":38.0,"savedRope":38.0,"centerSelf":false,"centerHierarchy":false,"centerValid":true,"position":{"x":192.0,"y":-1.5350003242492676},"platforms":[{"start":{"x":180.0,"y":-2.1500000953674318},"end":{"x":191.0,"y":-2.1500000953674318},"ropeLength":12.0}],"savedPlatforms":[{"start":{"x":180.0,"y":-2.1500000953674318},"end":{"x":191.0,"y":-2.1500000953674318},"ropeLength":12.0}],"removedIds":[20962],"savedRemovedIds":[20962]}
UnityEngine.Debug:ExtractStackTraceNoAlloc (byte*,int,string)
UnityEngine.StackTraceUtility:ExtractStackTrace ()
UnityEngine.DebugLogHandler:Internal_Log (UnityEngine.LogType,UnityEngine.LogOption,string,UnityEngine.Object)
UnityEngine.DebugLogHandler:LogFormat (UnityEngine.LogType,UnityEngine.Object,string,object[])
UnityEngine.Logger:Log (UnityEngine.LogType,object)
UnityEngine.Debug:Log (object)
HimoHito.FixTrace:Record (string,UnityEngine.GameObject) (at Assets/Scripts/FixTrace.cs:49)
HimoHito.RopePlatformBuilder:ClearPlatforms () (at Assets/Scripts/RopePlatformBuilder.cs:332)
HimoHito.RopePlatformBuilder:RestorePlatformStates (System.Collections.Generic.IReadOnlyList`1<HimoHito.RopePlatformBuilder/PlatformState>,System.Collections.Generic.IReadOnlyList`1<UnityEngine.GameObject>) (at Assets/Scripts/RopePlatformBuilder.cs:239)
HimoHito.MainStageRespawnOnFall:RestartFromCheckpoint () (at Assets/Scripts/MainStageRespawnOnFall.cs:232)
System.Reflection.RuntimeMethodInfo:Invoke (object,System.Reflection.BindingFlags,System.Reflection.Binder,object[],System.Globalization.CultureInfo)
System.Reflection.MethodBase:Invoke (object,object[])
HimoHito.FixTrace:Call (object,string,object[]) (at Assets/Scripts/FixTrace.cs:17)
HimoHito.FixDriver/<Run>d__25:MoveNext () (at Assets/Scripts/FixTrace.cs:177)
UnityEngine.SetupCoroutine:InvokeMoveNext (System.Collections.IEnumerator,intptr)

(Filename: Assets/Scripts/FixTrace.cs Line: 49)

FIX_STATE {"test":"Merged","scene":"MainStage","label":"RestoreRemovedHooks.enter","centerName":"Main S09 Center Hook","sequence":20,"frame":2584,"section":10,"generatedCount":1,"removedCount":1,"savedRemovedCount":1,"selected":6,"savedSelected":6,"centerInstanceId":20962,"time":5.5410566329956059,"rope":38.0,"savedRope":38.0,"centerSelf":false,"centerHierarchy":false,"centerValid":true,"position":{"x":192.0,"y":-1.5350003242492676},"platforms":[{"start":{"x":180.0,"y":-2.1500000953674318},"end":{"x":191.0,"y":-2.1500000953674318},"ropeLength":12.0}],"savedPlatforms":[{"start":{"x":180.0,"y":-2.1500000953674318},"end":{"x":191.0,"y":-2.1500000953674318},"ropeLength":12.0}],"removedIds":[20962],"savedRemovedIds":[20962]}
UnityEngine.Debug:ExtractStackTraceNoAlloc (byte*,int,string)
UnityEngine.StackTraceUtility:ExtractStackTrace ()
UnityEngine.DebugLogHandler:Internal_Log (UnityEngine.LogType,UnityEngine.LogOption,string,UnityEngine.Object)
UnityEngine.DebugLogHandler:LogFormat (UnityEngine.LogType,UnityEngine.Object,string,object[])
UnityEngine.Logger:Log (UnityEngine.LogType,object)
UnityEngine.Debug:Log (object)
HimoHito.FixTrace:Record (string,UnityEngine.GameObject) (at Assets/Scripts/FixTrace.cs:49)
HimoHito.RopePlatformBuilder:RestoreRemovedHooks () (at Assets/Scripts/RopePlatformBuilder.cs:342)
HimoHito.RopePlatformBuilder:ClearPlatforms () (at Assets/Scripts/RopePlatformBuilder.cs:333)
HimoHito.RopePlatformBuilder:RestorePlatformStates (System.Collections.Generic.IReadOnlyList`1<HimoHito.RopePlatformBuilder/PlatformState>,System.Collections.Generic.IReadOnlyList`1<UnityEngine.GameObject>) (at Assets/Scripts/RopePlatformBuilder.cs:239)
HimoHito.MainStageRespawnOnFall:RestartFromCheckpoint () (at Assets/Scripts/MainStageRespawnOnFall.cs:232)
System.Reflection.RuntimeMethodInfo:Invoke (object,System.Reflection.BindingFlags,System.Reflection.Binder,object[],System.Globalization.CultureInfo)
System.Reflection.MethodBase:Invoke (object,object[])
HimoHito.FixTrace:Call (object,string,object[]) (at Assets/Scripts/FixTrace.cs:17)
HimoHito.FixDriver/<Run>d__25:MoveNext () (at Assets/Scripts/FixTrace.cs:177)
UnityEngine.SetupCoroutine:InvokeMoveNext (System.Collections.IEnumerator,intptr)

(Filename: Assets/Scripts/FixTrace.cs Line: 49)

FIX_STATE {"test":"Merged","scene":"MainStage","label":"RestoreRemovedHooks.exit","centerName":"Main S09 Center Hook","sequence":21,"frame":2584,"section":10,"generatedCount":1,"removedCount":0,"savedRemovedCount":1,"selected":6,"savedSelected":6,"centerInstanceId":20962,"time":5.5410566329956059,"rope":38.0,"savedRope":38.0,"centerSelf":true,"centerHierarchy":true,"centerValid":true,"position":{"x":192.0,"y":-1.5350003242492676},"platforms":[{"start":{"x":180.0,"y":-2.1500000953674318},"end":{"x":191.0,"y":-2.1500000953674318},"ropeLength":12.0}],"savedPlatforms":[{"start":{"x":180.0,"y":-2.1500000953674318},"end":{"x":191.0,"y":-2.1500000953674318},"ropeLength":12.0}],"removedIds":[],"savedRemovedIds":[20962]}
UnityEngine.Debug:ExtractStackTraceNoAlloc (byte*,int,string)
UnityEngine.StackTraceUtility:ExtractStackTrace ()
UnityEngine.DebugLogHandler:Internal_Log (UnityEngine.LogType,UnityEngine.LogOption,string,UnityEngine.Object)
UnityEngine.DebugLogHandler:LogFormat (UnityEngine.LogType,UnityEngine.Object,string,object[])
UnityEngine.Logger:Log (UnityEngine.LogType,object)
UnityEngine.Debug:Log (object)
HimoHito.FixTrace:Record (string,UnityEngine.GameObject) (at Assets/Scripts/FixTrace.cs:49)
HimoHito.RopePlatformBuilder:RestoreRemovedHooks () (at Assets/Scripts/RopePlatformBuilder.cs:351)
HimoHito.RopePlatformBuilder:ClearPlatforms () (at Assets/Scripts/RopePlatformBuilder.cs:333)
HimoHito.RopePlatformBuilder:RestorePlatformStates (System.Collections.Generic.IReadOnlyList`1<HimoHito.RopePlatformBuilder/PlatformState>,System.Collections.Generic.IReadOnlyList`1<UnityEngine.GameObject>) (at Assets/Scripts/RopePlatformBuilder.cs:239)
HimoHito.MainStageRespawnOnFall:RestartFromCheckpoint () (at Assets/Scripts/MainStageRespawnOnFall.cs:232)
System.Reflection.RuntimeMethodInfo:Invoke (object,System.Reflection.BindingFlags,System.Reflection.Binder,object[],System.Globalization.CultureInfo)
System.Reflection.MethodBase:Invoke (object,object[])
HimoHito.FixTrace:Call (object,string,object[]) (at Assets/Scripts/FixTrace.cs:17)
HimoHito.FixDriver/<Run>d__25:MoveNext () (at Assets/Scripts/FixTrace.cs:177)
UnityEngine.SetupCoroutine:InvokeMoveNext (System.Collections.IEnumerator,intptr)

(Filename: Assets/Scripts/FixTrace.cs Line: 49)

FIX_STATE {"test":"Merged","scene":"MainStage","label":"RestorePlatformStates.exit","centerName":"Main S09 Center Hook","sequence":22,"frame":2584,"section":10,"generatedCount":1,"removedCount":1,"savedRemovedCount":1,"selected":6,"savedSelected":6,"centerInstanceId":20962,"time":5.5410566329956059,"rope":38.0,"savedRope":38.0,"centerSelf":false,"centerHierarchy":false,"centerValid":true,"position":{"x":192.0,"y":-1.5350003242492676},"platforms":[{"start":{"x":180.0,"y":-2.1500000953674318},"end":{"x":191.0,"y":-2.1500000953674318},"ropeLength":12.0}],"savedPlatforms":[{"start":{"x":180.0,"y":-2.1500000953674318},"end":{"x":191.0,"y":-2.1500000953674318},"ropeLength":12.0}],"removedIds":[20962],"savedRemovedIds":[20962]}
UnityEngine.Debug:ExtractStackTraceNoAlloc (byte*,int,string)
UnityEngine.StackTraceUtility:ExtractStackTrace ()
UnityEngine.DebugLogHandler:Internal_Log (UnityEngine.LogType,UnityEngine.LogOption,string,UnityEngine.Object)
UnityEngine.DebugLogHandler:LogFormat (UnityEngine.LogType,UnityEngine.Object,string,object[])
UnityEngine.Logger:Log (UnityEngine.LogType,object)
UnityEngine.Debug:Log (object)
HimoHito.FixTrace:Record (string,UnityEngine.GameObject) (at Assets/Scripts/FixTrace.cs:49)
HimoHito.MainStageRespawnOnFall:RestartFromCheckpoint () (at Assets/Scripts/MainStageRespawnOnFall.cs:233)
System.Reflection.RuntimeMethodInfo:Invoke (object,System.Reflection.BindingFlags,System.Reflection.Binder,object[],System.Globalization.CultureInfo)
System.Reflection.MethodBase:Invoke (object,object[])
HimoHito.FixTrace:Call (object,string,object[]) (at Assets/Scripts/FixTrace.cs:17)
HimoHito.FixDriver/<Run>d__25:MoveNext () (at Assets/Scripts/FixTrace.cs:177)
UnityEngine.SetupCoroutine:InvokeMoveNext (System.Collections.IEnumerator,intptr)

(Filename: Assets/Scripts/FixTrace.cs Line: 49)

FIX_STATE {"test":"Merged","scene":"MainStage","label":"RestartFromCheckpoint.exit","centerName":"Main S09 Center Hook","sequence":23,"frame":2584,"section":10,"generatedCount":1,"removedCount":1,"savedRemovedCount":1,"selected":6,"savedSelected":6,"centerInstanceId":20962,"time":5.5410566329956059,"rope":38.0,"savedRope":38.0,"centerSelf":false,"centerHierarchy":false,"centerValid":true,"position":{"x":192.0,"y":-1.4500000476837159},"platforms":[{"start":{"x":180.0,"y":-2.1500000953674318},"end":{"x":191.0,"y":-2.1500000953674318},"ropeLength":12.0}],"savedPlatforms":[{"start":{"x":180.0,"y":-2.1500000953674318},"end":{"x":191.0,"y":-2.1500000953674318},"ropeLength":12.0}],"removedIds":[20962],"savedRemovedIds":[20962]}
UnityEngine.Debug:ExtractStackTraceNoAlloc (byte*,int,string)
UnityEngine.StackTraceUtility:ExtractStackTrace ()
UnityEngine.DebugLogHandler:Internal_Log (UnityEngine.LogType,UnityEngine.LogOption,string,UnityEngine.Object)
UnityEngine.DebugLogHandler:LogFormat (UnityEngine.LogType,UnityEngine.Object,string,object[])
UnityEngine.Logger:Log (UnityEngine.LogType,object)
UnityEngine.Debug:Log (object)
HimoHito.FixTrace:Record (string,UnityEngine.GameObject) (at Assets/Scripts/FixTrace.cs:49)
HimoHito.MainStageRespawnOnFall:RestartFromCheckpoint () (at Assets/Scripts/MainStageRespawnOnFall.cs:245)
System.Reflection.RuntimeMethodInfo:Invoke (object,System.Reflection.BindingFlags,System.Reflection.Binder,object[],System.Globalization.CultureInfo)
System.Reflection.MethodBase:Invoke (object,object[])
HimoHito.FixTrace:Call (object,string,object[]) (at Assets/Scripts/FixTrace.cs:17)
HimoHito.FixDriver/<Run>d__25:MoveNext () (at Assets/Scripts/FixTrace.cs:177)
UnityEngine.SetupCoroutine:InvokeMoveNext (System.Collections.IEnumerator,intptr)

(Filename: Assets/Scripts/FixTrace.cs Line: 49)

FIX_STATE {"test":"Merged","scene":"MainStage","label":"RESTART_2_AFTER","centerName":"Main S09 Center Hook","sequence":24,"frame":2584,"section":10,"generatedCount":1,"removedCount":1,"savedRemovedCount":1,"selected":6,"savedSelected":6,"centerInstanceId":20962,"time":5.5410566329956059,"rope":38.0,"savedRope":38.0,"centerSelf":false,"centerHierarchy":false,"centerValid":true,"position":{"x":192.0,"y":-1.4500000476837159},"platforms":[{"start":{"x":180.0,"y":-2.1500000953674318},"end":{"x":191.0,"y":-2.1500000953674318},"ropeLength":12.0}],"savedPlatforms":[{"start":{"x":180.0,"y":-2.1500000953674318},"end":{"x":191.0,"y":-2.1500000953674318},"ropeLength":12.0}],"removedIds":[20962],"savedRemovedIds":[20962]}
UnityEngine.Debug:ExtractStackTraceNoAlloc (byte*,int,string)
UnityEngine.StackTraceUtility:ExtractStackTrace ()
UnityEngine.DebugLogHandler:Internal_Log (UnityEngine.LogType,UnityEngine.LogOption,string,UnityEngine.Object)
UnityEngine.DebugLogHandler:LogFormat (UnityEngine.LogType,UnityEngine.Object,string,object[])
UnityEngine.Logger:Log (UnityEngine.LogType,object)
UnityEngine.Debug:Log (object)
HimoHito.FixTrace:Record (string,UnityEngine.GameObject) (at Assets/Scripts/FixTrace.cs:49)
HimoHito.FixDriver/<Run>d__25:MoveNext () (at Assets/Scripts/FixTrace.cs:177)
UnityEngine.SetupCoroutine:InvokeMoveNext (System.Collections.IEnumerator,intptr)

(Filename: Assets/Scripts/FixTrace.cs Line: 49)

ASSERT PASS Restart2 Hook identity valid/unchanged
UnityEngine.Debug:ExtractStackTraceNoAlloc (byte*,int,string)
UnityEngine.StackTraceUtility:ExtractStackTrace ()
UnityEngine.DebugLogHandler:Internal_Log (UnityEngine.LogType,UnityEngine.LogOption,string,UnityEngine.Object)
UnityEngine.DebugLogHandler:LogFormat (UnityEngine.LogType,UnityEngine.Object,string,object[])
UnityEngine.Logger:Log (UnityEngine.LogType,object)
UnityEngine.Debug:Log (object)
HimoHito.FixDriver:Check (bool,string) (at Assets/Scripts/FixTrace.cs:63)
HimoHito.FixDriver/<Run>d__25:MoveNext () (at Assets/Scripts/FixTrace.cs:178)
UnityEngine.SetupCoroutine:InvokeMoveNext (System.Collections.IEnumerator,intptr)

(Filename: Assets/Scripts/FixTrace.cs Line: 63)

ASSERT PASS Restart2 center active contract
UnityEngine.Debug:ExtractStackTraceNoAlloc (byte*,int,string)
UnityEngine.StackTraceUtility:ExtractStackTrace ()
UnityEngine.DebugLogHandler:Internal_Log (UnityEngine.LogType,UnityEngine.LogOption,string,UnityEngine.Object)
UnityEngine.DebugLogHandler:LogFormat (UnityEngine.LogType,UnityEngine.Object,string,object[])
UnityEngine.Logger:Log (UnityEngine.LogType,object)
UnityEngine.Debug:Log (object)
HimoHito.FixDriver:Check (bool,string) (at Assets/Scripts/FixTrace.cs:63)
HimoHito.FixDriver/<Run>d__25:MoveNext () (at Assets/Scripts/FixTrace.cs:179)
UnityEngine.SetupCoroutine:InvokeMoveNext (System.Collections.IEnumerator,intptr)

(Filename: Assets/Scripts/FixTrace.cs Line: 63)

ASSERT PASS Restart2 platform count/endpoints/length exact
UnityEngine.Debug:ExtractStackTraceNoAlloc (byte*,int,string)
UnityEngine.StackTraceUtility:ExtractStackTrace ()
UnityEngine.DebugLogHandler:Internal_Log (UnityEngine.LogType,UnityEngine.LogOption,string,UnityEngine.Object)
UnityEngine.DebugLogHandler:LogFormat (UnityEngine.LogType,UnityEngine.Object,string,object[])
UnityEngine.Logger:Log (UnityEngine.LogType,object)
UnityEngine.Debug:Log (object)
HimoHito.FixDriver:Check (bool,string) (at Assets/Scripts/FixTrace.cs:63)
HimoHito.FixDriver/<Run>d__25:MoveNext () (at Assets/Scripts/FixTrace.cs:180)
UnityEngine.SetupCoroutine:InvokeMoveNext (System.Collections.IEnumerator,intptr)

(Filename: Assets/Scripts/FixTrace.cs Line: 63)

ASSERT PASS Restart2 removedHooks count/identity no growth
UnityEngine.Debug:ExtractStackTraceNoAlloc (byte*,int,string)
UnityEngine.StackTraceUtility:ExtractStackTrace ()
UnityEngine.DebugLogHandler:Internal_Log (UnityEngine.LogType,UnityEngine.LogOption,string,UnityEngine.Object)
UnityEngine.DebugLogHandler:LogFormat (UnityEngine.LogType,UnityEngine.Object,string,object[])
UnityEngine.Logger:Log (UnityEngine.LogType,object)
UnityEngine.Debug:Log (object)
HimoHito.FixDriver:Check (bool,string) (at Assets/Scripts/FixTrace.cs:63)
HimoHito.FixDriver/<Run>d__25:MoveNext () (at Assets/Scripts/FixTrace.cs:182)
UnityEngine.SetupCoroutine:InvokeMoveNext (System.Collections.IEnumerator,intptr)

(Filename: Assets/Scripts/FixTrace.cs Line: 63)

ASSERT PASS Restart2 rope38/selected6/section10 restored
UnityEngine.Debug:ExtractStackTraceNoAlloc (byte*,int,string)
UnityEngine.StackTraceUtility:ExtractStackTrace ()
UnityEngine.DebugLogHandler:Internal_Log (UnityEngine.LogType,UnityEngine.LogOption,string,UnityEngine.Object)
UnityEngine.DebugLogHandler:LogFormat (UnityEngine.LogType,UnityEngine.Object,string,object[])
UnityEngine.Logger:Log (UnityEngine.LogType,object)
UnityEngine.Debug:Log (object)
HimoHito.FixDriver:Check (bool,string) (at Assets/Scripts/FixTrace.cs:63)
HimoHito.FixDriver/<Run>d__25:MoveNext () (at Assets/Scripts/FixTrace.cs:183)
UnityEngine.SetupCoroutine:InvokeMoveNext (System.Collections.IEnumerator,intptr)

(Filename: Assets/Scripts/FixTrace.cs Line: 63)

ASSERT PASS Restart2 all authored Hook active states unchanged
UnityEngine.Debug:ExtractStackTraceNoAlloc (byte*,int,string)
UnityEngine.StackTraceUtility:ExtractStackTrace ()
UnityEngine.DebugLogHandler:Internal_Log (UnityEngine.LogType,UnityEngine.LogOption,string,UnityEngine.Object)
UnityEngine.DebugLogHandler:LogFormat (UnityEngine.LogType,UnityEngine.Object,string,object[])
UnityEngine.Logger:Log (UnityEngine.LogType,object)
UnityEngine.Debug:Log (object)
HimoHito.FixDriver:Check (bool,string) (at Assets/Scripts/FixTrace.cs:63)
HimoHito.FixDriver/<Run>d__25:MoveNext () (at Assets/Scripts/FixTrace.cs:184)
UnityEngine.SetupCoroutine:InvokeMoveNext (System.Collections.IEnumerator,intptr)

(Filename: Assets/Scripts/FixTrace.cs Line: 63)

FIX_STATE {"test":"Merged","scene":"MainStage","label":"RESTART_3_BEFORE_PERTURBED","centerName":"Main S09 Center Hook","sequence":25,"frame":3105,"section":10,"generatedCount":1,"removedCount":1,"savedRemovedCount":1,"selected":4,"savedSelected":6,"centerInstanceId":20962,"time":6.441357612609863,"rope":21.0,"savedRope":38.0,"centerSelf":false,"centerHierarchy":false,"centerValid":true,"position":{"x":192.0,"y":-1.5350003242492676},"platforms":[{"start":{"x":180.0,"y":-2.1500000953674318},"end":{"x":191.0,"y":-2.1500000953674318},"ropeLength":12.0}],"savedPlatforms":[{"start":{"x":180.0,"y":-2.1500000953674318},"end":{"x":191.0,"y":-2.1500000953674318},"ropeLength":12.0}],"removedIds":[20962],"savedRemovedIds":[20962]}
UnityEngine.Debug:ExtractStackTraceNoAlloc (byte*,int,string)
UnityEngine.StackTraceUtility:ExtractStackTrace ()
UnityEngine.DebugLogHandler:Internal_Log (UnityEngine.LogType,UnityEngine.LogOption,string,UnityEngine.Object)
UnityEngine.DebugLogHandler:LogFormat (UnityEngine.LogType,UnityEngine.Object,string,object[])
UnityEngine.Logger:Log (UnityEngine.LogType,object)
UnityEngine.Debug:Log (object)
HimoHito.FixTrace:Record (string,UnityEngine.GameObject) (at Assets/Scripts/FixTrace.cs:49)
HimoHito.FixDriver/<Run>d__25:MoveNext () (at Assets/Scripts/FixTrace.cs:176)
UnityEngine.SetupCoroutine:InvokeMoveNext (System.Collections.IEnumerator,intptr)

(Filename: Assets/Scripts/FixTrace.cs Line: 49)

FIX_STATE {"test":"Merged","scene":"MainStage","label":"RestartFromCheckpoint.enter","centerName":"Main S09 Center Hook","sequence":26,"frame":3105,"section":10,"generatedCount":1,"removedCount":1,"savedRemovedCount":1,"selected":4,"savedSelected":6,"centerInstanceId":20962,"time":6.441357612609863,"rope":21.0,"savedRope":38.0,"centerSelf":false,"centerHierarchy":false,"centerValid":true,"position":{"x":192.0,"y":-1.5350003242492676},"platforms":[{"start":{"x":180.0,"y":-2.1500000953674318},"end":{"x":191.0,"y":-2.1500000953674318},"ropeLength":12.0}],"savedPlatforms":[{"start":{"x":180.0,"y":-2.1500000953674318},"end":{"x":191.0,"y":-2.1500000953674318},"ropeLength":12.0}],"removedIds":[20962],"savedRemovedIds":[20962]}
UnityEngine.Debug:ExtractStackTraceNoAlloc (byte*,int,string)
UnityEngine.StackTraceUtility:ExtractStackTrace ()
UnityEngine.DebugLogHandler:Internal_Log (UnityEngine.LogType,UnityEngine.LogOption,string,UnityEngine.Object)
UnityEngine.DebugLogHandler:LogFormat (UnityEngine.LogType,UnityEngine.Object,string,object[])
UnityEngine.Logger:Log (UnityEngine.LogType,object)
UnityEngine.Debug:Log (object)
HimoHito.FixTrace:Record (string,UnityEngine.GameObject) (at Assets/Scripts/FixTrace.cs:49)
HimoHito.MainStageRespawnOnFall:RestartFromCheckpoint () (at Assets/Scripts/MainStageRespawnOnFall.cs:226)
System.Reflection.RuntimeMethodInfo:Invoke (object,System.Reflection.BindingFlags,System.Reflection.Binder,object[],System.Globalization.CultureInfo)
System.Reflection.MethodBase:Invoke (object,object[])
HimoHito.FixTrace:Call (object,string,object[]) (at Assets/Scripts/FixTrace.cs:17)
HimoHito.FixDriver/<Run>d__25:MoveNext () (at Assets/Scripts/FixTrace.cs:177)
UnityEngine.SetupCoroutine:InvokeMoveNext (System.Collections.IEnumerator,intptr)

(Filename: Assets/Scripts/FixTrace.cs Line: 49)

FIX_STATE {"test":"Merged","scene":"MainStage","label":"ClearPlatforms.enter","centerName":"Main S09 Center Hook","sequence":27,"frame":3105,"section":10,"generatedCount":1,"removedCount":1,"savedRemovedCount":1,"selected":6,"savedSelected":6,"centerInstanceId":20962,"time":6.441357612609863,"rope":38.0,"savedRope":38.0,"centerSelf":false,"centerHierarchy":false,"centerValid":true,"position":{"x":192.0,"y":-1.5350003242492676},"platforms":[{"start":{"x":180.0,"y":-2.1500000953674318},"end":{"x":191.0,"y":-2.1500000953674318},"ropeLength":12.0}],"savedPlatforms":[{"start":{"x":180.0,"y":-2.1500000953674318},"end":{"x":191.0,"y":-2.1500000953674318},"ropeLength":12.0}],"removedIds":[20962],"savedRemovedIds":[20962]}
UnityEngine.Debug:ExtractStackTraceNoAlloc (byte*,int,string)
UnityEngine.StackTraceUtility:ExtractStackTrace ()
UnityEngine.DebugLogHandler:Internal_Log (UnityEngine.LogType,UnityEngine.LogOption,string,UnityEngine.Object)
UnityEngine.DebugLogHandler:LogFormat (UnityEngine.LogType,UnityEngine.Object,string,object[])
UnityEngine.Logger:Log (UnityEngine.LogType,object)
UnityEngine.Debug:Log (object)
HimoHito.FixTrace:Record (string,UnityEngine.GameObject) (at Assets/Scripts/FixTrace.cs:49)
HimoHito.RopePlatformBuilder:ClearPlatforms () (at Assets/Scripts/RopePlatformBuilder.cs:332)
HimoHito.RopePlatformBuilder:RestorePlatformStates (System.Collections.Generic.IReadOnlyList`1<HimoHito.RopePlatformBuilder/PlatformState>,System.Collections.Generic.IReadOnlyList`1<UnityEngine.GameObject>) (at Assets/Scripts/RopePlatformBuilder.cs:239)
HimoHito.MainStageRespawnOnFall:RestartFromCheckpoint () (at Assets/Scripts/MainStageRespawnOnFall.cs:232)
System.Reflection.RuntimeMethodInfo:Invoke (object,System.Reflection.BindingFlags,System.Reflection.Binder,object[],System.Globalization.CultureInfo)
System.Reflection.MethodBase:Invoke (object,object[])
HimoHito.FixTrace:Call (object,string,object[]) (at Assets/Scripts/FixTrace.cs:17)
HimoHito.FixDriver/<Run>d__25:MoveNext () (at Assets/Scripts/FixTrace.cs:177)
UnityEngine.SetupCoroutine:InvokeMoveNext (System.Collections.IEnumerator,intptr)

(Filename: Assets/Scripts/FixTrace.cs Line: 49)

FIX_STATE {"test":"Merged","scene":"MainStage","label":"RestoreRemovedHooks.enter","centerName":"Main S09 Center Hook","sequence":28,"frame":3105,"section":10,"generatedCount":1,"removedCount":1,"savedRemovedCount":1,"selected":6,"savedSelected":6,"centerInstanceId":20962,"time":6.441357612609863,"rope":38.0,"savedRope":38.0,"centerSelf":false,"centerHierarchy":false,"centerValid":true,"position":{"x":192.0,"y":-1.5350003242492676},"platforms":[{"start":{"x":180.0,"y":-2.1500000953674318},"end":{"x":191.0,"y":-2.1500000953674318},"ropeLength":12.0}],"savedPlatforms":[{"start":{"x":180.0,"y":-2.1500000953674318},"end":{"x":191.0,"y":-2.1500000953674318},"ropeLength":12.0}],"removedIds":[20962],"savedRemovedIds":[20962]}
UnityEngine.Debug:ExtractStackTraceNoAlloc (byte*,int,string)
UnityEngine.StackTraceUtility:ExtractStackTrace ()
UnityEngine.DebugLogHandler:Internal_Log (UnityEngine.LogType,UnityEngine.LogOption,string,UnityEngine.Object)
UnityEngine.DebugLogHandler:LogFormat (UnityEngine.LogType,UnityEngine.Object,string,object[])
UnityEngine.Logger:Log (UnityEngine.LogType,object)
UnityEngine.Debug:Log (object)
HimoHito.FixTrace:Record (string,UnityEngine.GameObject) (at Assets/Scripts/FixTrace.cs:49)
HimoHito.RopePlatformBuilder:RestoreRemovedHooks () (at Assets/Scripts/RopePlatformBuilder.cs:342)
HimoHito.RopePlatformBuilder:ClearPlatforms () (at Assets/Scripts/RopePlatformBuilder.cs:333)
HimoHito.RopePlatformBuilder:RestorePlatformStates (System.Collections.Generic.IReadOnlyList`1<HimoHito.RopePlatformBuilder/PlatformState>,System.Collections.Generic.IReadOnlyList`1<UnityEngine.GameObject>) (at Assets/Scripts/RopePlatformBuilder.cs:239)
HimoHito.MainStageRespawnOnFall:RestartFromCheckpoint () (at Assets/Scripts/MainStageRespawnOnFall.cs:232)
System.Reflection.RuntimeMethodInfo:Invoke (object,System.Reflection.BindingFlags,System.Reflection.Binder,object[],System.Globalization.CultureInfo)
System.Reflection.MethodBase:Invoke (object,object[])
HimoHito.FixTrace:Call (object,string,object[]) (at Assets/Scripts/FixTrace.cs:17)
HimoHito.FixDriver/<Run>d__25:MoveNext () (at Assets/Scripts/FixTrace.cs:177)
UnityEngine.SetupCoroutine:InvokeMoveNext (System.Collections.IEnumerator,intptr)

(Filename: Assets/Scripts/FixTrace.cs Line: 49)

FIX_STATE {"test":"Merged","scene":"MainStage","label":"RestoreRemovedHooks.exit","centerName":"Main S09 Center Hook","sequence":29,"frame":3105,"section":10,"generatedCount":1,"removedCount":0,"savedRemovedCount":1,"selected":6,"savedSelected":6,"centerInstanceId":20962,"time":6.441357612609863,"rope":38.0,"savedRope":38.0,"centerSelf":true,"centerHierarchy":true,"centerValid":true,"position":{"x":192.0,"y":-1.5350003242492676},"platforms":[{"start":{"x":180.0,"y":-2.1500000953674318},"end":{"x":191.0,"y":-2.1500000953674318},"ropeLength":12.0}],"savedPlatforms":[{"start":{"x":180.0,"y":-2.1500000953674318},"end":{"x":191.0,"y":-2.1500000953674318},"ropeLength":12.0}],"removedIds":[],"savedRemovedIds":[20962]}
UnityEngine.Debug:ExtractStackTraceNoAlloc (byte*,int,string)
UnityEngine.StackTraceUtility:ExtractStackTrace ()
UnityEngine.DebugLogHandler:Internal_Log (UnityEngine.LogType,UnityEngine.LogOption,string,UnityEngine.Object)
UnityEngine.DebugLogHandler:LogFormat (UnityEngine.LogType,UnityEngine.Object,string,object[])
UnityEngine.Logger:Log (UnityEngine.LogType,object)
UnityEngine.Debug:Log (object)
HimoHito.FixTrace:Record (string,UnityEngine.GameObject) (at Assets/Scripts/FixTrace.cs:49)
HimoHito.RopePlatformBuilder:RestoreRemovedHooks () (at Assets/Scripts/RopePlatformBuilder.cs:351)
HimoHito.RopePlatformBuilder:ClearPlatforms () (at Assets/Scripts/RopePlatformBuilder.cs:333)
HimoHito.RopePlatformBuilder:RestorePlatformStates (System.Collections.Generic.IReadOnlyList`1<HimoHito.RopePlatformBuilder/PlatformState>,System.Collections.Generic.IReadOnlyList`1<UnityEngine.GameObject>) (at Assets/Scripts/RopePlatformBuilder.cs:239)
HimoHito.MainStageRespawnOnFall:RestartFromCheckpoint () (at Assets/Scripts/MainStageRespawnOnFall.cs:232)
System.Reflection.RuntimeMethodInfo:Invoke (object,System.Reflection.BindingFlags,System.Reflection.Binder,object[],System.Globalization.CultureInfo)
System.Reflection.MethodBase:Invoke (object,object[])
HimoHito.FixTrace:Call (object,string,object[]) (at Assets/Scripts/FixTrace.cs:17)
HimoHito.FixDriver/<Run>d__25:MoveNext () (at Assets/Scripts/FixTrace.cs:177)
UnityEngine.SetupCoroutine:InvokeMoveNext (System.Collections.IEnumerator,intptr)

(Filename: Assets/Scripts/FixTrace.cs Line: 49)

FIX_STATE {"test":"Merged","scene":"MainStage","label":"RestorePlatformStates.exit","centerName":"Main S09 Center Hook","sequence":30,"frame":3105,"section":10,"generatedCount":1,"removedCount":1,"savedRemovedCount":1,"selected":6,"savedSelected":6,"centerInstanceId":20962,"time":6.441357612609863,"rope":38.0,"savedRope":38.0,"centerSelf":false,"centerHierarchy":false,"centerValid":true,"position":{"x":192.0,"y":-1.5350003242492676},"platforms":[{"start":{"x":180.0,"y":-2.1500000953674318},"end":{"x":191.0,"y":-2.1500000953674318},"ropeLength":12.0}],"savedPlatforms":[{"start":{"x":180.0,"y":-2.1500000953674318},"end":{"x":191.0,"y":-2.1500000953674318},"ropeLength":12.0}],"removedIds":[20962],"savedRemovedIds":[20962]}
UnityEngine.Debug:ExtractStackTraceNoAlloc (byte*,int,string)
UnityEngine.StackTraceUtility:ExtractStackTrace ()
UnityEngine.DebugLogHandler:Internal_Log (UnityEngine.LogType,UnityEngine.LogOption,string,UnityEngine.Object)
UnityEngine.DebugLogHandler:LogFormat (UnityEngine.LogType,UnityEngine.Object,string,object[])
UnityEngine.Logger:Log (UnityEngine.LogType,object)
UnityEngine.Debug:Log (object)
HimoHito.FixTrace:Record (string,UnityEngine.GameObject) (at Assets/Scripts/FixTrace.cs:49)
HimoHito.MainStageRespawnOnFall:RestartFromCheckpoint () (at Assets/Scripts/MainStageRespawnOnFall.cs:233)
System.Reflection.RuntimeMethodInfo:Invoke (object,System.Reflection.BindingFlags,System.Reflection.Binder,object[],System.Globalization.CultureInfo)
System.Reflection.MethodBase:Invoke (object,object[])
HimoHito.FixTrace:Call (object,string,object[]) (at Assets/Scripts/FixTrace.cs:17)
HimoHito.FixDriver/<Run>d__25:MoveNext () (at Assets/Scripts/FixTrace.cs:177)
UnityEngine.SetupCoroutine:InvokeMoveNext (System.Collections.IEnumerator,intptr)

(Filename: Assets/Scripts/FixTrace.cs Line: 49)

FIX_STATE {"test":"Merged","scene":"MainStage","label":"RestartFromCheckpoint.exit","centerName":"Main S09 Center Hook","sequence":31,"frame":3105,"section":10,"generatedCount":1,"removedCount":1,"savedRemovedCount":1,"selected":6,"savedSelected":6,"centerInstanceId":20962,"time":6.441357612609863,"rope":38.0,"savedRope":38.0,"centerSelf":false,"centerHierarchy":false,"centerValid":true,"position":{"x":192.0,"y":-1.4500000476837159},"platforms":[{"start":{"x":180.0,"y":-2.1500000953674318},"end":{"x":191.0,"y":-2.1500000953674318},"ropeLength":12.0}],"savedPlatforms":[{"start":{"x":180.0,"y":-2.1500000953674318},"end":{"x":191.0,"y":-2.1500000953674318},"ropeLength":12.0}],"removedIds":[20962],"savedRemovedIds":[20962]}
UnityEngine.Debug:ExtractStackTraceNoAlloc (byte*,int,string)
UnityEngine.StackTraceUtility:ExtractStackTrace ()
UnityEngine.DebugLogHandler:Internal_Log (UnityEngine.LogType,UnityEngine.LogOption,string,UnityEngine.Object)
UnityEngine.DebugLogHandler:LogFormat (UnityEngine.LogType,UnityEngine.Object,string,object[])
UnityEngine.Logger:Log (UnityEngine.LogType,object)
UnityEngine.Debug:Log (object)
HimoHito.FixTrace:Record (string,UnityEngine.GameObject) (at Assets/Scripts/FixTrace.cs:49)
HimoHito.MainStageRespawnOnFall:RestartFromCheckpoint () (at Assets/Scripts/MainStageRespawnOnFall.cs:245)
System.Reflection.RuntimeMethodInfo:Invoke (object,System.Reflection.BindingFlags,System.Reflection.Binder,object[],System.Globalization.CultureInfo)
System.Reflection.MethodBase:Invoke (object,object[])
HimoHito.FixTrace:Call (object,string,object[]) (at Assets/Scripts/FixTrace.cs:17)
HimoHito.FixDriver/<Run>d__25:MoveNext () (at Assets/Scripts/FixTrace.cs:177)
UnityEngine.SetupCoroutine:InvokeMoveNext (System.Collections.IEnumerator,intptr)

(Filename: Assets/Scripts/FixTrace.cs Line: 49)

FIX_STATE {"test":"Merged","scene":"MainStage","label":"RESTART_3_AFTER","centerName":"Main S09 Center Hook","sequence":32,"frame":3105,"section":10,"generatedCount":1,"removedCount":1,"savedRemovedCount":1,"selected":6,"savedSelected":6,"centerInstanceId":20962,"time":6.441357612609863,"rope":38.0,"savedRope":38.0,"centerSelf":false,"centerHierarchy":false,"centerValid":true,"position":{"x":192.0,"y":-1.4500000476837159},"platforms":[{"start":{"x":180.0,"y":-2.1500000953674318},"end":{"x":191.0,"y":-2.1500000953674318},"ropeLength":12.0}],"savedPlatforms":[{"start":{"x":180.0,"y":-2.1500000953674318},"end":{"x":191.0,"y":-2.1500000953674318},"ropeLength":12.0}],"removedIds":[20962],"savedRemovedIds":[20962]}
UnityEngine.Debug:ExtractStackTraceNoAlloc (byte*,int,string)
UnityEngine.StackTraceUtility:ExtractStackTrace ()
UnityEngine.DebugLogHandler:Internal_Log (UnityEngine.LogType,UnityEngine.LogOption,string,UnityEngine.Object)
UnityEngine.DebugLogHandler:LogFormat (UnityEngine.LogType,UnityEngine.Object,string,object[])
UnityEngine.Logger:Log (UnityEngine.LogType,object)
UnityEngine.Debug:Log (object)
HimoHito.FixTrace:Record (string,UnityEngine.GameObject) (at Assets/Scripts/FixTrace.cs:49)
HimoHito.FixDriver/<Run>d__25:MoveNext () (at Assets/Scripts/FixTrace.cs:177)
UnityEngine.SetupCoroutine:InvokeMoveNext (System.Collections.IEnumerator,intptr)

(Filename: Assets/Scripts/FixTrace.cs Line: 49)

ASSERT PASS Restart3 Hook identity valid/unchanged
UnityEngine.Debug:ExtractStackTraceNoAlloc (byte*,int,string)
UnityEngine.StackTraceUtility:ExtractStackTrace ()
UnityEngine.DebugLogHandler:Internal_Log (UnityEngine.LogType,UnityEngine.LogOption,string,UnityEngine.Object)
UnityEngine.DebugLogHandler:LogFormat (UnityEngine.LogType,UnityEngine.Object,string,object[])
UnityEngine.Logger:Log (UnityEngine.LogType,object)
UnityEngine.Debug:Log (object)
HimoHito.FixDriver:Check (bool,string) (at Assets/Scripts/FixTrace.cs:63)
HimoHito.FixDriver/<Run>d__25:MoveNext () (at Assets/Scripts/FixTrace.cs:178)
UnityEngine.SetupCoroutine:InvokeMoveNext (System.Collections.IEnumerator,intptr)

(Filename: Assets/Scripts/FixTrace.cs Line: 63)

ASSERT PASS Restart3 center active contract
UnityEngine.Debug:ExtractStackTraceNoAlloc (byte*,int,string)
UnityEngine.StackTraceUtility:ExtractStackTrace ()
UnityEngine.DebugLogHandler:Internal_Log (UnityEngine.LogType,UnityEngine.LogOption,string,UnityEngine.Object)
UnityEngine.DebugLogHandler:LogFormat (UnityEngine.LogType,UnityEngine.Object,string,object[])
UnityEngine.Logger:Log (UnityEngine.LogType,object)
UnityEngine.Debug:Log (object)
HimoHito.FixDriver:Check (bool,string) (at Assets/Scripts/FixTrace.cs:63)
HimoHito.FixDriver/<Run>d__25:MoveNext () (at Assets/Scripts/FixTrace.cs:179)
UnityEngine.SetupCoroutine:InvokeMoveNext (System.Collections.IEnumerator,intptr)

(Filename: Assets/Scripts/FixTrace.cs Line: 63)

ASSERT PASS Restart3 platform count/endpoints/length exact
UnityEngine.Debug:ExtractStackTraceNoAlloc (byte*,int,string)
UnityEngine.StackTraceUtility:ExtractStackTrace ()
UnityEngine.DebugLogHandler:Internal_Log (UnityEngine.LogType,UnityEngine.LogOption,string,UnityEngine.Object)
UnityEngine.DebugLogHandler:LogFormat (UnityEngine.LogType,UnityEngine.Object,string,object[])
UnityEngine.Logger:Log (UnityEngine.LogType,object)
UnityEngine.Debug:Log (object)
HimoHito.FixDriver:Check (bool,string) (at Assets/Scripts/FixTrace.cs:63)
HimoHito.FixDriver/<Run>d__25:MoveNext () (at Assets/Scripts/FixTrace.cs:180)
UnityEngine.SetupCoroutine:InvokeMoveNext (System.Collections.IEnumerator,intptr)

(Filename: Assets/Scripts/FixTrace.cs Line: 63)

ASSERT PASS Restart3 removedHooks count/identity no growth
UnityEngine.Debug:ExtractStackTraceNoAlloc (byte*,int,string)
UnityEngine.StackTraceUtility:ExtractStackTrace ()
UnityEngine.DebugLogHandler:Internal_Log (UnityEngine.LogType,UnityEngine.LogOption,string,UnityEngine.Object)
UnityEngine.DebugLogHandler:LogFormat (UnityEngine.LogType,UnityEngine.Object,string,object[])
UnityEngine.Logger:Log (UnityEngine.LogType,object)
UnityEngine.Debug:Log (object)
HimoHito.FixDriver:Check (bool,string) (at Assets/Scripts/FixTrace.cs:63)
HimoHito.FixDriver/<Run>d__25:MoveNext () (at Assets/Scripts/FixTrace.cs:182)
UnityEngine.SetupCoroutine:InvokeMoveNext (System.Collections.IEnumerator,intptr)

(Filename: Assets/Scripts/FixTrace.cs Line: 63)

ASSERT PASS Restart3 rope38/selected6/section10 restored
UnityEngine.Debug:ExtractStackTraceNoAlloc (byte*,int,string)
UnityEngine.StackTraceUtility:ExtractStackTrace ()
UnityEngine.DebugLogHandler:Internal_Log (UnityEngine.LogType,UnityEngine.LogOption,string,UnityEngine.Object)
UnityEngine.DebugLogHandler:LogFormat (UnityEngine.LogType,UnityEngine.Object,string,object[])
UnityEngine.Logger:Log (UnityEngine.LogType,object)
UnityEngine.Debug:Log (object)
HimoHito.FixDriver:Check (bool,string) (at Assets/Scripts/FixTrace.cs:63)
HimoHito.FixDriver/<Run>d__25:MoveNext () (at Assets/Scripts/FixTrace.cs:183)
UnityEngine.SetupCoroutine:InvokeMoveNext (System.Collections.IEnumerator,intptr)

(Filename: Assets/Scripts/FixTrace.cs Line: 63)

ASSERT PASS Restart3 all authored Hook active states unchanged
UnityEngine.Debug:ExtractStackTraceNoAlloc (byte*,int,string)
UnityEngine.StackTraceUtility:ExtractStackTrace ()
UnityEngine.DebugLogHandler:Internal_Log (UnityEngine.LogType,UnityEngine.LogOption,string,UnityEngine.Object)
UnityEngine.DebugLogHandler:LogFormat (UnityEngine.LogType,UnityEngine.Object,string,object[])
UnityEngine.Logger:Log (UnityEngine.LogType,object)
UnityEngine.Debug:Log (object)
HimoHito.FixDriver:Check (bool,string) (at Assets/Scripts/FixTrace.cs:63)
HimoHito.FixDriver/<Run>d__25:MoveNext () (at Assets/Scripts/FixTrace.cs:184)
UnityEngine.SetupCoroutine:InvokeMoveNext (System.Collections.IEnumerator,intptr)

(Filename: Assets/Scripts/FixTrace.cs Line: 63)

FIX_STATE {"test":"Merged","scene":"MainStage","label":"FINAL_RESTORE","centerName":"Main S09 Center Hook","sequence":33,"frame":3645,"section":10,"generatedCount":1,"removedCount":1,"savedRemovedCount":1,"selected":6,"savedSelected":6,"centerInstanceId":20962,"time":7.342454433441162,"rope":38.0,"savedRope":38.0,"centerSelf":false,"centerHierarchy":false,"centerValid":true,"position":{"x":192.0,"y":-1.5350003242492676},"platforms":[{"start":{"x":180.0,"y":-2.1500000953674318},"end":{"x":191.0,"y":-2.1500000953674318},"ropeLength":12.0}],"savedPlatforms":[{"start":{"x":180.0,"y":-2.1500000953674318},"end":{"x":191.0,"y":-2.1500000953674318},"ropeLength":12.0}],"removedIds":[20962],"savedRemovedIds":[20962]}
UnityEngine.Debug:ExtractStackTraceNoAlloc (byte*,int,string)
UnityEngine.StackTraceUtility:ExtractStackTrace ()
UnityEngine.DebugLogHandler:Internal_Log (UnityEngine.LogType,UnityEngine.LogOption,string,UnityEngine.Object)
UnityEngine.DebugLogHandler:LogFormat (UnityEngine.LogType,UnityEngine.Object,string,object[])
UnityEngine.Logger:Log (UnityEngine.LogType,object)
UnityEngine.Debug:Log (object)
HimoHito.FixTrace:Record (string,UnityEngine.GameObject) (at Assets/Scripts/FixTrace.cs:49)
HimoHito.FixDriver/<Run>d__25:MoveNext () (at Assets/Scripts/FixTrace.cs:187)
UnityEngine.SetupCoroutine:InvokeMoveNext (System.Collections.IEnumerator,intptr)

(Filename: Assets/Scripts/FixTrace.cs Line: 49)

FIX_STATE {"test":"Merged","scene":"MainStage","label":"TEST_COMPLETE_PASS","centerName":"Main S09 Center Hook","sequence":34,"frame":3645,"section":10,"generatedCount":1,"removedCount":1,"savedRemovedCount":1,"selected":6,"savedSelected":6,"centerInstanceId":20962,"time":7.342454433441162,"rope":38.0,"savedRope":38.0,"centerSelf":false,"centerHierarchy":false,"centerValid":true,"position":{"x":192.0,"y":-1.5350003242492676},"platforms":[{"start":{"x":180.0,"y":-2.1500000953674318},"end":{"x":191.0,"y":-2.1500000953674318},"ropeLength":12.0}],"savedPlatforms":[{"start":{"x":180.0,"y":-2.1500000953674318},"end":{"x":191.0,"y":-2.1500000953674318},"ropeLength":12.0}],"removedIds":[20962],"savedRemovedIds":[20962]}
UnityEngine.Debug:ExtractStackTraceNoAlloc (byte*,int,string)
UnityEngine.StackTraceUtility:ExtractStackTrace ()
UnityEngine.DebugLogHandler:Internal_Log (UnityEngine.LogType,UnityEngine.LogOption,string,UnityEngine.Object)
UnityEngine.DebugLogHandler:LogFormat (UnityEngine.LogType,UnityEngine.Object,string,object[])
UnityEngine.Logger:Log (UnityEngine.LogType,object)
UnityEngine.Debug:Log (object)
HimoHito.FixTrace:Record (string,UnityEngine.GameObject) (at Assets/Scripts/FixTrace.cs:49)
HimoHito.FixDriver:Pass () (at Assets/Scripts/FixTrace.cs:77)
HimoHito.FixDriver/<Run>d__25:MoveNext () (at Assets/Scripts/FixTrace.cs:187)
UnityEngine.SetupCoroutine:InvokeMoveNext (System.Collections.IEnumerator,intptr)

(Filename: Assets/Scripts/FixTrace.cs Line: 49)

[Physics::Module] Cleanup current backend.
[Physics::Module] Id: 0xf2b8ea05
Input System module state changed to: ShutdownInProgress.
Input System polling thread exited.
Input System module state changed to: Shutdown.
[Licensing::IpcConnector] LicenseClient-田尻大翔-notifications channel disconnected successfully.
[Licensing::IpcConnector] LicenseClient-田尻大翔 channel disconnected successfully.
AcceleratorClientConnectionCallback - disconnected - :0
Cleanup mono
Checking for leaked weakptr:
  Found no leaked weakptrs.
[Package Manager] Server process was shutdown
##utp:{"type":"MemoryLeaks","version":2,"phase":"Immediate","time":1790768585167,"processId":23220,"allocatedMemory":17281721,"memoryLabels":[{"Default":29313},{"Permanent":15236},{"NewDelete":69123},{"Thread":4237960},{"Manager":33885},{"VertexData":8},{"Geometry":816},{"Texture":296},{"Shader":80341},{"Material":24},{"GfxDevice":58512},{"Animation":184},{"Audio":2664},{"Font":6932481},{"FreeType":9017},{"FontEngine":736},{"Physics":2146},{"Physics2D":16},{"Serialization":720},{"Input":14984},{"JobScheduler":33024},{"TextLib":280},{"Mono":32},{"ScriptingNativeRuntime":155060},{"BaseObject":1697664},{"Resource":1336},{"Renderer":3000},{"Transform":4685},{"File":6862},{"WebCam":616},{"Culling":32},{"Terrain":11394},{"Wind":24},{"STL":40},{"String":104308},{"DynamicArray":90064},{"HashMap":58395},{"Utility":2660822},{"Curl":2478},{"PoolAlloc":2056},{"AI":80},{"TypeTree":11341},{"ScriptManager":512},{"RuntimeInitializeOnLoadManager":64},{"SpriteAtlas":112},{"GI":7792},{"Director":8240},{"CloudService":31072},{"WebRequest":552},{"VR":47994},{"SceneManager":504},{"Video":208},{"LazyScriptCache":32},{"Camera":17},{"Secure":2377},{"Image":16384},{"SerializationCache":1576},{"APIUpdating":10320},{"Subsystems":336},{"VirtualTexturing":57888},{"StaticSafetyDebugInfo":278528},{"Analytics":464},{"Hierarchy":608},{"CoreStats":13112},{"Identifiers":6480},{"Gui":96},{"EditorUtility":92434},{"VersionControl":4},{"Undo":947},{"AssetDatabase":324769},{"EditorGi":328},{"UnityConnect":29232},{"Upm":1896},{"AssetCompliance":64},{"DrivenProperties":72},{"LocalIPC":218},{"ProfilerEditor":9746},{"CoreBusinessMetrics":3496},{"Licensing":1232},{"AssetReference":32},{"IPCStream":32}]}
