[Licensing::Module] Trying to connect to existing licensing client channel...
Built from '6000.3/staging' branch; Version is '6000.3.21f1 (c02631ffc030) revision 12592689'; Using compiler version '194234433'; Build Type 'Release'
[Licensing::IpcConnector] Successfully connected to: "LicenseClient-田尻大翔" at "2026-10-01T13:15:45.3625441Z"
OS: 'Windows 11  (10.0.26200) Professional' Language: 'ja' Physical Memory: 16052 MB
BatchMode: 1, IsHumanControllingUs: 0, StartBugReporterOnCrash: 0, Is64bit: 1
System  architecture: x64
Process architecture: x64
Date: 2026-10-01T13:15:45Z

COMMAND LINE ARGUMENTS:
C:\Program Files\Unity\Hub\Editor\6000.3.21f1\Editor\Unity.exe
-batchmode
-force-d3d11
-projectPath
C:\Users\田尻大翔\Documents\Codex\2026-08-07\new-chat\outputs\HimoHitoPrototype\.codex_tmp\Tutorial2p5DAllSections_20261001\TrialProject
-executeMethod
TrialEntry.Run
-trialEvidence
C:\Users\田尻大翔\Documents\Codex\2026-08-07\new-chat\outputs\HimoHitoPrototype\Docs\QA\Tutorial2p5DAllSections_20261001\Evidence\Runtime02
-logFile
C:\Users\田尻大翔\Documents\Codex\2026-08-07\new-chat\outputs\HimoHitoPrototype\.codex_tmp\Tutorial2p5DAllSections_20261001\UnityTrial02.log
Successfully changed project path to: C:\Users\田尻大翔\Documents\Codex\2026-08-07\new-chat\outputs\HimoHitoPrototype\.codex_tmp\Tutorial2p5DAllSections_20261001\TrialProject
C:/Users/田尻大翔/Documents/Codex/2026-08-07/new-chat/outputs/HimoHitoPrototype/.codex_tmp/Tutorial2p5DAllSections_20261001/TrialProject
[UnityMemory] Configuration Parameters - Can be set up in boot.config
    "memorysetup-temp-allocator-size-nav-mesh-worker=65536"
    "memorysetup-temp-allocator-size-audio-worker=65536"
    "memorysetup-temp-allocator-size-gfx=262144"
    "memorysetup-allocator-temp-initial-block-size-main=262144"
    "memorysetup-allocator-temp-initial-block-size-worker=262144"
    "memorysetup-temp-allocator-size-background-worker=32768"
    "memorysetup-temp-allocator-size-job-worker=262144"
    "memorysetup-temp-allocator-size-preload-manager=33554432"
    "memorysetup-temp-allocator-size-gi-baking-worker=262144"
    "memorysetup-temp-allocator-size-gi-baking-worker=262144"
    "memorysetup-temp-allocator-size-gi-baking-worker=262144"
    "memorysetup-temp-allocator-size-gi-baking-worker=262144"
    "memorysetup-temp-allocator-size-gi-baking-worker=262144"
    "memorysetup-bucket-allocator-granularity=16"
    "memorysetup-bucket-allocator-bucket-count=8"
    "memorysetup-bucket-allocator-block-size=33554432"
    "memorysetup-bucket-allocator-block-count=8"
    "memorysetup-main-allocator-block-size=16777216"
    "memorysetup-thread-allocator-block-size=16777216"
    "memorysetup-gfx-main-allocator-block-size=16777216"
    "memorysetup-gfx-thread-allocator-block-size=16777216"
    "memorysetup-cache-allocator-block-size=4194304"
    "memorysetup-typetree-allocator-block-size=2097152"
    "memorysetup-profiler-bucket-allocator-granularity=16"
    "memorysetup-profiler-bucket-allocator-bucket-count=8"
    "memorysetup-profiler-bucket-allocator-block-size=33554432"
    "memorysetup-profiler-bucket-allocator-block-count=8"
    "memorysetup-profiler-allocator-block-size=16777216"
    "memorysetup-profiler-editor-allocator-block-size=1048576"
    "memorysetup-temp-allocator-size-main=16777216"
    "memorysetup-job-temp-allocator-block-size=2097152"
    "memorysetup-job-temp-allocator-block-size-background=1048576"
    "memorysetup-job-temp-allocator-reduction-small-platforms=262144"
    "memorysetup-temp-allocator-size-cloud-worker=32768"
Player connection [34208]  Target information:

Player connection [34208]  * "[IP] 192.168.40.81 [Port] 55505 [Flags] 2 [Guid] 3876282973 [EditorId] 3876282973 [Version] 1048832 [Id] WindowsEditor(7,DESKTOP-UM0GV1L) [Debug] 1 [PackageName] WindowsEditor [ProjectName] Editor" 

Player connection [34208] Host joined multi-casting on [225.0.0.222:54997]...
Player connection [34208] Host joined alternative multi-casting on [225.0.0.222:34997]...
Input System module state changed to: Initialized.
[Physics::Module] Initialized fallback backend.
[Physics::Module] Id: 0xdecafbad
[Package Manager] Connected to IPC stream "Upm-12116" after 0.6 seconds.
[Licensing::Module] Licensing is not yet initialized.
[Licensing::Client] Error: HandshakeResponse reported an error:
	ResponseCode: 505
	ResponseStatus: Unsupported protocol version '1.18.1'.
[Licensing::Module] Error: Failed to handshake to channel: "LicenseClient-田尻大翔"
[Licensing::IpcConnector] LicenseClient-田尻大翔 channel disconnected successfully.
[Licensing::IpcConnector] Successfully connected to: "LicenseClient-田尻大翔-6000.3.21" at "2026-10-01T13:15:51.8120833Z"
[Licensing::Client] Code 10 while verifying Licensing Client signature (process Id: 13432, path: "C:/Program Files/Unity/Hub/Editor/6000.3.21f1/Editor/Data/Resources/Licensing/Client/Unity.Licensing.Client.exe")
[Licensing::Module] LicensingClient has failed validation; ignoring
[Licensing::Client] Handshaking with LicensingClient:
  Version:                 1.18.1+9fbee8e
  Session Id:              136777e1fb9045f6980507f08d95dc3f
  Correlation Id:          8285086f732106bd6d26c44468156621
  External correlation Id: 915258723909752898
  Machine Id:              dNinDYak6EUa2pX7RMEoTuNEbYA=
[Licensing::Module] Successfully connected to LicensingClient on channel: "LicenseClient-田尻大翔-6000.3.21" (connect: 0.00s, validation: 0.01s, handshake: 0.04s)
[Licensing::IpcConnector] Successfully connected to: "LicenseClient-田尻大翔-6000.3.21-notifications" at "2026-10-01T13:15:51.8557824Z"
[Licensing::Module] Error: Access token is unavailable; failed to update
[Licensing::Client] Successfully resolved entitlement details
[Licensing::Module] License group:
  Id: 15669713720629-UnityPersXXXX
  Product: Unity Personal
  Type: Assigned
  Expiration: Unlimited
[Licensing::Client] Successfully updated license, isAsync: True, time: 0.03
[Licensing::Client] Successfully resolved entitlement details
[Licensing::Module] Licensing Background thread has ended after 6.60s
[Licensing::Module] Licensing is initialized (took 5.36s).
[Licensing::Client] Successfully resolved entitlement details
Library Redirect Path: Library/
[Physics::Module] Selected backend.
[Physics::Module] Name: PhysX
[Physics::Module] Id: 0xf2b8ea05
[Physics::Module] SDK Version: 4.1.2
[Physics::Module] Integration Version: 1.0.0
[Physics::Module] Threading Mode: Multi-Threaded
Refreshing native plugins compatible for Editor in 0.00 ms, found 0 plugins.
Preloading 0 native plugins for Editor in 0.00 ms.
Initialize engine version: 6000.3.21f1 (c02631ffc030)
[Subsystems] Discovering subsystems at path C:/Program Files/Unity/Hub/Editor/6000.3.21f1/Editor/Data/Resources/UnitySubsystems
[Subsystems] Discovering subsystems at path C:/Users/田尻大翔/Documents/Codex/2026-08-07/new-chat/outputs/HimoHitoPrototype/.codex_tmp/Tutorial2p5DAllSections_20261001/TrialProject/Assets
Forcing GfxDevice: Direct3D 11
GfxDevice: creating device client; kGfxThreadingModeNonThreaded
Direct3D:
    Version:  Direct3D 11.0 [level 11.1]
    Renderer: Intel(R) Iris(R) Xe Graphics (ID=0xa7a0)
    Vendor:   Intel
    VRAM:     8026 MB
    Driver:   31.0.101.4255
Initialize mono
Mono path[0] = 'C:/Program Files/Unity/Hub/Editor/6000.3.21f1/Editor/Data/Managed'
Mono path[1] = 'C:/Program Files/Unity/Hub/Editor/6000.3.21f1/Editor/Data/MonoBleedingEdge/lib/mono/unityjit-win32'
Mono config path = 'C:/Program Files/Unity/Hub/Editor/6000.3.21f1/Editor/Data/MonoBleedingEdge/etc'
Using monoOptions --debugger-agent=transport=dt_socket,embedding=1,server=y,suspend=n,address=127.0.0.1:56116
Using cacheserver namespaces - metadata:defaultmetadata, artifacts:defaultartifacts
Using cacheserver namespaces - metadata:defaultmetadata, artifacts:defaultartifacts
ImportWorker Server TCP listen port: 0
AcceleratorClientConnectionCallback - disconnected - :0
Begin MonoManager ReloadAssembly
Registering precompiled unity dll's ...
Register platform support module: C:/Program Files/Unity/Hub/Editor/6000.3.21f1/Editor/Data/PlaybackEngines/WindowsStandaloneSupport/UnityEditor.WindowsStandalone.Extensions.dll
Registered in 0.006210 seconds.
- Loaded All Assemblies, in  1.203 seconds
Native extension for WindowsStandalone target not found
Package Manager log level set to [2]
ScheduleIndexationOnStartup MainProcess:False IndexOnStartup:False
Mono: successfully reloaded assembly
- Finished resetting the current domain, in  1.217 seconds
Domain Reload Profiling: 2411ms
	BeginReloadAssembly (416ms)
		ExecutionOrderSort (0ms)
		DisableScriptedObjects (0ms)
		BackupInstance (0ms)
		ReleaseScriptingObjects (0ms)
		CreateAndSetChildDomain (31ms)
	RebuildCommonClasses (102ms)
	RebuildNativeTypeToScriptingClass (35ms)
	initialDomainReloadingComplete (140ms)
	LoadAllAssembliesAndSetupDomain (501ms)
		LoadAssemblies (377ms)
		RebuildTransferFunctionScriptingTraits (0ms)
		AnalyzeDomain (491ms)
			TypeCache.Refresh (486ms)
				TypeCache.ScanAssembly (448ms)
			BuildScriptInfoCaches (0ms)
			ResolveRequiredComponents (2ms)
	FinalizeReload (1219ms)
		ReleaseScriptCaches (0ms)
		RebuildScriptCaches (0ms)
		SetupLoadedEditorAssemblies (1112ms)
			LogAssemblyErrors (0ms)
			InitializePlatformSupportModulesInManaged (135ms)
			SetLoadedEditorAssemblies (11ms)
			BeforeProcessingInitializeOnLoad (246ms)
			ProcessInitializeOnLoadAttributes (439ms)
			ProcessInitializeOnLoadMethodAttributes (280ms)
			AfterProcessingInitializeOnLoad (0ms)
			EditorAssembliesLoaded (0ms)
		ExecutionOrderSort2 (0ms)
		AwakeInstancesAfterBackupRestoration (0ms)
[Licensing::Client] Successfully resolved entitlement details
Application.AssetDatabase Initial Refresh Start
[Package Manager] Restoring resolved packages state from cache
[Licensing::Client] Successfully resolved entitlement details
[Package Manager] Registered 5 packages:
  Built-in packages:
    com.unity.modules.audio@1.0.0 (location: C:\Users\田尻大翔\Documents\Codex\2026-08-07\new-chat\outputs\HimoHitoPrototype\.codex_tmp\Tutorial2p5DAllSections_20261001\TrialProject\Library\PackageCache\com.unity.modules.audio)
    com.unity.modules.imgui@1.0.0 (location: C:\Users\田尻大翔\Documents\Codex\2026-08-07\new-chat\outputs\HimoHitoPrototype\.codex_tmp\Tutorial2p5DAllSections_20261001\TrialProject\Library\PackageCache\com.unity.modules.imgui)
    com.unity.modules.jsonserialize@1.0.0 (location: C:\Users\田尻大翔\Documents\Codex\2026-08-07\new-chat\outputs\HimoHitoPrototype\.codex_tmp\Tutorial2p5DAllSections_20261001\TrialProject\Library\PackageCache\com.unity.modules.jsonserialize)
    com.unity.modules.particlesystem@1.0.0 (location: C:\Users\田尻大翔\Documents\Codex\2026-08-07\new-chat\outputs\HimoHitoPrototype\.codex_tmp\Tutorial2p5DAllSections_20261001\TrialProject\Library\PackageCache\com.unity.modules.particlesystem)
    com.unity.modules.physics2d@1.0.0 (location: C:\Users\田尻大翔\Documents\Codex\2026-08-07\new-chat\outputs\HimoHitoPrototype\.codex_tmp\Tutorial2p5DAllSections_20261001\TrialProject\Library\PackageCache\com.unity.modules.physics2d)
[Subsystems] No new subsystems found in resolved package list.
[Package Manager] Done registering packages in 0.08 seconds
[ScriptCompilation] Requested script compilation because: Assetdatabase observed changes in script compilation related files
Starting: C:\Program Files\Unity\Hub\Editor\6000.3.21f1\Editor\Data\Tools\BuildPipeline\bee_backend.exe --ipc --defer-dag-verification --dagfile="Library/Bee/1900b0aE.dag" --continue-on-failure --profile="Library/Bee/backend1.traceevents" ScriptAssemblies
WorkingDir: C:/Users/田尻大翔/Documents/Codex/2026-08-07/new-chat/outputs/HimoHitoPrototype/.codex_tmp/Tutorial2p5DAllSections_20261001/TrialProject
DisplayProgressbar: Compiling Scripts
ExitCode: 0 Duration: 2s1ms
[149/155    1s] Csc Library/Bee/artifacts/1900b0aE.dag/Assembly-CSharp.dll (+2 others)
[150/155    0s] CopyFiles Library/ScriptAssemblies/Assembly-CSharp.pdb
[151/155    0s] Csc Library/Bee/artifacts/1900b0aE.dag/Assembly-CSharp-Editor.dll (+2 others)
[152/155    0s] CopyFiles Library/ScriptAssemblies/Assembly-CSharp.dll
[153/155    0s] CopyFiles Library/ScriptAssemblies/Assembly-CSharp-Editor.pdb
[154/155    0s] CopyFiles Library/ScriptAssemblies/Assembly-CSharp-Editor.dll
*** Tundra build success (1.82 seconds), 6 items updated, 155 evaluated
AssetDatabase: script compilation time: 3.366733s
Begin MonoManager ReloadAssembly
- Loaded All Assemblies, in  1.758 seconds
Refreshing native plugins compatible for Editor in 0.00 ms, found 0 plugins.
Native extension for WindowsStandalone target not found
ScheduleIndexationOnStartup MainProcess:True IndexOnStartup:True
Mono: successfully reloaded assembly
- Finished resetting the current domain, in  1.304 seconds
Domain Reload Profiling: 3053ms
	BeginReloadAssembly (733ms)
		ExecutionOrderSort (0ms)
		DisableScriptedObjects (103ms)
		BackupInstance (0ms)
		ReleaseScriptingObjects (0ms)
		CreateAndSetChildDomain (184ms)
	RebuildCommonClasses (102ms)
	RebuildNativeTypeToScriptingClass (33ms)
	initialDomainReloadingComplete (66ms)
	LoadAllAssembliesAndSetupDomain (813ms)
		LoadAssemblies (1105ms)
		RebuildTransferFunctionScriptingTraits (0ms)
		AnalyzeDomain (27ms)
			TypeCache.Refresh (16ms)
				TypeCache.ScanAssembly (4ms)
			BuildScriptInfoCaches (2ms)
			ResolveRequiredComponents (4ms)
	FinalizeReload (1306ms)
		ReleaseScriptCaches (0ms)
		RebuildScriptCaches (0ms)
		SetupLoadedEditorAssemblies (887ms)
			LogAssemblyErrors (0ms)
			InitializePlatformSupportModulesInManaged (72ms)
			SetLoadedEditorAssemblies (7ms)
			BeforeProcessingInitializeOnLoad (312ms)
			ProcessInitializeOnLoadAttributes (340ms)
			ProcessInitializeOnLoadMethodAttributes (136ms)
			AfterProcessingInitializeOnLoad (18ms)
			EditorAssembliesLoaded (1ms)
		ExecutionOrderSort2 (0ms)
		AwakeInstancesAfterBackupRestoration (76ms)
Refreshing native plugins compatible for Editor in 0.00 ms, found 0 plugins.
Preloading 0 native plugins for Editor in 0.00 ms.
Asset Pipeline Refresh (id=d13a1c1fa19c445458c90554acff7c85): Total: 7.000 seconds - Initiated by InitialRefreshV2(ForceSynchronousImport)
	Summary:
		Imports: total=0 (actual=0, local cache=0, cache server=0)
		Asset DB Process Time: managed=0 ms, native=1593 ms
		Asset DB Callback time: managed=151 ms, native=95 ms
		Scripting: domain reloads=1, domain reload time=1759 ms, compile time=3372 ms, other=28 ms
		Project Asset Count: scripts=44, non-scripts=103
		Asset File Changes: new=0, changed=1, moved=0, deleted=0
		Scan Filter Count: 0
	InvokeCustomDependenciesCallbacks: 0.005ms
	InvokePackagesCallback: 95.003ms
	ApplyChangesToAssetFolders: 0.654ms
	Scan: 94.195ms
	OnSourceAssetsModified: 2.254ms
	CategorizeAssetsWithTransientArtifact: 1.024ms
	ProcessAssetsWithTransientArtifactChanges: 6.284ms
	CategorizeAssets: 1.648ms
	ImportOutOfDateAssets: 1307.577ms (-2064.769ms without children)
		CompileScripts: 3371.647ms
		ReloadNativeAssets: 0.001ms
		UnloadImportedAssets: 0.230ms
		EnsureUptoDateAssetsAreRegisteredWithGuidPM: 0.049ms
		InitializingProgressBar: 0.002ms
		PostProcessAllAssetNotificationsAddChangedAssets: 0.002ms
		OnDemandSchedulerStart: 0.416ms
	PostProcessAllAssets: 153.235ms
	Hotreload: 1.696ms
	GatherAllCurrentPrimaryArtifactRevisions: 0.004ms
	UnloadStreamsBegin: 3.166ms
	PersistCurrentRevisions: 0.016ms
	UnloadStreamsEnd: 0.004ms
	GenerateScriptTypeHashes: 0.002ms
	Untracked: 5333.403ms

Application.AssetDatabase Initial Refresh End
Launched and connected shader compiler UnityShaderCompiler.exe after 0.05 seconds
Scanning for USB devices : 3.703ms
Initializing Unity extensions:
[MODES] ModeService[none].Initialize
[MODES] ModeService[none].LoadModes
[MODES] Loading mode Default (0) for mode-current-id-ヒモヒト
Unloading 3 Unused Serialized files (Serialized files now loaded: 0)
Unloading 139 unused Assets / (509.6 KB). Loaded Objects now: 769.
Memory consumption went from 88.9 MB to 88.4 MB.
Total: 11.657100 ms (FindLiveObjects: 0.120100 ms CreateObjectMapping: 0.023700 ms MarkObjects: 10.999100 ms  DeleteObjects: 0.509700 ms)

Start importing Assets/Resources/Proof/Tutorial2p5D/Tutorial2p5D_Far.png using Guid(4f4e4caf96b5f8049b587eaa1a23167a) (TextureImporter) -> (artifact id: '2e88ee78935d7d7c172f79d9378176d7') in 0.2285441 seconds
Refreshing native plugins compatible for Editor in 0.00 ms, found 0 plugins.
Preloading 0 native plugins for Editor in 0.00 ms.
Asset Pipeline Refresh (id=a54ffdf69bb4e5547879a10df2781469): Total: 0.334 seconds - Initiated by StopAssetImportingV2(NoUpdateAssetOptions)
	Summary:
		Imports: total=1 (actual=1, local cache=0, cache server=0)
		Asset DB Process Time: managed=8 ms, native=315 ms
		Asset DB Callback time: managed=9 ms, native=0 ms
		Scripting: domain reloads=0, domain reload time=0 ms, compile time=0 ms, other=0 ms
		Project Asset Count: scripts=44, non-scripts=103
		Asset File Changes: new=0, changed=0, moved=0, deleted=0
		Scan Filter Count: 5
	InvokeCustomDependenciesCallbacks: 0.002ms
	InvokePackagesCallback: 0.002ms
	ApplyChangesToAssetFolders: 0.073ms
	Scan: 72.590ms
	OnSourceAssetsModified: 0.003ms
	CategorizeAssetsWithTransientArtifact: 0.037ms
	ProcessAssetsWithTransientArtifactChanges: 0.015ms
	CategorizeAssets: 0.152ms
	ImportOutOfDateAssets: 234.539ms (-0.843ms without children)
		ImportManagerImport: 233.481ms (4.002ms without children)
			ImportInProcess: 229.197ms
			UpdateCategorizedAssets: 0.282ms
		ReloadNativeAssets: 0.001ms
		UnloadImportedAssets: 0.415ms
		ReloadImportedAssets: 0.978ms
		EnsureUptoDateAssetsAreRegisteredWithGuidPM: 0.036ms
		InitializingProgressBar: 0.013ms
		PostProcessAllAssetNotificationsAddChangedAssets: 0.001ms
		OnDemandSchedulerStart: 0.457ms
	PostProcessAllAssets: 9.337ms
	Hotreload: 0.443ms
	GatherAllCurrentPrimaryArtifactRevisions: 0.022ms
	UnloadStreamsBegin: 0.211ms
	PersistCurrentRevisions: 0.015ms
	UnloadStreamsEnd: 0.002ms
	Untracked: 16.752ms

Start importing Assets/Resources/Proof/Tutorial2p5D/Tutorial2p5D_Mid.png using Guid(39ac56522502d1c4b8776a5049fe3b4c) (TextureImporter) -> (artifact id: '0894c34ca03761e3e7c6b9ff0f29a2ef') in 0.2627076 seconds
Refreshing native plugins compatible for Editor in 0.00 ms, found 0 plugins.
Preloading 0 native plugins for Editor in 0.00 ms.
Asset Pipeline Refresh (id=83d003c5887dc1f48a20d63c58f1d43a): Total: 0.289 seconds - Initiated by StopAssetImportingV2(NoUpdateAssetOptions)
Start importing Assets/Resources/Proof/Tutorial2p5D/Tutorial2p5D_Near.png using Guid(8d1d8c5c1b94b6a47b98de00f191fbd5) (TextureImporter) -> (artifact id: 'f172322247afa5a4d62730e6ab91b323') in 0.1514411 seconds
Refreshing native plugins compatible for Editor in 0.00 ms, found 0 plugins.
Preloading 0 native plugins for Editor in 0.00 ms.
Asset Pipeline Refresh (id=a0641cdc8986d7e498ad905a2ff3e3a9): Total: 0.181 seconds - Initiated by StopAssetImportingV2(NoUpdateAssetOptions)
Start importing Assets/Resources/Proof/Tutorial2p5D/Tutorial2p5D_NearRefined.png using Guid(b418792fd649f7d44a333f2e1813f736) (TextureImporter) -> (artifact id: '5fc6e5a9bb24ea785eacd8f4ff4d2102') in 0.1470525 seconds
Refreshing native plugins compatible for Editor in 0.00 ms, found 0 plugins.
Preloading 0 native plugins for Editor in 0.00 ms.
Asset Pipeline Refresh (id=feae0bec48d6dc54897777286aa14f2f): Total: 0.173 seconds - Initiated by StopAssetImportingV2(NoUpdateAssetOptions)
Unloading 0 Unused Serialized files (Serialized files now loaded: 0)
Unloading 5 unused Assets / (2.9 KB). Loaded Objects now: 771.
Memory consumption went from 87.2 MB to 87.2 MB.
Total: 10.226500 ms (FindLiveObjects: 0.103500 ms CreateObjectMapping: 0.019200 ms MarkObjects: 10.029800 ms  DeleteObjects: 0.070300 ms)

[Project] Loading completed in 19.582 seconds
	Project init time: 				17.560 seconds
		Template init time: 		0.000 seconds
		Package Manager init time: 		6.006 seconds
		Asset Database init time: 		0.799 seconds
		Global illumination init time: 	0.006 seconds
		Assemblies load time: 			2.474 seconds
		Unity extensions init time: 	0.001 seconds
		Asset Database refresh time: 	7.000 seconds
	Scene opening time: 			1.432 seconds
##utp:{"type":"ProjectInfo","version":2,"phase":"Immediate","time":1790860564903,"processId":12116,"projectLoad":19.582136300000003,"projectInit":17.5598447,"templateInit":0.0,"packageManagerInit":6.005827,"assetDatabaseInit":0.7988978,"globalIlluminationInit":0.0057043,"assembliesLoad":2.4739309,"unityExtensionsInit":0.0014173,"assetDatabaseRefresh":7.0004887,"sceneOpening":1.4324034}
##utp:{"type":"EditorInfo","version":2,"phase":"Immediate","time":1790860564903,"processId":12116,"editorVersion":"6000.3.21f1 (c02631ffc030)","branch":"6000.3/staging","buildType":"Release","platform":"Windows"}
Reloading assemblies for play mode.
Reloading assemblies after forced synchronous recompile.
Begin MonoManager ReloadAssembly
- Loaded All Assemblies, in  0.742 seconds
Refreshing native plugins compatible for Editor in 0.00 ms, found 0 plugins.
Native extension for WindowsStandalone target not found
ScheduleIndexationOnStartup MainProcess:True IndexOnStartup:True
Mono: successfully reloaded assembly
- Finished resetting the current domain, in  1.286 seconds
Domain Reload Profiling: 2020ms
	BeginReloadAssembly (502ms)
		ExecutionOrderSort (0ms)
		DisableScriptedObjects (73ms)
		BackupInstance (0ms)
		ReleaseScriptingObjects (0ms)
		CreateAndSetChildDomain (74ms)
	RebuildCommonClasses (102ms)
	RebuildNativeTypeToScriptingClass (32ms)
	initialDomainReloadingComplete (64ms)
	LoadAllAssembliesAndSetupDomain (33ms)
		LoadAssemblies (298ms)
		RebuildTransferFunctionScriptingTraits (0ms)
		AnalyzeDomain (24ms)
			TypeCache.Refresh (9ms)
				TypeCache.ScanAssembly (0ms)
			BuildScriptInfoCaches (4ms)
			ResolveRequiredComponents (6ms)
	FinalizeReload (1288ms)
		ReleaseScriptCaches (0ms)
		RebuildScriptCaches (0ms)
		SetupLoadedEditorAssemblies (800ms)
			LogAssemblyErrors (0ms)
			InitializePlatformSupportModulesInManaged (66ms)
			SetLoadedEditorAssemblies (7ms)
			BeforeProcessingInitializeOnLoad (287ms)
			ProcessInitializeOnLoadAttributes (311ms)
			ProcessInitializeOnLoadMethodAttributes (110ms)
			AfterProcessingInitializeOnLoad (17ms)
			EditorAssembliesLoaded (1ms)
		ExecutionOrderSort2 (0ms)
		AwakeInstancesAfterBackupRestoration (59ms)
Asset Pipeline Refresh (id=8664986ce3ef2db4693665a0131ae555): Total: 2.162 seconds - Initiated by StopAssetImportingV2(ForceSynchronousImport | ForceDomainReload)
	Summary:
		Imports: total=0 (actual=0, local cache=0, cache server=0)
		Asset DB Process Time: managed=0 ms, native=1346 ms
		Asset DB Callback time: managed=42 ms, native=1 ms
		Scripting: domain reloads=1, domain reload time=767 ms, compile time=5 ms, other=0 ms
		Project Asset Count: scripts=44, non-scripts=103
		Asset File Changes: new=0, changed=0, moved=0, deleted=0
		Scan Filter Count: 0
	InvokeCustomDependenciesCallbacks: 0.005ms
	InvokePackagesCallback: 4.982ms
	ApplyChangesToAssetFolders: 0.213ms
	Scan: 0.001ms
	OnSourceAssetsModified: 0.004ms
	CategorizeAssetsWithTransientArtifact: 0.010ms
	ProcessAssetsWithTransientArtifactChanges: 0.174ms
	CategorizeAssets: 1.516ms
	ImportOutOfDateAssets: 1289.478ms (1284.273ms without children)
		CompileScripts: 4.543ms
		CollectScriptTypesHashes: 0.002ms
		ReloadNativeAssets: 0.029ms
		UnloadImportedAssets: 0.113ms
		EnsureUptoDateAssetsAreRegisteredWithGuidPM: 0.047ms
		InitializingProgressBar: 0.001ms
		PostProcessAllAssetNotificationsAddChangedAssets: 0.001ms
		OnDemandSchedulerStart: 0.469ms
	PostProcessAllAssets: 42.548ms
	GatherAllCurrentPrimaryArtifactRevisions: 0.025ms
	UnloadStreamsBegin: 0.116ms
	PersistCurrentRevisions: 0.014ms
	UnloadStreamsEnd: 0.004ms
	GenerateScriptTypeHashes: 0.001ms
	Untracked: 822.881ms

Loaded scene 'Temp/__Backupscenes/0.backup'
	Deserialize:            1.038 ms
	Integration:            48.536 ms
	Integration of assets:  0.006 ms
	Thread Wait Time:       0.021 ms
	Total Operation Time:   49.602 ms
Unloading 3 Unused Serialized files (Serialized files now loaded: 0)
[MODES] ModeService[none].Initialize
[MODES] ModeService[none].LoadModes
Play開始地点：Tutorial
UnityEngine.Debug:ExtractStackTraceNoAlloc (byte*,int,string)
UnityEngine.StackTraceUtility:ExtractStackTrace ()
UnityEngine.DebugLogHandler:Internal_Log (UnityEngine.LogType,UnityEngine.LogOption,string,UnityEngine.Object)
UnityEngine.DebugLogHandler:LogFormat (UnityEngine.LogType,UnityEngine.Object,string,object[])
UnityEngine.Logger:Log (UnityEngine.LogType,object)
UnityEngine.Debug:Log (object)
HimoHitoEditor.PlayStartSceneSelector:ConfigurePlayStartScene (string,string) (at Assets/Editor/PlayStartSceneSelector.cs:50)
HimoHitoEditor.PlayStartSceneSelector:ConfigurePlayStartScene () (at Assets/Editor/PlayStartSceneSelector.cs:23)
UnityEditor.EditorApplication:Internal_CallDelayFunctions ()

(Filename: Assets/Editor/PlayStartSceneSelector.cs Line: 50)

Start Indexing on Editor startup
ArgumentOutOfRangeException: Index was out of range. Must be non-negative and less than the size of the collection.
Parameter name: index
  at System.Collections.Generic.List`1[T].get_Item (System.Int32 index) [0x00009] in <41d29b352f6a475ab1bf7c6628b82790>:0 
  at UnityEditor.Search.SearchDatabase+<EnumerateAll>d__81.MoveNext () [0x00106] in <63453c9528324daaa566ad51effa49a4>:0 
  at System.Linq.Enumerable.TryGetFirst[TSource] (System.Collections.Generic.IEnumerable`1[T] source, System.Boolean& found) [0x00045] in <80564d689e48448fa2a7101993ee7201>:0 
  at System.Linq.Enumerable.First[TSource] (System.Collections.Generic.IEnumerable`1[T] source) [0x00000] in <80564d689e48448fa2a7101993ee7201>:0 
  at UnityEditor.Search.SearchDatabase.GetDefaultSearchDatabase () [0x00006] in <63453c9528324daaa566ad51effa49a4>:0 
  at UnityEditor.Search.SearchInit.IndexationOnStartup () [0x0000c] in <63453c9528324daaa566ad51effa49a4>:0 
  at UnityEditor.EditorApplication.Internal_CallDelayFunctions () [0x0002c] in <ebc962e8381145e6bdb44b1996e8e9b4>:0 

UnloadTime: 0.341100 ms
Loaded scene 'Assets/Scenes/Tutorial.unity'
	Deserialize:            45.511 ms
	Integration:            10150.041 ms
	Integration of assets:  0.009 ms
	Thread Wait Time:       488.318 ms
	Total Operation Time:   10683.880 ms
Unloading 26 unused Assets / (Unknown). Loaded Objects now: 2125.
Memory consumption went from 389.5 MB to 389.6 MB.
Total: 12.063000 ms (FindLiveObjects: 0.261300 ms CreateObjectMapping: 0.034500 ms MarkObjects: 10.704300 ms  DeleteObjects: 1.059700 ms)

Created GICache directory at C:/Users/田尻大翔/AppData/LocalLow/Unity/Caches/GiCache. Took: 0.071s, timestamps: [21.906 - 21.976]
[Licensing::Client] Successfully resolved entitlement details
ALL_QA PASS Stage Selection remains original
UnityEngine.Debug:ExtractStackTraceNoAlloc (byte*,int,string)
UnityEngine.StackTraceUtility:ExtractStackTrace ()
UnityEngine.DebugLogHandler:Internal_Log (UnityEngine.LogType,UnityEngine.LogOption,string,UnityEngine.Object)
UnityEngine.DebugLogHandler:LogFormat (UnityEngine.LogType,UnityEngine.Object,string,object[])
UnityEngine.Logger:Log (UnityEngine.LogType,object)
UnityEngine.Debug:Log (object)
AllSectionsQA:Log (string) (at Assets/Proof/AllSectionsQA.cs:23)
AllSectionsQA:Check (bool,string) (at Assets/Proof/AllSectionsQA.cs:24)
AllSectionsQA/<Run>d__40:MoveNext () (at Assets/Proof/AllSectionsQA.cs:179)
UnityEngine.SetupCoroutine:InvokeMoveNext (System.Collections.IEnumerator,intptr)

(Filename: Assets/Proof/AllSectionsQA.cs Line: 23)

ALL_QA PASS Background has no physics components
UnityEngine.Debug:ExtractStackTraceNoAlloc (byte*,int,string)
UnityEngine.StackTraceUtility:ExtractStackTrace ()
UnityEngine.DebugLogHandler:Internal_Log (UnityEngine.LogType,UnityEngine.LogOption,string,UnityEngine.Object)
UnityEngine.DebugLogHandler:LogFormat (UnityEngine.LogType,UnityEngine.Object,string,object[])
UnityEngine.Logger:Log (UnityEngine.LogType,object)
UnityEngine.Debug:Log (object)
AllSectionsQA:Log (string) (at Assets/Proof/AllSectionsQA.cs:23)
AllSectionsQA:Check (bool,string) (at Assets/Proof/AllSectionsQA.cs:24)
AllSectionsQA/<Run>d__40:MoveNext () (at Assets/Proof/AllSectionsQA.cs:183)
UnityEngine.SetupCoroutine:InvokeMoveNext (System.Collections.IEnumerator,intptr)

(Filename: Assets/Proof/AllSectionsQA.cs Line: 23)

ALL_QA PASS Section 1 entered through authored route
UnityEngine.Debug:ExtractStackTraceNoAlloc (byte*,int,string)
UnityEngine.StackTraceUtility:ExtractStackTrace ()
UnityEngine.DebugLogHandler:Internal_Log (UnityEngine.LogType,UnityEngine.LogOption,string,UnityEngine.Object)
UnityEngine.DebugLogHandler:LogFormat (UnityEngine.LogType,UnityEngine.Object,string,object[])
UnityEngine.Logger:Log (UnityEngine.LogType,object)
UnityEngine.Debug:Log (object)
AllSectionsQA:Log (string) (at Assets/Proof/AllSectionsQA.cs:23)
AllSectionsQA:Check (bool,string) (at Assets/Proof/AllSectionsQA.cs:24)
AllSectionsQA:Required (bool,string) (at Assets/Proof/AllSectionsQA.cs:25)
AllSectionsQA/<LessonStart>d__36:MoveNext () (at Assets/Proof/AllSectionsQA.cs:116)
UnityEngine.SetupCoroutine:InvokeMoveNext (System.Collections.IEnumerator,intptr)

(Filename: Assets/Proof/AllSectionsQA.cs Line: 23)

ALL_QA PASS S1_Standing Before physics/camera/rope unchanged
UnityEngine.Debug:ExtractStackTraceNoAlloc (byte*,int,string)
UnityEngine.StackTraceUtility:ExtractStackTrace ()
UnityEngine.DebugLogHandler:Internal_Log (UnityEngine.LogType,UnityEngine.LogOption,string,UnityEngine.Object)
UnityEngine.DebugLogHandler:LogFormat (UnityEngine.LogType,UnityEngine.Object,string,object[])
UnityEngine.Logger:Log (UnityEngine.LogType,object)
UnityEngine.Debug:Log (object)
AllSectionsQA:Log (string) (at Assets/Proof/AllSectionsQA.cs:23)
AllSectionsQA:Check (bool,string) (at Assets/Proof/AllSectionsQA.cs:24)
AllSectionsQA:Pair (string) (at Assets/Proof/AllSectionsQA.cs:98)
AllSectionsQA/<LessonStart>d__36:MoveNext () (at Assets/Proof/AllSectionsQA.cs:117)
UnityEngine.SetupCoroutine:InvokeMoveNext (System.Collections.IEnumerator,intptr)

(Filename: Assets/Proof/AllSectionsQA.cs Line: 23)

ALL_QA PASS S1_Standing After physics/camera/rope unchanged, background active
UnityEngine.Debug:ExtractStackTraceNoAlloc (byte*,int,string)
UnityEngine.StackTraceUtility:ExtractStackTrace ()
UnityEngine.DebugLogHandler:Internal_Log (UnityEngine.LogType,UnityEngine.LogOption,string,UnityEngine.Object)
UnityEngine.DebugLogHandler:LogFormat (UnityEngine.LogType,UnityEngine.Object,string,object[])
UnityEngine.Logger:Log (UnityEngine.LogType,object)
UnityEngine.Debug:Log (object)
AllSectionsQA:Log (string) (at Assets/Proof/AllSectionsQA.cs:23)
AllSectionsQA:Check (bool,string) (at Assets/Proof/AllSectionsQA.cs:24)
AllSectionsQA:Pair (string) (at Assets/Proof/AllSectionsQA.cs:100)
AllSectionsQA/<LessonStart>d__36:MoveNext () (at Assets/Proof/AllSectionsQA.cs:117)
UnityEngine.SetupCoroutine:InvokeMoveNext (System.Collections.IEnumerator,intptr)

(Filename: Assets/Proof/AllSectionsQA.cs Line: 23)

ALL_QA PASS Walk -4 -> -4.35 actual=(-4.29, 0.96)
UnityEngine.Debug:ExtractStackTraceNoAlloc (byte*,int,string)
UnityEngine.StackTraceUtility:ExtractStackTrace ()
UnityEngine.DebugLogHandler:Internal_Log (UnityEngine.LogType,UnityEngine.LogOption,string,UnityEngine.Object)
UnityEngine.DebugLogHandler:LogFormat (UnityEngine.LogType,UnityEngine.Object,string,object[])
UnityEngine.Logger:Log (UnityEngine.LogType,object)
UnityEngine.Debug:Log (object)
AllSectionsQA:Log (string) (at Assets/Proof/AllSectionsQA.cs:23)
AllSectionsQA:Check (bool,string) (at Assets/Proof/AllSectionsQA.cs:24)
AllSectionsQA:Required (bool,string) (at Assets/Proof/AllSectionsQA.cs:25)
AllSectionsQA/<WalkTo>d__35:MoveNext () (at Assets/Proof/AllSectionsQA.cs:111)
UnityEngine.SetupCoroutine:InvokeMoveNext (System.Collections.IEnumerator,intptr)

(Filename: Assets/Proof/AllSectionsQA.cs Line: 23)

ALL_QA PASS Walk -4.286516 -> -4 actual=(-4.06, 0.96)
UnityEngine.Debug:ExtractStackTraceNoAlloc (byte*,int,string)
UnityEngine.StackTraceUtility:ExtractStackTrace ()
UnityEngine.DebugLogHandler:Internal_Log (UnityEngine.LogType,UnityEngine.LogOption,string,UnityEngine.Object)
UnityEngine.DebugLogHandler:LogFormat (UnityEngine.LogType,UnityEngine.Object,string,object[])
UnityEngine.Logger:Log (UnityEngine.LogType,object)
UnityEngine.Debug:Log (object)
AllSectionsQA:Log (string) (at Assets/Proof/AllSectionsQA.cs:23)
AllSectionsQA:Check (bool,string) (at Assets/Proof/AllSectionsQA.cs:24)
AllSectionsQA:Required (bool,string) (at Assets/Proof/AllSectionsQA.cs:25)
AllSectionsQA/<WalkTo>d__35:MoveNext () (at Assets/Proof/AllSectionsQA.cs:111)
UnityEngine.SetupCoroutine:InvokeMoveNext (System.Collections.IEnumerator,intptr)

(Filename: Assets/Proof/AllSectionsQA.cs Line: 23)

ALL_QA PASS S1_Walk Before physics/camera/rope unchanged
UnityEngine.Debug:ExtractStackTraceNoAlloc (byte*,int,string)
UnityEngine.StackTraceUtility:ExtractStackTrace ()
UnityEngine.DebugLogHandler:Internal_Log (UnityEngine.LogType,UnityEngine.LogOption,string,UnityEngine.Object)
UnityEngine.DebugLogHandler:LogFormat (UnityEngine.LogType,UnityEngine.Object,string,object[])
UnityEngine.Logger:Log (UnityEngine.LogType,object)
UnityEngine.Debug:Log (object)
AllSectionsQA:Log (string) (at Assets/Proof/AllSectionsQA.cs:23)
AllSectionsQA:Check (bool,string) (at Assets/Proof/AllSectionsQA.cs:24)
AllSectionsQA:Pair (string) (at Assets/Proof/AllSectionsQA.cs:98)
AllSectionsQA/<LessonStart>d__36:MoveNext () (at Assets/Proof/AllSectionsQA.cs:121)
UnityEngine.SetupCoroutine:InvokeMoveNext (System.Collections.IEnumerator,intptr)

(Filename: Assets/Proof/AllSectionsQA.cs Line: 23)

ALL_QA PASS S1_Walk After physics/camera/rope unchanged, background active
UnityEngine.Debug:ExtractStackTraceNoAlloc (byte*,int,string)
UnityEngine.StackTraceUtility:ExtractStackTrace ()
UnityEngine.DebugLogHandler:Internal_Log (UnityEngine.LogType,UnityEngine.LogOption,string,UnityEngine.Object)
UnityEngine.DebugLogHandler:LogFormat (UnityEngine.LogType,UnityEngine.Object,string,object[])
UnityEngine.Logger:Log (UnityEngine.LogType,object)
UnityEngine.Debug:Log (object)
AllSectionsQA:Log (string) (at Assets/Proof/AllSectionsQA.cs:23)
AllSectionsQA:Check (bool,string) (at Assets/Proof/AllSectionsQA.cs:24)
AllSectionsQA:Pair (string) (at Assets/Proof/AllSectionsQA.cs:100)
AllSectionsQA/<LessonStart>d__36:MoveNext () (at Assets/Proof/AllSectionsQA.cs:121)
UnityEngine.SetupCoroutine:InvokeMoveNext (System.Collections.IEnumerator,intptr)

(Filename: Assets/Proof/AllSectionsQA.cs Line: 23)

ALL_QA PASS Section 1 normal jump through PlayerMover
UnityEngine.Debug:ExtractStackTraceNoAlloc (byte*,int,string)
UnityEngine.StackTraceUtility:ExtractStackTrace ()
UnityEngine.DebugLogHandler:Internal_Log (UnityEngine.LogType,UnityEngine.LogOption,string,UnityEngine.Object)
UnityEngine.DebugLogHandler:LogFormat (UnityEngine.LogType,UnityEngine.Object,string,object[])
UnityEngine.Logger:Log (UnityEngine.LogType,object)
UnityEngine.Debug:Log (object)
AllSectionsQA:Log (string) (at Assets/Proof/AllSectionsQA.cs:23)
AllSectionsQA:Check (bool,string) (at Assets/Proof/AllSectionsQA.cs:24)
AllSectionsQA/<LessonStart>d__36:MoveNext () (at Assets/Proof/AllSectionsQA.cs:123)
UnityEngine.SetupCoroutine:InvokeMoveNext (System.Collections.IEnumerator,intptr)

(Filename: Assets/Proof/AllSectionsQA.cs Line: 23)

ALL_QA PASS S1_Jump Before physics/camera/rope unchanged
UnityEngine.Debug:ExtractStackTraceNoAlloc (byte*,int,string)
UnityEngine.StackTraceUtility:ExtractStackTrace ()
UnityEngine.DebugLogHandler:Internal_Log (UnityEngine.LogType,UnityEngine.LogOption,string,UnityEngine.Object)
UnityEngine.DebugLogHandler:LogFormat (UnityEngine.LogType,UnityEngine.Object,string,object[])
UnityEngine.Logger:Log (UnityEngine.LogType,object)
UnityEngine.Debug:Log (object)
AllSectionsQA:Log (string) (at Assets/Proof/AllSectionsQA.cs:23)
AllSectionsQA:Check (bool,string) (at Assets/Proof/AllSectionsQA.cs:24)
AllSectionsQA:Pair (string) (at Assets/Proof/AllSectionsQA.cs:98)
AllSectionsQA/<LessonStart>d__36:MoveNext () (at Assets/Proof/AllSectionsQA.cs:123)
UnityEngine.SetupCoroutine:InvokeMoveNext (System.Collections.IEnumerator,intptr)

(Filename: Assets/Proof/AllSectionsQA.cs Line: 23)

ALL_QA PASS S1_Jump After physics/camera/rope unchanged, background active
UnityEngine.Debug:ExtractStackTraceNoAlloc (byte*,int,string)
UnityEngine.StackTraceUtility:ExtractStackTrace ()
UnityEngine.DebugLogHandler:Internal_Log (UnityEngine.LogType,UnityEngine.LogOption,string,UnityEngine.Object)
UnityEngine.DebugLogHandler:LogFormat (UnityEngine.LogType,UnityEngine.Object,string,object[])
UnityEngine.Logger:Log (UnityEngine.LogType,object)
UnityEngine.Debug:Log (object)
AllSectionsQA:Log (string) (at Assets/Proof/AllSectionsQA.cs:23)
AllSectionsQA:Check (bool,string) (at Assets/Proof/AllSectionsQA.cs:24)
AllSectionsQA:Pair (string) (at Assets/Proof/AllSectionsQA.cs:100)
AllSectionsQA/<LessonStart>d__36:MoveNext () (at Assets/Proof/AllSectionsQA.cs:123)
UnityEngine.SetupCoroutine:InvokeMoveNext (System.Collections.IEnumerator,intptr)

(Filename: Assets/Proof/AllSectionsQA.cs Line: 23)

ALL_QA PASS Section 1 jump lands
UnityEngine.Debug:ExtractStackTraceNoAlloc (byte*,int,string)
UnityEngine.StackTraceUtility:ExtractStackTrace ()
UnityEngine.DebugLogHandler:Internal_Log (UnityEngine.LogType,UnityEngine.LogOption,string,UnityEngine.Object)
UnityEngine.DebugLogHandler:LogFormat (UnityEngine.LogType,UnityEngine.Object,string,object[])
UnityEngine.Logger:Log (UnityEngine.LogType,object)
UnityEngine.Debug:Log (object)
AllSectionsQA:Log (string) (at Assets/Proof/AllSectionsQA.cs:23)
AllSectionsQA:Check (bool,string) (at Assets/Proof/AllSectionsQA.cs:24)
AllSectionsQA:Required (bool,string) (at Assets/Proof/AllSectionsQA.cs:25)
AllSectionsQA/<LessonStart>d__36:MoveNext () (at Assets/Proof/AllSectionsQA.cs:125)
UnityEngine.SetupCoroutine:InvokeMoveNext (System.Collections.IEnumerator,intptr)

(Filename: Assets/Proof/AllSectionsQA.cs Line: 23)

ALL_QA PASS Section 1 sign opens through existing UI path
UnityEngine.Debug:ExtractStackTraceNoAlloc (byte*,int,string)
UnityEngine.StackTraceUtility:ExtractStackTrace ()
UnityEngine.DebugLogHandler:Internal_Log (UnityEngine.LogType,UnityEngine.LogOption,string,UnityEngine.Object)
UnityEngine.DebugLogHandler:LogFormat (UnityEngine.LogType,UnityEngine.Object,string,object[])
UnityEngine.Logger:Log (UnityEngine.LogType,object)
UnityEngine.Debug:Log (object)
AllSectionsQA:Log (string) (at Assets/Proof/AllSectionsQA.cs:23)
AllSectionsQA:Check (bool,string) (at Assets/Proof/AllSectionsQA.cs:24)
AllSectionsQA/<LessonStart>d__36:MoveNext () (at Assets/Proof/AllSectionsQA.cs:127)
UnityEngine.SetupCoroutine:InvokeMoveNext (System.Collections.IEnumerator,intptr)

(Filename: Assets/Proof/AllSectionsQA.cs Line: 23)

ALL_QA PASS Section 1 sign pause preserves background/camera
UnityEngine.Debug:ExtractStackTraceNoAlloc (byte*,int,string)
UnityEngine.StackTraceUtility:ExtractStackTrace ()
UnityEngine.DebugLogHandler:Internal_Log (UnityEngine.LogType,UnityEngine.LogOption,string,UnityEngine.Object)
UnityEngine.DebugLogHandler:LogFormat (UnityEngine.LogType,UnityEngine.Object,string,object[])
UnityEngine.Logger:Log (UnityEngine.LogType,object)
UnityEngine.Debug:Log (object)
AllSectionsQA:Log (string) (at Assets/Proof/AllSectionsQA.cs:23)
AllSectionsQA:Check (bool,string) (at Assets/Proof/AllSectionsQA.cs:24)
AllSectionsQA/<LessonStart>d__36:MoveNext () (at Assets/Proof/AllSectionsQA.cs:129)
UnityEngine.SetupCoroutine:InvokeMoveNext (System.Collections.IEnumerator,intptr)

(Filename: Assets/Proof/AllSectionsQA.cs Line: 23)

ALL_QA PASS Section 1 sign closes/resumes
UnityEngine.Debug:ExtractStackTraceNoAlloc (byte*,int,string)
UnityEngine.StackTraceUtility:ExtractStackTrace ()
UnityEngine.DebugLogHandler:Internal_Log (UnityEngine.LogType,UnityEngine.LogOption,string,UnityEngine.Object)
UnityEngine.DebugLogHandler:LogFormat (UnityEngine.LogType,UnityEngine.Object,string,object[])
UnityEngine.Logger:Log (UnityEngine.LogType,object)
UnityEngine.Debug:Log (object)
AllSectionsQA:Log (string) (at Assets/Proof/AllSectionsQA.cs:23)
AllSectionsQA:Check (bool,string) (at Assets/Proof/AllSectionsQA.cs:24)
AllSectionsQA/<LessonStart>d__36:MoveNext () (at Assets/Proof/AllSectionsQA.cs:131)
UnityEngine.SetupCoroutine:InvokeMoveNext (System.Collections.IEnumerator,intptr)

(Filename: Assets/Proof/AllSectionsQA.cs Line: 23)

ALL_QA PASS Walk -4.063402 -> -1.3 actual=(-1.37, 0.96)
UnityEngine.Debug:ExtractStackTraceNoAlloc (byte*,int,string)
UnityEngine.StackTraceUtility:ExtractStackTrace ()
UnityEngine.DebugLogHandler:Internal_Log (UnityEngine.LogType,UnityEngine.LogOption,string,UnityEngine.Object)
UnityEngine.DebugLogHandler:LogFormat (UnityEngine.LogType,UnityEngine.Object,string,object[])
UnityEngine.Logger:Log (UnityEngine.LogType,object)
UnityEngine.Debug:Log (object)
AllSectionsQA:Log (string) (at Assets/Proof/AllSectionsQA.cs:23)
AllSectionsQA:Check (bool,string) (at Assets/Proof/AllSectionsQA.cs:24)
AllSectionsQA:Required (bool,string) (at Assets/Proof/AllSectionsQA.cs:25)
AllSectionsQA/<WalkTo>d__35:MoveNext () (at Assets/Proof/AllSectionsQA.cs:111)
UnityEngine.SetupCoroutine:InvokeMoveNext (System.Collections.IEnumerator,intptr)

(Filename: Assets/Proof/AllSectionsQA.cs Line: 23)

ALL_QA PASS S1 Hook aim resolves
UnityEngine.Debug:ExtractStackTraceNoAlloc (byte*,int,string)
UnityEngine.StackTraceUtility:ExtractStackTrace ()
UnityEngine.DebugLogHandler:Internal_Log (UnityEngine.LogType,UnityEngine.LogOption,string,UnityEngine.Object)
UnityEngine.DebugLogHandler:LogFormat (UnityEngine.LogType,UnityEngine.Object,string,object[])
UnityEngine.Logger:Log (UnityEngine.LogType,object)
UnityEngine.Debug:Log (object)
AllSectionsQA:Log (string) (at Assets/Proof/AllSectionsQA.cs:23)
AllSectionsQA:Check (bool,string) (at Assets/Proof/AllSectionsQA.cs:24)
AllSectionsQA/<SwingToNext>d__37:MoveNext () (at Assets/Proof/AllSectionsQA.cs:136)
UnityEngine.SetupCoroutine:InvokeMoveNext (System.Collections.IEnumerator,intptr)

(Filename: Assets/Proof/AllSectionsQA.cs Line: 23)

ALL_QA PASS S1 E attach
UnityEngine.Debug:ExtractStackTraceNoAlloc (byte*,int,string)
UnityEngine.StackTraceUtility:ExtractStackTrace ()
UnityEngine.DebugLogHandler:Internal_Log (UnityEngine.LogType,UnityEngine.LogOption,string,UnityEngine.Object)
UnityEngine.DebugLogHandler:LogFormat (UnityEngine.LogType,UnityEngine.Object,string,object[])
UnityEngine.Logger:Log (UnityEngine.LogType,object)
UnityEngine.Debug:Log (object)
AllSectionsQA:Log (string) (at Assets/Proof/AllSectionsQA.cs:23)
AllSectionsQA:Check (bool,string) (at Assets/Proof/AllSectionsQA.cs:24)
AllSectionsQA:Required (bool,string) (at Assets/Proof/AllSectionsQA.cs:25)
AllSectionsQA/<SwingToNext>d__37:MoveNext () (at Assets/Proof/AllSectionsQA.cs:137)
UnityEngine.SetupCoroutine:InvokeMoveNext (System.Collections.IEnumerator,intptr)

(Filename: Assets/Proof/AllSectionsQA.cs Line: 23)

ALL_QA PASS S1_Attached Before physics/camera/rope unchanged
UnityEngine.Debug:ExtractStackTraceNoAlloc (byte*,int,string)
UnityEngine.StackTraceUtility:ExtractStackTrace ()
UnityEngine.DebugLogHandler:Internal_Log (UnityEngine.LogType,UnityEngine.LogOption,string,UnityEngine.Object)
UnityEngine.DebugLogHandler:LogFormat (UnityEngine.LogType,UnityEngine.Object,string,object[])
UnityEngine.Logger:Log (UnityEngine.LogType,object)
UnityEngine.Debug:Log (object)
AllSectionsQA:Log (string) (at Assets/Proof/AllSectionsQA.cs:23)
AllSectionsQA:Check (bool,string) (at Assets/Proof/AllSectionsQA.cs:24)
AllSectionsQA:Pair (string) (at Assets/Proof/AllSectionsQA.cs:98)
AllSectionsQA/<SwingToNext>d__37:MoveNext () (at Assets/Proof/AllSectionsQA.cs:138)
UnityEngine.SetupCoroutine:InvokeMoveNext (System.Collections.IEnumerator,intptr)

(Filename: Assets/Proof/AllSectionsQA.cs Line: 23)

ALL_QA PASS S1_Attached After physics/camera/rope unchanged, background active
UnityEngine.Debug:ExtractStackTraceNoAlloc (byte*,int,string)
UnityEngine.StackTraceUtility:ExtractStackTrace ()
UnityEngine.DebugLogHandler:Internal_Log (UnityEngine.LogType,UnityEngine.LogOption,string,UnityEngine.Object)
UnityEngine.DebugLogHandler:LogFormat (UnityEngine.LogType,UnityEngine.Object,string,object[])
UnityEngine.Logger:Log (UnityEngine.LogType,object)
UnityEngine.Debug:Log (object)
AllSectionsQA:Log (string) (at Assets/Proof/AllSectionsQA.cs:23)
AllSectionsQA:Check (bool,string) (at Assets/Proof/AllSectionsQA.cs:24)
AllSectionsQA:Pair (string) (at Assets/Proof/AllSectionsQA.cs:100)
AllSectionsQA/<SwingToNext>d__37:MoveNext () (at Assets/Proof/AllSectionsQA.cs:138)
UnityEngine.SetupCoroutine:InvokeMoveNext (System.Collections.IEnumerator,intptr)

(Filename: Assets/Proof/AllSectionsQA.cs Line: 23)

ALL_QA PASS Physical swing landing checkpoint 2
UnityEngine.Debug:ExtractStackTraceNoAlloc (byte*,int,string)
UnityEngine.StackTraceUtility:ExtractStackTrace ()
UnityEngine.DebugLogHandler:Internal_Log (UnityEngine.LogType,UnityEngine.LogOption,string,UnityEngine.Object)
UnityEngine.DebugLogHandler:LogFormat (UnityEngine.LogType,UnityEngine.Object,string,object[])
UnityEngine.Logger:Log (UnityEngine.LogType,object)
UnityEngine.Debug:Log (object)
AllSectionsQA:Log (string) (at Assets/Proof/AllSectionsQA.cs:23)
AllSectionsQA:Check (bool,string) (at Assets/Proof/AllSectionsQA.cs:24)
AllSectionsQA:Required (bool,string) (at Assets/Proof/AllSectionsQA.cs:25)
AllSectionsQA/<SwingToNext>d__37:MoveNext () (at Assets/Proof/AllSectionsQA.cs:145)
UnityEngine.SetupCoroutine:InvokeMoveNext (System.Collections.IEnumerator,intptr)

(Filename: Assets/Proof/AllSectionsQA.cs Line: 23)

ALL_QA PASS Actual section 1->2 preserves background phase
UnityEngine.Debug:ExtractStackTraceNoAlloc (byte*,int,string)
UnityEngine.StackTraceUtility:ExtractStackTrace ()
UnityEngine.DebugLogHandler:Internal_Log (UnityEngine.LogType,UnityEngine.LogOption,string,UnityEngine.Object)
UnityEngine.DebugLogHandler:LogFormat (UnityEngine.LogType,UnityEngine.Object,string,object[])
UnityEngine.Logger:Log (UnityEngine.LogType,object)
UnityEngine.Debug:Log (object)
AllSectionsQA:Log (string) (at Assets/Proof/AllSectionsQA.cs:23)
AllSectionsQA:Check (bool,string) (at Assets/Proof/AllSectionsQA.cs:24)
AllSectionsQA:LateUpdate () (at Assets/Proof/AllSectionsQA.cs:53)

(Filename: Assets/Proof/AllSectionsQA.cs Line: 23)

ALL_QA PASS S2 checkpoint R restores section/resource/selection
UnityEngine.Debug:ExtractStackTraceNoAlloc (byte*,int,string)
UnityEngine.StackTraceUtility:ExtractStackTrace ()
UnityEngine.DebugLogHandler:Internal_Log (UnityEngine.LogType,UnityEngine.LogOption,string,UnityEngine.Object)
UnityEngine.DebugLogHandler:LogFormat (UnityEngine.LogType,UnityEngine.Object,string,object[])
UnityEngine.Logger:Log (UnityEngine.LogType,object)
UnityEngine.Debug:Log (object)
AllSectionsQA:Log (string) (at Assets/Proof/AllSectionsQA.cs:23)
AllSectionsQA:Check (bool,string) (at Assets/Proof/AllSectionsQA.cs:24)
AllSectionsQA/<Run>d__40:MoveNext () (at Assets/Proof/AllSectionsQA.cs:188)
UnityEngine.SetupCoroutine:InvokeMoveNext (System.Collections.IEnumerator,intptr)

(Filename: Assets/Proof/AllSectionsQA.cs Line: 23)

ALL_QA PASS Section 2 entered through authored route
UnityEngine.Debug:ExtractStackTraceNoAlloc (byte*,int,string)
UnityEngine.StackTraceUtility:ExtractStackTrace ()
UnityEngine.DebugLogHandler:Internal_Log (UnityEngine.LogType,UnityEngine.LogOption,string,UnityEngine.Object)
UnityEngine.DebugLogHandler:LogFormat (UnityEngine.LogType,UnityEngine.Object,string,object[])
UnityEngine.Logger:Log (UnityEngine.LogType,object)
UnityEngine.Debug:Log (object)
AllSectionsQA:Log (string) (at Assets/Proof/AllSectionsQA.cs:23)
AllSectionsQA:Check (bool,string) (at Assets/Proof/AllSectionsQA.cs:24)
AllSectionsQA:Required (bool,string) (at Assets/Proof/AllSectionsQA.cs:25)
AllSectionsQA/<LessonStart>d__36:MoveNext () (at Assets/Proof/AllSectionsQA.cs:116)
UnityEngine.SetupCoroutine:InvokeMoveNext (System.Collections.IEnumerator,intptr)

(Filename: Assets/Proof/AllSectionsQA.cs Line: 23)

ALL_QA PASS S2_Standing Before physics/camera/rope unchanged
UnityEngine.Debug:ExtractStackTraceNoAlloc (byte*,int,string)
UnityEngine.StackTraceUtility:ExtractStackTrace ()
UnityEngine.DebugLogHandler:Internal_Log (UnityEngine.LogType,UnityEngine.LogOption,string,UnityEngine.Object)
UnityEngine.DebugLogHandler:LogFormat (UnityEngine.LogType,UnityEngine.Object,string,object[])
UnityEngine.Logger:Log (UnityEngine.LogType,object)
UnityEngine.Debug:Log (object)
AllSectionsQA:Log (string) (at Assets/Proof/AllSectionsQA.cs:23)
AllSectionsQA:Check (bool,string) (at Assets/Proof/AllSectionsQA.cs:24)
AllSectionsQA:Pair (string) (at Assets/Proof/AllSectionsQA.cs:98)
AllSectionsQA/<LessonStart>d__36:MoveNext () (at Assets/Proof/AllSectionsQA.cs:117)
UnityEngine.SetupCoroutine:InvokeMoveNext (System.Collections.IEnumerator,intptr)

(Filename: Assets/Proof/AllSectionsQA.cs Line: 23)

ALL_QA PASS S2_Standing After physics/camera/rope unchanged, background active
UnityEngine.Debug:ExtractStackTraceNoAlloc (byte*,int,string)
UnityEngine.StackTraceUtility:ExtractStackTrace ()
UnityEngine.DebugLogHandler:Internal_Log (UnityEngine.LogType,UnityEngine.LogOption,string,UnityEngine.Object)
UnityEngine.DebugLogHandler:LogFormat (UnityEngine.LogType,UnityEngine.Object,string,object[])
UnityEngine.Logger:Log (UnityEngine.LogType,object)
UnityEngine.Debug:Log (object)
AllSectionsQA:Log (string) (at Assets/Proof/AllSectionsQA.cs:23)
AllSectionsQA:Check (bool,string) (at Assets/Proof/AllSectionsQA.cs:24)
AllSectionsQA:Pair (string) (at Assets/Proof/AllSectionsQA.cs:100)
AllSectionsQA/<LessonStart>d__36:MoveNext () (at Assets/Proof/AllSectionsQA.cs:117)
UnityEngine.SetupCoroutine:InvokeMoveNext (System.Collections.IEnumerator,intptr)

(Filename: Assets/Proof/AllSectionsQA.cs Line: 23)

ALL_QA PASS Walk 12 -> 11.65 actual=(11.71, 0.96)
UnityEngine.Debug:ExtractStackTraceNoAlloc (byte*,int,string)
UnityEngine.StackTraceUtility:ExtractStackTrace ()
UnityEngine.DebugLogHandler:Internal_Log (UnityEngine.LogType,UnityEngine.LogOption,string,UnityEngine.Object)
UnityEngine.DebugLogHandler:LogFormat (UnityEngine.LogType,UnityEngine.Object,string,object[])
UnityEngine.Logger:Log (UnityEngine.LogType,object)
UnityEngine.Debug:Log (object)
AllSectionsQA:Log (string) (at Assets/Proof/AllSectionsQA.cs:23)
AllSectionsQA:Check (bool,string) (at Assets/Proof/AllSectionsQA.cs:24)
AllSectionsQA:Required (bool,string) (at Assets/Proof/AllSectionsQA.cs:25)
AllSectionsQA/<WalkTo>d__35:MoveNext () (at Assets/Proof/AllSectionsQA.cs:111)
UnityEngine.SetupCoroutine:InvokeMoveNext (System.Collections.IEnumerator,intptr)

(Filename: Assets/Proof/AllSectionsQA.cs Line: 23)

ALL_QA PASS Walk 11.71348 -> 12 actual=(11.94, 0.96)
UnityEngine.Debug:ExtractStackTraceNoAlloc (byte*,int,string)
UnityEngine.StackTraceUtility:ExtractStackTrace ()
UnityEngine.DebugLogHandler:Internal_Log (UnityEngine.LogType,UnityEngine.LogOption,string,UnityEngine.Object)
UnityEngine.DebugLogHandler:LogFormat (UnityEngine.LogType,UnityEngine.Object,string,object[])
UnityEngine.Logger:Log (UnityEngine.LogType,object)
UnityEngine.Debug:Log (object)
AllSectionsQA:Log (string) (at Assets/Proof/AllSectionsQA.cs:23)
AllSectionsQA:Check (bool,string) (at Assets/Proof/AllSectionsQA.cs:24)
AllSectionsQA:Required (bool,string) (at Assets/Proof/AllSectionsQA.cs:25)
AllSectionsQA/<WalkTo>d__35:MoveNext () (at Assets/Proof/AllSectionsQA.cs:111)
UnityEngine.SetupCoroutine:InvokeMoveNext (System.Collections.IEnumerator,intptr)

(Filename: Assets/Proof/AllSectionsQA.cs Line: 23)

ALL_QA PASS S2_Walk Before physics/camera/rope unchanged
UnityEngine.Debug:ExtractStackTraceNoAlloc (byte*,int,string)
UnityEngine.StackTraceUtility:ExtractStackTrace ()
UnityEngine.DebugLogHandler:Internal_Log (UnityEngine.LogType,UnityEngine.LogOption,string,UnityEngine.Object)
UnityEngine.DebugLogHandler:LogFormat (UnityEngine.LogType,UnityEngine.Object,string,object[])
UnityEngine.Logger:Log (UnityEngine.LogType,object)
UnityEngine.Debug:Log (object)
AllSectionsQA:Log (string) (at Assets/Proof/AllSectionsQA.cs:23)
AllSectionsQA:Check (bool,string) (at Assets/Proof/AllSectionsQA.cs:24)
AllSectionsQA:Pair (string) (at Assets/Proof/AllSectionsQA.cs:98)
AllSectionsQA/<LessonStart>d__36:MoveNext () (at Assets/Proof/AllSectionsQA.cs:121)
UnityEngine.SetupCoroutine:InvokeMoveNext (System.Collections.IEnumerator,intptr)

(Filename: Assets/Proof/AllSectionsQA.cs Line: 23)

ALL_QA PASS S2_Walk After physics/camera/rope unchanged, background active
UnityEngine.Debug:ExtractStackTraceNoAlloc (byte*,int,string)
UnityEngine.StackTraceUtility:ExtractStackTrace ()
UnityEngine.DebugLogHandler:Internal_Log (UnityEngine.LogType,UnityEngine.LogOption,string,UnityEngine.Object)
UnityEngine.DebugLogHandler:LogFormat (UnityEngine.LogType,UnityEngine.Object,string,object[])
UnityEngine.Logger:Log (UnityEngine.LogType,object)
UnityEngine.Debug:Log (object)
AllSectionsQA:Log (string) (at Assets/Proof/AllSectionsQA.cs:23)
AllSectionsQA:Check (bool,string) (at Assets/Proof/AllSectionsQA.cs:24)
AllSectionsQA:Pair (string) (at Assets/Proof/AllSectionsQA.cs:100)
AllSectionsQA/<LessonStart>d__36:MoveNext () (at Assets/Proof/AllSectionsQA.cs:121)
UnityEngine.SetupCoroutine:InvokeMoveNext (System.Collections.IEnumerator,intptr)

(Filename: Assets/Proof/AllSectionsQA.cs Line: 23)

ALL_QA PASS Section 2 normal jump through PlayerMover
UnityEngine.Debug:ExtractStackTraceNoAlloc (byte*,int,string)
UnityEngine.StackTraceUtility:ExtractStackTrace ()
UnityEngine.DebugLogHandler:Internal_Log (UnityEngine.LogType,UnityEngine.LogOption,string,UnityEngine.Object)
UnityEngine.DebugLogHandler:LogFormat (UnityEngine.LogType,UnityEngine.Object,string,object[])
UnityEngine.Logger:Log (UnityEngine.LogType,object)
UnityEngine.Debug:Log (object)
AllSectionsQA:Log (string) (at Assets/Proof/AllSectionsQA.cs:23)
AllSectionsQA:Check (bool,string) (at Assets/Proof/AllSectionsQA.cs:24)
AllSectionsQA/<LessonStart>d__36:MoveNext () (at Assets/Proof/AllSectionsQA.cs:123)
UnityEngine.SetupCoroutine:InvokeMoveNext (System.Collections.IEnumerator,intptr)

(Filename: Assets/Proof/AllSectionsQA.cs Line: 23)

ALL_QA PASS S2_Jump Before physics/camera/rope unchanged
UnityEngine.Debug:ExtractStackTraceNoAlloc (byte*,int,string)
UnityEngine.StackTraceUtility:ExtractStackTrace ()
UnityEngine.DebugLogHandler:Internal_Log (UnityEngine.LogType,UnityEngine.LogOption,string,UnityEngine.Object)
UnityEngine.DebugLogHandler:LogFormat (UnityEngine.LogType,UnityEngine.Object,string,object[])
UnityEngine.Logger:Log (UnityEngine.LogType,object)
UnityEngine.Debug:Log (object)
AllSectionsQA:Log (string) (at Assets/Proof/AllSectionsQA.cs:23)
AllSectionsQA:Check (bool,string) (at Assets/Proof/AllSectionsQA.cs:24)
AllSectionsQA:Pair (string) (at Assets/Proof/AllSectionsQA.cs:98)
AllSectionsQA/<LessonStart>d__36:MoveNext () (at Assets/Proof/AllSectionsQA.cs:123)
UnityEngine.SetupCoroutine:InvokeMoveNext (System.Collections.IEnumerator,intptr)

(Filename: Assets/Proof/AllSectionsQA.cs Line: 23)

ALL_QA PASS S2_Jump After physics/camera/rope unchanged, background active
UnityEngine.Debug:ExtractStackTraceNoAlloc (byte*,int,string)
UnityEngine.StackTraceUtility:ExtractStackTrace ()
UnityEngine.DebugLogHandler:Internal_Log (UnityEngine.LogType,UnityEngine.LogOption,string,UnityEngine.Object)
UnityEngine.DebugLogHandler:LogFormat (UnityEngine.LogType,UnityEngine.Object,string,object[])
UnityEngine.Logger:Log (UnityEngine.LogType,object)
UnityEngine.Debug:Log (object)
AllSectionsQA:Log (string) (at Assets/Proof/AllSectionsQA.cs:23)
AllSectionsQA:Check (bool,string) (at Assets/Proof/AllSectionsQA.cs:24)
AllSectionsQA:Pair (string) (at Assets/Proof/AllSectionsQA.cs:100)
AllSectionsQA/<LessonStart>d__36:MoveNext () (at Assets/Proof/AllSectionsQA.cs:123)
UnityEngine.SetupCoroutine:InvokeMoveNext (System.Collections.IEnumerator,intptr)

(Filename: Assets/Proof/AllSectionsQA.cs Line: 23)

ALL_QA PASS Section 2 jump lands
UnityEngine.Debug:ExtractStackTraceNoAlloc (byte*,int,string)
UnityEngine.StackTraceUtility:ExtractStackTrace ()
UnityEngine.DebugLogHandler:Internal_Log (UnityEngine.LogType,UnityEngine.LogOption,string,UnityEngine.Object)
UnityEngine.DebugLogHandler:LogFormat (UnityEngine.LogType,UnityEngine.Object,string,object[])
UnityEngine.Logger:Log (UnityEngine.LogType,object)
UnityEngine.Debug:Log (object)
AllSectionsQA:Log (string) (at Assets/Proof/AllSectionsQA.cs:23)
AllSectionsQA:Check (bool,string) (at Assets/Proof/AllSectionsQA.cs:24)
AllSectionsQA:Required (bool,string) (at Assets/Proof/AllSectionsQA.cs:25)
AllSectionsQA/<LessonStart>d__36:MoveNext () (at Assets/Proof/AllSectionsQA.cs:125)
UnityEngine.SetupCoroutine:InvokeMoveNext (System.Collections.IEnumerator,intptr)

(Filename: Assets/Proof/AllSectionsQA.cs Line: 23)

ALL_QA PASS Section 2 sign opens through existing UI path
UnityEngine.Debug:ExtractStackTraceNoAlloc (byte*,int,string)
UnityEngine.StackTraceUtility:ExtractStackTrace ()
UnityEngine.DebugLogHandler:Internal_Log (UnityEngine.LogType,UnityEngine.LogOption,string,UnityEngine.Object)
UnityEngine.DebugLogHandler:LogFormat (UnityEngine.LogType,UnityEngine.Object,string,object[])
UnityEngine.Logger:Log (UnityEngine.LogType,object)
UnityEngine.Debug:Log (object)
AllSectionsQA:Log (string) (at Assets/Proof/AllSectionsQA.cs:23)
AllSectionsQA:Check (bool,string) (at Assets/Proof/AllSectionsQA.cs:24)
AllSectionsQA/<LessonStart>d__36:MoveNext () (at Assets/Proof/AllSectionsQA.cs:127)
UnityEngine.SetupCoroutine:InvokeMoveNext (System.Collections.IEnumerator,intptr)

(Filename: Assets/Proof/AllSectionsQA.cs Line: 23)

ALL_QA PASS Section 2 sign pause preserves background/camera
UnityEngine.Debug:ExtractStackTraceNoAlloc (byte*,int,string)
UnityEngine.StackTraceUtility:ExtractStackTrace ()
UnityEngine.DebugLogHandler:Internal_Log (UnityEngine.LogType,UnityEngine.LogOption,string,UnityEngine.Object)
UnityEngine.DebugLogHandler:LogFormat (UnityEngine.LogType,UnityEngine.Object,string,object[])
UnityEngine.Logger:Log (UnityEngine.LogType,object)
UnityEngine.Debug:Log (object)
AllSectionsQA:Log (string) (at Assets/Proof/AllSectionsQA.cs:23)
AllSectionsQA:Check (bool,string) (at Assets/Proof/AllSectionsQA.cs:24)
AllSectionsQA/<LessonStart>d__36:MoveNext () (at Assets/Proof/AllSectionsQA.cs:129)
UnityEngine.SetupCoroutine:InvokeMoveNext (System.Collections.IEnumerator,intptr)

(Filename: Assets/Proof/AllSectionsQA.cs Line: 23)

ALL_QA PASS Section 2 sign closes/resumes
UnityEngine.Debug:ExtractStackTraceNoAlloc (byte*,int,string)
UnityEngine.StackTraceUtility:ExtractStackTrace ()
UnityEngine.DebugLogHandler:Internal_Log (UnityEngine.LogType,UnityEngine.LogOption,string,UnityEngine.Object)
UnityEngine.DebugLogHandler:LogFormat (UnityEngine.LogType,UnityEngine.Object,string,object[])
UnityEngine.Logger:Log (UnityEngine.LogType,object)
UnityEngine.Debug:Log (object)
AllSectionsQA:Log (string) (at Assets/Proof/AllSectionsQA.cs:23)
AllSectionsQA:Check (bool,string) (at Assets/Proof/AllSectionsQA.cs:24)
AllSectionsQA/<LessonStart>d__36:MoveNext () (at Assets/Proof/AllSectionsQA.cs:131)
UnityEngine.SetupCoroutine:InvokeMoveNext (System.Collections.IEnumerator,intptr)

(Filename: Assets/Proof/AllSectionsQA.cs Line: 23)

ALL_QA PASS Walk 11.9366 -> 14.7 actual=(14.63, 0.96)
UnityEngine.Debug:ExtractStackTraceNoAlloc (byte*,int,string)
UnityEngine.StackTraceUtility:ExtractStackTrace ()
UnityEngine.DebugLogHandler:Internal_Log (UnityEngine.LogType,UnityEngine.LogOption,string,UnityEngine.Object)
UnityEngine.DebugLogHandler:LogFormat (UnityEngine.LogType,UnityEngine.Object,string,object[])
UnityEngine.Logger:Log (UnityEngine.LogType,object)
UnityEngine.Debug:Log (object)
AllSectionsQA:Log (string) (at Assets/Proof/AllSectionsQA.cs:23)
AllSectionsQA:Check (bool,string) (at Assets/Proof/AllSectionsQA.cs:24)
AllSectionsQA:Required (bool,string) (at Assets/Proof/AllSectionsQA.cs:25)
AllSectionsQA/<WalkTo>d__35:MoveNext () (at Assets/Proof/AllSectionsQA.cs:111)
UnityEngine.SetupCoroutine:InvokeMoveNext (System.Collections.IEnumerator,intptr)

(Filename: Assets/Proof/AllSectionsQA.cs Line: 23)

ALL_QA PASS S2 Hook aim resolves
UnityEngine.Debug:ExtractStackTraceNoAlloc (byte*,int,string)
UnityEngine.StackTraceUtility:ExtractStackTrace ()
UnityEngine.DebugLogHandler:Internal_Log (UnityEngine.LogType,UnityEngine.LogOption,string,UnityEngine.Object)
UnityEngine.DebugLogHandler:LogFormat (UnityEngine.LogType,UnityEngine.Object,string,object[])
UnityEngine.Logger:Log (UnityEngine.LogType,object)
UnityEngine.Debug:Log (object)
AllSectionsQA:Log (string) (at Assets/Proof/AllSectionsQA.cs:23)
AllSectionsQA:Check (bool,string) (at Assets/Proof/AllSectionsQA.cs:24)
AllSectionsQA/<SwingToNext>d__37:MoveNext () (at Assets/Proof/AllSectionsQA.cs:136)
UnityEngine.SetupCoroutine:InvokeMoveNext (System.Collections.IEnumerator,intptr)

(Filename: Assets/Proof/AllSectionsQA.cs Line: 23)

ALL_QA PASS S2 E attach
UnityEngine.Debug:ExtractStackTraceNoAlloc (byte*,int,string)
UnityEngine.StackTraceUtility:ExtractStackTrace ()
UnityEngine.DebugLogHandler:Internal_Log (UnityEngine.LogType,UnityEngine.LogOption,string,UnityEngine.Object)
UnityEngine.DebugLogHandler:LogFormat (UnityEngine.LogType,UnityEngine.Object,string,object[])
UnityEngine.Logger:Log (UnityEngine.LogType,object)
UnityEngine.Debug:Log (object)
AllSectionsQA:Log (string) (at Assets/Proof/AllSectionsQA.cs:23)
AllSectionsQA:Check (bool,string) (at Assets/Proof/AllSectionsQA.cs:24)
AllSectionsQA:Required (bool,string) (at Assets/Proof/AllSectionsQA.cs:25)
AllSectionsQA/<SwingToNext>d__37:MoveNext () (at Assets/Proof/AllSectionsQA.cs:137)
UnityEngine.SetupCoroutine:InvokeMoveNext (System.Collections.IEnumerator,intptr)

(Filename: Assets/Proof/AllSectionsQA.cs Line: 23)

ALL_QA PASS S2_Attached Before physics/camera/rope unchanged
UnityEngine.Debug:ExtractStackTraceNoAlloc (byte*,int,string)
UnityEngine.StackTraceUtility:ExtractStackTrace ()
UnityEngine.DebugLogHandler:Internal_Log (UnityEngine.LogType,UnityEngine.LogOption,string,UnityEngine.Object)
UnityEngine.DebugLogHandler:LogFormat (UnityEngine.LogType,UnityEngine.Object,string,object[])
UnityEngine.Logger:Log (UnityEngine.LogType,object)
UnityEngine.Debug:Log (object)
AllSectionsQA:Log (string) (at Assets/Proof/AllSectionsQA.cs:23)
AllSectionsQA:Check (bool,string) (at Assets/Proof/AllSectionsQA.cs:24)
AllSectionsQA:Pair (string) (at Assets/Proof/AllSectionsQA.cs:98)
AllSectionsQA/<SwingToNext>d__37:MoveNext () (at Assets/Proof/AllSectionsQA.cs:138)
UnityEngine.SetupCoroutine:InvokeMoveNext (System.Collections.IEnumerator,intptr)

(Filename: Assets/Proof/AllSectionsQA.cs Line: 23)

ALL_QA PASS S2_Attached After physics/camera/rope unchanged, background active
UnityEngine.Debug:ExtractStackTraceNoAlloc (byte*,int,string)
UnityEngine.StackTraceUtility:ExtractStackTrace ()
UnityEngine.DebugLogHandler:Internal_Log (UnityEngine.LogType,UnityEngine.LogOption,string,UnityEngine.Object)
UnityEngine.DebugLogHandler:LogFormat (UnityEngine.LogType,UnityEngine.Object,string,object[])
UnityEngine.Logger:Log (UnityEngine.LogType,object)
UnityEngine.Debug:Log (object)
AllSectionsQA:Log (string) (at Assets/Proof/AllSectionsQA.cs:23)
AllSectionsQA:Check (bool,string) (at Assets/Proof/AllSectionsQA.cs:24)
AllSectionsQA:Pair (string) (at Assets/Proof/AllSectionsQA.cs:100)
AllSectionsQA/<SwingToNext>d__37:MoveNext () (at Assets/Proof/AllSectionsQA.cs:138)
UnityEngine.SetupCoroutine:InvokeMoveNext (System.Collections.IEnumerator,intptr)

(Filename: Assets/Proof/AllSectionsQA.cs Line: 23)

ALL_QA PASS Physical swing landing checkpoint 3
UnityEngine.Debug:ExtractStackTraceNoAlloc (byte*,int,string)
UnityEngine.StackTraceUtility:ExtractStackTrace ()
UnityEngine.DebugLogHandler:Internal_Log (UnityEngine.LogType,UnityEngine.LogOption,string,UnityEngine.Object)
UnityEngine.DebugLogHandler:LogFormat (UnityEngine.LogType,UnityEngine.Object,string,object[])
UnityEngine.Logger:Log (UnityEngine.LogType,object)
UnityEngine.Debug:Log (object)
AllSectionsQA:Log (string) (at Assets/Proof/AllSectionsQA.cs:23)
AllSectionsQA:Check (bool,string) (at Assets/Proof/AllSectionsQA.cs:24)
AllSectionsQA:Required (bool,string) (at Assets/Proof/AllSectionsQA.cs:25)
AllSectionsQA/<SwingToNext>d__37:MoveNext () (at Assets/Proof/AllSectionsQA.cs:145)
UnityEngine.SetupCoroutine:InvokeMoveNext (System.Collections.IEnumerator,intptr)

(Filename: Assets/Proof/AllSectionsQA.cs Line: 23)

ALL_QA PASS Actual section 2->3 preserves background phase
UnityEngine.Debug:ExtractStackTraceNoAlloc (byte*,int,string)
UnityEngine.StackTraceUtility:ExtractStackTrace ()
UnityEngine.DebugLogHandler:Internal_Log (UnityEngine.LogType,UnityEngine.LogOption,string,UnityEngine.Object)
UnityEngine.DebugLogHandler:LogFormat (UnityEngine.LogType,UnityEngine.Object,string,object[])
UnityEngine.Logger:Log (UnityEngine.LogType,object)
UnityEngine.Debug:Log (object)
AllSectionsQA:Log (string) (at Assets/Proof/AllSectionsQA.cs:23)
AllSectionsQA:Check (bool,string) (at Assets/Proof/AllSectionsQA.cs:24)
AllSectionsQA:LateUpdate () (at Assets/Proof/AllSectionsQA.cs:53)

(Filename: Assets/Proof/AllSectionsQA.cs Line: 23)

ALL_QA PASS Section 3 entered through authored route
UnityEngine.Debug:ExtractStackTraceNoAlloc (byte*,int,string)
UnityEngine.StackTraceUtility:ExtractStackTrace ()
UnityEngine.DebugLogHandler:Internal_Log (UnityEngine.LogType,UnityEngine.LogOption,string,UnityEngine.Object)
UnityEngine.DebugLogHandler:LogFormat (UnityEngine.LogType,UnityEngine.Object,string,object[])
UnityEngine.Logger:Log (UnityEngine.LogType,object)
UnityEngine.Debug:Log (object)
AllSectionsQA:Log (string) (at Assets/Proof/AllSectionsQA.cs:23)
AllSectionsQA:Check (bool,string) (at Assets/Proof/AllSectionsQA.cs:24)
AllSectionsQA:Required (bool,string) (at Assets/Proof/AllSectionsQA.cs:25)
AllSectionsQA/<LessonStart>d__36:MoveNext () (at Assets/Proof/AllSectionsQA.cs:116)
UnityEngine.SetupCoroutine:InvokeMoveNext (System.Collections.IEnumerator,intptr)

(Filename: Assets/Proof/AllSectionsQA.cs Line: 23)

ALL_QA PASS S3_Standing Before physics/camera/rope unchanged
UnityEngine.Debug:ExtractStackTraceNoAlloc (byte*,int,string)
UnityEngine.StackTraceUtility:ExtractStackTrace ()
UnityEngine.DebugLogHandler:Internal_Log (UnityEngine.LogType,UnityEngine.LogOption,string,UnityEngine.Object)
UnityEngine.DebugLogHandler:LogFormat (UnityEngine.LogType,UnityEngine.Object,string,object[])
UnityEngine.Logger:Log (UnityEngine.LogType,object)
UnityEngine.Debug:Log (object)
AllSectionsQA:Log (string) (at Assets/Proof/AllSectionsQA.cs:23)
AllSectionsQA:Check (bool,string) (at Assets/Proof/AllSectionsQA.cs:24)
AllSectionsQA:Pair (string) (at Assets/Proof/AllSectionsQA.cs:98)
AllSectionsQA/<LessonStart>d__36:MoveNext () (at Assets/Proof/AllSectionsQA.cs:117)
UnityEngine.SetupCoroutine:InvokeMoveNext (System.Collections.IEnumerator,intptr)

(Filename: Assets/Proof/AllSectionsQA.cs Line: 23)

ALL_QA PASS S3_Standing After physics/camera/rope unchanged, background active
UnityEngine.Debug:ExtractStackTraceNoAlloc (byte*,int,string)
UnityEngine.StackTraceUtility:ExtractStackTrace ()
UnityEngine.DebugLogHandler:Internal_Log (UnityEngine.LogType,UnityEngine.LogOption,string,UnityEngine.Object)
UnityEngine.DebugLogHandler:LogFormat (UnityEngine.LogType,UnityEngine.Object,string,object[])
UnityEngine.Logger:Log (UnityEngine.LogType,object)
UnityEngine.Debug:Log (object)
AllSectionsQA:Log (string) (at Assets/Proof/AllSectionsQA.cs:23)
AllSectionsQA:Check (bool,string) (at Assets/Proof/AllSectionsQA.cs:24)
AllSectionsQA:Pair (string) (at Assets/Proof/AllSectionsQA.cs:100)
AllSectionsQA/<LessonStart>d__36:MoveNext () (at Assets/Proof/AllSectionsQA.cs:117)
UnityEngine.SetupCoroutine:InvokeMoveNext (System.Collections.IEnumerator,intptr)

(Filename: Assets/Proof/AllSectionsQA.cs Line: 23)

ALL_QA PASS Walk 28.85572 -> 28.50572 actual=(28.57, 0.96)
UnityEngine.Debug:ExtractStackTraceNoAlloc (byte*,int,string)
UnityEngine.StackTraceUtility:ExtractStackTrace ()
UnityEngine.DebugLogHandler:Internal_Log (UnityEngine.LogType,UnityEngine.LogOption,string,UnityEngine.Object)
UnityEngine.DebugLogHandler:LogFormat (UnityEngine.LogType,UnityEngine.Object,string,object[])
UnityEngine.Logger:Log (UnityEngine.LogType,object)
UnityEngine.Debug:Log (object)
AllSectionsQA:Log (string) (at Assets/Proof/AllSectionsQA.cs:23)
AllSectionsQA:Check (bool,string) (at Assets/Proof/AllSectionsQA.cs:24)
AllSectionsQA:Required (bool,string) (at Assets/Proof/AllSectionsQA.cs:25)
AllSectionsQA/<WalkTo>d__35:MoveNext () (at Assets/Proof/AllSectionsQA.cs:111)
UnityEngine.SetupCoroutine:InvokeMoveNext (System.Collections.IEnumerator,intptr)

(Filename: Assets/Proof/AllSectionsQA.cs Line: 23)

ALL_QA PASS Walk 28.5692 -> 28.85572 actual=(28.79, 0.96)
UnityEngine.Debug:ExtractStackTraceNoAlloc (byte*,int,string)
UnityEngine.StackTraceUtility:ExtractStackTrace ()
UnityEngine.DebugLogHandler:Internal_Log (UnityEngine.LogType,UnityEngine.LogOption,string,UnityEngine.Object)
UnityEngine.DebugLogHandler:LogFormat (UnityEngine.LogType,UnityEngine.Object,string,object[])
UnityEngine.Logger:Log (UnityEngine.LogType,object)
UnityEngine.Debug:Log (object)
AllSectionsQA:Log (string) (at Assets/Proof/AllSectionsQA.cs:23)
AllSectionsQA:Check (bool,string) (at Assets/Proof/AllSectionsQA.cs:24)
AllSectionsQA:Required (bool,string) (at Assets/Proof/AllSectionsQA.cs:25)
AllSectionsQA/<WalkTo>d__35:MoveNext () (at Assets/Proof/AllSectionsQA.cs:111)
UnityEngine.SetupCoroutine:InvokeMoveNext (System.Collections.IEnumerator,intptr)

(Filename: Assets/Proof/AllSectionsQA.cs Line: 23)

ALL_QA PASS S3_Walk Before physics/camera/rope unchanged
UnityEngine.Debug:ExtractStackTraceNoAlloc (byte*,int,string)
UnityEngine.StackTraceUtility:ExtractStackTrace ()
UnityEngine.DebugLogHandler:Internal_Log (UnityEngine.LogType,UnityEngine.LogOption,string,UnityEngine.Object)
UnityEngine.DebugLogHandler:LogFormat (UnityEngine.LogType,UnityEngine.Object,string,object[])
UnityEngine.Logger:Log (UnityEngine.LogType,object)
UnityEngine.Debug:Log (object)
AllSectionsQA:Log (string) (at Assets/Proof/AllSectionsQA.cs:23)
AllSectionsQA:Check (bool,string) (at Assets/Proof/AllSectionsQA.cs:24)
AllSectionsQA:Pair (string) (at Assets/Proof/AllSectionsQA.cs:98)
AllSectionsQA/<LessonStart>d__36:MoveNext () (at Assets/Proof/AllSectionsQA.cs:121)
UnityEngine.SetupCoroutine:InvokeMoveNext (System.Collections.IEnumerator,intptr)

(Filename: Assets/Proof/AllSectionsQA.cs Line: 23)

ALL_QA PASS S3_Walk After physics/camera/rope unchanged, background active
UnityEngine.Debug:ExtractStackTraceNoAlloc (byte*,int,string)
UnityEngine.StackTraceUtility:ExtractStackTrace ()
UnityEngine.DebugLogHandler:Internal_Log (UnityEngine.LogType,UnityEngine.LogOption,string,UnityEngine.Object)
UnityEngine.DebugLogHandler:LogFormat (UnityEngine.LogType,UnityEngine.Object,string,object[])
UnityEngine.Logger:Log (UnityEngine.LogType,object)
UnityEngine.Debug:Log (object)
AllSectionsQA:Log (string) (at Assets/Proof/AllSectionsQA.cs:23)
AllSectionsQA:Check (bool,string) (at Assets/Proof/AllSectionsQA.cs:24)
AllSectionsQA:Pair (string) (at Assets/Proof/AllSectionsQA.cs:100)
AllSectionsQA/<LessonStart>d__36:MoveNext () (at Assets/Proof/AllSectionsQA.cs:121)
UnityEngine.SetupCoroutine:InvokeMoveNext (System.Collections.IEnumerator,intptr)

(Filename: Assets/Proof/AllSectionsQA.cs Line: 23)

ALL_QA PASS Section 3 normal jump through PlayerMover
UnityEngine.Debug:ExtractStackTraceNoAlloc (byte*,int,string)
UnityEngine.StackTraceUtility:ExtractStackTrace ()
UnityEngine.DebugLogHandler:Internal_Log (UnityEngine.LogType,UnityEngine.LogOption,string,UnityEngine.Object)
UnityEngine.DebugLogHandler:LogFormat (UnityEngine.LogType,UnityEngine.Object,string,object[])
UnityEngine.Logger:Log (UnityEngine.LogType,object)
UnityEngine.Debug:Log (object)
AllSectionsQA:Log (string) (at Assets/Proof/AllSectionsQA.cs:23)
AllSectionsQA:Check (bool,string) (at Assets/Proof/AllSectionsQA.cs:24)
AllSectionsQA/<LessonStart>d__36:MoveNext () (at Assets/Proof/AllSectionsQA.cs:123)
UnityEngine.SetupCoroutine:InvokeMoveNext (System.Collections.IEnumerator,intptr)

(Filename: Assets/Proof/AllSectionsQA.cs Line: 23)

ALL_QA PASS S3_Jump Before physics/camera/rope unchanged
UnityEngine.Debug:ExtractStackTraceNoAlloc (byte*,int,string)
UnityEngine.StackTraceUtility:ExtractStackTrace ()
UnityEngine.DebugLogHandler:Internal_Log (UnityEngine.LogType,UnityEngine.LogOption,string,UnityEngine.Object)
UnityEngine.DebugLogHandler:LogFormat (UnityEngine.LogType,UnityEngine.Object,string,object[])
UnityEngine.Logger:Log (UnityEngine.LogType,object)
UnityEngine.Debug:Log (object)
AllSectionsQA:Log (string) (at Assets/Proof/AllSectionsQA.cs:23)
AllSectionsQA:Check (bool,string) (at Assets/Proof/AllSectionsQA.cs:24)
AllSectionsQA:Pair (string) (at Assets/Proof/AllSectionsQA.cs:98)
AllSectionsQA/<LessonStart>d__36:MoveNext () (at Assets/Proof/AllSectionsQA.cs:123)
UnityEngine.SetupCoroutine:InvokeMoveNext (System.Collections.IEnumerator,intptr)

(Filename: Assets/Proof/AllSectionsQA.cs Line: 23)

ALL_QA PASS S3_Jump After physics/camera/rope unchanged, background active
UnityEngine.Debug:ExtractStackTraceNoAlloc (byte*,int,string)
UnityEngine.StackTraceUtility:ExtractStackTrace ()
UnityEngine.DebugLogHandler:Internal_Log (UnityEngine.LogType,UnityEngine.LogOption,string,UnityEngine.Object)
UnityEngine.DebugLogHandler:LogFormat (UnityEngine.LogType,UnityEngine.Object,string,object[])
UnityEngine.Logger:Log (UnityEngine.LogType,object)
UnityEngine.Debug:Log (object)
AllSectionsQA:Log (string) (at Assets/Proof/AllSectionsQA.cs:23)
AllSectionsQA:Check (bool,string) (at Assets/Proof/AllSectionsQA.cs:24)
AllSectionsQA:Pair (string) (at Assets/Proof/AllSectionsQA.cs:100)
AllSectionsQA/<LessonStart>d__36:MoveNext () (at Assets/Proof/AllSectionsQA.cs:123)
UnityEngine.SetupCoroutine:InvokeMoveNext (System.Collections.IEnumerator,intptr)

(Filename: Assets/Proof/AllSectionsQA.cs Line: 23)

ALL_QA PASS Section 3 jump lands
UnityEngine.Debug:ExtractStackTraceNoAlloc (byte*,int,string)
UnityEngine.StackTraceUtility:ExtractStackTrace ()
UnityEngine.DebugLogHandler:Internal_Log (UnityEngine.LogType,UnityEngine.LogOption,string,UnityEngine.Object)
UnityEngine.DebugLogHandler:LogFormat (UnityEngine.LogType,UnityEngine.Object,string,object[])
UnityEngine.Logger:Log (UnityEngine.LogType,object)
UnityEngine.Debug:Log (object)
AllSectionsQA:Log (string) (at Assets/Proof/AllSectionsQA.cs:23)
AllSectionsQA:Check (bool,string) (at Assets/Proof/AllSectionsQA.cs:24)
AllSectionsQA:Required (bool,string) (at Assets/Proof/AllSectionsQA.cs:25)
AllSectionsQA/<LessonStart>d__36:MoveNext () (at Assets/Proof/AllSectionsQA.cs:125)
UnityEngine.SetupCoroutine:InvokeMoveNext (System.Collections.IEnumerator,intptr)

(Filename: Assets/Proof/AllSectionsQA.cs Line: 23)

ALL_QA PASS Section 3 sign opens through existing UI path
UnityEngine.Debug:ExtractStackTraceNoAlloc (byte*,int,string)
UnityEngine.StackTraceUtility:ExtractStackTrace ()
UnityEngine.DebugLogHandler:Internal_Log (UnityEngine.LogType,UnityEngine.LogOption,string,UnityEngine.Object)
UnityEngine.DebugLogHandler:LogFormat (UnityEngine.LogType,UnityEngine.Object,string,object[])
UnityEngine.Logger:Log (UnityEngine.LogType,object)
UnityEngine.Debug:Log (object)
AllSectionsQA:Log (string) (at Assets/Proof/AllSectionsQA.cs:23)
AllSectionsQA:Check (bool,string) (at Assets/Proof/AllSectionsQA.cs:24)
AllSectionsQA/<LessonStart>d__36:MoveNext () (at Assets/Proof/AllSectionsQA.cs:127)
UnityEngine.SetupCoroutine:InvokeMoveNext (System.Collections.IEnumerator,intptr)

(Filename: Assets/Proof/AllSectionsQA.cs Line: 23)

ALL_QA PASS Section 3 sign pause preserves background/camera
UnityEngine.Debug:ExtractStackTraceNoAlloc (byte*,int,string)
UnityEngine.StackTraceUtility:ExtractStackTrace ()
UnityEngine.DebugLogHandler:Internal_Log (UnityEngine.LogType,UnityEngine.LogOption,string,UnityEngine.Object)
UnityEngine.DebugLogHandler:LogFormat (UnityEngine.LogType,UnityEngine.Object,string,object[])
UnityEngine.Logger:Log (UnityEngine.LogType,object)
UnityEngine.Debug:Log (object)
AllSectionsQA:Log (string) (at Assets/Proof/AllSectionsQA.cs:23)
AllSectionsQA:Check (bool,string) (at Assets/Proof/AllSectionsQA.cs:24)
AllSectionsQA/<LessonStart>d__36:MoveNext () (at Assets/Proof/AllSectionsQA.cs:129)
UnityEngine.SetupCoroutine:InvokeMoveNext (System.Collections.IEnumerator,intptr)

(Filename: Assets/Proof/AllSectionsQA.cs Line: 23)

ALL_QA PASS Section 3 sign closes/resumes
UnityEngine.Debug:ExtractStackTraceNoAlloc (byte*,int,string)
UnityEngine.StackTraceUtility:ExtractStackTrace ()
UnityEngine.DebugLogHandler:Internal_Log (UnityEngine.LogType,UnityEngine.LogOption,string,UnityEngine.Object)
UnityEngine.DebugLogHandler:LogFormat (UnityEngine.LogType,UnityEngine.Object,string,object[])
UnityEngine.Logger:Log (UnityEngine.LogType,object)
UnityEngine.Debug:Log (object)
AllSectionsQA:Log (string) (at Assets/Proof/AllSectionsQA.cs:23)
AllSectionsQA:Check (bool,string) (at Assets/Proof/AllSectionsQA.cs:24)
AllSectionsQA/<LessonStart>d__36:MoveNext () (at Assets/Proof/AllSectionsQA.cs:131)
UnityEngine.SetupCoroutine:InvokeMoveNext (System.Collections.IEnumerator,intptr)

(Filename: Assets/Proof/AllSectionsQA.cs Line: 23)

ALL_QA PASS Walk 28.79231 -> 29.4 actual=(29.33, 0.96)
UnityEngine.Debug:ExtractStackTraceNoAlloc (byte*,int,string)
UnityEngine.StackTraceUtility:ExtractStackTrace ()
UnityEngine.DebugLogHandler:Internal_Log (UnityEngine.LogType,UnityEngine.LogOption,string,UnityEngine.Object)
UnityEngine.DebugLogHandler:LogFormat (UnityEngine.LogType,UnityEngine.Object,string,object[])
UnityEngine.Logger:Log (UnityEngine.LogType,object)
UnityEngine.Debug:Log (object)
AllSectionsQA:Log (string) (at Assets/Proof/AllSectionsQA.cs:23)
AllSectionsQA:Check (bool,string) (at Assets/Proof/AllSectionsQA.cs:24)
AllSectionsQA:Required (bool,string) (at Assets/Proof/AllSectionsQA.cs:25)
AllSectionsQA/<WalkTo>d__35:MoveNext () (at Assets/Proof/AllSectionsQA.cs:111)
UnityEngine.SetupCoroutine:InvokeMoveNext (System.Collections.IEnumerator,intptr)

(Filename: Assets/Proof/AllSectionsQA.cs Line: 23)

ALL_QA PASS S3 right green Hook aim
UnityEngine.Debug:ExtractStackTraceNoAlloc (byte*,int,string)
UnityEngine.StackTraceUtility:ExtractStackTrace ()
UnityEngine.DebugLogHandler:Internal_Log (UnityEngine.LogType,UnityEngine.LogOption,string,UnityEngine.Object)
UnityEngine.DebugLogHandler:LogFormat (UnityEngine.LogType,UnityEngine.Object,string,object[])
UnityEngine.Logger:Log (UnityEngine.LogType,object)
UnityEngine.Debug:Log (object)
AllSectionsQA:Log (string) (at Assets/Proof/AllSectionsQA.cs:23)
AllSectionsQA:Check (bool,string) (at Assets/Proof/AllSectionsQA.cs:24)
AllSectionsQA/<Run>d__40:MoveNext () (at Assets/Proof/AllSectionsQA.cs:195)
UnityEngine.SetupCoroutine:InvokeMoveNext (System.Collections.IEnumerator,intptr)

(Filename: Assets/Proof/AllSectionsQA.cs Line: 23)

ALL_QA PASS S3 E
UnityEngine.Debug:ExtractStackTraceNoAlloc (byte*,int,string)
UnityEngine.StackTraceUtility:ExtractStackTrace ()
UnityEngine.DebugLogHandler:Internal_Log (UnityEngine.LogType,UnityEngine.LogOption,string,UnityEngine.Object)
UnityEngine.DebugLogHandler:LogFormat (UnityEngine.LogType,UnityEngine.Object,string,object[])
UnityEngine.Logger:Log (UnityEngine.LogType,object)
UnityEngine.Debug:Log (object)
AllSectionsQA:Log (string) (at Assets/Proof/AllSectionsQA.cs:23)
AllSectionsQA:Check (bool,string) (at Assets/Proof/AllSectionsQA.cs:24)
AllSectionsQA:Required (bool,string) (at Assets/Proof/AllSectionsQA.cs:25)
AllSectionsQA/<Run>d__40:MoveNext () (at Assets/Proof/AllSectionsQA.cs:196)
UnityEngine.SetupCoroutine:InvokeMoveNext (System.Collections.IEnumerator,intptr)

(Filename: Assets/Proof/AllSectionsQA.cs Line: 23)

ALL_QA PASS S3_Attached Before physics/camera/rope unchanged
UnityEngine.Debug:ExtractStackTraceNoAlloc (byte*,int,string)
UnityEngine.StackTraceUtility:ExtractStackTrace ()
UnityEngine.DebugLogHandler:Internal_Log (UnityEngine.LogType,UnityEngine.LogOption,string,UnityEngine.Object)
UnityEngine.DebugLogHandler:LogFormat (UnityEngine.LogType,UnityEngine.Object,string,object[])
UnityEngine.Logger:Log (UnityEngine.LogType,object)
UnityEngine.Debug:Log (object)
AllSectionsQA:Log (string) (at Assets/Proof/AllSectionsQA.cs:23)
AllSectionsQA:Check (bool,string) (at Assets/Proof/AllSectionsQA.cs:24)
AllSectionsQA:Pair (string) (at Assets/Proof/AllSectionsQA.cs:98)
AllSectionsQA/<Run>d__40:MoveNext () (at Assets/Proof/AllSectionsQA.cs:197)
UnityEngine.SetupCoroutine:InvokeMoveNext (System.Collections.IEnumerator,intptr)

(Filename: Assets/Proof/AllSectionsQA.cs Line: 23)

ALL_QA PASS S3_Attached After physics/camera/rope unchanged, background active
UnityEngine.Debug:ExtractStackTraceNoAlloc (byte*,int,string)
UnityEngine.StackTraceUtility:ExtractStackTrace ()
UnityEngine.DebugLogHandler:Internal_Log (UnityEngine.LogType,UnityEngine.LogOption,string,UnityEngine.Object)
UnityEngine.DebugLogHandler:LogFormat (UnityEngine.LogType,UnityEngine.Object,string,object[])
UnityEngine.Logger:Log (UnityEngine.LogType,object)
UnityEngine.Debug:Log (object)
AllSectionsQA:Log (string) (at Assets/Proof/AllSectionsQA.cs:23)
AllSectionsQA:Check (bool,string) (at Assets/Proof/AllSectionsQA.cs:24)
AllSectionsQA:Pair (string) (at Assets/Proof/AllSectionsQA.cs:100)
AllSectionsQA/<Run>d__40:MoveNext () (at Assets/Proof/AllSectionsQA.cs:197)
UnityEngine.SetupCoroutine:InvokeMoveNext (System.Collections.IEnumerator,intptr)

(Filename: Assets/Proof/AllSectionsQA.cs Line: 23)

ALL_QA PASS S3 Q length7
UnityEngine.Debug:ExtractStackTraceNoAlloc (byte*,int,string)
UnityEngine.StackTraceUtility:ExtractStackTrace ()
UnityEngine.DebugLogHandler:Internal_Log (UnityEngine.LogType,UnityEngine.LogOption,string,UnityEngine.Object)
UnityEngine.DebugLogHandler:LogFormat (UnityEngine.LogType,UnityEngine.Object,string,object[])
UnityEngine.Logger:Log (UnityEngine.LogType,object)
UnityEngine.Debug:Log (object)
AllSectionsQA:Log (string) (at Assets/Proof/AllSectionsQA.cs:23)
AllSectionsQA:Check (bool,string) (at Assets/Proof/AllSectionsQA.cs:24)
AllSectionsQA:Required (bool,string) (at Assets/Proof/AllSectionsQA.cs:25)
AllSectionsQA/<Run>d__40:MoveNext () (at Assets/Proof/AllSectionsQA.cs:197)
UnityEngine.SetupCoroutine:InvokeMoveNext (System.Collections.IEnumerator,intptr)

(Filename: Assets/Proof/AllSectionsQA.cs Line: 23)

ALL_QA PASS S3_Bridge Before physics/camera/rope unchanged
UnityEngine.Debug:ExtractStackTraceNoAlloc (byte*,int,string)
UnityEngine.StackTraceUtility:ExtractStackTrace ()
UnityEngine.DebugLogHandler:Internal_Log (UnityEngine.LogType,UnityEngine.LogOption,string,UnityEngine.Object)
UnityEngine.DebugLogHandler:LogFormat (UnityEngine.LogType,UnityEngine.Object,string,object[])
UnityEngine.Logger:Log (UnityEngine.LogType,object)
UnityEngine.Debug:Log (object)
AllSectionsQA:Log (string) (at Assets/Proof/AllSectionsQA.cs:23)
AllSectionsQA:Check (bool,string) (at Assets/Proof/AllSectionsQA.cs:24)
AllSectionsQA:Pair (string) (at Assets/Proof/AllSectionsQA.cs:98)
AllSectionsQA/<Run>d__40:MoveNext () (at Assets/Proof/AllSectionsQA.cs:198)
UnityEngine.SetupCoroutine:InvokeMoveNext (System.Collections.IEnumerator,intptr)

(Filename: Assets/Proof/AllSectionsQA.cs Line: 23)

ALL_QA PASS S3_Bridge After physics/camera/rope unchanged, background active
UnityEngine.Debug:ExtractStackTraceNoAlloc (byte*,int,string)
UnityEngine.StackTraceUtility:ExtractStackTrace ()
UnityEngine.DebugLogHandler:Internal_Log (UnityEngine.LogType,UnityEngine.LogOption,string,UnityEngine.Object)
UnityEngine.DebugLogHandler:LogFormat (UnityEngine.LogType,UnityEngine.Object,string,object[])
UnityEngine.Logger:Log (UnityEngine.LogType,object)
UnityEngine.Debug:Log (object)
AllSectionsQA:Log (string) (at Assets/Proof/AllSectionsQA.cs:23)
AllSectionsQA:Check (bool,string) (at Assets/Proof/AllSectionsQA.cs:24)
AllSectionsQA:Pair (string) (at Assets/Proof/AllSectionsQA.cs:100)
AllSectionsQA/<Run>d__40:MoveNext () (at Assets/Proof/AllSectionsQA.cs:198)
UnityEngine.SetupCoroutine:InvokeMoveNext (System.Collections.IEnumerator,intptr)

(Filename: Assets/Proof/AllSectionsQA.cs Line: 23)

ALL_QA PASS S3 physical bridge walk reaches S4
UnityEngine.Debug:ExtractStackTraceNoAlloc (byte*,int,string)
UnityEngine.StackTraceUtility:ExtractStackTrace ()
UnityEngine.DebugLogHandler:Internal_Log (UnityEngine.LogType,UnityEngine.LogOption,string,UnityEngine.Object)
UnityEngine.DebugLogHandler:LogFormat (UnityEngine.LogType,UnityEngine.Object,string,object[])
UnityEngine.Logger:Log (UnityEngine.LogType,object)
UnityEngine.Debug:Log (object)
AllSectionsQA:Log (string) (at Assets/Proof/AllSectionsQA.cs:23)
AllSectionsQA:Check (bool,string) (at Assets/Proof/AllSectionsQA.cs:24)
AllSectionsQA:Required (bool,string) (at Assets/Proof/AllSectionsQA.cs:25)
AllSectionsQA/<Run>d__40:MoveNext () (at Assets/Proof/AllSectionsQA.cs:200)
UnityEngine.SetupCoroutine:InvokeMoveNext (System.Collections.IEnumerator,intptr)

(Filename: Assets/Proof/AllSectionsQA.cs Line: 23)

ALL_QA PASS Actual section 3->4 preserves background phase
UnityEngine.Debug:ExtractStackTraceNoAlloc (byte*,int,string)
UnityEngine.StackTraceUtility:ExtractStackTrace ()
UnityEngine.DebugLogHandler:Internal_Log (UnityEngine.LogType,UnityEngine.LogOption,string,UnityEngine.Object)
UnityEngine.DebugLogHandler:LogFormat (UnityEngine.LogType,UnityEngine.Object,string,object[])
UnityEngine.Logger:Log (UnityEngine.LogType,object)
UnityEngine.Debug:Log (object)
AllSectionsQA:Log (string) (at Assets/Proof/AllSectionsQA.cs:23)
AllSectionsQA:Check (bool,string) (at Assets/Proof/AllSectionsQA.cs:24)
AllSectionsQA:LateUpdate () (at Assets/Proof/AllSectionsQA.cs:53)

(Filename: Assets/Proof/AllSectionsQA.cs Line: 23)

ALL_QA PASS S4 R preserves S3 bridge / rope92 / selected7
UnityEngine.Debug:ExtractStackTraceNoAlloc (byte*,int,string)
UnityEngine.StackTraceUtility:ExtractStackTrace ()
UnityEngine.DebugLogHandler:Internal_Log (UnityEngine.LogType,UnityEngine.LogOption,string,UnityEngine.Object)
UnityEngine.DebugLogHandler:LogFormat (UnityEngine.LogType,UnityEngine.Object,string,object[])
UnityEngine.Logger:Log (UnityEngine.LogType,object)
UnityEngine.Debug:Log (object)
AllSectionsQA:Log (string) (at Assets/Proof/AllSectionsQA.cs:23)
AllSectionsQA:Check (bool,string) (at Assets/Proof/AllSectionsQA.cs:24)
AllSectionsQA/<Run>d__40:MoveNext () (at Assets/Proof/AllSectionsQA.cs:202)
UnityEngine.SetupCoroutine:InvokeMoveNext (System.Collections.IEnumerator,intptr)

(Filename: Assets/Proof/AllSectionsQA.cs Line: 23)

ALL_QA PASS Section 4 entered through authored route
UnityEngine.Debug:ExtractStackTraceNoAlloc (byte*,int,string)
UnityEngine.StackTraceUtility:ExtractStackTrace ()
UnityEngine.DebugLogHandler:Internal_Log (UnityEngine.LogType,UnityEngine.LogOption,string,UnityEngine.Object)
UnityEngine.DebugLogHandler:LogFormat (UnityEngine.LogType,UnityEngine.Object,string,object[])
UnityEngine.Logger:Log (UnityEngine.LogType,object)
UnityEngine.Debug:Log (object)
AllSectionsQA:Log (string) (at Assets/Proof/AllSectionsQA.cs:23)
AllSectionsQA:Check (bool,string) (at Assets/Proof/AllSectionsQA.cs:24)
AllSectionsQA:Required (bool,string) (at Assets/Proof/AllSectionsQA.cs:25)
AllSectionsQA/<LessonStart>d__36:MoveNext () (at Assets/Proof/AllSectionsQA.cs:116)
UnityEngine.SetupCoroutine:InvokeMoveNext (System.Collections.IEnumerator,intptr)

(Filename: Assets/Proof/AllSectionsQA.cs Line: 23)

ALL_QA PASS S4_Standing Before physics/camera/rope unchanged
UnityEngine.Debug:ExtractStackTraceNoAlloc (byte*,int,string)
UnityEngine.StackTraceUtility:ExtractStackTrace ()
UnityEngine.DebugLogHandler:Internal_Log (UnityEngine.LogType,UnityEngine.LogOption,string,UnityEngine.Object)
UnityEngine.DebugLogHandler:LogFormat (UnityEngine.LogType,UnityEngine.Object,string,object[])
UnityEngine.Logger:Log (UnityEngine.LogType,object)
UnityEngine.Debug:Log (object)
AllSectionsQA:Log (string) (at Assets/Proof/AllSectionsQA.cs:23)
AllSectionsQA:Check (bool,string) (at Assets/Proof/AllSectionsQA.cs:24)
AllSectionsQA:Pair (string) (at Assets/Proof/AllSectionsQA.cs:98)
AllSectionsQA/<LessonStart>d__36:MoveNext () (at Assets/Proof/AllSectionsQA.cs:117)
UnityEngine.SetupCoroutine:InvokeMoveNext (System.Collections.IEnumerator,intptr)

(Filename: Assets/Proof/AllSectionsQA.cs Line: 23)

ALL_QA PASS S4_Standing After physics/camera/rope unchanged, background active
UnityEngine.Debug:ExtractStackTraceNoAlloc (byte*,int,string)
UnityEngine.StackTraceUtility:ExtractStackTrace ()
UnityEngine.DebugLogHandler:Internal_Log (UnityEngine.LogType,UnityEngine.LogOption,string,UnityEngine.Object)
UnityEngine.DebugLogHandler:LogFormat (UnityEngine.LogType,UnityEngine.Object,string,object[])
UnityEngine.Logger:Log (UnityEngine.LogType,object)
UnityEngine.Debug:Log (object)
AllSectionsQA:Log (string) (at Assets/Proof/AllSectionsQA.cs:23)
AllSectionsQA:Check (bool,string) (at Assets/Proof/AllSectionsQA.cs:24)
AllSectionsQA:Pair (string) (at Assets/Proof/AllSectionsQA.cs:100)
AllSectionsQA/<LessonStart>d__36:MoveNext () (at Assets/Proof/AllSectionsQA.cs:117)
UnityEngine.SetupCoroutine:InvokeMoveNext (System.Collections.IEnumerator,intptr)

(Filename: Assets/Proof/AllSectionsQA.cs Line: 23)

ALL_QA PASS Walk 39 -> 38.65 actual=(38.71, 0.96)
UnityEngine.Debug:ExtractStackTraceNoAlloc (byte*,int,string)
UnityEngine.StackTraceUtility:ExtractStackTrace ()
UnityEngine.DebugLogHandler:Internal_Log (UnityEngine.LogType,UnityEngine.LogOption,string,UnityEngine.Object)
UnityEngine.DebugLogHandler:LogFormat (UnityEngine.LogType,UnityEngine.Object,string,object[])
UnityEngine.Logger:Log (UnityEngine.LogType,object)
UnityEngine.Debug:Log (object)
AllSectionsQA:Log (string) (at Assets/Proof/AllSectionsQA.cs:23)
AllSectionsQA:Check (bool,string) (at Assets/Proof/AllSectionsQA.cs:24)
AllSectionsQA:Required (bool,string) (at Assets/Proof/AllSectionsQA.cs:25)
AllSectionsQA/<WalkTo>d__35:MoveNext () (at Assets/Proof/AllSectionsQA.cs:111)
UnityEngine.SetupCoroutine:InvokeMoveNext (System.Collections.IEnumerator,intptr)

(Filename: Assets/Proof/AllSectionsQA.cs Line: 23)

ALL_QA PASS Walk 38.71348 -> 39 actual=(38.94, 0.96)
UnityEngine.Debug:ExtractStackTraceNoAlloc (byte*,int,string)
UnityEngine.StackTraceUtility:ExtractStackTrace ()
UnityEngine.DebugLogHandler:Internal_Log (UnityEngine.LogType,UnityEngine.LogOption,string,UnityEngine.Object)
UnityEngine.DebugLogHandler:LogFormat (UnityEngine.LogType,UnityEngine.Object,string,object[])
UnityEngine.Logger:Log (UnityEngine.LogType,object)
UnityEngine.Debug:Log (object)
AllSectionsQA:Log (string) (at Assets/Proof/AllSectionsQA.cs:23)
AllSectionsQA:Check (bool,string) (at Assets/Proof/AllSectionsQA.cs:24)
AllSectionsQA:Required (bool,string) (at Assets/Proof/AllSectionsQA.cs:25)
AllSectionsQA/<WalkTo>d__35:MoveNext () (at Assets/Proof/AllSectionsQA.cs:111)
UnityEngine.SetupCoroutine:InvokeMoveNext (System.Collections.IEnumerator,intptr)

(Filename: Assets/Proof/AllSectionsQA.cs Line: 23)

ALL_QA PASS S4_Walk Before physics/camera/rope unchanged
UnityEngine.Debug:ExtractStackTraceNoAlloc (byte*,int,string)
UnityEngine.StackTraceUtility:ExtractStackTrace ()
UnityEngine.DebugLogHandler:Internal_Log (UnityEngine.LogType,UnityEngine.LogOption,string,UnityEngine.Object)
UnityEngine.DebugLogHandler:LogFormat (UnityEngine.LogType,UnityEngine.Object,string,object[])
UnityEngine.Logger:Log (UnityEngine.LogType,object)
UnityEngine.Debug:Log (object)
AllSectionsQA:Log (string) (at Assets/Proof/AllSectionsQA.cs:23)
AllSectionsQA:Check (bool,string) (at Assets/Proof/AllSectionsQA.cs:24)
AllSectionsQA:Pair (string) (at Assets/Proof/AllSectionsQA.cs:98)
AllSectionsQA/<LessonStart>d__36:MoveNext () (at Assets/Proof/AllSectionsQA.cs:121)
UnityEngine.SetupCoroutine:InvokeMoveNext (System.Collections.IEnumerator,intptr)

(Filename: Assets/Proof/AllSectionsQA.cs Line: 23)

ALL_QA PASS S4_Walk After physics/camera/rope unchanged, background active
UnityEngine.Debug:ExtractStackTraceNoAlloc (byte*,int,string)
UnityEngine.StackTraceUtility:ExtractStackTrace ()
UnityEngine.DebugLogHandler:Internal_Log (UnityEngine.LogType,UnityEngine.LogOption,string,UnityEngine.Object)
UnityEngine.DebugLogHandler:LogFormat (UnityEngine.LogType,UnityEngine.Object,string,object[])
UnityEngine.Logger:Log (UnityEngine.LogType,object)
UnityEngine.Debug:Log (object)
AllSectionsQA:Log (string) (at Assets/Proof/AllSectionsQA.cs:23)
AllSectionsQA:Check (bool,string) (at Assets/Proof/AllSectionsQA.cs:24)
AllSectionsQA:Pair (string) (at Assets/Proof/AllSectionsQA.cs:100)
AllSectionsQA/<LessonStart>d__36:MoveNext () (at Assets/Proof/AllSectionsQA.cs:121)
UnityEngine.SetupCoroutine:InvokeMoveNext (System.Collections.IEnumerator,intptr)

(Filename: Assets/Proof/AllSectionsQA.cs Line: 23)

ALL_QA PASS Section 4 normal jump through PlayerMover
UnityEngine.Debug:ExtractStackTraceNoAlloc (byte*,int,string)
UnityEngine.StackTraceUtility:ExtractStackTrace ()
UnityEngine.DebugLogHandler:Internal_Log (UnityEngine.LogType,UnityEngine.LogOption,string,UnityEngine.Object)
UnityEngine.DebugLogHandler:LogFormat (UnityEngine.LogType,UnityEngine.Object,string,object[])
UnityEngine.Logger:Log (UnityEngine.LogType,object)
UnityEngine.Debug:Log (object)
AllSectionsQA:Log (string) (at Assets/Proof/AllSectionsQA.cs:23)
AllSectionsQA:Check (bool,string) (at Assets/Proof/AllSectionsQA.cs:24)
AllSectionsQA/<LessonStart>d__36:MoveNext () (at Assets/Proof/AllSectionsQA.cs:123)
UnityEngine.SetupCoroutine:InvokeMoveNext (System.Collections.IEnumerator,intptr)

(Filename: Assets/Proof/AllSectionsQA.cs Line: 23)

ALL_QA PASS S4_Jump Before physics/camera/rope unchanged
UnityEngine.Debug:ExtractStackTraceNoAlloc (byte*,int,string)
UnityEngine.StackTraceUtility:ExtractStackTrace ()
UnityEngine.DebugLogHandler:Internal_Log (UnityEngine.LogType,UnityEngine.LogOption,string,UnityEngine.Object)
UnityEngine.DebugLogHandler:LogFormat (UnityEngine.LogType,UnityEngine.Object,string,object[])
UnityEngine.Logger:Log (UnityEngine.LogType,object)
UnityEngine.Debug:Log (object)
AllSectionsQA:Log (string) (at Assets/Proof/AllSectionsQA.cs:23)
AllSectionsQA:Check (bool,string) (at Assets/Proof/AllSectionsQA.cs:24)
AllSectionsQA:Pair (string) (at Assets/Proof/AllSectionsQA.cs:98)
AllSectionsQA/<LessonStart>d__36:MoveNext () (at Assets/Proof/AllSectionsQA.cs:123)
UnityEngine.SetupCoroutine:InvokeMoveNext (System.Collections.IEnumerator,intptr)

(Filename: Assets/Proof/AllSectionsQA.cs Line: 23)

ALL_QA PASS S4_Jump After physics/camera/rope unchanged, background active
UnityEngine.Debug:ExtractStackTraceNoAlloc (byte*,int,string)
UnityEngine.StackTraceUtility:ExtractStackTrace ()
UnityEngine.DebugLogHandler:Internal_Log (UnityEngine.LogType,UnityEngine.LogOption,string,UnityEngine.Object)
UnityEngine.DebugLogHandler:LogFormat (UnityEngine.LogType,UnityEngine.Object,string,object[])
UnityEngine.Logger:Log (UnityEngine.LogType,object)
UnityEngine.Debug:Log (object)
AllSectionsQA:Log (string) (at Assets/Proof/AllSectionsQA.cs:23)
AllSectionsQA:Check (bool,string) (at Assets/Proof/AllSectionsQA.cs:24)
AllSectionsQA:Pair (string) (at Assets/Proof/AllSectionsQA.cs:100)
AllSectionsQA/<LessonStart>d__36:MoveNext () (at Assets/Proof/AllSectionsQA.cs:123)
UnityEngine.SetupCoroutine:InvokeMoveNext (System.Collections.IEnumerator,intptr)

(Filename: Assets/Proof/AllSectionsQA.cs Line: 23)

ALL_QA PASS Section 4 jump lands
UnityEngine.Debug:ExtractStackTraceNoAlloc (byte*,int,string)
UnityEngine.StackTraceUtility:ExtractStackTrace ()
UnityEngine.DebugLogHandler:Internal_Log (UnityEngine.LogType,UnityEngine.LogOption,string,UnityEngine.Object)
UnityEngine.DebugLogHandler:LogFormat (UnityEngine.LogType,UnityEngine.Object,string,object[])
UnityEngine.Logger:Log (UnityEngine.LogType,object)
UnityEngine.Debug:Log (object)
AllSectionsQA:Log (string) (at Assets/Proof/AllSectionsQA.cs:23)
AllSectionsQA:Check (bool,string) (at Assets/Proof/AllSectionsQA.cs:24)
AllSectionsQA:Required (bool,string) (at Assets/Proof/AllSectionsQA.cs:25)
AllSectionsQA/<LessonStart>d__36:MoveNext () (at Assets/Proof/AllSectionsQA.cs:125)
UnityEngine.SetupCoroutine:InvokeMoveNext (System.Collections.IEnumerator,intptr)

(Filename: Assets/Proof/AllSectionsQA.cs Line: 23)

ALL_QA PASS Section 4 sign opens through existing UI path
UnityEngine.Debug:ExtractStackTraceNoAlloc (byte*,int,string)
UnityEngine.StackTraceUtility:ExtractStackTrace ()
UnityEngine.DebugLogHandler:Internal_Log (UnityEngine.LogType,UnityEngine.LogOption,string,UnityEngine.Object)
UnityEngine.DebugLogHandler:LogFormat (UnityEngine.LogType,UnityEngine.Object,string,object[])
UnityEngine.Logger:Log (UnityEngine.LogType,object)
UnityEngine.Debug:Log (object)
AllSectionsQA:Log (string) (at Assets/Proof/AllSectionsQA.cs:23)
AllSectionsQA:Check (bool,string) (at Assets/Proof/AllSectionsQA.cs:24)
AllSectionsQA/<LessonStart>d__36:MoveNext () (at Assets/Proof/AllSectionsQA.cs:127)
UnityEngine.SetupCoroutine:InvokeMoveNext (System.Collections.IEnumerator,intptr)

(Filename: Assets/Proof/AllSectionsQA.cs Line: 23)

ALL_QA PASS Section 4 sign pause preserves background/camera
UnityEngine.Debug:ExtractStackTraceNoAlloc (byte*,int,string)
UnityEngine.StackTraceUtility:ExtractStackTrace ()
UnityEngine.DebugLogHandler:Internal_Log (UnityEngine.LogType,UnityEngine.LogOption,string,UnityEngine.Object)
UnityEngine.DebugLogHandler:LogFormat (UnityEngine.LogType,UnityEngine.Object,string,object[])
UnityEngine.Logger:Log (UnityEngine.LogType,object)
UnityEngine.Debug:Log (object)
AllSectionsQA:Log (string) (at Assets/Proof/AllSectionsQA.cs:23)
AllSectionsQA:Check (bool,string) (at Assets/Proof/AllSectionsQA.cs:24)
AllSectionsQA/<LessonStart>d__36:MoveNext () (at Assets/Proof/AllSectionsQA.cs:129)
UnityEngine.SetupCoroutine:InvokeMoveNext (System.Collections.IEnumerator,intptr)

(Filename: Assets/Proof/AllSectionsQA.cs Line: 23)

ALL_QA PASS Section 4 sign closes/resumes
UnityEngine.Debug:ExtractStackTraceNoAlloc (byte*,int,string)
UnityEngine.StackTraceUtility:ExtractStackTrace ()
UnityEngine.DebugLogHandler:Internal_Log (UnityEngine.LogType,UnityEngine.LogOption,string,UnityEngine.Object)
UnityEngine.DebugLogHandler:LogFormat (UnityEngine.LogType,UnityEngine.Object,string,object[])
UnityEngine.Logger:Log (UnityEngine.LogType,object)
UnityEngine.Debug:Log (object)
AllSectionsQA:Log (string) (at Assets/Proof/AllSectionsQA.cs:23)
AllSectionsQA:Check (bool,string) (at Assets/Proof/AllSectionsQA.cs:24)
AllSectionsQA/<LessonStart>d__36:MoveNext () (at Assets/Proof/AllSectionsQA.cs:131)
UnityEngine.SetupCoroutine:InvokeMoveNext (System.Collections.IEnumerator,intptr)

(Filename: Assets/Proof/AllSectionsQA.cs Line: 23)

ALL_QA PASS Walk 38.9366 -> 41.35 actual=(41.29, 0.96)
UnityEngine.Debug:ExtractStackTraceNoAlloc (byte*,int,string)
UnityEngine.StackTraceUtility:ExtractStackTrace ()
UnityEngine.DebugLogHandler:Internal_Log (UnityEngine.LogType,UnityEngine.LogOption,string,UnityEngine.Object)
UnityEngine.DebugLogHandler:LogFormat (UnityEngine.LogType,UnityEngine.Object,string,object[])
UnityEngine.Logger:Log (UnityEngine.LogType,object)
UnityEngine.Debug:Log (object)
AllSectionsQA:Log (string) (at Assets/Proof/AllSectionsQA.cs:23)
AllSectionsQA:Check (bool,string) (at Assets/Proof/AllSectionsQA.cs:24)
AllSectionsQA:Required (bool,string) (at Assets/Proof/AllSectionsQA.cs:25)
AllSectionsQA/<WalkTo>d__35:MoveNext () (at Assets/Proof/AllSectionsQA.cs:111)
UnityEngine.SetupCoroutine:InvokeMoveNext (System.Collections.IEnumerator,intptr)

(Filename: Assets/Proof/AllSectionsQA.cs Line: 23)

ALL_QA PASS S4 first E/Q
UnityEngine.Debug:ExtractStackTraceNoAlloc (byte*,int,string)
UnityEngine.StackTraceUtility:ExtractStackTrace ()
UnityEngine.DebugLogHandler:Internal_Log (UnityEngine.LogType,UnityEngine.LogOption,string,UnityEngine.Object)
UnityEngine.DebugLogHandler:LogFormat (UnityEngine.LogType,UnityEngine.Object,string,object[])
UnityEngine.Logger:Log (UnityEngine.LogType,object)
UnityEngine.Debug:Log (object)
AllSectionsQA:Log (string) (at Assets/Proof/AllSectionsQA.cs:23)
AllSectionsQA:Check (bool,string) (at Assets/Proof/AllSectionsQA.cs:24)
AllSectionsQA:Required (bool,string) (at Assets/Proof/AllSectionsQA.cs:25)
AllSectionsQA/<BuildMerge>d__38:MoveNext () (at Assets/Proof/AllSectionsQA.cs:151)
UnityEngine.SetupCoroutine:InvokeMoveNext (System.Collections.IEnumerator,intptr)

(Filename: Assets/Proof/AllSectionsQA.cs Line: 23)

ALL_QA PASS S4_FirstBridge Before physics/camera/rope unchanged
UnityEngine.Debug:ExtractStackTraceNoAlloc (byte*,int,string)
UnityEngine.StackTraceUtility:ExtractStackTrace ()
UnityEngine.DebugLogHandler:Internal_Log (UnityEngine.LogType,UnityEngine.LogOption,string,UnityEngine.Object)
UnityEngine.DebugLogHandler:LogFormat (UnityEngine.LogType,UnityEngine.Object,string,object[])
UnityEngine.Logger:Log (UnityEngine.LogType,object)
UnityEngine.Debug:Log (object)
AllSectionsQA:Log (string) (at Assets/Proof/AllSectionsQA.cs:23)
AllSectionsQA:Check (bool,string) (at Assets/Proof/AllSectionsQA.cs:24)
AllSectionsQA:Pair (string) (at Assets/Proof/AllSectionsQA.cs:98)
AllSectionsQA/<BuildMerge>d__38:MoveNext () (at Assets/Proof/AllSectionsQA.cs:152)
UnityEngine.SetupCoroutine:InvokeMoveNext (System.Collections.IEnumerator,intptr)

(Filename: Assets/Proof/AllSectionsQA.cs Line: 23)

ALL_QA PASS S4_FirstBridge After physics/camera/rope unchanged, background active
UnityEngine.Debug:ExtractStackTraceNoAlloc (byte*,int,string)
UnityEngine.StackTraceUtility:ExtractStackTrace ()
UnityEngine.DebugLogHandler:Internal_Log (UnityEngine.LogType,UnityEngine.LogOption,string,UnityEngine.Object)
UnityEngine.DebugLogHandler:LogFormat (UnityEngine.LogType,UnityEngine.Object,string,object[])
UnityEngine.Logger:Log (UnityEngine.LogType,object)
UnityEngine.Debug:Log (object)
AllSectionsQA:Log (string) (at Assets/Proof/AllSectionsQA.cs:23)
AllSectionsQA:Check (bool,string) (at Assets/Proof/AllSectionsQA.cs:24)
AllSectionsQA:Pair (string) (at Assets/Proof/AllSectionsQA.cs:100)
AllSectionsQA/<BuildMerge>d__38:MoveNext () (at Assets/Proof/AllSectionsQA.cs:152)
UnityEngine.SetupCoroutine:InvokeMoveNext (System.Collections.IEnumerator,intptr)

(Filename: Assets/Proof/AllSectionsQA.cs Line: 23)

ALL_QA PASS Walk 42.32478 -> 46.35 actual=(46.28, 2.03)
UnityEngine.Debug:ExtractStackTraceNoAlloc (byte*,int,string)
UnityEngine.StackTraceUtility:ExtractStackTrace ()
UnityEngine.DebugLogHandler:Internal_Log (UnityEngine.LogType,UnityEngine.LogOption,string,UnityEngine.Object)
UnityEngine.DebugLogHandler:LogFormat (UnityEngine.LogType,UnityEngine.Object,string,object[])
UnityEngine.Logger:Log (UnityEngine.LogType,object)
UnityEngine.Debug:Log (object)
AllSectionsQA:Log (string) (at Assets/Proof/AllSectionsQA.cs:23)
AllSectionsQA:Check (bool,string) (at Assets/Proof/AllSectionsQA.cs:24)
AllSectionsQA:Required (bool,string) (at Assets/Proof/AllSectionsQA.cs:25)
AllSectionsQA/<WalkTo>d__35:MoveNext () (at Assets/Proof/AllSectionsQA.cs:111)
UnityEngine.SetupCoroutine:InvokeMoveNext (System.Collections.IEnumerator,intptr)

(Filename: Assets/Proof/AllSectionsQA.cs Line: 23)

ALL_QA PASS S4 second right Hook aim
UnityEngine.Debug:ExtractStackTraceNoAlloc (byte*,int,string)
UnityEngine.StackTraceUtility:ExtractStackTrace ()
UnityEngine.DebugLogHandler:Internal_Log (UnityEngine.LogType,UnityEngine.LogOption,string,UnityEngine.Object)
UnityEngine.DebugLogHandler:LogFormat (UnityEngine.LogType,UnityEngine.Object,string,object[])
UnityEngine.Logger:Log (UnityEngine.LogType,object)
UnityEngine.Debug:Log (object)
AllSectionsQA:Log (string) (at Assets/Proof/AllSectionsQA.cs:23)
AllSectionsQA:Check (bool,string) (at Assets/Proof/AllSectionsQA.cs:24)
AllSectionsQA/<BuildMerge>d__38:MoveNext () (at Assets/Proof/AllSectionsQA.cs:154)
UnityEngine.SetupCoroutine:InvokeMoveNext (System.Collections.IEnumerator,intptr)

(Filename: Assets/Proof/AllSectionsQA.cs Line: 23)

ALL_QA PASS S4 second E/Q
UnityEngine.Debug:ExtractStackTraceNoAlloc (byte*,int,string)
UnityEngine.StackTraceUtility:ExtractStackTrace ()
UnityEngine.DebugLogHandler:Internal_Log (UnityEngine.LogType,UnityEngine.LogOption,string,UnityEngine.Object)
UnityEngine.DebugLogHandler:LogFormat (UnityEngine.LogType,UnityEngine.Object,string,object[])
UnityEngine.Logger:Log (UnityEngine.LogType,object)
UnityEngine.Debug:Log (object)
AllSectionsQA:Log (string) (at Assets/Proof/AllSectionsQA.cs:23)
AllSectionsQA:Check (bool,string) (at Assets/Proof/AllSectionsQA.cs:24)
AllSectionsQA:Required (bool,string) (at Assets/Proof/AllSectionsQA.cs:25)
AllSectionsQA/<BuildMerge>d__38:MoveNext () (at Assets/Proof/AllSectionsQA.cs:155)
UnityEngine.SetupCoroutine:InvokeMoveNext (System.Collections.IEnumerator,intptr)

(Filename: Assets/Proof/AllSectionsQA.cs Line: 23)

ALL_QA PASS S4_TwoBridges Before physics/camera/rope unchanged
UnityEngine.Debug:ExtractStackTraceNoAlloc (byte*,int,string)
UnityEngine.StackTraceUtility:ExtractStackTrace ()
UnityEngine.DebugLogHandler:Internal_Log (UnityEngine.LogType,UnityEngine.LogOption,string,UnityEngine.Object)
UnityEngine.DebugLogHandler:LogFormat (UnityEngine.LogType,UnityEngine.Object,string,object[])
UnityEngine.Logger:Log (UnityEngine.LogType,object)
UnityEngine.Debug:Log (object)
AllSectionsQA:Log (string) (at Assets/Proof/AllSectionsQA.cs:23)
AllSectionsQA:Check (bool,string) (at Assets/Proof/AllSectionsQA.cs:24)
AllSectionsQA:Pair (string) (at Assets/Proof/AllSectionsQA.cs:98)
AllSectionsQA/<BuildMerge>d__38:MoveNext () (at Assets/Proof/AllSectionsQA.cs:156)
UnityEngine.SetupCoroutine:InvokeMoveNext (System.Collections.IEnumerator,intptr)

(Filename: Assets/Proof/AllSectionsQA.cs Line: 23)

ALL_QA PASS S4_TwoBridges After physics/camera/rope unchanged, background active
UnityEngine.Debug:ExtractStackTraceNoAlloc (byte*,int,string)
UnityEngine.StackTraceUtility:ExtractStackTrace ()
UnityEngine.DebugLogHandler:Internal_Log (UnityEngine.LogType,UnityEngine.LogOption,string,UnityEngine.Object)
UnityEngine.DebugLogHandler:LogFormat (UnityEngine.LogType,UnityEngine.Object,string,object[])
UnityEngine.Logger:Log (UnityEngine.LogType,object)
UnityEngine.Debug:Log (object)
AllSectionsQA:Log (string) (at Assets/Proof/AllSectionsQA.cs:23)
AllSectionsQA:Check (bool,string) (at Assets/Proof/AllSectionsQA.cs:24)
AllSectionsQA:Pair (string) (at Assets/Proof/AllSectionsQA.cs:100)
AllSectionsQA/<BuildMerge>d__38:MoveNext () (at Assets/Proof/AllSectionsQA.cs:156)
UnityEngine.SetupCoroutine:InvokeMoveNext (System.Collections.IEnumerator,intptr)

(Filename: Assets/Proof/AllSectionsQA.cs Line: 23)

ALL_QA PASS S4 F merge
UnityEngine.Debug:ExtractStackTraceNoAlloc (byte*,int,string)
UnityEngine.StackTraceUtility:ExtractStackTrace ()
UnityEngine.DebugLogHandler:Internal_Log (UnityEngine.LogType,UnityEngine.LogOption,string,UnityEngine.Object)
UnityEngine.DebugLogHandler:LogFormat (UnityEngine.LogType,UnityEngine.Object,string,object[])
UnityEngine.Logger:Log (UnityEngine.LogType,object)
UnityEngine.Debug:Log (object)
AllSectionsQA:Log (string) (at Assets/Proof/AllSectionsQA.cs:23)
AllSectionsQA:Check (bool,string) (at Assets/Proof/AllSectionsQA.cs:24)
AllSectionsQA:Required (bool,string) (at Assets/Proof/AllSectionsQA.cs:25)
AllSectionsQA/<BuildMerge>d__38:MoveNext () (at Assets/Proof/AllSectionsQA.cs:157)
UnityEngine.SetupCoroutine:InvokeMoveNext (System.Collections.IEnumerator,intptr)

(Filename: Assets/Proof/AllSectionsQA.cs Line: 23)

ALL_QA PASS S4_Merged Before physics/camera/rope unchanged
UnityEngine.Debug:ExtractStackTraceNoAlloc (byte*,int,string)
UnityEngine.StackTraceUtility:ExtractStackTrace ()
UnityEngine.DebugLogHandler:Internal_Log (UnityEngine.LogType,UnityEngine.LogOption,string,UnityEngine.Object)
UnityEngine.DebugLogHandler:LogFormat (UnityEngine.LogType,UnityEngine.Object,string,object[])
UnityEngine.Logger:Log (UnityEngine.LogType,object)
UnityEngine.Debug:Log (object)
AllSectionsQA:Log (string) (at Assets/Proof/AllSectionsQA.cs:23)
AllSectionsQA:Check (bool,string) (at Assets/Proof/AllSectionsQA.cs:24)
AllSectionsQA:Pair (string) (at Assets/Proof/AllSectionsQA.cs:98)
AllSectionsQA/<BuildMerge>d__38:MoveNext () (at Assets/Proof/AllSectionsQA.cs:158)
UnityEngine.SetupCoroutine:InvokeMoveNext (System.Collections.IEnumerator,intptr)

(Filename: Assets/Proof/AllSectionsQA.cs Line: 23)

ALL_QA PASS S4_Merged After physics/camera/rope unchanged, background active
UnityEngine.Debug:ExtractStackTraceNoAlloc (byte*,int,string)
UnityEngine.StackTraceUtility:ExtractStackTrace ()
UnityEngine.DebugLogHandler:Internal_Log (UnityEngine.LogType,UnityEngine.LogOption,string,UnityEngine.Object)
UnityEngine.DebugLogHandler:LogFormat (UnityEngine.LogType,UnityEngine.Object,string,object[])
UnityEngine.Logger:Log (UnityEngine.LogType,object)
UnityEngine.Debug:Log (object)
AllSectionsQA:Log (string) (at Assets/Proof/AllSectionsQA.cs:23)
AllSectionsQA:Check (bool,string) (at Assets/Proof/AllSectionsQA.cs:24)
AllSectionsQA:Pair (string) (at Assets/Proof/AllSectionsQA.cs:100)
AllSectionsQA/<BuildMerge>d__38:MoveNext () (at Assets/Proof/AllSectionsQA.cs:158)
UnityEngine.SetupCoroutine:InvokeMoveNext (System.Collections.IEnumerator,intptr)

(Filename: Assets/Proof/AllSectionsQA.cs Line: 23)

ALL_QA PASS S3 bridge + merged S4, center inactive, rope80
UnityEngine.Debug:ExtractStackTraceNoAlloc (byte*,int,string)
UnityEngine.StackTraceUtility:ExtractStackTrace ()
UnityEngine.DebugLogHandler:Internal_Log (UnityEngine.LogType,UnityEngine.LogOption,string,UnityEngine.Object)
UnityEngine.DebugLogHandler:LogFormat (UnityEngine.LogType,UnityEngine.Object,string,object[])
UnityEngine.Logger:Log (UnityEngine.LogType,object)
UnityEngine.Debug:Log (object)
AllSectionsQA:Log (string) (at Assets/Proof/AllSectionsQA.cs:23)
AllSectionsQA:Check (bool,string) (at Assets/Proof/AllSectionsQA.cs:24)
AllSectionsQA/<BuildMerge>d__38:MoveNext () (at Assets/Proof/AllSectionsQA.cs:159)
UnityEngine.SetupCoroutine:InvokeMoveNext (System.Collections.IEnumerator,intptr)

(Filename: Assets/Proof/AllSectionsQA.cs Line: 23)

ALL_QA PASS S4 R restores pre-merge checkpoint / center / resource
UnityEngine.Debug:ExtractStackTraceNoAlloc (byte*,int,string)
UnityEngine.StackTraceUtility:ExtractStackTrace ()
UnityEngine.DebugLogHandler:Internal_Log (UnityEngine.LogType,UnityEngine.LogOption,string,UnityEngine.Object)
UnityEngine.DebugLogHandler:LogFormat (UnityEngine.LogType,UnityEngine.Object,string,object[])
UnityEngine.Logger:Log (UnityEngine.LogType,object)
UnityEngine.Debug:Log (object)
AllSectionsQA:Log (string) (at Assets/Proof/AllSectionsQA.cs:23)
AllSectionsQA:Check (bool,string) (at Assets/Proof/AllSectionsQA.cs:24)
AllSectionsQA/<Run>d__40:MoveNext () (at Assets/Proof/AllSectionsQA.cs:206)
UnityEngine.SetupCoroutine:InvokeMoveNext (System.Collections.IEnumerator,intptr)

(Filename: Assets/Proof/AllSectionsQA.cs Line: 23)

ALL_QA PASS S4_Restored Before physics/camera/rope unchanged
UnityEngine.Debug:ExtractStackTraceNoAlloc (byte*,int,string)
UnityEngine.StackTraceUtility:ExtractStackTrace ()
UnityEngine.DebugLogHandler:Internal_Log (UnityEngine.LogType,UnityEngine.LogOption,string,UnityEngine.Object)
UnityEngine.DebugLogHandler:LogFormat (UnityEngine.LogType,UnityEngine.Object,string,object[])
UnityEngine.Logger:Log (UnityEngine.LogType,object)
UnityEngine.Debug:Log (object)
AllSectionsQA:Log (string) (at Assets/Proof/AllSectionsQA.cs:23)
AllSectionsQA:Check (bool,string) (at Assets/Proof/AllSectionsQA.cs:24)
AllSectionsQA:Pair (string) (at Assets/Proof/AllSectionsQA.cs:98)
AllSectionsQA/<Run>d__40:MoveNext () (at Assets/Proof/AllSectionsQA.cs:207)
UnityEngine.SetupCoroutine:InvokeMoveNext (System.Collections.IEnumerator,intptr)

(Filename: Assets/Proof/AllSectionsQA.cs Line: 23)

ALL_QA PASS S4_Restored After physics/camera/rope unchanged, background active
UnityEngine.Debug:ExtractStackTraceNoAlloc (byte*,int,string)
UnityEngine.StackTraceUtility:ExtractStackTrace ()
UnityEngine.DebugLogHandler:Internal_Log (UnityEngine.LogType,UnityEngine.LogOption,string,UnityEngine.Object)
UnityEngine.DebugLogHandler:LogFormat (UnityEngine.LogType,UnityEngine.Object,string,object[])
UnityEngine.Logger:Log (UnityEngine.LogType,object)
UnityEngine.Debug:Log (object)
AllSectionsQA:Log (string) (at Assets/Proof/AllSectionsQA.cs:23)
AllSectionsQA:Check (bool,string) (at Assets/Proof/AllSectionsQA.cs:24)
AllSectionsQA:Pair (string) (at Assets/Proof/AllSectionsQA.cs:100)
AllSectionsQA/<Run>d__40:MoveNext () (at Assets/Proof/AllSectionsQA.cs:207)
UnityEngine.SetupCoroutine:InvokeMoveNext (System.Collections.IEnumerator,intptr)

(Filename: Assets/Proof/AllSectionsQA.cs Line: 23)

ALL_QA PASS Walk 39 -> 41.35 actual=(41.28, 0.96)
UnityEngine.Debug:ExtractStackTraceNoAlloc (byte*,int,string)
UnityEngine.StackTraceUtility:ExtractStackTrace ()
UnityEngine.DebugLogHandler:Internal_Log (UnityEngine.LogType,UnityEngine.LogOption,string,UnityEngine.Object)
UnityEngine.DebugLogHandler:LogFormat (UnityEngine.LogType,UnityEngine.Object,string,object[])
UnityEngine.Logger:Log (UnityEngine.LogType,object)
UnityEngine.Debug:Log (object)
AllSectionsQA:Log (string) (at Assets/Proof/AllSectionsQA.cs:23)
AllSectionsQA:Check (bool,string) (at Assets/Proof/AllSectionsQA.cs:24)
AllSectionsQA:Required (bool,string) (at Assets/Proof/AllSectionsQA.cs:25)
AllSectionsQA/<WalkTo>d__35:MoveNext () (at Assets/Proof/AllSectionsQA.cs:111)
UnityEngine.SetupCoroutine:InvokeMoveNext (System.Collections.IEnumerator,intptr)

(Filename: Assets/Proof/AllSectionsQA.cs Line: 23)

ALL_QA PASS S4 first E/Q
UnityEngine.Debug:ExtractStackTraceNoAlloc (byte*,int,string)
UnityEngine.StackTraceUtility:ExtractStackTrace ()
UnityEngine.DebugLogHandler:Internal_Log (UnityEngine.LogType,UnityEngine.LogOption,string,UnityEngine.Object)
UnityEngine.DebugLogHandler:LogFormat (UnityEngine.LogType,UnityEngine.Object,string,object[])
UnityEngine.Logger:Log (UnityEngine.LogType,object)
UnityEngine.Debug:Log (object)
AllSectionsQA:Log (string) (at Assets/Proof/AllSectionsQA.cs:23)
AllSectionsQA:Check (bool,string) (at Assets/Proof/AllSectionsQA.cs:24)
AllSectionsQA:Required (bool,string) (at Assets/Proof/AllSectionsQA.cs:25)
AllSectionsQA/<BuildMerge>d__38:MoveNext () (at Assets/Proof/AllSectionsQA.cs:151)
UnityEngine.SetupCoroutine:InvokeMoveNext (System.Collections.IEnumerator,intptr)

(Filename: Assets/Proof/AllSectionsQA.cs Line: 23)

ALL_QA PASS S4_FirstBridge Before physics/camera/rope unchanged
UnityEngine.Debug:ExtractStackTraceNoAlloc (byte*,int,string)
UnityEngine.StackTraceUtility:ExtractStackTrace ()
UnityEngine.DebugLogHandler:Internal_Log (UnityEngine.LogType,UnityEngine.LogOption,string,UnityEngine.Object)
UnityEngine.DebugLogHandler:LogFormat (UnityEngine.LogType,UnityEngine.Object,string,object[])
UnityEngine.Logger:Log (UnityEngine.LogType,object)
UnityEngine.Debug:Log (object)
AllSectionsQA:Log (string) (at Assets/Proof/AllSectionsQA.cs:23)
AllSectionsQA:Check (bool,string) (at Assets/Proof/AllSectionsQA.cs:24)
AllSectionsQA:Pair (string) (at Assets/Proof/AllSectionsQA.cs:98)
AllSectionsQA/<BuildMerge>d__38:MoveNext () (at Assets/Proof/AllSectionsQA.cs:152)
UnityEngine.SetupCoroutine:InvokeMoveNext (System.Collections.IEnumerator,intptr)

(Filename: Assets/Proof/AllSectionsQA.cs Line: 23)

ALL_QA PASS S4_FirstBridge After physics/camera/rope unchanged, background active
UnityEngine.Debug:ExtractStackTraceNoAlloc (byte*,int,string)
UnityEngine.StackTraceUtility:ExtractStackTrace ()
UnityEngine.DebugLogHandler:Internal_Log (UnityEngine.LogType,UnityEngine.LogOption,string,UnityEngine.Object)
UnityEngine.DebugLogHandler:LogFormat (UnityEngine.LogType,UnityEngine.Object,string,object[])
UnityEngine.Logger:Log (UnityEngine.LogType,object)
UnityEngine.Debug:Log (object)
AllSectionsQA:Log (string) (at Assets/Proof/AllSectionsQA.cs:23)
AllSectionsQA:Check (bool,string) (at Assets/Proof/AllSectionsQA.cs:24)
AllSectionsQA:Pair (string) (at Assets/Proof/AllSectionsQA.cs:100)
AllSectionsQA/<BuildMerge>d__38:MoveNext () (at Assets/Proof/AllSectionsQA.cs:152)
UnityEngine.SetupCoroutine:InvokeMoveNext (System.Collections.IEnumerator,intptr)

(Filename: Assets/Proof/AllSectionsQA.cs Line: 23)

ALL_QA PASS Walk 42.32478 -> 46.35 actual=(46.28, 2.03)
UnityEngine.Debug:ExtractStackTraceNoAlloc (byte*,int,string)
UnityEngine.StackTraceUtility:ExtractStackTrace ()
UnityEngine.DebugLogHandler:Internal_Log (UnityEngine.LogType,UnityEngine.LogOption,string,UnityEngine.Object)
UnityEngine.DebugLogHandler:LogFormat (UnityEngine.LogType,UnityEngine.Object,string,object[])
UnityEngine.Logger:Log (UnityEngine.LogType,object)
UnityEngine.Debug:Log (object)
AllSectionsQA:Log (string) (at Assets/Proof/AllSectionsQA.cs:23)
AllSectionsQA:Check (bool,string) (at Assets/Proof/AllSectionsQA.cs:24)
AllSectionsQA:Required (bool,string) (at Assets/Proof/AllSectionsQA.cs:25)
AllSectionsQA/<WalkTo>d__35:MoveNext () (at Assets/Proof/AllSectionsQA.cs:111)
UnityEngine.SetupCoroutine:InvokeMoveNext (System.Collections.IEnumerator,intptr)

(Filename: Assets/Proof/AllSectionsQA.cs Line: 23)

ALL_QA PASS S4 second right Hook aim
UnityEngine.Debug:ExtractStackTraceNoAlloc (byte*,int,string)
UnityEngine.StackTraceUtility:ExtractStackTrace ()
UnityEngine.DebugLogHandler:Internal_Log (UnityEngine.LogType,UnityEngine.LogOption,string,UnityEngine.Object)
UnityEngine.DebugLogHandler:LogFormat (UnityEngine.LogType,UnityEngine.Object,string,object[])
UnityEngine.Logger:Log (UnityEngine.LogType,object)
UnityEngine.Debug:Log (object)
AllSectionsQA:Log (string) (at Assets/Proof/AllSectionsQA.cs:23)
AllSectionsQA:Check (bool,string) (at Assets/Proof/AllSectionsQA.cs:24)
AllSectionsQA/<BuildMerge>d__38:MoveNext () (at Assets/Proof/AllSectionsQA.cs:154)
UnityEngine.SetupCoroutine:InvokeMoveNext (System.Collections.IEnumerator,intptr)

(Filename: Assets/Proof/AllSectionsQA.cs Line: 23)

ALL_QA PASS S4 second E/Q
UnityEngine.Debug:ExtractStackTraceNoAlloc (byte*,int,string)
UnityEngine.StackTraceUtility:ExtractStackTrace ()
UnityEngine.DebugLogHandler:Internal_Log (UnityEngine.LogType,UnityEngine.LogOption,string,UnityEngine.Object)
UnityEngine.DebugLogHandler:LogFormat (UnityEngine.LogType,UnityEngine.Object,string,object[])
UnityEngine.Logger:Log (UnityEngine.LogType,object)
UnityEngine.Debug:Log (object)
AllSectionsQA:Log (string) (at Assets/Proof/AllSectionsQA.cs:23)
AllSectionsQA:Check (bool,string) (at Assets/Proof/AllSectionsQA.cs:24)
AllSectionsQA:Required (bool,string) (at Assets/Proof/AllSectionsQA.cs:25)
AllSectionsQA/<BuildMerge>d__38:MoveNext () (at Assets/Proof/AllSectionsQA.cs:155)
UnityEngine.SetupCoroutine:InvokeMoveNext (System.Collections.IEnumerator,intptr)

(Filename: Assets/Proof/AllSectionsQA.cs Line: 23)

ALL_QA PASS S4_TwoBridges Before physics/camera/rope unchanged
UnityEngine.Debug:ExtractStackTraceNoAlloc (byte*,int,string)
UnityEngine.StackTraceUtility:ExtractStackTrace ()
UnityEngine.DebugLogHandler:Internal_Log (UnityEngine.LogType,UnityEngine.LogOption,string,UnityEngine.Object)
UnityEngine.DebugLogHandler:LogFormat (UnityEngine.LogType,UnityEngine.Object,string,object[])
UnityEngine.Logger:Log (UnityEngine.LogType,object)
UnityEngine.Debug:Log (object)
AllSectionsQA:Log (string) (at Assets/Proof/AllSectionsQA.cs:23)
AllSectionsQA:Check (bool,string) (at Assets/Proof/AllSectionsQA.cs:24)
AllSectionsQA:Pair (string) (at Assets/Proof/AllSectionsQA.cs:98)
AllSectionsQA/<BuildMerge>d__38:MoveNext () (at Assets/Proof/AllSectionsQA.cs:156)
UnityEngine.SetupCoroutine:InvokeMoveNext (System.Collections.IEnumerator,intptr)

(Filename: Assets/Proof/AllSectionsQA.cs Line: 23)

ALL_QA PASS S4_TwoBridges After physics/camera/rope unchanged, background active
UnityEngine.Debug:ExtractStackTraceNoAlloc (byte*,int,string)
UnityEngine.StackTraceUtility:ExtractStackTrace ()
UnityEngine.DebugLogHandler:Internal_Log (UnityEngine.LogType,UnityEngine.LogOption,string,UnityEngine.Object)
UnityEngine.DebugLogHandler:LogFormat (UnityEngine.LogType,UnityEngine.Object,string,object[])
UnityEngine.Logger:Log (UnityEngine.LogType,object)
UnityEngine.Debug:Log (object)
AllSectionsQA:Log (string) (at Assets/Proof/AllSectionsQA.cs:23)
AllSectionsQA:Check (bool,string) (at Assets/Proof/AllSectionsQA.cs:24)
AllSectionsQA:Pair (string) (at Assets/Proof/AllSectionsQA.cs:100)
AllSectionsQA/<BuildMerge>d__38:MoveNext () (at Assets/Proof/AllSectionsQA.cs:156)
UnityEngine.SetupCoroutine:InvokeMoveNext (System.Collections.IEnumerator,intptr)

(Filename: Assets/Proof/AllSectionsQA.cs Line: 23)

ALL_QA PASS S4 F merge
UnityEngine.Debug:ExtractStackTraceNoAlloc (byte*,int,string)
UnityEngine.StackTraceUtility:ExtractStackTrace ()
UnityEngine.DebugLogHandler:Internal_Log (UnityEngine.LogType,UnityEngine.LogOption,string,UnityEngine.Object)
UnityEngine.DebugLogHandler:LogFormat (UnityEngine.LogType,UnityEngine.Object,string,object[])
UnityEngine.Logger:Log (UnityEngine.LogType,object)
UnityEngine.Debug:Log (object)
AllSectionsQA:Log (string) (at Assets/Proof/AllSectionsQA.cs:23)
AllSectionsQA:Check (bool,string) (at Assets/Proof/AllSectionsQA.cs:24)
AllSectionsQA:Required (bool,string) (at Assets/Proof/AllSectionsQA.cs:25)
AllSectionsQA/<BuildMerge>d__38:MoveNext () (at Assets/Proof/AllSectionsQA.cs:157)
UnityEngine.SetupCoroutine:InvokeMoveNext (System.Collections.IEnumerator,intptr)

(Filename: Assets/Proof/AllSectionsQA.cs Line: 23)

ALL_QA PASS S4_Merged Before physics/camera/rope unchanged
UnityEngine.Debug:ExtractStackTraceNoAlloc (byte*,int,string)
UnityEngine.StackTraceUtility:ExtractStackTrace ()
UnityEngine.DebugLogHandler:Internal_Log (UnityEngine.LogType,UnityEngine.LogOption,string,UnityEngine.Object)
UnityEngine.DebugLogHandler:LogFormat (UnityEngine.LogType,UnityEngine.Object,string,object[])
UnityEngine.Logger:Log (UnityEngine.LogType,object)
UnityEngine.Debug:Log (object)
AllSectionsQA:Log (string) (at Assets/Proof/AllSectionsQA.cs:23)
AllSectionsQA:Check (bool,string) (at Assets/Proof/AllSectionsQA.cs:24)
AllSectionsQA:Pair (string) (at Assets/Proof/AllSectionsQA.cs:98)
AllSectionsQA/<BuildMerge>d__38:MoveNext () (at Assets/Proof/AllSectionsQA.cs:158)
UnityEngine.SetupCoroutine:InvokeMoveNext (System.Collections.IEnumerator,intptr)

(Filename: Assets/Proof/AllSectionsQA.cs Line: 23)

ALL_QA PASS S4_Merged After physics/camera/rope unchanged, background active
UnityEngine.Debug:ExtractStackTraceNoAlloc (byte*,int,string)
UnityEngine.StackTraceUtility:ExtractStackTrace ()
UnityEngine.DebugLogHandler:Internal_Log (UnityEngine.LogType,UnityEngine.LogOption,string,UnityEngine.Object)
UnityEngine.DebugLogHandler:LogFormat (UnityEngine.LogType,UnityEngine.Object,string,object[])
UnityEngine.Logger:Log (UnityEngine.LogType,object)
UnityEngine.Debug:Log (object)
AllSectionsQA:Log (string) (at Assets/Proof/AllSectionsQA.cs:23)
AllSectionsQA:Check (bool,string) (at Assets/Proof/AllSectionsQA.cs:24)
AllSectionsQA:Pair (string) (at Assets/Proof/AllSectionsQA.cs:100)
AllSectionsQA/<BuildMerge>d__38:MoveNext () (at Assets/Proof/AllSectionsQA.cs:158)
UnityEngine.SetupCoroutine:InvokeMoveNext (System.Collections.IEnumerator,intptr)

(Filename: Assets/Proof/AllSectionsQA.cs Line: 23)

ALL_QA PASS S3 bridge + merged S4, center inactive, rope80
UnityEngine.Debug:ExtractStackTraceNoAlloc (byte*,int,string)
UnityEngine.StackTraceUtility:ExtractStackTrace ()
UnityEngine.DebugLogHandler:Internal_Log (UnityEngine.LogType,UnityEngine.LogOption,string,UnityEngine.Object)
UnityEngine.DebugLogHandler:LogFormat (UnityEngine.LogType,UnityEngine.Object,string,object[])
UnityEngine.Logger:Log (UnityEngine.LogType,object)
UnityEngine.Debug:Log (object)
AllSectionsQA:Log (string) (at Assets/Proof/AllSectionsQA.cs:23)
AllSectionsQA:Check (bool,string) (at Assets/Proof/AllSectionsQA.cs:24)
AllSectionsQA/<BuildMerge>d__38:MoveNext () (at Assets/Proof/AllSectionsQA.cs:159)
UnityEngine.SetupCoroutine:InvokeMoveNext (System.Collections.IEnumerator,intptr)

(Filename: Assets/Proof/AllSectionsQA.cs Line: 23)

ALL_QA PASS Actual goal reached / Clearing physics locked
UnityEngine.Debug:ExtractStackTraceNoAlloc (byte*,int,string)
UnityEngine.StackTraceUtility:ExtractStackTrace ()
UnityEngine.DebugLogHandler:Internal_Log (UnityEngine.LogType,UnityEngine.LogOption,string,UnityEngine.Object)
UnityEngine.DebugLogHandler:LogFormat (UnityEngine.LogType,UnityEngine.Object,string,object[])
UnityEngine.Logger:Log (UnityEngine.LogType,object)
UnityEngine.Debug:Log (object)
AllSectionsQA:Log (string) (at Assets/Proof/AllSectionsQA.cs:23)
AllSectionsQA:Check (bool,string) (at Assets/Proof/AllSectionsQA.cs:24)
AllSectionsQA:Required (bool,string) (at Assets/Proof/AllSectionsQA.cs:25)
AllSectionsQA/<Run>d__40:MoveNext () (at Assets/Proof/AllSectionsQA.cs:210)
UnityEngine.SetupCoroutine:InvokeMoveNext (System.Collections.IEnumerator,intptr)

(Filename: Assets/Proof/AllSectionsQA.cs Line: 23)

ALL_QA PASS Clearing keeps continuous room backing
UnityEngine.Debug:ExtractStackTraceNoAlloc (byte*,int,string)
UnityEngine.StackTraceUtility:ExtractStackTrace ()
UnityEngine.DebugLogHandler:Internal_Log (UnityEngine.LogType,UnityEngine.LogOption,string,UnityEngine.Object)
UnityEngine.DebugLogHandler:LogFormat (UnityEngine.LogType,UnityEngine.Object,string,object[])
UnityEngine.Logger:Log (UnityEngine.LogType,object)
UnityEngine.Debug:Log (object)
AllSectionsQA:Log (string) (at Assets/Proof/AllSectionsQA.cs:23)
AllSectionsQA:Check (bool,string) (at Assets/Proof/AllSectionsQA.cs:24)
AllSectionsQA/<Run>d__40:MoveNext () (at Assets/Proof/AllSectionsQA.cs:211)
UnityEngine.SetupCoroutine:InvokeMoveNext (System.Collections.IEnumerator,intptr)

(Filename: Assets/Proof/AllSectionsQA.cs Line: 23)

ALL_QA PASS Clear reached / background remains
UnityEngine.Debug:ExtractStackTraceNoAlloc (byte*,int,string)
UnityEngine.StackTraceUtility:ExtractStackTrace ()
UnityEngine.DebugLogHandler:Internal_Log (UnityEngine.LogType,UnityEngine.LogOption,string,UnityEngine.Object)
UnityEngine.DebugLogHandler:LogFormat (UnityEngine.LogType,UnityEngine.Object,string,object[])
UnityEngine.Logger:Log (UnityEngine.LogType,object)
UnityEngine.Debug:Log (object)
AllSectionsQA:Log (string) (at Assets/Proof/AllSectionsQA.cs:23)
AllSectionsQA:Check (bool,string) (at Assets/Proof/AllSectionsQA.cs:24)
AllSectionsQA/<Run>d__40:MoveNext () (at Assets/Proof/AllSectionsQA.cs:213)
UnityEngine.SetupCoroutine:InvokeMoveNext (System.Collections.IEnumerator,intptr)

(Filename: Assets/Proof/AllSectionsQA.cs Line: 23)

ALL_QA PASS S4_Clear Before physics/camera/rope unchanged
UnityEngine.Debug:ExtractStackTraceNoAlloc (byte*,int,string)
UnityEngine.StackTraceUtility:ExtractStackTrace ()
UnityEngine.DebugLogHandler:Internal_Log (UnityEngine.LogType,UnityEngine.LogOption,string,UnityEngine.Object)
UnityEngine.DebugLogHandler:LogFormat (UnityEngine.LogType,UnityEngine.Object,string,object[])
UnityEngine.Logger:Log (UnityEngine.LogType,object)
UnityEngine.Debug:Log (object)
AllSectionsQA:Log (string) (at Assets/Proof/AllSectionsQA.cs:23)
AllSectionsQA:Check (bool,string) (at Assets/Proof/AllSectionsQA.cs:24)
AllSectionsQA:Pair (string) (at Assets/Proof/AllSectionsQA.cs:98)
AllSectionsQA/<Run>d__40:MoveNext () (at Assets/Proof/AllSectionsQA.cs:214)
UnityEngine.SetupCoroutine:InvokeMoveNext (System.Collections.IEnumerator,intptr)

(Filename: Assets/Proof/AllSectionsQA.cs Line: 23)

ALL_QA PASS S4_Clear After physics/camera/rope unchanged, background active
UnityEngine.Debug:ExtractStackTraceNoAlloc (byte*,int,string)
UnityEngine.StackTraceUtility:ExtractStackTrace ()
UnityEngine.DebugLogHandler:Internal_Log (UnityEngine.LogType,UnityEngine.LogOption,string,UnityEngine.Object)
UnityEngine.DebugLogHandler:LogFormat (UnityEngine.LogType,UnityEngine.Object,string,object[])
UnityEngine.Logger:Log (UnityEngine.LogType,object)
UnityEngine.Debug:Log (object)
AllSectionsQA:Log (string) (at Assets/Proof/AllSectionsQA.cs:23)
AllSectionsQA:Check (bool,string) (at Assets/Proof/AllSectionsQA.cs:24)
AllSectionsQA:Pair (string) (at Assets/Proof/AllSectionsQA.cs:100)
AllSectionsQA/<Run>d__40:MoveNext () (at Assets/Proof/AllSectionsQA.cs:214)
UnityEngine.SetupCoroutine:InvokeMoveNext (System.Collections.IEnumerator,intptr)

(Filename: Assets/Proof/AllSectionsQA.cs Line: 23)

ALL_QA PASS All three actual Tutorial transitions observed
UnityEngine.Debug:ExtractStackTraceNoAlloc (byte*,int,string)
UnityEngine.StackTraceUtility:ExtractStackTrace ()
UnityEngine.DebugLogHandler:Internal_Log (UnityEngine.LogType,UnityEngine.LogOption,string,UnityEngine.Object)
UnityEngine.DebugLogHandler:LogFormat (UnityEngine.LogType,UnityEngine.Object,string,object[])
UnityEngine.Logger:Log (UnityEngine.LogType,object)
UnityEngine.Debug:Log (object)
AllSectionsQA:Log (string) (at Assets/Proof/AllSectionsQA.cs:23)
AllSectionsQA:Check (bool,string) (at Assets/Proof/AllSectionsQA.cs:24)
AllSectionsQA/<Run>d__40:MoveNext () (at Assets/Proof/AllSectionsQA.cs:214)
UnityEngine.SetupCoroutine:InvokeMoveNext (System.Collections.IEnumerator,intptr)

(Filename: Assets/Proof/AllSectionsQA.cs Line: 23)

ALL_QA THREE_ACTIVE_TEXTURE_RUNTIME_BYTES 47695488; helpers reuse Mid and a small 128x64 shadow; not total process/GPU memory
UnityEngine.Debug:ExtractStackTraceNoAlloc (byte*,int,string)
UnityEngine.StackTraceUtility:ExtractStackTrace ()
UnityEngine.DebugLogHandler:Internal_Log (UnityEngine.LogType,UnityEngine.LogOption,string,UnityEngine.Object)
UnityEngine.DebugLogHandler:LogFormat (UnityEngine.LogType,UnityEngine.Object,string,object[])
UnityEngine.Logger:Log (UnityEngine.LogType,object)
UnityEngine.Debug:Log (object)
AllSectionsQA:Log (string) (at Assets/Proof/AllSectionsQA.cs:23)
AllSectionsQA:Performance () (at Assets/Proof/AllSectionsQA.cs:173)
AllSectionsQA/<Run>d__40:MoveNext () (at Assets/Proof/AllSectionsQA.cs:215)
UnityEngine.SetupCoroutine:InvokeMoveNext (System.Collections.IEnumerator,intptr)

(Filename: Assets/Proof/AllSectionsQA.cs Line: 23)

Unloading 58 Unused Serialized files (Serialized files now loaded: 0)
UnloadTime: 18.453800 ms
Loaded scene 'Assets/Scenes/Tutorial.unity'
	Deserialize:            21.905 ms
	Integration:            699.014 ms
	Integration of assets:  3.883 ms
	Thread Wait Time:       0.030 ms
	Total Operation Time:   724.831 ms
Unloading 19 unused Assets / (24.0 KB). Loaded Objects now: 2344.
Memory consumption went from 333.9 MB to 333.8 MB.
Total: 11.690800 ms (FindLiveObjects: 0.259700 ms CreateObjectMapping: 0.027300 ms MarkObjects: 10.804900 ms  DeleteObjects: 0.595300 ms)

ALL_QA PASS Clear -> Stage Selection / original background restored
UnityEngine.Debug:ExtractStackTraceNoAlloc (byte*,int,string)
UnityEngine.StackTraceUtility:ExtractStackTrace ()
UnityEngine.DebugLogHandler:Internal_Log (UnityEngine.LogType,UnityEngine.LogOption,string,UnityEngine.Object)
UnityEngine.DebugLogHandler:LogFormat (UnityEngine.LogType,UnityEngine.Object,string,object[])
UnityEngine.Logger:Log (UnityEngine.LogType,object)
UnityEngine.Debug:Log (object)
AllSectionsQA:Log (string) (at Assets/Proof/AllSectionsQA.cs:23)
AllSectionsQA:Check (bool,string) (at Assets/Proof/AllSectionsQA.cs:24)
AllSectionsQA/<Run>d__40:MoveNext () (at Assets/Proof/AllSectionsQA.cs:216)
UnityEngine.SetupCoroutine:InvokeMoveNext (System.Collections.IEnumerator,intptr)

(Filename: Assets/Proof/AllSectionsQA.cs Line: 23)

Unloading 6 Unused Serialized files (Serialized files now loaded: 0)
UnloadTime: 3.243300 ms
Loaded scene 'Assets/Scenes/MainStage.unity'
	Deserialize:            33.984 ms
	Integration:            3489.221 ms
	Integration of assets:  0.091 ms
	Thread Wait Time:       -0.022 ms
	Total Operation Time:   3523.274 ms
Unloading 19 unused Assets / (3.5 MB). Loaded Objects now: 2867.
Memory consumption went from 355.0 MB to 351.6 MB.
Total: 27.396700 ms (FindLiveObjects: 0.305000 ms CreateObjectMapping: 0.029200 ms MarkObjects: 25.706400 ms  DeleteObjects: 1.353300 ms)

ALL_QA PASS MainStage original / no trial component
UnityEngine.Debug:ExtractStackTraceNoAlloc (byte*,int,string)
UnityEngine.StackTraceUtility:ExtractStackTrace ()
UnityEngine.DebugLogHandler:Internal_Log (UnityEngine.LogType,UnityEngine.LogOption,string,UnityEngine.Object)
UnityEngine.DebugLogHandler:LogFormat (UnityEngine.LogType,UnityEngine.Object,string,object[])
UnityEngine.Logger:Log (UnityEngine.LogType,object)
UnityEngine.Debug:Log (object)
AllSectionsQA:Log (string) (at Assets/Proof/AllSectionsQA.cs:23)
AllSectionsQA:Check (bool,string) (at Assets/Proof/AllSectionsQA.cs:24)
AllSectionsQA/<Run>d__40:MoveNext () (at Assets/Proof/AllSectionsQA.cs:218)
UnityEngine.SetupCoroutine:InvokeMoveNext (System.Collections.IEnumerator,intptr)

(Filename: Assets/Proof/AllSectionsQA.cs Line: 23)

[Physics::Module] Cleanup current backend.
[Physics::Module] Id: 0xf2b8ea05
Input System module state changed to: ShutdownInProgress.
Input System polling thread exited.
Input System module state changed to: Shutdown.
[Licensing::IpcConnector] LicenseClient-田尻大翔-6000.3.21-notifications channel disconnected successfully.
[Licensing::IpcConnector] LicenseClient-田尻大翔-6000.3.21 channel disconnected successfully.
AcceleratorClientConnectionCallback - disconnected - :0
Cleanup mono
Checking for leaked weakptr:
  Found no leaked weakptrs.
[Package Manager] Server process was shutdown
##utp:{"type":"MemoryLeaks","version":2,"phase":"Immediate","time":1790860594342,"processId":12116,"allocatedMemory":10204044,"memoryLabels":[{"Default":29313},{"Permanent":15236},{"NewDelete":68539},{"Thread":4230344},{"Manager":33885},{"VertexData":536},{"Geometry":816},{"Texture":296},{"Shader":79381},{"Material":24},{"GfxDevice":56232},{"Audio":2664},{"FreeType":8},{"FontEngine":736},{"Physics":2146},{"Physics2D":16},{"Serialization":720},{"Input":14984},{"JobScheduler":33024},{"TextLib":280},{"Mono":32},{"ScriptingNativeRuntime":155060},{"BaseObject":1699552},{"Resource":1336},{"Renderer":3000},{"Transform":4685},{"File":6862},{"WebCam":616},{"Culling":32},{"Terrain":11394},{"Wind":24},{"STL":40},{"String":28724},{"DynamicArray":89971},{"HashMap":55134},{"Utility":2660822},{"Curl":2478},{"PoolAlloc":2056},{"AI":80},{"TypeTree":11341},{"ScriptManager":512},{"RuntimeInitializeOnLoadManager":64},{"SpriteAtlas":112},{"GI":7792},{"Director":8240},{"CloudService":10336},{"WebRequest":552},{"VR":47994},{"SceneManager":504},{"Video":208},{"LazyScriptCache":32},{"Camera":17},{"Secure":2377},{"SerializationCache":1576},{"APIUpdating":10320},{"Subsystems":336},{"VirtualTexturing":57888},{"StaticSafetyDebugInfo":278528},{"Analytics":464},{"Hierarchy":608},{"CoreStats":13112},{"Identifiers":6480},{"Gui":96},{"EditorUtility":82649},{"VersionControl":4},{"Undo":947},{"AssetDatabase":324329},{"EditorGi":328},{"UnityConnect":29232},{"Upm":1896},{"AssetCompliance":64},{"DrivenProperties":72},{"LocalIPC":218},{"ProfilerEditor":9746},{"CoreBusinessMetrics":3496},{"Licensing":664},{"AssetReference":32},{"IPCStream":32}]}
