label,frame,realtime,preview_elapsed,preview_total,preview_active,curtain_active,curtain_phase,outcome,far,mid,near,legacy_drawable,owned_drawable,camera_x,camera_y,camera_z,orthographic_size,body_simulated,mover_enabled,rope_enabled,player_x,player_y,unscaled_dt
Menu_Contract,3,17.05363,0,0,False,False,None,WaitingToStart,False,False,False,6,0,-4,0,-10,8.7,False,False,False,-4,0.919999957,13.2140388
Frame,3,0.0154533386,0,0,False,True,Thread,WaitingToStart,False,False,False,6,0,-4,0,-10,8.7,False,False,False,-4,0.919999957,13.2140388
Frame,4,0.0443573,0,0,False,True,Closing,WaitingToStart,False,False,False,6,0,-4,0,-10,8.7,False,False,False,-4,0.919999957,0.3049515
Frame,5,0.0683097839,0,0,False,True,Closing,WaitingToStart,False,False,False,6,0,-4,0,-10,8.7,False,False,False,-4,0.919999957,0.0242864024
Frame,6,0.07685852,0,0,False,True,Closing,WaitingToStart,False,False,False,6,0,-4,0,-10,8.7,False,False,False,-4,0.919999957,0.008934495
Frame,7,0.08054924,0,0,False,True,Closing,WaitingToStart,False,False,False,6,0,-4,0,-10,8.7,False,False,False,-4,0.919999957,0.00436780043
Frame,8,0.0851211548,0,0,False,True,Closing,WaitingToStart,False,False,False,6,0,-4,0,-10,8.7,False,False,False,-4,0.919999957,0.0043214
Frame,9,0.0891304,0,0,False,True,Closing,WaitingToStart,False,False,False,6,0,-4,0,-10,8.7,False,False,False,-4,0.919999957,0.004
Frame,10,0.09236145,0,0,False,True,Closing,WaitingToStart,False,False,False,6,0,-4,0,-10,8.7,False,False,False,-4,0.919999957,0.00359760481
Frame,11,0.09550667,0,0,False,True,Closing,WaitingToStart,False,False,False,6,0,-4,0,-10,8.7,False,False,False,-4,0.919999957,0.00286029628
Frame,12,0.103319168,0,0,False,True,Closing,WaitingToStart,False,False,False,6,0,-4,0,-10,8.7,False,False,False,-4,0.919999957,0.007692099
Frame,13,0.110235214,0,0,False,True,Closing,WaitingToStart,False,False,False,6,0,-4,0,-10,8.7,False,False,False,-4,0.919999957,0.007047803
Frame,14,0.116910934,0,0,False,True,Closing,WaitingToStart,False,False,False,6,0,-4,0,-10,8.7,False,False,False,-4,0.919999957,0.004082901
Frame,15,0.121694565,0,0,False,True,Closing,WaitingToStart,False,False,False,6,0,-4,0,-10,8.7,False,False,False,-4,0.919999957,0.00747279637
Frame,16,0.1283474,0,0,False,True,Closing,WaitingToStart,False,False,False,6,0,-4,0,-10,8.7,False,False,False,-4,0.919999957,0.006192099
Frame,17,0.132572174,0,0,False,True,Closing,WaitingToStart,False,False,False,6,0,-4,0,-10,8.7,False,False,False,-4,0.919999957,0.004443403
Frame,18,0.135560989,0,0,False,True,Closing,WaitingToStart,False,False,False,6,0,-4,0,-10,8.7,False,False,False,-4,0.919999957,0.00343789672
Frame,19,0.138246536,0,0,False,True,Closing,WaitingToStart,False,False,False,6,0,-4,0,-10,8.7,False,False,False,-4,0.919999957,0.00272110268
Frame,20,0.1408062,0,0,False,True,Closing,WaitingToStart,False,False,False,6,0,-4,0,-10,8.7,False,False,False,-4,0.919999957,0.00257059955
Frame,21,0.143411636,0,0,False,True,Closing,WaitingToStart,False,False,False,6,0,-4,0,-10,8.7,False,False,False,-4,0.919999957,0.002567602
Frame,22,0.146495819,0,0,False,True,Closing,WaitingToStart,False,False,False,6,0,-4,0,-10,8.7,False,False,False,-4,0.919999957,0.00306209619
Frame,23,0.150222778,0,0,False,True,Closing,WaitingToStart,False,False,False,6,0,-4,0,-10,8.7,False,False,False,-4,0.919999957,0.00314680417
Frame,24,0.1539917,0,0,False,True,Closing,WaitingToStart,False,False,False,6,0,-4,0,-10,8.7,False,False,False,-4,0.919999957,0.004049596
Frame,25,0.156930923,0,0,False,True,Closing,WaitingToStart,False,False,False,6,0,-4,0,-10,8.7,False,False,False,-4,0.919999957,0.00324990088
Frame,26,0.159687042,0,0,False,True,Closing,WaitingToStart,False,False,False,6,0,-4,0,-10,8.7,False,False,False,-4,0.919999957,0.0027587018
Frame,27,0.162853241,0,0,False,True,Closing,WaitingToStart,False,False,False,6,0,-4,0,-10,8.7,False,False,False,-4,0.919999957,0.00302580069
Frame,28,0.166965485,0,0,False,True,Closing,WaitingToStart,False,False,False,6,0,-4,0,-10,8.7,False,False,False,-4,0.919999957,0.003561097
Frame,29,0.1706276,0,0,False,True,Closing,WaitingToStart,False,False,False,6,0,-4,0,-10,8.7,False,False,False,-4,0.919999957,0.00399480574
Frame,30,0.173862457,0,0,False,True,Closing,WaitingToStart,False,False,False,6,0,-4,0,-10,8.7,False,False,False,-4,0.919999957,0.00345599488
Frame,31,0.177331924,0,0,False,True,Closing,WaitingToStart,False,False,False,6,0,-4,0,-10,8.7,False,False,False,-4,0.919999957,0.0033774022
Frame,32,0.180435181,0,0,False,True,Closing,WaitingToStart,False,False,False,6,0,-4,0,-10,8.7,False,False,False,-4,0.919999957,0.003157802
Frame,33,0.184772491,0,0,False,True,Closing,WaitingToStart,False,False,False,6,0,-4,0,-10,8.7,False,False,False,-4,0.919999957,0.00411789957
Frame,34,0.1874981,0,0,False,True,Closing,WaitingToStart,False,False,False,6,0,-4,0,-10,8.7,False,False,False,-4,0.919999957,0.00315959472
Frame,35,0.19900322,0,0,False,True,Closing,WaitingToStart,False,False,False,6,0,-4,0,-10,8.7,False,False,False,-4,0.919999957,0.0110811014
Frame,36,0.202987671,0,0,False,True,Closing,WaitingToStart,False,False,False,6,0,-4,0,-10,8.7,False,False,False,-4,0.919999957,0.004009304
Frame,37,0.206338882,0,0,False,True,Closing,WaitingToStart,False,False,False,6,0,-4,0,-10,8.7,False,False,False,-4,0.919999957,0.003645401
Frame,38,0.209054947,0,0,False,True,Closing,WaitingToStart,False,False,False,6,0,-4,0,-10,8.7,False,False,False,-4,0.919999957,0.00279389881
Frame,39,0.211597443,0,0,False,True,Closing,WaitingToStart,False,False,False,6,0,-4,0,-10,8.7,False,False,False,-4,0.919999957,0.00258459477
Frame,40,0.214002609,0,0,False,True,Closing,WaitingToStart,False,False,False,6,0,-4,0,-10,8.7,False,False,False,-4,0.919999957,0.00248580636
Frame,41,0.21667099,0,0,False,True,Closing,WaitingToStart,False,False,False,6,0,-4,0,-10,8.7,False,False,False,-4,0.919999957,0.0025312996
Frame,42,0.220170975,0,0,False,True,Closing,WaitingToStart,False,False,False,6,0,-4,0,-10,8.7,False,False,False,-4,0.919999957,0.003308397
Frame,43,0.225503922,0,0,False,True,Closing,WaitingToStart,False,False,False,6,0,-4,0,-10,8.7,False,False,False,-4,0.919999957,0.00367269688
Frame,44,0.228954315,0,0,False,True,Closing,WaitingToStart,False,False,False,6,0,-4,0,-10,8.7,False,False,False,-4,0.919999957,0.00516500138
Frame,45,0.232200623,0,0,False,True,Closing,WaitingToStart,False,False,False,6,0,-4,0,-10,8.7,False,False,False,-4,0.919999957,0.00340830488
Frame,46,0.2348175,0,0,False,True,Closing,WaitingToStart,False,False,False,6,0,-4,0,-10,8.7,False,False,False,-4,0.919999957,0.0026732
Frame,47,0.23900032,0,0,False,True,Closing,WaitingToStart,False,False,False,6,0,-4,0,-10,8.7,False,False,False,-4,0.919999957,0.00358369481
Frame,48,0.2425785,0,0,False,True,Closing,WaitingToStart,False,False,False,6,0,-4,0,-10,8.7,False,False,False,-4,0.919999957,0.00381510053
Frame,49,0.24650383,0,0,False,True,Closing,WaitingToStart,False,False,False,6,0,-4,0,-10,8.7,False,False,False,-4,0.919999957,0.00354050449
Frame,50,0.249959946,0,0,False,True,Closing,WaitingToStart,False,False,False,6,0,-4,0,-10,8.7,False,False,False,-4,0.919999957,0.004129797
Frame,51,0.2528324,0,0,False,True,Closing,WaitingToStart,False,False,False,6,0,-4,0,-10,8.7,False,False,False,-4,0.919999957,0.00274340273
Frame,52,0.257070541,0,0,False,True,Closing,WaitingToStart,False,False,False,6,0,-4,0,-10,8.7,False,False,False,-4,0.919999957,0.00303570018
Frame,53,0.260993958,0,0,False,True,Closing,WaitingToStart,False,False,False,6,0,-4,0,-10,8.7,False,False,False,-4,0.919999957,0.005068495
Frame,54,0.2653637,0,0,False,True,Closing,WaitingToStart,False,False,False,6,0,-4,0,-10,8.7,False,False,False,-4,0.919999957,0.00360539975
Frame,55,0.268602371,0,0,False,True,Closing,WaitingToStart,False,False,False,6,0,-4,0,-10,8.7,False,False,False,-4,0.919999957,0.00420200545
Frame,56,0.272007,0,0,False,True,Closing,WaitingToStart,False,False,False,6,0,-4,0,-10,8.7,False,False,False,-4,0.919999957,0.00312189618
Frame,57,0.2757473,0,0,False,True,Closing,WaitingToStart,False,False,False,6,0,-4,0,-10,8.7,False,False,False,-4,0.919999957,0.00383949839
Frame,58,0.279525757,0,0,False,True,Closing,WaitingToStart,False,False,False,6,0,-4,0,-10,8.7,False,False,False,-4,0.919999957,0.00381740369
Frame,59,0.283590317,0,0,False,True,Closing,WaitingToStart,False,False,False,6,0,-4,0,-10,8.7,False,False,False,-4,0.919999957,0.003688896
Frame,60,0.2875805,0,0,False,True,Closing,WaitingToStart,False,False,False,6,0,-4,0,-10,8.7,False,False,False,-4,0.919999957,0.00421140157
Frame,61,0.291378021,0,0,False,True,Closing,WaitingToStart,False,False,False,6,0,-4,0,-10,8.7,False,False,False,-4,0.919999957,0.00368219963
Frame,62,0.295324326,0,0,False,True,Closing,WaitingToStart,False,False,False,6,0,-4,0,-10,8.7,False,False,False,-4,0.919999957,0.004042503
Frame,63,0.299257278,0,0,False,True,Closing,WaitingToStart,False,False,False,6,0,-4,0,-10,8.7,False,False,False,-4,0.919999957,0.00376629829
Frame,64,0.30241394,0,0,False,True,Closing,WaitingToStart,False,False,False,6,0,-4,0,-10,8.7,False,False,False,-4,0.919999957,0.003574001
Frame,65,0.305242538,0,0,False,True,Closing,WaitingToStart,False,False,False,6,0,-4,0,-10,8.7,False,False,False,-4,0.919999957,0.00278910156
Frame,66,0.307657242,0,0,False,True,Closing,WaitingToStart,False,False,False,6,0,-4,0,-10,8.7,False,False,False,-4,0.919999957,0.00259689637
Frame,67,0.310096741,0,0,False,True,Closing,WaitingToStart,False,False,False,6,0,-4,0,-10,8.7,False,False,False,-4,0.919999957,0.00241120323
Frame,68,0.31246376,0,0,False,True,Closing,WaitingToStart,False,False,False,6,0,-4,0,-10,8.7,False,False,False,-4,0.919999957,0.00243969681
Frame,69,0.314905167,0,0,False,True,Closing,WaitingToStart,False,False,False,6,0,-4,0,-10,8.7,False,False,False,-4,0.919999957,0.00236590137
Frame,70,0.318023682,0,0,False,True,Closing,WaitingToStart,False,False,False,6,0,-4,0,-10,8.7,False,False,False,-4,0.919999957,0.002924504
Frame,71,0.321365356,0,0,False,True,Closing,WaitingToStart,False,False,False,6,0,-4,0,-10,8.7,False,False,False,-4,0.919999957,0.00335209747
Frame,72,0.324358,0,0,False,True,Closing,WaitingToStart,False,False,False,6,0,-4,0,-10,8.7,False,False,False,-4,0.919999957,0.00306109688
Frame,73,0.326974869,0,0,False,True,Closing,WaitingToStart,False,False,False,6,0,-4,0,-10,8.7,False,False,False,-4,0.919999957,0.00273080356
Frame,74,0.3294525,0,0,False,True,Closing,WaitingToStart,False,False,False,6,0,-4,0,-10,8.7,False,False,False,-4,0.919999957,0.002499596
Frame,75,0.33244133,0,0,False,True,Closing,WaitingToStart,False,False,False,6,0,-4,0,-10,8.7,False,False,False,-4,0.919999957,0.00275
Frame,76,0.3357849,0,0,False,True,Closing,WaitingToStart,False,False,False,6,0,-4,0,-10,8.7,False,False,False,-4,0.919999957,0.0033386054
Frame,77,0.338840485,0,0,False,True,Closing,WaitingToStart,False,False,False,6,0,-4,0,-10,8.7,False,False,False,-4,0.919999957,0.00315869483
Frame,78,0.341938019,0,0,False,True,Closing,WaitingToStart,False,False,False,6,0,-4,0,-10,8.7,False,False,False,-4,0.919999957,0.0031107
Frame,79,0.3449726,0,0,False,True,Closing,WaitingToStart,False,False,False,6,0,-4,0,-10,8.7,False,False,False,-4,0.919999957,0.002980003
Frame,80,0.347970963,0,0,False,True,Closing,WaitingToStart,False,False,False,6,0,-4,0,-10,8.7,False,False,False,-4,0.919999957,0.00300340145
Frame,81,0.351408,0,0,False,True,Closing,WaitingToStart,False,False,False,6,0,-4,0,-10,8.7,False,False,False,-4,0.919999957,0.00339529477
Frame,82,0.3545494,0,0,False,True,Closing,WaitingToStart,False,False,False,6,0,-4,0,-10,8.7,False,False,False,-4,0.919999957,0.00324320444
Frame,83,0.357334137,0,0,False,True,Closing,WaitingToStart,False,False,False,6,0,-4,0,-10,8.7,False,False,False,-4,0.919999957,0.00269789551
Frame,84,0.360561371,0,0,False,True,Closing,WaitingToStart,False,False,False,6,0,-4,0,-10,8.7,False,False,False,-4,0.919999957,0.00327080488
Frame,85,0.363557816,0,0,False,True,Closing,WaitingToStart,False,False,False,6,0,-4,0,-10,8.7,False,False,False,-4,0.919999957,0.00299939769
Frame,86,0.366708755,0,0,False,True,Closing,WaitingToStart,False,False,False,6,0,-4,0,-10,8.7,False,False,False,-4,0.919999957,0.00324730016
Frame,87,0.369449615,0,0,False,True,Closing,WaitingToStart,False,False,False,6,0,-4,0,-10,8.7,False,False,False,-4,0.919999957,0.00276870048
Frame,88,0.3721695,0,0,False,True,Closing,WaitingToStart,False,False,False,6,0,-4,0,-10,8.7,False,False,False,-4,0.919999957,0.00270800036
Frame,89,0.374917984,0,0,False,True,Closing,WaitingToStart,False,False,False,6,0,-4,0,-10,8.7,False,False,False,-4,0.919999957,0.00276099774
Frame,90,0.377450943,0,0,False,True,Closing,WaitingToStart,False,False,False,6,0,-4,0,-10,8.7,False,False,False,-4,0.919999957,0.002557405
Frame,91,0.380064,0,0,False,True,Closing,WaitingToStart,False,False,False,6,0,-4,0,-10,8.7,False,False,False,-4,0.919999957,0.002646698
Frame,92,0.383144379,0,0,False,True,Closing,WaitingToStart,False,False,False,6,0,-4,0,-10,8.7,False,False,False,-4,0.919999957,0.002846797
Frame,93,0.3861313,0,0,False,True,Closing,WaitingToStart,False,False,False,6,0,-4,0,-10,8.7,False,False,False,-4,0.919999957,0.00306930277
Frame,94,0.3890915,0,0,False,True,Closing,WaitingToStart,False,False,False,6,0,-4,0,-10,8.7,False,False,False,-4,0.919999957,0.00303300028
Frame,95,0.391866684,0,0,False,True,Closing,WaitingToStart,False,False,False,6,0,-4,0,-10,8.7,False,False,False,-4,0.919999957,0.002666702
Frame,96,0.3951931,0,0,False,True,Closing,WaitingToStart,False,False,False,6,0,-4,0,-10,8.7,False,False,False,-4,0.919999957,0.003255194
Frame,97,0.3978939,0,0,False,True,Closing,WaitingToStart,False,False,False,6,0,-4,0,-10,8.7,False,False,False,-4,0.919999957,0.00280719949
Frame,98,0.400604248,0,0,False,True,Closing,WaitingToStart,False,False,False,6,0,-4,0,-10,8.7,False,False,False,-4,0.919999957,0.00282020262
Frame,99,0.403329849,0,0,False,True,Closing,WaitingToStart,False,False,False,6,0,-4,0,-10,8.7,False,False,False,-4,0.919999957,0.00268399948
Frame,100,0.4061222,0,0,False,True,Closing,WaitingToStart,False,False,False,6,0,-4,0,-10,8.7,False,False,False,-4,0.919999957,0.00281050173
Frame,101,0.408836365,0,0,False,True,Closing,WaitingToStart,False,False,False,6,0,-4,0,-10,8.7,False,False,False,-4,0.919999957,0.00269479887
Frame,102,0.411289215,0,0,False,True,Closing,WaitingToStart,False,False,False,6,0,-4,0,-10,8.7,False,False,False,-4,0.919999957,0.00250260066
Frame,103,0.41371727,0,0,False,True,Closing,WaitingToStart,False,False,False,6,0,-4,0,-10,8.7,False,False,False,-4,0.919999957,0.0024482
Frame,104,0.4164257,0,0,False,True,Closing,WaitingToStart,False,False,False,6,0,-4,0,-10,8.7,False,False,False,-4,0.919999957,0.00257529761
Frame,105,0.419031143,0,0,False,True,Closing,WaitingToStart,False,False,False,6,0,-4,0,-10,8.7,False,False,False,-4,0.919999957,0.00266699982
Frame,106,0.42168808,0,0,False,True,Closing,WaitingToStart,False,False,False,6,0,-4,0,-10,8.7,False,False,False,-4,0.919999957,0.00274840556
Frame,107,0.424253464,0,0,False,True,Closing,WaitingToStart,False,False,False,6,0,-4,0,-10,8.7,False,False,False,-4,0.919999957,0.0024553996
Frame,108,0.426902771,0,0,False,True,Closing,WaitingToStart,False,False,False,6,0,-4,0,-10,8.7,False,False,False,-4,0.919999957,0.002693098
Frame,109,0.4300766,0,0,False,True,Closing,WaitingToStart,False,False,False,6,0,-4,0,-10,8.7,False,False,False,-4,0.919999957,0.003067602
Frame,110,0.433353424,0,0,False,True,Closing,WaitingToStart,False,False,False,6,0,-4,0,-10,8.7,False,False,False,-4,0.919999957,0.0032303005
Frame,111,0.436735153,0,0,False,True,Closing,WaitingToStart,False,False,False,6,0,-4,0,-10,8.7,False,False,False,-4,0.919999957,0.00336099765
Frame,112,0.4398346,0,0,False,True,Closing,WaitingToStart,False,False,False,6,0,-4,0,-10,8.7,False,False,False,-4,0.919999957,0.0030953018
Frame,113,0.4425621,0,0,False,True,Closing,WaitingToStart,False,False,False,6,0,-4,0,-10,8.7,False,False,False,-4,0.919999957,0.00291919638
Frame,114,0.445203781,0,0,False,True,Closing,WaitingToStart,False,False,False,6,0,-4,0,-10,8.7,False,False,False,-4,0.919999957,0.00258720247
Frame,115,0.447864532,0,0,False,True,Closing,WaitingToStart,False,False,False,6,0,-4,0,-10,8.7,False,False,False,-4,0.919999957,0.0026
Frame,116,0.453805923,0,0,False,True,Closing,WaitingToStart,False,False,False,6,0,-4,0,-10,8.7,False,False,False,-4,0.919999957,0.0058770976
Frame,117,0.456512451,0,0,False,True,Closing,WaitingToStart,False,False,False,6,0,-4,0,-10,8.7,False,False,False,-4,0.919999957,0.00289049745
Frame,118,0.4598713,0,0,False,True,Closing,WaitingToStart,False,False,False,6,0,-4,0,-10,8.7,False,False,False,-4,0.919999957,0.003184304
Frame,119,0.47895813,0,0,False,True,Closing,WaitingToStart,False,False,False,6,0,-4,0,-10,8.7,False,False,False,-4,0.919999957,0.0188894
Frame,120,0.481941223,0,0,False,True,Closing,WaitingToStart,False,False,False,6,0,-4,0,-10,8.7,False,False,False,-4,0.919999957,0.003183397
Frame,121,0.485057831,0,0,False,True,Closing,WaitingToStart,False,False,False,6,0,-4,0,-10,8.7,False,False,False,-4,0.919999957,0.002973604
Frame,122,0.487770081,0,0,False,True,Closing,WaitingToStart,False,False,False,6,0,-4,0,-10,8.7,False,False,False,-4,0.919999957,0.00299919932
Frame,123,0.490459442,0,0,False,True,Closing,WaitingToStart,False,False,False,6,0,-4,0,-10,8.7,False,False,False,-4,0.919999957,0.00269919937
Frame,124,0.492855072,0,0,False,True,Closing,WaitingToStart,False,False,False,6,0,-4,0,-10,8.7,False,False,False,-4,0.919999957,0.0024553996
Frame,125,0.4952469,0,0,False,True,Closing,WaitingToStart,False,False,False,6,0,-4,0,-10,8.7,False,False,False,-4,0.919999957,0.00233059819
Frame,126,0.4977951,0,0,False,True,Closing,WaitingToStart,False,False,False,6,0,-4,0,-10,8.7,False,False,False,-4,0.919999957,0.00244649942
Frame,127,0.501333237,0,0,False,True,Closing,WaitingToStart,False,False,False,6,0,-4,0,-10,8.7,False,False,False,-4,0.919999957,0.003185601
Frame,128,0.5044155,0,0,False,True,Closing,WaitingToStart,False,False,False,6,0,-4,0,-10,8.7,False,False,False,-4,0.919999957,0.00337430555
Frame,129,0.507225037,0,0,False,True,Closing,WaitingToStart,False,False,False,6,0,-4,0,-10,8.7,False,False,False,-4,0.919999957,0.0029330994
Frame,130,0.509950638,0,0,False,True,Closing,WaitingToStart,False,False,False,6,0,-4,0,-10,8.7,False,False,False,-4,0.919999957,0.00267089717
Frame,131,0.512622833,0,0,False,True,Closing,WaitingToStart,False,False,False,6,0,-4,0,-10,8.7,False,False,False,-4,0.919999957,0.00274450122
Frame,132,0.5154629,0,0,False,True,Closing,WaitingToStart,False,False,False,6,0,-4,0,-10,8.7,False,False,False,-4,0.919999957,0.00262809661
Frame,133,0.5182209,0,0,False,True,Closing,WaitingToStart,False,False,False,6,0,-4,0,-10,8.7,False,False,False,-4,0.919999957,0.00294880243
Frame,134,0.520805359,0,0,False,True,Closing,WaitingToStart,False,False,False,6,0,-4,0,-10,8.7,False,False,False,-4,0.919999957,0.00265170075
Frame,135,0.5232792,0,0,False,True,Closing,WaitingToStart,False,False,False,6,0,-4,0,-10,8.7,False,False,False,-4,0.919999957,0.00245389738
Frame,136,0.525791168,0,0,False,True,Closing,WaitingToStart,False,False,False,6,0,-4,0,-10,8.7,False,False,False,-4,0.919999957,0.0025128047
Frame,137,0.528265,0,0,False,True,Closing,WaitingToStart,False,False,False,6,0,-4,0,-10,8.7,False,False,False,-4,0.919999957,0.00244649942
Frame,138,0.53071785,0,0,False,True,Closing,WaitingToStart,False,False,False,6,0,-4,0,-10,8.7,False,False,False,-4,0.919999957,0.00250129681
Frame,139,0.533367157,0,0,False,True,Closing,WaitingToStart,False,False,False,6,0,-4,0,-10,8.7,False,False,False,-4,0.919999957,0.00257400074
Frame,140,0.536008835,0,0,False,True,Closing,WaitingToStart,False,False,False,6,0,-4,0,-10,8.7,False,False,False,-4,0.919999957,0.002687401
Frame,141,0.538478851,0,0,False,True,Closing,WaitingToStart,False,False,False,6,0,-4,0,-10,8.7,False,False,False,-4,0.919999957,0.00245549879
Frame,142,0.541173935,0,0,False,True,Closing,WaitingToStart,False,False,False,6,0,-4,0,-10,8.7,False,False,False,-4,0.919999957,0.00278000277
Frame,143,0.5436573,0,0,False,True,Closing,WaitingToStart,False,False,False,6,0,-4,0,-10,8.7,False,False,False,-4,0.919999957,0.002372201
Frame,144,0.546113968,0,0,False,True,Closing,WaitingToStart,False,False,False,6,0,-4,0,-10,8.7,False,False,False,-4,0.919999957,0.00256329356
Frame,145,0.548963547,0,0,False,True,Closing,WaitingToStart,False,False,False,6,0,-4,0,-10,8.7,False,False,False,-4,0.919999957,0.0025732
Frame,146,0.55210495,0,0,False,True,Closing,WaitingToStart,False,False,False,6,0,-4,0,-10,8.7,False,False,False,-4,0.919999957,0.0032328018
Frame,147,0.555267334,0,0,False,True,Closing,WaitingToStart,False,False,False,6,0,-4,0,-10,8.7,False,False,False,-4,0.919999957,0.003166603
Frame,148,0.558303833,0,0,False,True,Closing,WaitingToStart,False,False,False,6,0,-4,0,-10,8.7,False,False,False,-4,0.919999957,0.00300620031
Frame,149,0.561216354,0,0,False,True,Closing,WaitingToStart,False,False,False,6,0,-4,0,-10,8.7,False,False,False,-4,0.919999957,0.00311999721
Frame,150,0.563625336,0,0,False,True,Closing,WaitingToStart,False,False,False,6,0,-4,0,-10,8.7,False,False,False,-4,0.919999957,0.0023893
Frame,151,0.566402435,0,0,False,True,Closing,WaitingToStart,False,False,False,6,0,-4,0,-10,8.7,False,False,False,-4,0.919999957,0.00256930268
Frame,152,0.5699539,0,0,False,True,Closing,WaitingToStart,False,False,False,6,0,-4,0,-10,8.7,False,False,False,-4,0.919999957,0.003523597
Frame,153,0.572399139,0,0,False,True,Closing,WaitingToStart,False,False,False,6,0,-4,0,-10,8.7,False,False,False,-4,0.919999957,0.00260480447
Frame,154,0.57481,0,0,False,True,Closing,WaitingToStart,False,False,False,6,0,-4,0,-10,8.7,False,False,False,-4,0.919999957,0.00247559533
Frame,155,0.5773506,0,0,False,True,Closing,WaitingToStart,False,False,False,6,0,-4,0,-10,8.7,False,False,False,-4,0.919999957,0.00249199965
Frame,156,0.580034256,0,0,False,True,Closing,WaitingToStart,False,False,False,6,0,-4,0,-10,8.7,False,False,False,-4,0.919999957,0.00275340141
Frame,157,0.583461761,0,0,False,True,Closing,WaitingToStart,False,False,False,6,0,-4,0,-10,8.7,False,False,False,-4,0.919999957,0.00268129958
Frame,158,0.586889267,0,0,False,True,Closing,WaitingToStart,False,False,False,6,0,-4,0,-10,8.7,False,False,False,-4,0.919999957,0.0038383007
Frame,159,0.589788437,0,0,False,True,Closing,WaitingToStart,False,False,False,6,0,-4,0,-10,8.7,False,False,False,-4,0.919999957,0.00316420058
Frame,160,0.5925274,0,0,False,True,Closing,WaitingToStart,False,False,False,6,0,-4,0,-10,8.7,False,False,False,-4,0.919999957,0.002729599
Frame,161,0.595111847,0,0,False,True,Closing,WaitingToStart,False,False,False,6,0,-4,0,-10,8.7,False,False,False,-4,0.919999957,0.00258509768
Frame,162,0.597806931,0,0,False,True,Closing,WaitingToStart,False,False,False,6,0,-4,0,-10,8.7,False,False,False,-4,0.919999957,0.00270170067
Frame,163,0.601163864,0,0,False,True,Closing,WaitingToStart,False,False,False,6,0,-4,0,-10,8.7,False,False,False,-4,0.919999957,0.0033059027
Frame,164,0.6041317,0,0,False,True,Closing,WaitingToStart,False,False,False,6,0,-4,0,-10,8.7,False,False,False,-4,0.919999957,0.00294929836
Frame,165,0.6068325,0,0,False,True,Closing,WaitingToStart,False,False,False,6,0,-4,0,-10,8.7,False,False,False,-4,0.919999957,0.00276979874
Frame,166,0.6095638,0,0,False,True,Closing,WaitingToStart,False,False,False,6,0,-4,0,-10,8.7,False,False,False,-4,0.919999957,0.00276540522
Frame,167,0.611982346,0,0,False,True,Closing,WaitingToStart,False,False,False,6,0,-4,0,-10,8.7,False,False,False,-4,0.919999957,0.00245109829
Frame,168,0.614711761,0,0,False,True,Closing,WaitingToStart,False,False,False,6,0,-4,0,-10,8.7,False,False,False,-4,0.919999957,0.00241169916
Frame,169,0.6183853,0,0,False,True,Closing,WaitingToStart,False,False,False,6,0,-4,0,-10,8.7,False,False,False,-4,0.919999957,0.003779599
Frame,170,0.6209526,0,0,False,True,Closing,WaitingToStart,False,False,False,6,0,-4,0,-10,8.7,False,False,False,-4,0.919999957,0.00272830226
Frame,171,0.6233978,0,0,False,True,Covered,WaitingToStart,False,False,False,6,0,-4,0,-10,8.7,False,False,False,-4,0.919999957,0.0024116
Frame,172,0.626178741,0,0,False,True,Covered,WaitingToStart,False,False,False,6,0,-4,0,-10,8.7,False,False,False,-4,0.919999957,0.00276629813
Frame,173,0.6342125,0,7.2833333,True,True,Opening,Playing,True,True,True,0,15,63,0,-10,8.7,False,False,False,-4,0.92,0.00255150232
A_TutorialCommitted,173,0.6362572,0,7.2833333,True,True,Opening,Playing,True,True,True,0,15,63,0,-10,8.7,False,False,False,-4,0.92,0.00255150232
Sequence_000,173,0.85429,0,7.2833333,True,True,Opening,Playing,True,True,True,0,15,63,0,-10,8.7,False,False,False,-4,0.92,0.00255150232
Frame,174,0.866861343,0,7.2833333,True,True,Opening,Playing,True,True,True,0,15,63,0,-10,8.7,False,False,False,-4,0.92,0.2358812
Frame,175,0.873485565,0,7.2833333,True,True,Opening,Playing,True,True,True,0,15,63,0,-10,8.7,False,False,False,-4,0.92,0.008305698
Frame,176,0.87991333,0,7.2833333,True,True,Opening,Playing,True,True,True,0,15,63,0,-10,8.7,False,False,False,-4,0.92,0.00638779765
Frame,177,0.8840351,0,7.2833333,True,True,Opening,Playing,True,True,True,0,15,63,0,-10,8.7,False,False,False,-4,0.92,0.004221903
Frame,178,0.888067245,0,7.2833333,True,True,Opening,Playing,True,True,True,0,15,63,0,-10,8.7,False,False,False,-4,0.92,0.0041089
Frame,179,0.891859055,0,7.2833333,True,True,Opening,Playing,True,True,True,0,15,63,0,-10,8.7,False,False,False,-4,0.92,0.00379299885
Frame,180,0.8954601,0,7.2833333,True,True,Opening,Playing,True,True,True,0,15,63,0,-10,8.7,False,False,False,-4,0.92,0.00368509768
Frame,181,0.899515152,0,7.2833333,True,True,Opening,Playing,True,True,True,0,15,63,0,-10,8.7,False,False,False,-4,0.92,0.00373960449
Frame,182,0.9069977,0,7.2833333,True,True,Opening,Playing,True,True,True,0,15,63,0,-10,8.7,False,False,False,-4,0.92,0.007522201
Frame,183,0.91072464,0,7.2833333,True,True,Opening,Playing,True,True,True,0,15,63,0,-10,8.7,False,False,False,-4,0.92,0.00389919919
Frame,184,0.915117264,0,7.2833333,True,True,Opening,Playing,True,True,True,0,15,63,0,-10,8.7,False,False,False,-4,0.92,0.00417479454
Frame,185,0.9190178,0,7.2833333,True,True,Opening,Playing,True,True,True,0,15,63,0,-10,8.7,False,False,False,-4,0.92,0.004089803
Frame,186,0.922721863,0,7.2833333,True,True,Opening,Playing,True,True,True,0,15,63,0,-10,8.7,False,False,False,-4,0.92,0.00385459885
Frame,187,0.9265537,0,7.2833333,True,True,Opening,Playing,True,True,True,0,15,63,0,-10,8.7,False,False,False,-4,0.92,0.0037052012
Frame,188,0.930059433,0,7.2833333,True,True,Opening,Playing,True,True,True,0,15,63,0,-10,8.7,False,False,False,-4,0.92,0.00376289687
Frame,189,0.9333401,0,7.2833333,True,True,Opening,Playing,True,True,True,0,15,63,0,-10,8.7,False,False,False,-4,0.92,0.00311350613
Frame,190,0.936601639,0,7.2833333,True,True,Opening,Playing,True,True,True,0,15,63,0,-10,8.7,False,False,False,-4,0.92,0.00333209336
Frame,191,0.9397907,0,7.2833333,True,True,Opening,Playing,True,True,True,0,15,63,0,-10,8.7,False,False,False,-4,0.92,0.00311170635
Frame,192,0.9430313,0,7.2833333,True,True,Opening,Playing,True,True,True,0,15,63,0,-10,8.7,False,False,False,-4,0.92,0.00342909573
Frame,193,0.9456501,0,7.2833333,True,True,Opening,Playing,True,True,True,0,15,63,0,-10,8.7,False,False,False,-4,0.92,0.002734701
Frame,194,0.948543549,0,7.2833333,True,True,Opening,Playing,True,True,True,0,15,63,0,-10,8.7,False,False,False,-4,0.92,0.00287059951
Frame,195,0.9511852,0,7.2833333,True,True,Opening,Playing,True,True,True,0,15,63,0,-10,8.7,False,False,False,-4,0.92,0.002699901
Frame,196,0.9540653,0,7.2833333,True,True,Opening,Playing,True,True,True,0,15,63,0,-10,8.7,False,False,False,-4,0.92,0.00278090267
Frame,197,0.9572811,0,7.2833333,True,True,Opening,Playing,True,True,True,0,15,63,0,-10,8.7,False,False,False,-4,0.92,0.00297339843
Frame,198,0.960720062,0,7.2833333,True,True,Opening,Playing,True,True,True,0,15,63,0,-10,8.7,False,False,False,-4,0.92,0.00349969533
Frame,199,0.9642048,0,7.2833333,True,True,Opening,Playing,True,True,True,0,15,63,0,-10,8.7,False,False,False,-4,0.92,0.00337380241
Frame,200,0.9670925,0,7.2833333,True,True,Opening,Playing,True,True,True,0,15,63,0,-10,8.7,False,False,False,-4,0.92,0.00305569731
Frame,201,0.9697418,0,7.2833333,True,True,Opening,Playing,True,True,True,0,15,63,0,-10,8.7,False,False,False,-4,0.92,0.00286930264
Frame,202,0.9727497,0,7.2833333,True,True,Opening,Playing,True,True,True,0,15,63,0,-10,8.7,False,False,False,-4,0.92,0.0029661
Frame,203,0.9758358,0,7.2833333,True,True,Opening,Playing,True,True,True,0,15,63,0,-10,8.7,False,False,False,-4,0.92,0.00292519853
Frame,204,0.978906631,0,7.2833333,True,True,Opening,Playing,True,True,True,0,15,63,0,-10,8.7,False,False,False,-4,0.92,0.00315670343
Frame,205,0.9832802,0,7.2833333,True,True,Opening,Playing,True,True,True,0,15,63,0,-10,8.7,False,False,False,-4,0.92,0.00431439932
Frame,206,0.986251831,0,7.2833333,True,True,Opening,Playing,True,True,True,0,15,63,0,-10,8.7,False,False,False,-4,0.92,0.00312349782
Frame,207,0.98928833,0,7.2833333,True,True,Opening,Playing,True,True,True,0,15,63,0,-10,8.7,False,False,False,-4,0.92,0.003
Frame,208,0.9920368,0,7.2833333,True,True,Opening,Playing,True,True,True,0,15,63,0,-10,8.7,False,False,False,-4,0.92,0.0026741
Frame,209,0.994716644,0,7.2833333,True,True,Opening,Playing,True,True,True,0,15,63,0,-10,8.7,False,False,False,-4,0.92,0.00280940323
Frame,210,0.9979019,0,7.2833333,True,True,Opening,Playing,True,True,True,0,15,63,0,-10,8.7,False,False,False,-4,0.92,0.00311690057
Frame,211,1.00091553,0,7.2833333,True,True,Opening,Playing,True,True,True,0,15,63,0,-10,8.7,False,False,False,-4,0.92,0.002934701
Frame,212,1.00387955,0,7.2833333,True,True,Opening,Playing,True,True,True,0,15,63,0,-10,8.7,False,False,False,-4,0.92,0.00300800032
Frame,213,1.00665665,0,7.2833333,True,True,Opening,Playing,True,True,True,0,15,63,0,-10,8.7,False,False,False,-4,0.92,0.0028733986
Frame,214,1.00929451,0,7.2833333,True,True,Opening,Playing,True,True,True,0,15,63,0,-10,8.7,False,False,False,-4,0.92,0.00265170075
Sequence_001,214,1.03726768,0,7.2833333,True,True,Opening,Playing,True,True,True,0,15,63,0,-10,8.7,False,False,False,-4,0.92,0.00265170075
Frame,215,1.0461483,0,7.2833333,True,True,Opening,Playing,True,True,True,0,15,63,0,-10,8.7,False,False,False,-4,0.92,0.0364932977
Frame,216,1.0538578,0,7.2833333,True,True,Opening,Playing,True,True,True,0,15,63,0,-10,8.7,False,False,False,-4,0.92,0.007879698
Frame,217,1.0594101,0,7.2833333,True,True,Opening,Playing,True,True,True,0,15,63,0,-10,8.7,False,False,False,-4,0.92,0.0055993055
Frame,218,1.06258965,0,7.2833333,True,True,Opening,Playing,True,True,True,0,15,63,0,-10,8.7,False,False,False,-4,0.92,0.00297979731
Frame,219,1.06613922,0,7.2833333,True,True,Opening,Playing,True,True,True,0,15,63,0,-10,8.7,False,False,False,-4,0.92,0.00363859837
Frame,220,1.06948853,0,7.2833333,True,True,Opening,Playing,True,True,True,0,15,63,0,-10,8.7,False,False,False,-4,0.92,0.00352100329
Frame,221,1.07205391,0,7.2833333,True,True,Opening,Playing,True,True,True,0,15,63,0,-10,8.7,False,False,False,-4,0.92,0.00266410154
Frame,222,1.0748558,0,7.2833333,True,True,Opening,Playing,True,True,True,0,15,63,0,-10,8.7,False,False,False,-4,0.92,0.002666695
Frame,223,1.07863045,0,7.2833333,True,True,Opening,Playing,True,True,True,0,15,63,0,-10,8.7,False,False,False,-4,0.92,0.00380670349
Frame,224,1.08179474,0,7.2833333,True,True,Opening,Playing,True,True,True,0,15,63,0,-10,8.7,False,False,False,-4,0.92,0.00306609971
Frame,225,1.08538437,0,7.2833333,True,True,Opening,Playing,True,True,True,0,15,63,0,-10,8.7,False,False,False,-4,0.92,0.003598597
Frame,226,1.08819962,0,7.2833333,True,True,Opening,Playing,True,True,True,0,15,63,0,-10,8.7,False,False,False,-4,0.92,0.00293250429
Frame,227,1.09096336,0,7.2833333,True,True,Opening,Playing,True,True,True,0,15,63,0,-10,8.7,False,False,False,-4,0.92,0.00274659856
Frame,228,1.09377289,0,7.2833333,True,True,Opening,Playing,True,True,True,0,15,63,0,-10,8.7,False,False,False,-4,0.92,0.00286680134
Frame,229,1.09638214,0,7.2833333,True,True,Opening,Playing,True,True,True,0,15,63,0,-10,8.7,False,False,False,-4,0.92,0.0026616
Frame,230,1.09963989,0,7.2833333,True,True,Opening,Playing,True,True,True,0,15,63,0,-10,8.7,False,False,False,-4,0.92,0.003191199
Frame,231,1.10334969,0,7.2833333,True,True,Opening,Playing,True,True,True,0,15,63,0,-10,8.7,False,False,False,-4,0.92,0.00353910145
Frame,232,1.10631371,0,7.2833333,True,True,Opening,Playing,True,True,True,0,15,63,0,-10,8.7,False,False,False,-4,0.92,0.003047697
Frame,233,1.10919,0,7.2833333,True,True,Opening,Playing,True,True,True,0,15,63,0,-10,8.7,False,False,False,-4,0.92,0.00287429849
Frame,234,1.11198235,0,7.2833333,True,True,Opening,Playing,True,True,True,0,15,63,0,-10,8.7,False,False,False,-4,0.92,0.00284050452
Frame,235,1.11502457,0,7.2833333,True,True,Opening,Playing,True,True,True,0,15,63,0,-10,8.7,False,False,False,-4,0.92,0.002818098
Frame,236,1.118433,0,7.2833333,True,True,Opening,Playing,True,True,True,0,15,63,0,-10,8.7,False,False,False,-4,0.92,0.003612599
Frame,237,1.12134933,0,7.2833333,True,True,Opening,Playing,True,True,True,0,15,63,0,-10,8.7,False,False,False,-4,0.92,0.00287719676
Frame,238,1.12460136,0,7.2833333,True,True,Opening,Playing,True,True,True,0,15,63,0,-10,8.7,False,False,False,-4,0.92,0.00298270257
Frame,239,1.12778282,0,7.2833333,True,True,Opening,Playing,True,True,True,0,15,63,0,-10,8.7,False,False,False,-4,0.92,0.00327339862
Frame,240,1.1312542,0,7.2833333,True,True,Opening,Playing,True,True,True,0,15,63,0,-10,8.7,False,False,False,-4,0.92,0.00345210452
Frame,241,1.134615,0,7.2833333,True,True,Opening,Playing,True,True,True,0,15,63,0,-10,8.7,False,False,False,-4,0.92,0.00358589855
Frame,242,1.13746834,0,7.2833333,True,True,Opening,Playing,True,True,True,0,15,63,0,-10,8.7,False,False,False,-4,0.92,0.002828196
Frame,243,1.14014053,0,7.2833333,True,True,Opening,Playing,True,True,True,0,15,63,0,-10,8.7,False,False,False,-4,0.92,0.00276950118
Frame,244,1.14284515,0,7.2833333,True,True,Opening,Playing,True,True,True,0,15,63,0,-10,8.7,False,False,False,-4,0.92,0.00270300452
Frame,245,1.14559746,0,7.2833333,True,True,Opening,Playing,True,True,True,0,15,63,0,-10,8.7,False,False,False,-4,0.92,0.002665696
Frame,246,1.14989471,0,7.2833333,True,True,Opening,Playing,True,True,True,0,15,63,0,-10,8.7,False,False,False,-4,0.92,0.00436519971
Frame,247,1.15268326,0,7.2833333,True,True,Opening,Playing,True,True,True,0,15,63,0,-10,8.7,False,False,False,-4,0.92,0.00278360257
Frame,248,1.15532875,0,7.2833333,True,True,Opening,Playing,True,True,True,0,15,63,0,-10,8.7,False,False,False,-4,0.92,0.00270729885
Frame,249,1.15840149,0,7.2833333,True,True,Opening,Playing,True,True,True,0,15,63,0,-10,8.7,False,False,False,-4,0.92,0.00304829935
Frame,250,1.16125488,0,7.2833333,True,True,Opening,Playing,True,True,True,0,15,63,0,-10,8.7,False,False,False,-4,0.92,0.00284550036
Frame,251,1.164196,0,7.2833333,True,True,Opening,Playing,True,True,True,0,15,63,0,-10,8.7,False,False,False,-4,0.92,0.0027
Frame,252,1.16746521,0,7.2833333,True,True,Opening,Playing,True,True,True,0,15,63,0,-10,8.7,False,False,False,-4,0.92,0.00338080362
Frame,253,1.17067337,0,7.2833333,True,True,Opening,Playing,True,True,True,0,15,63,0,-10,8.7,False,False,False,-4,0.92,0.00324749853
Frame,254,1.17355728,0,7.2833333,True,True,Opening,Playing,True,True,True,0,15,63,0,-10,8.7,False,False,False,-4,0.92,0.002942099
Frame,255,1.17670631,0,7.2833333,True,True,Opening,Playing,True,True,True,0,15,63,0,-10,8.7,False,False,False,-4,0.92,0.00302210171
Frame,256,1.17960167,0,7.2833333,True,True,Opening,Playing,True,True,True,0,15,63,0,-10,8.7,False,False,False,-4,0.92,0.00298599782
Frame,257,1.1825943,0,7.2833333,True,True,Opening,Playing,True,True,True,0,15,63,0,-10,8.7,False,False,False,-4,0.92,0.00295710028
Frame,258,1.18566513,0,7.2833333,True,True,Opening,Playing,True,True,True,0,15,63,0,-10,8.7,False,False,False,-4,0.92,0.002946797
Frame,259,1.18846321,0,7.2833333,True,True,Opening,Playing,True,True,True,0,15,63,0,-10,8.7,False,False,False,-4,0.92,0.00301210326
Frame,260,1.19127083,0,7.2833333,True,True,Opening,Playing,True,True,True,0,15,63,0,-10,8.7,False,False,False,-4,0.92,0.002843502
Frame,261,1.19405556,0,7.2833333,True,True,Opening,Playing,True,True,True,0,15,63,0,-10,8.7,False,False,False,-4,0.92,0.002759198
Frame,262,1.19754791,0,7.2833333,True,True,Opening,Playing,True,True,True,0,15,63,0,-10,8.7,False,False,False,-4,0.92,0.00324919936
Frame,263,1.2016964,0,7.2833333,True,True,Opening,Playing,True,True,True,0,15,63,0,-10,8.7,False,False,False,-4,0.92,0.0039312006
Frame,264,1.20539474,0,7.2833333,True,True,Opening,Playing,True,True,True,0,15,63,0,-10,8.7,False,False,False,-4,0.92,0.00376840285
Frame,265,1.2083683,0,7.2833333,True,True,Opening,Playing,True,True,True,0,15,63,0,-10,8.7,False,False,False,-4,0.92,0.00317850057
Frame,266,1.21130562,0,7.2833333,True,True,Opening,Playing,True,True,True,0,15,63,0,-10,8.7,False,False,False,-4,0.92,0.00285529345
Sequence_002,266,1.23989677,0,7.2833333,True,True,Opening,Playing,True,True,True,0,15,63,0,-10,8.7,False,False,False,-4,0.92,0.00285529345
Frame,267,1.24643517,0,7.2833333,True,True,Opening,Playing,True,True,True,0,15,63,0,-10,8.7,False,False,False,-4,0.92,0.0350031033
Frame,268,1.257122,0,7.2833333,True,False,None,Playing,True,True,True,0,15,63,0,-10,8.7,False,False,False,-4,0.92,0.004794303
B_IntroStart,268,1.25858688,0,7.2833333,True,False,None,Playing,True,True,True,0,15,63,0,-10,8.7,False,False,False,-4,0.92,0.004794303
Frame,269,1.32974625,0.0772518,7.2833333,True,False,None,Playing,True,True,True,0,15,63,0,-10,8.7,False,False,False,-4,0.92,0.0772518
Frame,270,1.33901024,0.08787029,7.2833333,True,False,None,Playing,True,True,True,0,15,63,0,-10,8.7,False,False,False,-4,0.92,0.0106184948
Frame,271,1.34558487,0.09421769,7.2833333,True,False,None,Playing,True,True,True,0,15,63,0,-10,8.7,False,False,False,-4,0.92,0.006347399
Frame,272,1.34948158,0.0981117,7.2833333,True,False,None,Playing,True,True,True,0,15,63,0,-10,8.7,False,False,False,-4,0.92,0.0038940052
Frame,273,1.353323,0.102275595,7.2833333,True,False,None,Playing,True,True,True,0,15,63,0,-10,8.7,False,False,False,-4,0.92,0.004163896
Frame,274,1.35673141,0.1057482,7.2833333,True,False,None,Playing,True,True,True,0,15,63,0,-10,8.7,False,False,False,-4,0.92,0.00347260479
Frame,275,1.36039543,0.109418392,7.2833333,True,False,None,Playing,True,True,True,0,15,63,0,-10,8.7,False,False,False,-4,0.92,0.00367019558
Frame,276,1.36464691,0.113159589,7.2833333,True,False,None,Playing,True,True,True,0,15,63,0,-10,8.7,False,False,False,-4,0.92,0.003741199
Frame,277,1.36930275,0.118241094,7.2833333,True,False,None,Playing,True,True,True,0,15,63,0,-10,8.7,False,False,False,-4,0.92,0.005081505
Frame,278,1.3726635,0.121464185,7.2833333,True,False,None,Playing,True,True,True,0,15,63,0,-10,8.7,False,False,False,-4,0.92,0.003223094
Frame,279,1.37566376,0.124739788,7.2833333,True,False,None,Playing,True,True,True,0,15,63,0,-10,8.7,False,False,False,-4,0.92,0.00327560236
Frame,280,1.37890625,0.128007784,7.2833333,True,False,None,Playing,True,True,True,0,15,63,0,-10,8.7,False,False,False,-4,0.92,0.00326799881
Frame,281,1.38236046,0.131241485,7.2833333,True,False,None,Playing,True,True,True,0,15,63,0,-10,8.7,False,False,False,-4,0.92,0.003233702
Frame,282,1.385479,0.134405687,7.2833333,True,False,None,Playing,True,True,True,0,15,63,0,-10,8.7,False,False,False,-4,0.92,0.00316420058
Frame,283,1.38851738,0.1375946,7.2833333,True,False,None,Playing,True,True,True,0,15,63,0,-10,8.7,False,False,False,-4,0.92,0.003188903
Frame,284,1.39225006,0.141346887,7.2833333,True,False,None,Playing,True,True,True,0,15,63,0,-10,8.7,False,False,False,-4,0.92,0.00375229586
Frame,285,1.395464,0.14454329,7.2833333,True,False,None,Playing,True,True,True,0,15,63,0,-10,8.7,False,False,False,-4,0.92,0.00319640012
Frame,286,1.398756,0.147717,7.2833333,True,False,None,Playing,True,True,True,0,15,63,0,-10,8.7,False,False,False,-4,0.92,0.00317370333
Frame,287,1.40188217,0.1509623,7.2833333,True,False,None,Playing,True,True,True,0,15,63,0,-10,8.7,False,False,False,-4,0.92,0.00324529479
Frame,288,1.4049263,0.153938189,7.2833333,True,False,None,Playing,True,True,True,0,15,63,0,-10,8.7,False,False,False,-4,0.92,0.0029759
Frame,289,1.40799522,0.157087,7.2833333,True,False,None,Playing,True,True,True,0,15,63,0,-10,8.7,False,False,False,-4,0.92,0.00314880232
Frame,290,1.41104507,0.1600769,7.2833333,True,False,None,Playing,True,True,True,0,15,63,0,-10,8.7,False,False,False,-4,0.92,0.00298990216
Frame,291,1.413866,0.1629113,7.2833333,True,False,None,Playing,True,True,True,0,15,63,0,-10,8.7,False,False,False,-4,0.92,0.0028343962
Sequence_003,291,1.443222,0.1629113,7.2833333,True,False,None,Playing,True,True,True,0,15,63,0,-10,8.7,False,False,False,-4,0.92,0.0028343962
Frame,292,1.44792557,0.1968378,7.2833333,True,False,None,Playing,True,True,True,0,15,63,0,-10,8.7,False,False,False,-4,0.92,0.0339265019
Frame,293,1.4510994,0.20011729,7.2833333,True,False,None,Playing,True,True,True,0,15,63,0,-10,8.7,False,False,False,-4,0.92,0.00327949971
Frame,294,1.45410156,0.203138292,7.2833333,True,False,None,Playing,True,True,True,0,15,63,0,-10,8.7,False,False,False,-4,0.92,0.00302099623
Frame,295,1.45739174,0.206280887,7.2833333,True,False,None,Playing,True,True,True,0,15,63,0,-10,8.7,False,False,False,-4,0.92,0.003142602
Frame,296,1.46071434,0.20982568,7.2833333,True,False,None,Playing,True,True,True,0,15,63,0,-10,8.7,False,False,False,-4,0.92,0.00354479882
Frame,297,1.4641571,0.212970778,7.2833333,True,False,None,Playing,True,True,True,0,15,63,0,-10,8.7,False,False,False,-4,0.92,0.00314510334
Frame,298,1.46760941,0.21670787,7.2833333,True,False,None,Playing,True,True,True,0,15,63,0,-10,8.7,False,False,False,-4,0.92,0.003737096
Frame,299,1.47094345,0.219693869,7.2833333,True,False,None,Playing,True,True,True,0,15,63,0,-10,8.7,False,False,False,-4,0.92,0.00298600481
Frame,300,1.49607277,0.244797572,7.2833333,True,False,None,Playing,True,True,True,0,15,63,0,-10,8.7,False,False,False,-4,0.92,0.0251037
Frame,301,1.49966812,0.248564169,7.2833333,True,False,None,Playing,True,True,True,0,15,63,0,-10,8.7,False,False,False,-4,0.92,0.00376659585
Frame,302,1.50286674,0.251819283,7.2833333,True,False,None,Playing,True,True,True,0,15,63,0,-10,8.7,False,False,False,-4,0.92,0.003255102
Frame,303,1.50611687,0.255111277,7.2833333,True,False,None,Playing,True,True,True,0,15,63,0,-10,8.7,False,False,False,-4,0.92,0.00329199969
Frame,304,1.50914955,0.258225381,7.2833333,True,False,None,Playing,True,True,True,0,15,63,0,-10,8.7,False,False,False,-4,0.92,0.00311410148
Frame,305,1.5118885,0.261082977,7.2833333,True,False,None,Playing,True,True,True,0,15,63,0,-10,8.7,False,False,False,-4,0.92,0.00285760337
Frame,306,1.51507,0.264130473,7.2833333,True,False,None,Playing,True,True,True,0,15,63,0,-10,8.7,False,False,False,-4,0.92,0.00304749864
Frame,307,1.51861572,0.267637879,7.2833333,True,False,None,Playing,True,True,True,0,15,63,0,-10,8.7,False,False,False,-4,0.92,0.003507398
Frame,308,1.52198029,0.271005183,7.2833333,True,False,None,Playing,True,True,True,0,15,63,0,-10,8.7,False,False,False,-4,0.92,0.00336729735
Frame,309,1.52510262,0.2740551,7.2833333,True,False,None,Playing,True,True,True,0,15,63,0,-10,8.7,False,False,False,-4,0.92,0.00304990076
Frame,310,1.52796936,0.2771158,7.2833333,True,False,None,Playing,True,True,True,0,15,63,0,-10,8.7,False,False,False,-4,0.92,0.00306070014
Frame,311,1.53084373,0.2799351,7.2833333,True,False,None,Playing,True,True,True,0,15,63,0,-10,8.7,False,False,False,-4,0.92,0.00281930272
Frame,312,1.533844,0.2829038,7.2833333,True,False,None,Playing,True,True,True,0,15,63,0,-10,8.7,False,False,False,-4,0.92,0.00296870037
Frame,313,1.53675652,0.2858114,7.2833333,True,False,None,Playing,True,True,True,0,15,63,0,-10,8.7,False,False,False,-4,0.92,0.0029075963
Frame,314,1.53950119,0.2886264,7.2833333,True,False,None,Playing,True,True,True,0,15,63,0,-10,8.7,False,False,False,-4,0.92,0.00281500141
Frame,315,1.54224968,0.2913274,7.2833333,True,False,None,Playing,True,True,True,0,15,63,0,-10,8.7,False,False,False,-4,0.92,0.00270099915
Frame,316,1.54492188,0.2940155,7.2833333,True,False,None,Playing,True,True,True,0,15,63,0,-10,8.7,False,False,False,-4,0.92,0.00268810242
Frame,317,1.54859161,0.297233284,7.2833333,True,False,None,Playing,True,True,True,0,15,63,0,-10,8.7,False,False,False,-4,0.92,0.00321780052
Frame,318,1.55166245,0.3008434,7.2833333,True,False,None,Playing,True,True,True,0,15,63,0,-10,8.7,False,False,False,-4,0.92,0.0036100978
Frame,319,1.55466461,0.303686678,7.2833333,True,False,None,Playing,True,True,True,0,15,63,0,-10,8.7,False,False,False,-4,0.92,0.00284330361
Frame,320,1.5576458,0.306743562,7.2833333,True,False,None,Playing,True,True,True,0,15,63,0,-10,8.7,False,False,False,-4,0.92,0.00305689475
Frame,321,1.56050491,0.309601575,7.2833333,True,False,None,Playing,True,True,True,0,15,63,0,-10,8.7,False,False,False,-4,0.92,0.00285800034
Frame,322,1.56328011,0.312388569,7.2833333,True,False,None,Playing,True,True,True,0,15,63,0,-10,8.7,False,False,False,-4,0.92,0.002787004
Frame,323,1.56992912,0.318581283,7.2833333,True,False,None,Playing,True,True,True,0,15,63,0,-10,8.7,False,False,False,-4,0.92,0.0061927014
Frame,324,1.57374191,0.32254687,7.2833333,True,False,None,Playing,True,True,True,0,15,63,0,-10,8.7,False,False,False,-4,0.92,0.00396559667
Frame,325,1.57745171,0.32630077,7.2833333,True,False,None,Playing,True,True,True,0,15,63,0,-10,8.7,False,False,False,-4,0.92,0.0037538975
Frame,326,1.58466339,0.333550483,7.2833333,True,False,None,Playing,True,True,True,0,15,63,0,-10,8.7,False,False,False,-4,0.92,0.00724970223
Frame,327,1.58783722,0.336910874,7.2833333,True,False,None,Playing,True,True,True,0,15,63,0,-10,8.7,False,False,False,-4,0.92,0.00336040254
Frame,328,1.59071922,0.339827776,7.2833333,True,False,None,Playing,True,True,True,0,15,63,0,-10,8.7,False,False,False,-4,0.92,0.00291690044
Frame,329,1.59372139,0.34274298,7.2833333,True,False,None,Playing,True,True,True,0,15,63,0,-10,8.7,False,False,False,-4,0.92,0.00291519985
Frame,330,1.597683,0.346569568,7.2833333,True,False,None,Playing,True,True,True,0,15,63,0,-10,8.7,False,False,False,-4,0.92,0.00382660143
Frame,331,1.60133934,0.35008046,7.2833333,True,False,None,Playing,True,True,True,0,15,63,0,-10,8.7,False,False,False,-4,0.92,0.00351089844
Frame,332,1.60524178,0.353981048,7.2833333,True,False,None,Playing,True,True,True,0,15,63,0,-10,8.7,False,False,False,-4,0.92,0.00390059524
Frame,333,1.608099,0.357223153,7.2833333,True,False,None,Playing,True,True,True,0,15,63,0,-10,8.7,False,False,False,-4,0.92,0.003242106
Frame,334,1.6110878,0.360249162,7.2833333,True,False,None,Playing,True,True,True,0,15,63,0,-10,8.7,False,False,False,-4,0.92,0.003025999
Frame,335,1.6140461,0.363096863,7.2833333,True,False,None,Playing,True,True,True,0,15,63,0,-10,8.7,False,False,False,-4,0.92,0.002847697
Frame,336,1.61720467,0.366261065,7.2833333,True,False,None,Playing,True,True,True,0,15,63,0,-10,8.7,False,False,False,-4,0.92,0.00316420058
Sequence_004,336,1.64396667,0.366261065,7.2833333,True,False,None,Playing,True,True,True,0,15,63,0,-10,8.7,False,False,False,-4,0.92,0.00316420058
Frame,337,1.64946365,0.398297966,7.2833333,True,False,None,Playing,True,True,True,0,15,63,0,-10,8.7,False,False,False,-4,0.92,0.0320368968
Frame,338,1.65436172,0.403355569,7.2833333,True,False,None,Playing,True,True,True,0,15,63,0,-10,8.7,False,False,False,-4,0.92,0.00505760359
Frame,339,1.65724182,0.406389654,7.2833333,True,False,None,Playing,True,True,True,0,15,63,0,-10,8.7,False,False,False,-4,0.92,0.00303409854
Frame,340,1.66061974,0.409753948,7.2833333,True,False,None,Playing,True,True,True,0,15,63,0,-10,8.7,False,False,False,-4,0.92,0.0033643
Frame,341,1.66419983,0.412898451,7.2833333,True,False,None,Playing,True,True,True,0,15,63,0,-10,8.7,False,False,False,-4,0.92,0.00314450124
Frame,342,1.66800308,0.417115659,7.2833333,True,False,None,Playing,True,True,True,0,15,63,0,-10,8.7,False,False,False,-4,0.92,0.004217198
Frame,343,1.6709938,0.420113653,7.2833333,True,False,None,Playing,True,True,True,0,15,63,0,-10,8.7,False,False,False,-4,0.92,0.00299800164
Frame,344,1.6740818,0.423124462,7.2833333,True,False,None,Playing,True,True,True,0,15,63,0,-10,8.7,False,False,False,-4,0.92,0.00301079941
Frame,345,1.67839813,0.427441955,7.2833333,True,False,None,Playing,True,True,True,0,15,63,0,-10,8.7,False,False,False,-4,0.92,0.004317503
Frame,346,1.68138313,0.430476844,7.2833333,True,False,None,Playing,True,True,True,0,15,63,0,-10,8.7,False,False,False,-4,0.92,0.00303489948
Frame,347,1.68479347,0.433619648,7.2833333,True,False,None,Playing,True,True,True,0,15,63,0,-10,8.7,False,False,False,-4,0.92,0.00314280041
Frame,348,1.68808556,0.436890334,7.2833333,True,False,None,Playing,True,True,True,0,15,63,0,-10,8.7,False,False,False,-4,0.92,0.00327069871
Frame,349,1.69098663,0.440139443,7.2833333,True,False,None,Playing,True,True,True,0,15,63,0,-10,8.7,False,False,False,-4,0.92,0.0032491
Frame,350,1.69383812,0.443023145,7.2833333,True,False,None,Playing,True,True,True,0,15,63,0,-10,8.7,False,False,False,-4,0.92,0.00288370182
Frame,351,1.697113,0.446048051,7.2833333,True,False,None,Playing,True,True,True,0,15,63,0,-10,8.7,False,False,False,-4,0.92,0.00302489381
Frame,352,1.700304,0.449424356,7.2833333,True,False,None,Playing,True,True,True,0,15,63,0,-10,8.7,False,False,False,-4,0.92,0.003376304
Frame,353,1.70334053,0.452464372,7.2833333,True,False,None,Playing,True,True,True,0,15,63,0,-10,8.7,False,False,False,-4,0.92,0.00304000149
Frame,354,1.706747,0.455623955,7.2833333,True,False,None,Playing,True,True,True,0,15,63,0,-10,8.7,False,False,False,-4,0.92,0.00315959472
Frame,355,1.71023369,0.459324747,7.2833333,True,False,None,Playing,True,True,True,0,15,63,0,-10,8.7,False,False,False,-4,0.92,0.00370080071
Frame,356,1.71299934,0.462183446,7.2833333,True,False,None,Playing,True,True,True,0,15,63,0,-10,8.7,False,False,False,-4,0.92,0.00285870186
Frame,357,1.71569061,0.464847744,7.2833333,True,False,None,Playing,True,True,True,0,15,63,0,-10,8.7,False,False,False,-4,0.92,0.0026643
Frame,358,1.71848869,0.467610955,7.2833333,True,False,None,Playing,True,True,True,0,15,63,0,-10,8.7,False,False,False,-4,0.92,0.00276320148
Frame,359,1.72106934,0.470274359,7.2833333,True,False,None,Playing,True,True,True,0,15,63,0,-10,8.7,False,False,False,-4,0.92,0.0026634
Frame,360,1.72385025,0.472954065,7.2833333,True,False,None,Playing,True,True,True,0,15,63,0,-10,8.7,False,False,False,-4,0.92,0.00267969817
Frame,361,1.727148,0.475978166,7.2833333,True,False,None,Playing,True,True,True,0,15,63,0,-10,8.7,False,False,False,-4,0.92,0.0030241
Frame,362,1.73090935,0.479719669,7.2833333,True,False,None,Playing,True,True,True,0,15,63,0,-10,8.7,False,False,False,-4,0.92,0.00374150369
Frame,363,1.73449135,0.483417779,7.2833333,True,False,None,Playing,True,True,True,0,15,63,0,-10,8.7,False,False,False,-4,0.92,0.0036981008
Frame,364,1.7375946,0.486642182,7.2833333,True,False,None,Playing,True,True,True,0,15,63,0,-10,8.7,False,False,False,-4,0.92,0.00322439778
Frame,365,1.740427,0.4894611,7.2833333,True,False,None,Playing,True,True,True,0,15,63,0,-10,8.7,False,False,False,-4,0.92,0.00281889876
Frame,366,1.74316025,0.4922589,7.2833333,True,False,None,Playing,True,True,True,0,15,63,0,-10,8.7,False,False,False,-4,0.92,0.00279780338
Frame,367,1.7461834,0.4952468,7.2833333,True,False,None,Playing,True,True,True,0,15,63,0,-10,8.7,False,False,False,-4,0.92,0.00298789679
Frame,368,1.75127983,0.500329,7.2833333,True,False,None,Playing,True,True,True,0,15,63,0,-10,8.7,False,False,False,-4,0.92,0.00508219935
Frame,369,1.75445747,0.5035331,7.2833333,True,False,None,Playing,True,True,True,0,15,63,0,-10,8.7,False,False,False,-4,0.92,0.00320410286
Frame,370,1.75743484,0.506359041,7.2833333,True,False,None,Playing,True,True,True,0,15,63,0,-10,8.7,False,False,False,-4,0.92,0.0028259
Frame,371,1.76094437,0.5099489,7.2833333,True,False,None,Playing,True,True,True,0,15,63,0,-10,8.7,False,False,False,-4,0.92,0.003589895
Frame,372,1.76424789,0.5130863,7.2833333,True,False,None,Playing,True,True,True,0,15,63,0,-10,8.7,False,False,False,-4,0.92,0.00313740084
Frame,373,1.7682724,0.517036438,7.2833333,True,False,None,Playing,True,True,True,0,15,63,0,-10,8.7,False,False,False,-4,0.92,0.003950099
Frame,374,1.77132034,0.520439148,7.2833333,True,False,None,Playing,True,True,True,0,15,63,0,-10,8.7,False,False,False,-4,0.92,0.00340269972
Frame,375,1.77435684,0.523240745,7.2833333,True,False,None,Playing,True,True,True,0,15,63,0,-10,8.7,False,False,False,-4,0.92,0.00280160154
Frame,376,1.77775,0.5268362,7.2833333,True,False,None,Playing,True,True,True,0,15,63,0,-10,8.7,False,False,False,-4,0.92,0.00359550025
Frame,377,1.78067207,0.529693842,7.2833333,True,False,None,Playing,True,True,True,0,15,63,0,-10,8.7,False,False,False,-4,0.92,0.00285760337
Frame,378,1.78380966,0.5329244,7.2833333,True,False,None,Playing,True,True,True,0,15,63,0,-10,8.7,False,False,False,-4,0.92,0.003230598
Frame,379,1.78665924,0.535804331,7.2833333,True,False,None,Playing,True,True,True,0,15,63,0,-10,8.7,False,False,False,-4,0.92,0.00287989643
Frame,380,1.78943253,0.538501441,7.2833333,True,False,None,Playing,True,True,True,0,15,63,0,-10,8.7,False,False,False,-4,0.92,0.00269710179
Frame,381,1.79257965,0.541592062,7.2833333,True,False,None,Playing,True,True,True,0,15,63,0,-10,8.7,False,False,False,-4,0.92,0.00309060374
Frame,382,1.79585266,0.5449588,7.2833333,True,False,None,Playing,True,True,True,0,15,63,0,-10,8.7,False,False,False,-4,0.92,0.003366695
Frame,383,1.79968643,0.5485905,7.2833333,True,False,None,Playing,True,True,True,0,15,63,0,-10,8.7,False,False,False,-4,0.92,0.00363170356
Frame,384,1.80328941,0.5522278,7.2833333,True,False,None,Playing,True,True,True,0,15,63,0,-10,8.7,False,False,False,-4,0.92,0.0036373015
Frame,385,1.80644608,0.5555851,7.2833333,True,False,None,Playing,True,True,True,0,15,63,0,-10,8.7,False,False,False,-4,0.92,0.00335729867
Frame,386,1.809372,0.55852747,7.2833333,True,False,None,Playing,True,True,True,0,15,63,0,-10,8.7,False,False,False,-4,0.92,0.00294239656
Frame,387,1.81229782,0.5614819,7.2833333,True,False,None,Playing,True,True,True,0,15,63,0,-10,8.7,False,False,False,-4,0.92,0.00295440061
Frame,388,1.81521034,0.564365268,7.2833333,True,False,None,Playing,True,True,True,0,15,63,0,-10,8.7,False,False,False,-4,0.92,0.00288340426
Frame,389,1.81816864,0.567322552,7.2833333,True,False,None,Playing,True,True,True,0,15,63,0,-10,8.7,False,False,False,-4,0.92,0.00295729865
Sequence_005,389,1.85132408,0.567322552,7.2833333,True,False,None,Playing,True,True,True,0,15,63,0,-10,8.7,False,False,False,-4,0.92,0.00295729865
Frame,390,1.86050034,0.609281361,7.2833333,True,False,None,Playing,True,True,True,0,15,63,0,-10,8.7,False,False,False,-4,0.92,0.0419588
Frame,391,1.86886787,0.617680967,7.2833333,True,False,None,Playing,True,True,True,0,15,63,0,-10,8.7,False,False,False,-4,0.92,0.008399596
Frame,392,1.87533,0.6242239,7.2833333,True,False,None,Playing,True,True,True,0,15,63,0,-10,8.7,False,False,False,-4,0.92,0.00654289965
Frame,393,1.87831116,0.6273372,7.2833333,True,False,None,Playing,True,True,True,0,15,63,0,-10,8.7,False,False,False,-4,0.92,0.00311330077
Frame,394,1.881216,0.6302634,7.2833333,True,False,None,Playing,True,True,True,0,15,63,0,-10,8.7,False,False,False,-4,0.92,0.0029261976
Frame,395,1.88416672,0.6331599,7.2833333,True,False,None,Playing,True,True,True,0,15,63,0,-10,8.7,False,False,False,-4,0.92,0.00289650657
Frame,396,1.88694382,0.636023,7.2833333,True,False,None,Playing,True,True,True,0,15,63,0,-10,8.7,False,False,False,-4,0.92,0.00286309514
Frame,397,1.88985062,0.6388011,7.2833333,True,False,None,Playing,True,True,True,0,15,63,0,-10,8.7,False,False,False,-4,0.92,0.00277810381
Frame,398,1.89409447,0.64281,7.2833333,True,False,None,Playing,True,True,True,0,15,63,0,-10,8.7,False,False,False,-4,0.92,0.00400890037
Frame,399,1.89778137,0.6465331,7.2833333,True,False,None,Playing,True,True,True,0,15,63,0,-10,8.7,False,False,False,-4,0.92,0.003723101
Frame,400,1.90150261,0.6505744,7.2833333,True,False,None,Playing,True,True,True,0,15,63,0,-10,8.7,False,False,False,-4,0.92,0.00404129829
Frame,401,1.90465355,0.65369606,7.2833333,True,False,None,Playing,True,True,True,0,15,63,0,-10,8.7,False,False,False,-4,0.92,0.00312169781
Frame,402,1.90769386,0.656826258,7.2833333,True,False,None,Playing,True,True,True,0,15,63,0,-10,8.7,False,False,False,-4,0.92,0.00313020125
Frame,403,1.910286,0.6594971,7.2833333,True,False,None,Playing,True,True,True,0,15,63,0,-10,8.7,False,False,False,-4,0.92,0.002670798
Frame,404,1.913023,0.6621536,7.2833333,True,False,None,Playing,True,True,True,0,15,63,0,-10,8.7,False,False,False,-4,0.92,0.002656498
Frame,405,1.9165554,0.665672,7.2833333,True,False,None,Playing,True,True,True,0,15,63,0,-10,8.7,False,False,False,-4,0.92,0.00351840281
Frame,406,1.91962242,0.6686147,7.2833333,True,False,None,Playing,True,True,True,0,15,63,0,-10,8.7,False,False,False,-4,0.92,0.00294270134
Frame,407,1.92225266,0.6714349,7.2833333,True,False,None,Playing,True,True,True,0,15,63,0,-10,8.7,False,False,False,-4,0.92,0.00282020262
Frame,408,1.924984,0.674047649,7.2833333,True,False,None,Playing,True,True,True,0,15,63,0,-10,8.7,False,False,False,-4,0.92,0.00261279754
Frame,409,1.92804909,0.6771166,7.2833333,True,False,None,Playing,True,True,True,0,15,63,0,-10,8.7,False,False,False,-4,0.92,0.0030688988
Frame,410,1.93077278,0.6798591,7.2833333,True,False,None,Playing,True,True,True,0,15,63,0,-10,8.7,False,False,False,-4,0.92,0.00274250284
Frame,411,1.93380165,0.6828775,7.2833333,True,False,None,Playing,True,True,True,0,15,63,0,-10,8.7,False,False,False,-4,0.92,0.00301839574
Frame,412,1.93711281,0.6861002,7.2833333,True,False,None,Playing,True,True,True,0,15,63,0,-10,8.7,False,False,False,-4,0.92,0.00322270417
Frame,413,1.940855,0.6896655,7.2833333,True,False,None,Playing,True,True,True,0,15,63,0,-10,8.7,False,False,False,-4,0.92,0.003565299
Frame,414,1.94427681,0.6930709,7.2833333,True,False,None,Playing,True,True,True,0,15,63,0,-10,8.7,False,False,False,-4,0.92,0.00340539962
Frame,415,1.94802666,0.6967635,7.2833333,True,False,None,Playing,True,True,True,0,15,63,0,-10,8.7,False,False,False,-4,0.92,0.003692602
Frame,416,1.951664,0.7008004,7.2833333,True,False,None,Playing,True,True,True,0,15,63,0,-10,8.7,False,False,False,-4,0.92,0.004036898
Frame,417,1.95486641,0.703935146,7.2833333,True,False,None,Playing,True,True,True,0,15,63,0,-10,8.7,False,False,False,-4,0.92,0.003134701
Frame,418,1.95821953,0.707311034,7.2833333,True,False,None,Playing,True,True,True,0,15,62.9999962,0,-10,8.7,False,False,False,-4,0.92,0.0033759
Frame,419,1.96093559,0.7100679,7.2833333,True,False,None,Playing,True,True,True,0,15,62.99999,0,-10,8.7,False,False,False,-4,0.92,0.002756902
Frame,420,1.963665,0.712792933,7.2833333,True,False,None,Playing,True,True,True,0,15,62.99998,0,-10,8.7,False,False,False,-4,0.92,0.002725
Frame,421,1.968832,0.717911,7.2833333,True,False,None,Playing,True,True,True,0,15,62.9999428,0,-10,8.7,False,False,False,-4,0.92,0.005118098
Frame,422,1.97208023,0.7210983,7.2833333,True,False,None,Playing,True,True,True,0,15,62.99991,0,-10,8.7,False,False,False,-4,0.92,0.00318730157
Frame,423,1.97531509,0.7243595,7.2833333,True,False,None,Playing,True,True,True,0,15,62.99986,0,-10,8.7,False,False,False,-4,0.92,0.00326119619
Frame,424,1.97817612,0.727276,7.2833333,True,False,None,Playing,True,True,True,0,15,62.9998,0,-10,8.7,False,False,False,-4,0.92,0.0029165037
Frame,425,1.98138428,0.73030144,7.2833333,True,False,None,Playing,True,True,True,0,15,62.9997253,0,-10,8.7,False,False,False,-4,0.92,0.00302539673
Frame,426,1.98468018,0.73368603,7.2833333,True,False,None,Playing,True,True,True,0,15,62.9996223,0,-10,8.7,False,False,False,-4,0.92,0.00338460179
Frame,427,1.98779106,0.73666364,7.2833333,True,False,None,Playing,True,True,True,0,15,62.9995155,0,-10,8.7,False,False,False,-4,0.92,0.00297760055
Frame,428,1.990881,0.7398827,7.2833333,True,False,None,Playing,True,True,True,0,15,62.9993744,0,-10,8.7,False,False,False,-4,0.92,0.00321909715
Frame,429,1.99399948,0.7428919,7.2833333,True,False,None,Playing,True,True,True,0,15,62.99922,0,-10,8.7,False,False,False,-4,0.92,0.00300919777
Frame,430,1.99732971,0.746343136,7.2833333,True,False,None,Playing,True,True,True,0,15,62.99902,0,-10,8.7,False,False,False,-4,0.92,0.00345120463
Frame,431,2.00087547,0.749880433,7.2833333,True,False,None,Playing,True,True,True,0,15,62.9987755,0,-10,8.7,False,False,False,-4,0.92,0.00353730167
Frame,432,2.004261,0.753290057,7.2833333,True,False,None,Playing,True,True,True,0,15,62.99851,0,-10,8.7,False,False,False,-4,0.92,0.00340959476
Frame,433,2.0077076,0.756754041,7.2833333,True,False,None,Playing,True,True,True,0,15,62.9982,0,-10,8.7,False,False,False,-4,0.92,0.00346400216
Frame,434,2.01050568,0.7596737,7.2833333,True,False,None,Playing,True,True,True,0,15,62.9979057,0,-10,8.7,False,False,False,-4,0.92,0.00291969953
Frame,435,2.01356888,0.762573,7.2833333,True,False,None,Playing,True,True,True,0,15,62.9975853,0,-10,8.7,False,False,False,-4,0.92,0.00289929844
Frame,436,2.01673126,0.765837431,7.2833333,True,False,None,Playing,True,True,True,0,15,62.99719,0,-10,8.7,False,False,False,-4,0.92,0.003264399
Frame,437,2.019888,0.769001961,7.2833333,True,False,None,Playing,True,True,True,0,15,62.9967651,0,-10,8.7,False,False,False,-4,0.92,0.00316450535
Sequence_006,437,2.05342674,0.769001961,7.2833333,True,False,None,Playing,True,True,True,0,15,62.9967651,0,-10,8.7,False,False,False,-4,0.92,0.00316450535
Frame,438,2.06537819,0.813562,7.2833333,True,False,None,Playing,True,True,True,0,15,62.9856377,0,-10,8.7,False,False,False,-4,0.92,0.04456
Frame,439,2.0714035,0.8202634,7.2833333,True,False,None,Playing,True,True,True,0,15,62.9829559,0,-10,8.7,False,False,False,-4,0.92,0.006701396
Frame,440,2.07444572,0.82343936,7.2833333,True,False,None,Playing,True,True,True,0,15,62.981575,0,-10,8.7,False,False,False,-4,0.92,0.003175999
Frame,441,2.077816,0.8267817,7.2833333,True,False,None,Playing,True,True,True,0,15,62.9800453,0,-10,8.7,False,False,False,-4,0.92,0.00334230438
Frame,442,2.080799,0.8296659,7.2833333,True,False,None,Playing,True,True,True,0,15,62.97866,0,-10,8.7,False,False,False,-4,0.92,0.00288419775
Frame,443,2.08481216,0.8335904,7.2833333,True,False,None,Playing,True,True,True,0,15,62.9766769,0,-10,8.7,False,False,False,-4,0.92,0.003924504
Frame,444,2.08794022,0.836815059,7.2833333,True,False,None,Playing,True,True,True,0,15,62.9749565,0,-10,8.7,False,False,False,-4,0.92,0.00322469533
Frame,445,2.09109879,0.839875758,7.2833333,True,False,None,Playing,True,True,True,0,15,62.9732475,0,-10,8.7,False,False,False,-4,0.92,0.00306070014
Frame,446,2.09588814,0.844801962,7.2833333,True,False,None,Playing,True,True,True,0,15,62.9703445,0,-10,8.7,False,False,False,-4,0.92,0.00492620468
Frame,447,2.09933281,0.848386467,7.2833333,True,False,None,Playing,True,True,True,0,15,62.9681,0,-10,8.7,False,False,False,-4,0.92,0.00358449551
Frame,448,2.10290337,0.8516502,7.2833333,True,False,None,Playing,True,True,True,0,15,62.9659653,0,-10,8.7,False,False,False,-4,0.92,0.00326370471
Frame,449,2.10645485,0.855451167,7.2833333,True,False,None,Playing,True,True,True,0,15,62.9633636,0,-10,8.7,False,False,False,-4,0.92,0.00380099914
Frame,450,2.109335,0.858467042,7.2833333,True,False,None,Playing,True,True,True,0,15,62.96121,0,-10,8.7,False,False,False,-4,0.92,0.00301589421
Frame,451,2.11237526,0.8613703,7.2833333,True,False,None,Playing,True,True,True,0,15,62.9590569,0,-10,8.7,False,False,False,-4,0.92,0.0029033022
Frame,452,2.11599731,0.8648548,7.2833333,True,False,None,Playing,True,True,True,0,15,62.95637,0,-10,8.7,False,False,False,-4,0.92,0.00348450243
Frame,453,2.11949348,0.868341,7.2833333,True,False,None,Playing,True,True,True,0,15,62.95357,0,-10,8.7,False,False,False,-4,0.92,0.003486196
Frame,454,2.12272263,0.8717073,7.2833333,True,False,None,Playing,True,True,True,0,15,62.9507561,0,-10,8.7,False,False,False,-4,0.92,0.00336630526
Frame,455,2.12577057,0.874784946,7.2833333,True,False,None,Playing,True,True,True,0,15,62.94809,0,-10,8.7,False,False,False,-4,0.92,0.00307760062
Frame,456,2.128458,0.87766695,7.2833333,True,False,None,Playing,True,True,True,0,15,62.945507,0,-10,8.7,False,False,False,-4,0.92,0.002881994
Frame,457,2.1316452,0.880446851,7.2833333,True,False,None,Playing,True,True,True,0,15,62.9429359,0,-10,8.7,False,False,False,-4,0.92,0.00277990359
Frame,458,2.134634,0.8836874,7.2833333,True,False,None,Playing,True,True,True,0,15,62.9398422,0,-10,8.7,False,False,False,-4,0.92,0.00324049755
Frame,459,2.1375618,0.886711657,7.2833333,True,False,None,Playing,True,True,True,0,15,62.9368553,0,-10,8.7,False,False,False,-4,0.92,0.00302429846
Frame,460,2.14038086,0.889505446,7.2833333,True,False,None,Playing,True,True,True,0,15,62.9340134,0,-10,8.7,False,False,False,-4,0.92,0.00279380661
Frame,461,2.14339638,0.892406762,7.2833333,True,False,None,Playing,True,True,True,0,15,62.9309731,0,-10,8.7,False,False,False,-4,0.92,0.00290129683
Frame,462,2.14689827,0.895979345,7.2833333,True,False,None,Playing,True,True,True,0,15,62.9271049,0,-10,8.7,False,False,False,-4,0.92,0.00357259787
Frame,463,2.15016747,0.899280667,7.2833333,True,False,None,Playing,True,True,True,0,15,62.92341,0,-10,8.7,False,False,False,-4,0.92,0.00330130383
Frame,464,2.15337563,0.9024749,7.2833333,True,False,None,Playing,True,True,True,0,15,62.9197159,0,-10,8.7,False,False,False,-4,0.92,0.00319419638
Frame,465,2.15646362,0.905647457,7.2833333,True,False,None,Playing,True,True,True,0,15,62.91594,0,-10,8.7,False,False,False,-4,0.92,0.00317260483
Frame,466,2.15952682,0.9086013,7.2833333,True,False,None,Playing,True,True,True,0,15,62.9123154,0,-10,8.7,False,False,False,-4,0.92,0.00295379828
Frame,467,2.16231537,0.9114446,7.2833333,True,False,None,Playing,True,True,True,0,15,62.9087372,0,-10,8.7,False,False,False,-4,0.92,0.00284329639
Frame,468,2.16539,0.9142724,7.2833333,True,False,None,Playing,True,True,True,0,15,62.9050827,0,-10,8.7,False,False,False,-4,0.92,0.002827799
Frame,469,2.17009735,0.9191663,7.2833333,True,False,None,Playing,True,True,True,0,15,62.8985329,0,-10,8.7,False,False,False,-4,0.92,0.004893906
Frame,470,2.17310524,0.9222576,7.2833333,True,False,None,Playing,True,True,True,0,15,62.8942528,0,-10,8.7,False,False,False,-4,0.92,0.00309129828
Frame,471,2.17597,0.9251455,7.2833333,True,False,None,Playing,True,True,True,0,15,62.8901443,0,-10,8.7,False,False,False,-4,0.92,0.00288789673
Frame,472,2.17937469,0.9282677,7.2833333,True,False,None,Playing,True,True,True,0,15,62.88559,0,-10,8.7,False,False,False,-4,0.92,0.003122201
Frame,473,2.183216,0.9321218,7.2833333,True,False,None,Playing,True,True,True,0,15,62.8798027,0,-10,8.7,False,False,False,-4,0.92,0.003854103
Frame,474,2.18635941,0.935417,7.2833333,True,False,None,Playing,True,True,True,0,15,62.8747063,0,-10,8.7,False,False,False,-4,0.92,0.00329519552
Frame,475,2.18909836,0.9382278,7.2833333,True,False,None,Playing,True,True,True,0,15,62.87025,0,-10,8.7,False,False,False,-4,0.92,0.00281079928
Frame,476,2.19199181,0.941078663,7.2833333,True,False,None,Playing,True,True,True,0,15,62.8656273,0,-10,8.7,False,False,False,-4,0.92,0.0028509
Frame,477,2.19513321,0.943957567,7.2833333,True,False,None,Playing,True,True,True,0,15,62.86085,0,-10,8.7,False,False,False,-4,0.92,0.00287890458
Frame,478,2.198639,0.947633862,7.2833333,True,False,None,Playing,True,True,True,0,15,62.8545952,0,-10,8.7,False,False,False,-4,0.92,0.00367629668
Frame,479,2.20177078,0.9508073,7.2833333,True,False,None,Playing,True,True,True,0,15,62.8490524,0,-10,8.7,False,False,False,-4,0.92,0.00317340554
Frame,480,2.204771,0.9537741,7.2833333,True,False,None,Playing,True,True,True,0,15,62.8437462,0,-10,8.7,False,False,False,-4,0.92,0.00296679419
Frame,481,2.20792961,0.9570028,7.2833333,True,False,None,Playing,True,True,True,0,15,62.8378372,0,-10,8.7,False,False,False,-4,0.92,0.003228699
Frame,482,2.21110535,0.960189939,7.2833333,True,False,None,Playing,True,True,True,0,15,62.8318672,0,-10,8.7,False,False,False,-4,0.92,0.0031871032
Frame,483,2.218855,0.967858136,7.2833333,True,False,None,Playing,True,True,True,0,15,62.816925,0,-10,8.7,False,False,False,-4,0.92,0.007668197
Frame,484,2.221796,0.970876157,7.2833333,True,False,None,Playing,True,True,True,0,15,62.81082,0,-10,8.7,False,False,False,-4,0.92,0.003018006
Sequence_007,484,2.25400162,0.970876157,7.2833333,True,False,None,Playing,True,True,True,0,15,62.81082,0,-10,8.7,False,False,False,-4,0.92,0.003018006
Frame,485,2.26102257,1.00964081,7.2833333,True,False,None,Playing,True,True,True,0,15,62.72055,0,-10,8.7,False,False,False,-4,0.92,0.0387646966
Frame,486,2.26711273,1.01589823,7.2833333,True,False,None,Playing,True,True,True,0,15,62.70384,0,-10,8.7,False,False,False,-4,0.92,0.006257398
Frame,487,2.27082825,1.01986349,7.2833333,True,False,None,Playing,True,True,True,0,15,62.69293,0,-10,8.7,False,False,False,-4,0.92,0.003965299
Frame,488,2.27435875,1.02319956,7.2833333,True,False,None,Playing,True,True,True,0,15,62.6835556,0,-10,8.7,False,False,False,-4,0.92,0.003336104
Frame,489,2.27735138,1.02635682,7.2833333,True,False,None,Playing,True,True,True,0,15,62.6745224,0,-10,8.7,False,False,False,-4,0.92,0.00315719959
Frame,490,2.28053474,1.02942479,7.2833333,True,False,None,Playing,True,True,True,0,15,62.66559,0,-10,8.7,False,False,False,-4,0.92,0.003067999
Frame,491,2.28410721,1.0330199,7.2833333,True,False,None,Playing,True,True,True,0,15,62.6549263,0,-10,8.7,False,False,False,-4,0.92,0.00359510351
Frame,492,2.287243,1.0362078,7.2833333,True,False,None,Playing,True,True,True,0,15,62.6452942,0,-10,8.7,False,False,False,-4,0.92,0.003187897
Frame,493,2.291706,1.04078245,7.2833333,True,False,None,Playing,True,True,True,0,15,62.6311836,0,-10,8.7,False,False,False,-4,0.92,0.0045746034
Frame,494,2.29512024,1.04423428,7.2833333,True,False,None,Playing,True,True,True,0,15,62.6203079,0,-10,8.7,False,False,False,-4,0.92,0.0034518
Frame,495,2.2991066,1.04804289,7.2833333,True,False,None,Playing,True,True,True,0,15,62.608078,0,-10,8.7,False,False,False,-4,0.92,0.00380859547
Frame,496,2.30241776,1.05136538,7.2833333,True,False,None,Playing,True,True,True,0,15,62.59721,0,-10,8.7,False,False,False,-4,0.92,0.00332249864
Frame,497,2.30548859,1.054499,7.2833333,True,False,None,Playing,True,True,True,0,15,62.58679,0,-10,8.7,False,False,False,-4,0.92,0.00313370186
Frame,498,2.30867,1.057815,7.2833333,True,False,None,Playing,True,True,True,0,15,62.57558,0,-10,8.7,False,False,False,-4,0.92,0.00331590138
Frame,499,2.31151962,1.0606792,7.2833333,True,False,None,Playing,True,True,True,0,15,62.56575,0,-10,8.7,False,False,False,-4,0.92,0.00286429981
Frame,500,2.31436157,1.06350088,7.2833333,True,False,None,Playing,True,True,True,0,15,62.5559273,0,-10,8.7,False,False,False,-4,0.92,0.00282169785
Frame,501,2.317976,1.06686807,7.2833333,True,False,None,Playing,True,True,True,0,15,62.5440254,0,-10,8.7,False,False,False,-4,0.92,0.00336720515
Frame,502,2.32099724,1.07009113,7.2833333,True,False,None,Playing,True,True,True,0,15,62.53245,0,-10,8.7,False,False,False,-4,0.92,0.003223094
Frame,503,2.32443237,1.07319832,7.2833333,True,False,None,Playing,True,True,True,0,15,62.5211258,0,-10,8.7,False,False,False,-4,0.92,0.00310720666
Frame,504,2.3280983,1.07702887,7.2833333,True,False,None,Playing,True,True,True,0,15,62.5069275,0,-10,8.7,False,False,False,-4,0.92,0.00383049878
Frame,505,2.331833,1.08087146,7.2833333,True,False,None,Playing,True,True,True,0,15,62.49243,0,-10,8.7,False,False,False,-4,0.92,0.003842595
Frame,506,2.33540916,1.08436918,7.2833333,True,False,None,Playing,True,True,True,0,15,62.47901,0,-10,8.7,False,False,False,-4,0.92,0.00349770417
Frame,507,2.33856964,1.08760583,7.2833333,True,False,None,Playing,True,True,True,0,15,62.4663963,0,-10,8.7,False,False,False,-4,0.92,0.0032366
Frame,508,2.34135818,1.09051549,7.2833333,True,False,None,Playing,True,True,True,0,15,62.4549026,0,-10,8.7,False,False,False,-4,0.92,0.00290970085
Frame,509,2.34444427,1.0935142,7.2833333,True,False,None,Playing,True,True,True,0,15,62.4428978,0,-10,8.7,False,False,False,-4,0.92,0.00299869617
Frame,510,2.35431862,1.10333467,7.2833333,True,False,None,Playing,True,True,True,0,15,62.40246,0,-10,8.7,False,False,False,-4,0.92,0.0098205
Frame,511,2.36166382,1.110655,7.2833333,True,False,None,Playing,True,True,True,0,15,62.37119,0,-10,8.7,False,False,False,-4,0.92,0.007320302
Frame,512,2.36504745,1.113995,7.2833333,True,False,None,Playing,True,True,True,0,15,62.3565979,0,-10,8.7,False,False,False,-4,0.92,0.00334000145
Frame,513,2.36797523,1.11710382,7.2833333,True,False,None,Playing,True,True,True,0,15,62.34284,0,-10,8.7,False,False,False,-4,0.92,0.003108801
Frame,514,2.370964,1.12006307,7.2833333,True,False,None,Playing,True,True,True,0,15,62.3295746,0,-10,8.7,False,False,False,-4,0.92,0.00295919785
Frame,515,2.373722,1.1228416,7.2833333,True,False,None,Playing,True,True,True,0,15,62.3169746,0,-10,8.7,False,False,False,-4,0.92,0.00277850055
Frame,516,2.378769,1.12770486,7.2833333,True,False,None,Playing,True,True,True,0,15,62.2945824,0,-10,8.7,False,False,False,-4,0.92,0.004863301
Frame,517,2.381754,1.130845,7.2833333,True,False,None,Playing,True,True,True,0,15,62.279892,0,-10,8.7,False,False,False,-4,0.92,0.00314010051
Frame,518,2.38478279,1.13373613,7.2833333,True,False,None,Playing,True,True,True,0,15,62.26621,0,-10,8.7,False,False,False,-4,0.92,0.002891199
Frame,519,2.387907,1.1370132,7.2833333,True,False,None,Playing,True,True,True,0,15,62.25051,0,-10,8.7,False,False,False,-4,0.92,0.0032770976
Frame,520,2.39081383,1.13996816,7.2833333,True,False,None,Playing,True,True,True,0,15,62.236187,0,-10,8.7,False,False,False,-4,0.92,0.00295490352
Frame,521,2.393795,1.14288759,7.2833333,True,False,None,Playing,True,True,True,0,15,62.2218742,0,-10,8.7,False,False,False,-4,0.92,0.002919494
Frame,522,2.397356,1.14597011,7.2833333,True,False,None,Playing,True,True,True,0,15,62.2065926,0,-10,8.7,False,False,False,-4,0.92,0.00308250426
Frame,523,2.40109062,1.1500845,7.2833333,True,False,None,Playing,True,True,True,0,15,62.1859169,0,-10,8.7,False,False,False,-4,0.92,0.004114399
Frame,524,2.404501,1.15328157,7.2833333,True,False,None,Playing,True,True,True,0,15,62.1696358,0,-10,8.7,False,False,False,-4,0.92,0.00319710164
Frame,525,2.40800476,1.15702713,7.2833333,True,False,None,Playing,True,True,True,0,15,62.15032,0,-10,8.7,False,False,False,-4,0.92,0.00374559942
Frame,526,2.411213,1.16023433,7.2833333,True,False,None,Playing,True,True,True,0,15,62.1335678,0,-10,8.7,False,False,False,-4,0.92,0.00320719951
Frame,527,2.41530418,1.16383,7.2833333,True,False,None,Playing,True,True,True,0,15,62.114563,0,-10,8.7,False,False,False,-4,0.92,0.00359569862
Frame,528,2.418621,1.16766036,7.2833333,True,False,None,Playing,True,True,True,0,15,62.0940475,0,-10,8.7,False,False,False,-4,0.92,0.00383030041
Frame,529,2.42155075,1.17065048,7.2833333,True,False,None,Playing,True,True,True,0,15,62.0778427,0,-10,8.7,False,False,False,-4,0.92,0.00299010053
Frame,530,2.42449379,1.17358172,7.2833333,True,False,None,Playing,True,True,True,0,15,62.0617943,0,-10,8.7,False,False,False,-4,0.92,0.00293120043
Sequence_008,530,2.452612,1.17358172,7.2833333,True,False,None,Playing,True,True,True,0,15,62.0617943,0,-10,8.7,False,False,False,-4,0.92,0.00293120043
Frame,531,2.45874786,1.20749736,7.2833333,True,False,None,Playing,True,True,True,0,15,61.8643456,0,-10,8.7,False,False,False,-4,0.92,0.0339155979
Frame,532,2.46392059,1.21243608,7.2833333,True,False,None,Playing,True,True,True,0,15,61.833786,0,-10,8.7,False,False,False,-4,0.92,0.00493870443
Frame,533,2.46707344,1.21610022,7.2833333,True,False,None,Playing,True,True,True,0,15,61.8108139,0,-10,8.7,False,False,False,-4,0.92,0.00366409449
Frame,534,2.47431946,1.22239017,7.2833333,True,False,None,Playing,True,True,True,0,15,61.7707939,0,-10,8.7,False,False,False,-4,0.92,0.006289902
Frame,535,2.47920036,1.22789073,7.2833333,True,False,None,Playing,True,True,True,0,15,61.7351875,0,-10,8.7,False,False,False,-4,0.92,0.00550060254
Frame,536,2.488081,1.235556,7.2833333,True,False,None,Playing,True,True,True,0,15,61.68462,0,-10,8.7,False,False,False,-4,0.92,0.007665299
Frame,537,2.4937,1.24143374,7.2833333,True,False,None,Playing,True,True,True,0,15,61.6451,0,-10,8.7,False,False,False,-4,0.92,0.0058776997
Frame,538,2.50308228,1.25168157,7.2833333,True,False,None,Playing,True,True,True,0,15,61.57465,0,-10,8.7,False,False,False,-4,0.92,0.0102478033
Frame,539,2.50995255,1.25846064,7.2833333,True,False,None,Playing,True,True,True,0,15,61.5269737,0,-10,8.7,False,False,False,-4,0.92,0.00677909562
Frame,540,2.51401138,1.26265669,7.2833333,True,False,None,Playing,True,True,True,0,15,61.49704,0,-10,8.7,False,False,False,-4,0.92,0.00419600355
Frame,541,2.51808739,1.2667954,7.2833333,True,False,None,Playing,True,True,True,0,15,61.46719,0,-10,8.7,False,False,False,-4,0.92,0.0041386974
Frame,542,2.52243423,1.27154255,7.2833333,True,False,None,Playing,True,True,True,0,15,61.4325676,0,-10,8.7,False,False,False,-4,0.92,0.00474710157
Frame,543,2.52613258,1.27501154,7.2833333,True,False,None,Playing,True,True,True,0,15,61.4070053,0,-10,8.7,False,False,False,-4,0.92,0.003468998
Frame,544,2.52908134,1.27823782,7.2833333,True,False,None,Playing,True,True,True,0,15,61.38303,0,-10,8.7,False,False,False,-4,0.92,0.00322629674
Frame,545,2.53244781,1.28134727,7.2833333,True,False,None,Playing,True,True,True,0,15,61.359745,0,-10,8.7,False,False,False,-4,0.92,0.00310950261
Frame,546,2.53548622,1.2845583,7.2833333,True,False,None,Playing,True,True,True,0,15,61.3355179,0,-10,8.7,False,False,False,-4,0.92,0.00321099767
Frame,547,2.5382843,1.28735912,7.2833333,True,False,None,Playing,True,True,True,0,15,61.3142281,0,-10,8.7,False,False,False,-4,0.92,0.00280080084
Frame,548,2.54101372,1.290087,7.2833333,True,False,None,Playing,True,True,True,0,15,61.2933578,0,-10,8.7,False,False,False,-4,0.92,0.00272790529
Frame,549,2.546873,1.29306376,7.2833333,True,False,None,Playing,True,True,True,0,15,61.27043,0,-10,8.7,False,False,False,-4,0.92,0.00297679985
Frame,550,2.55011368,1.29913163,7.2833333,True,False,None,Playing,True,True,True,0,15,61.2231979,0,-10,8.7,False,False,False,-4,0.92,0.00606789952
Frame,551,2.55318069,1.30234528,7.2833333,True,False,None,Playing,True,True,True,0,15,61.1979141,0,-10,8.7,False,False,False,-4,0.92,0.00321369758
Frame,552,2.55639648,1.30551636,7.2833333,True,False,None,Playing,True,True,True,0,15,61.1727867,0,-10,8.7,False,False,False,-4,0.92,0.00317110261
Frame,553,2.559681,1.30879557,7.2833333,True,False,None,Playing,True,True,True,0,15,61.14661,0,-10,8.7,False,False,False,-4,0.92,0.003279195
Frame,554,2.56335831,1.31219673,7.2833333,True,False,None,Playing,True,True,True,0,15,61.1192627,0,-10,8.7,False,False,False,-4,0.92,0.00340120471
Frame,555,2.56773376,1.31643033,7.2833333,True,False,None,Playing,True,True,True,0,15,61.0849342,0,-10,8.7,False,False,False,-4,0.92,0.00423359545
Frame,556,2.57107353,1.32007837,7.2833333,True,False,None,Playing,True,True,True,0,15,61.0551,0,-10,8.7,False,False,False,-4,0.92,0.0036480017
Frame,557,2.57422829,1.32339084,7.2833333,True,False,None,Playing,True,True,True,0,15,61.0278053,0,-10,8.7,False,False,False,-4,0.92,0.0033125
Frame,558,2.57815742,1.326955,7.2833333,True,False,None,Playing,True,True,True,0,15,60.9982262,0,-10,8.7,False,False,False,-4,0.92,0.00356410141
Frame,559,2.58208084,1.33094573,7.2833333,True,False,None,Playing,True,True,True,0,15,60.9648476,0,-10,8.7,False,False,False,-4,0.92,0.003990802
Frame,560,2.58512115,1.3342067,7.2833333,True,False,None,Playing,True,True,True,0,15,60.9373665,0,-10,8.7,False,False,False,-4,0.92,0.00326099782
Frame,561,2.58869362,1.33772206,7.2833333,True,False,None,Playing,True,True,True,0,15,60.9075356,0,-10,8.7,False,False,False,-4,0.92,0.00351539813
Frame,562,2.59363556,1.34277391,7.2833333,True,False,None,Playing,True,True,True,0,15,60.864296,0,-10,8.7,False,False,False,-4,0.92,0.00505189924
Frame,563,2.59716225,1.34565377,7.2833333,True,False,None,Playing,True,True,True,0,15,60.8394547,0,-10,8.7,False,False,False,-4,0.92,0.00287980447
Frame,564,2.600748,1.34963012,7.2833333,True,False,None,Playing,True,True,True,0,15,60.804924,0,-10,8.7,False,False,False,-4,0.92,0.00397629663
Frame,565,2.60382271,1.3528024,7.2833333,True,False,None,Playing,True,True,True,0,15,60.7771835,0,-10,8.7,False,False,False,-4,0.92,0.0031723
Frame,566,2.60691071,1.35601509,7.2833333,True,False,None,Playing,True,True,True,0,15,60.74892,0,-10,8.7,False,False,False,-4,0.92,0.0032126985
Frame,567,2.609787,1.35884368,7.2833333,True,False,None,Playing,True,True,True,0,15,60.7238922,0,-10,8.7,False,False,False,-4,0.92,0.0028286
Frame,568,2.612589,1.36170793,7.2833333,True,False,None,Playing,True,True,True,0,15,60.6984138,0,-10,8.7,False,False,False,-4,0.92,0.00286420062
Frame,569,2.61541939,1.36445761,7.2833333,True,False,None,Playing,True,True,True,0,15,60.67383,0,-10,8.7,False,False,False,-4,0.92,0.00274970243
Frame,570,2.61854553,1.36763227,7.2833333,True,False,None,Playing,True,True,True,0,15,60.64529,0,-10,8.7,False,False,False,-4,0.92,0.0031747024
Frame,571,2.621296,1.37045681,7.2833333,True,False,None,Playing,True,True,True,0,15,60.61976,0,-10,8.7,False,False,False,-4,0.92,0.002824497
Frame,572,2.62430954,1.37334466,7.2833333,True,False,None,Playing,True,True,True,0,15,60.59352,0,-10,8.7,False,False,False,-4,0.92,0.00288789673
Frame,573,2.62744331,1.37652791,7.2833333,True,False,None,Playing,True,True,True,0,15,60.5644455,0,-10,8.7,False,False,False,-4,0.92,0.003183305
Sequence_009,573,2.65549278,1.37652791,7.2833333,True,False,None,Playing,True,True,True,0,15,60.5644455,0,-10,8.7,False,False,False,-4,0.92,0.003183305
Frame,574,2.66136169,1.41023684,7.2833333,True,False,None,Playing,True,True,True,0,15,60.24679,0,-10,8.7,False,False,False,-4,0.92,0.0337089
Frame,575,2.666584,1.41536689,7.2833333,True,False,None,Playing,True,True,True,0,15,60.1969337,0,-10,8.7,False,False,False,-4,0.92,0.00512999576
Frame,576,2.67015266,1.41891885,7.2833333,True,False,None,Playing,True,True,True,0,15,60.1621857,0,-10,8.7,False,False,False,-4,0.92,0.00355200539
Frame,577,2.67331886,1.42237091,7.2833333,True,False,None,Playing,True,True,True,0,15,60.12824,0,-10,8.7,False,False,False,-4,0.92,0.00345209753
Frame,578,2.67616463,1.42531335,7.2833333,True,False,None,Playing,True,True,True,0,15,60.0991669,0,-10,8.7,False,False,False,-4,0.92,0.00294239656
Frame,579,2.67911148,1.42819428,7.2833333,True,False,None,Playing,True,True,True,0,15,60.0705833,0,-10,8.7,False,False,False,-4,0.92,0.00288090273
Frame,580,2.68216324,1.43122137,7.2833333,True,False,None,Playing,True,True,True,0,15,60.04042,0,-10,8.7,False,False,False,-4,0.92,0.00302709755
Frame,581,2.68526649,1.43418682,7.2833333,True,False,None,Playing,True,True,True,0,15,60.01075,0,-10,8.7,False,False,False,-4,0.92,0.00296540535
Frame,582,2.6893158,1.43838966,7.2833333,True,False,None,Playing,True,True,True,0,15,59.9684868,0,-10,8.7,False,False,False,-4,0.92,0.004202799
Frame,583,2.692234,1.44134307,7.2833333,True,False,None,Playing,True,True,True,0,15,59.93864,0,-10,8.7,False,False,False,-4,0.92,0.0029534013
Frame,584,2.69527626,1.44430518,7.2833333,True,False,None,Playing,True,True,True,0,15,59.90859,0,-10,8.7,False,False,False,-4,0.92,0.00296209613
Frame,585,2.6988945,1.44782054,7.2833333,True,False,None,Playing,True,True,True,0,15,59.8727646,0,-10,8.7,False,False,False,-4,0.92,0.00351539813
Frame,586,2.70277023,1.45160282,7.2833333,True,False,None,Playing,True,True,True,0,15,59.83404,0,-10,8.7,False,False,False,-4,0.92,0.00378229865
Frame,587,2.70651436,1.45518327,7.2833333,True,False,None,Playing,True,True,True,0,15,59.7972069,0,-10,8.7,False,False,False,-4,0.92,0.003580506
Frame,588,2.70993614,1.45903409,7.2833333,True,False,None,Playing,True,True,True,0,15,59.7574043,0,-10,8.7,False,False,False,-4,0.92,0.00385080068
Frame,589,2.713194,1.46205652,7.2833333,True,False,None,Playing,True,True,True,0,15,59.72603,0,-10,8.7,False,False,False,-4,0.92,0.00302239927
Frame,590,2.716465,1.46539366,7.2833333,True,False,None,Playing,True,True,True,0,15,59.69125,0,-10,8.7,False,False,False,-4,0.92,0.00333719538
Frame,591,2.720108,1.46886611,7.2833333,True,False,None,Playing,True,True,True,0,15,59.65491,0,-10,8.7,False,False,False,-4,0.92,0.00347239943
Frame,592,2.72407722,1.47278023,7.2833333,True,False,None,Playing,True,True,True,0,15,59.61377,0,-10,8.7,False,False,False,-4,0.92,0.00391410151
Frame,593,2.72781181,1.47663188,7.2833333,True,False,None,Playing,True,True,True,0,15,59.5731,0,-10,8.7,False,False,False,-4,0.92,0.00385170057
Frame,594,2.73148155,1.48029625,7.2833333,True,False,None,Playing,True,True,True,0,15,59.53424,0,-10,8.7,False,False,False,-4,0.92,0.003664399
Frame,595,2.7382164,1.48380518,7.2833333,True,False,None,Playing,True,True,True,0,15,59.49688,0,-10,8.7,False,False,False,-4,0.92,0.00350890029
Frame,596,2.74432182,1.49331439,7.2833333,True,False,None,Playing,True,True,True,0,15,59.3949051,0,-10,8.7,False,False,False,-4,0.92,0.009509197
Frame,597,2.750822,1.49975729,7.2833333,True,False,None,Playing,True,True,True,0,15,59.325222,0,-10,8.7,False,False,False,-4,0.92,0.006442907
Frame,598,2.75710869,1.50599051,7.2833333,True,False,None,Playing,True,True,True,0,15,59.25737,0,-10,8.7,False,False,False,-4,0.92,0.00623319857
Frame,599,2.760107,1.50913227,7.2833333,True,False,None,Playing,True,True,True,0,15,59.2230072,0,-10,8.7,False,False,False,-4,0.92,0.00314180134
Frame,600,2.7631588,1.512115,7.2833333,True,False,None,Playing,True,True,True,0,15,59.1902924,0,-10,8.7,False,False,False,-4,0.92,0.00298279477
Frame,601,2.766922,1.51570082,7.2833333,True,False,None,Playing,True,True,True,0,15,59.1508331,0,-10,8.7,False,False,False,-4,0.92,0.00358579936
Frame,602,2.770424,1.51952767,7.2833333,True,False,None,Playing,True,True,True,0,15,59.1085777,0,-10,8.7,False,False,False,-4,0.92,0.003826899
Frame,603,2.77448654,1.52325749,7.2833333,True,False,None,Playing,True,True,True,0,15,59.0672531,0,-10,8.7,False,False,False,-4,0.92,0.00372980442
Frame,604,2.77817917,1.52713335,7.2833333,True,False,None,Playing,True,True,True,0,15,59.0241623,0,-10,8.7,False,False,False,-4,0.92,0.00387589983
Frame,605,2.78416824,1.533131,7.2833333,True,False,None,Playing,True,True,True,0,15,58.9571953,0,-10,8.7,False,False,False,-4,0.92,0.005997697
Frame,606,2.78803635,1.53710628,7.2833333,True,False,None,Playing,True,True,True,0,15,58.91262,0,-10,8.7,False,False,False,-4,0.92,0.003975305
Frame,607,2.79154968,1.54058814,7.2833333,True,False,None,Playing,True,True,True,0,15,58.87346,0,-10,8.7,False,False,False,-4,0.92,0.00348189473
Frame,608,2.79471779,1.543813,7.2833333,True,False,None,Playing,True,True,True,0,15,58.83709,0,-10,8.7,False,False,False,-4,0.92,0.0032248015
Frame,609,2.79901314,1.54782832,7.2833333,True,False,None,Playing,True,True,True,0,15,58.79168,0,-10,8.7,False,False,False,-4,0.92,0.004015299
Frame,610,2.80250359,1.55143607,7.2833333,True,False,None,Playing,True,True,True,0,15,58.7507553,0,-10,8.7,False,False,False,-4,0.92,0.00360780186
Frame,611,2.806223,1.55489421,7.2833333,True,False,None,Playing,True,True,True,0,15,58.7114258,0,-10,8.7,False,False,False,-4,0.92,0.00345819863
Frame,612,2.80935669,1.55844069,7.2833333,True,False,None,Playing,True,True,True,0,15,58.67099,0,-10,8.7,False,False,False,-4,0.92,0.00354649941
Frame,613,2.812542,1.56158543,7.2833333,True,False,None,Playing,True,True,True,0,15,58.6350479,0,-10,8.7,False,False,False,-4,0.92,0.0031447988
Frame,614,2.816368,1.56513727,7.2833333,True,False,None,Playing,True,True,True,0,15,58.59436,0,-10,8.7,False,False,False,-4,0.92,0.0035517998
Frame,615,2.82037735,1.56905019,7.2833333,True,False,None,Playing,True,True,True,0,15,58.5494232,0,-10,8.7,False,False,False,-4,0.92,0.003912904
Frame,616,2.82401848,1.572981,7.2833333,True,False,None,Playing,True,True,True,0,15,58.50416,0,-10,8.7,False,False,False,-4,0.92,0.0039307964
Frame,617,2.82708931,1.57617533,7.2833333,True,False,None,Playing,True,True,True,0,15,58.4673,0,-10,8.7,False,False,False,-4,0.92,0.00319430279
Frame,618,2.83006668,1.57914186,7.2833333,True,False,None,Playing,True,True,True,0,15,58.433,0,-10,8.7,False,False,False,-4,0.92,0.00296649663
Sequence_010,618,2.86099625,1.57914186,7.2833333,True,False,None,Playing,True,True,True,0,15,58.433,0,-10,8.7,False,False,False,-4,0.92,0.00296649663
Frame,619,2.86815071,1.61696756,7.2833333,True,False,None,Playing,True,True,True,0,15,57.990757,0,-10,8.7,False,False,False,-4,0.92,0.0378257
Frame,620,2.87280846,1.62184107,7.2833333,True,False,None,Playing,True,True,True,0,15,57.93321,0,-10,8.7,False,False,False,-4,0.92,0.004873505
Frame,621,2.87598419,1.62504327,7.2833333,True,False,None,Playing,True,True,True,0,15,57.8953362,0,-10,8.7,False,False,False,-4,0.92,0.00320219668
Frame,622,2.87959862,1.62827361,7.2833333,True,False,None,Playing,True,True,True,0,15,57.8570824,0,-10,8.7,False,False,False,-4,0.92,0.0032303005
Frame,623,2.883133,1.63214493,7.2833333,True,False,None,Playing,True,True,True,0,15,57.8111839,0,-10,8.7,False,False,False,-4,0.92,0.003871301
Frame,624,2.88679123,1.63577139,7.2833333,True,False,None,Playing,True,True,True,0,15,57.7681351,0,-10,8.7,False,False,False,-4,0.92,0.00362650235
Frame,625,2.89017487,1.63924444,7.2833333,True,False,None,Playing,True,True,True,0,15,57.7268562,0,-10,8.7,False,False,False,-4,0.92,0.00347309373
Frame,626,2.89357376,1.6426481,7.2833333,True,False,None,Playing,True,True,True,0,15,57.6863632,0,-10,8.7,False,False,False,-4,0.92,0.003403706
Frame,627,2.89909554,1.64789045,7.2833333,True,False,None,Playing,True,True,True,0,15,57.62392,0,-10,8.7,False,False,False,-4,0.92,0.00524229743
Frame,628,2.902998,1.65188909,7.2833333,True,False,None,Playing,True,True,True,0,15,57.5762329,0,-10,8.7,False,False,False,-4,0.92,0.003998597
Frame,629,2.90644836,1.65537834,7.2833333,True,False,None,Playing,True,True,True,0,15,57.534584,0,-10,8.7,False,False,False,-4,0.92,0.0034893
Frame,630,2.909626,1.65863121,7.2833333,True,False,None,Playing,True,True,True,0,15,57.4957275,0,-10,8.7,False,False,False,-4,0.92,0.00325290533
Frame,631,2.91265678,1.66174865,7.2833333,True,False,None,Playing,True,True,True,0,15,57.4584656,0,-10,8.7,False,False,False,-4,0.92,0.0031173965
Frame,632,2.91633224,1.66538358,7.2833333,True,False,None,Playing,True,True,True,0,15,57.41499,0,-10,8.7,False,False,False,-4,0.92,0.00363489939
Frame,633,2.92029762,1.66909993,7.2833333,True,False,None,Playing,True,True,True,0,15,57.37051,0,-10,8.7,False,False,False,-4,0.92,0.00371629815
Frame,634,2.92369652,1.6727438,7.2833333,True,False,None,Playing,True,True,True,0,15,57.3268738,0,-10,8.7,False,False,False,-4,0.92,0.003643906
Frame,635,2.926527,1.67565513,7.2833333,True,False,None,Playing,True,True,True,0,15,57.291996,0,-10,8.7,False,False,False,-4,0.92,0.00291129528
Frame,636,2.9294014,1.6785053,7.2833333,True,False,None,Playing,True,True,True,0,15,57.25784,0,-10,8.7,False,False,False,-4,0.92,0.0028502054
Frame,637,2.93549728,1.68416286,7.2833333,True,False,None,Playing,True,True,True,0,15,57.1900063,0,-10,8.7,False,False,False,-4,0.92,0.00565749733
Frame,638,2.938507,1.6875937,7.2833333,True,False,None,Playing,True,True,True,0,15,57.1488571,0,-10,8.7,False,False,False,-4,0.92,0.00343079655
Frame,639,2.94213486,1.69094932,7.2833333,True,False,None,Playing,True,True,True,0,15,57.1086,0,-10,8.7,False,False,False,-4,0.92,0.003355605
Frame,640,2.94620323,1.69485772,7.2833333,True,False,None,Playing,True,True,True,0,15,57.0617065,0,-10,8.7,False,False,False,-4,0.92,0.003908397
Frame,641,2.95069122,1.69944727,7.2833333,True,False,None,Playing,True,True,True,0,15,57.0066338,0,-10,8.7,False,False,False,-4,0.92,0.00458959769
Frame,642,2.981947,1.73072088,7.2833333,True,False,None,Playing,True,True,True,0,15,56.6313477,0,-10,8.7,False,False,False,-4,0.92,0.0312736034
Frame,643,2.985157,1.73403251,7.2833333,True,False,None,Playing,True,True,True,0,15,56.59161,0,-10,8.7,False,False,False,-4,0.92,0.0033116
Frame,644,2.98862648,1.73753858,7.2833333,True,False,None,Playing,True,True,True,0,15,56.5495377,0,-10,8.7,False,False,False,-4,0.92,0.0035061012
Frame,645,2.9921875,1.74106872,7.2833333,True,False,None,Playing,True,True,True,0,15,56.5071754,0,-10,8.7,False,False,False,-4,0.92,0.00353020127
Frame,646,2.99540329,1.74452794,7.2833333,True,False,None,Playing,True,True,True,0,15,56.4656639,0,-10,8.7,False,False,False,-4,0.92,0.003459198
Frame,647,2.99831,1.74736881,7.2833333,True,False,None,Playing,True,True,True,0,15,56.4315758,0,-10,8.7,False,False,False,-4,0.92,0.00284090126
Frame,648,3.00126648,1.75037539,7.2833333,True,False,None,Playing,True,True,True,0,15,56.3954964,0,-10,8.7,False,False,False,-4,0.92,0.00300659728
Frame,649,3.004486,1.75346053,7.2833333,True,False,None,Playing,True,True,True,0,15,56.3584747,0,-10,8.7,False,False,False,-4,0.92,0.00308509776
Frame,650,3.00927734,1.75794888,7.2833333,True,False,None,Playing,True,True,True,0,15,56.304615,0,-10,8.7,False,False,False,-4,0.92,0.00448830053
Frame,651,3.012663,1.761618,7.2833333,True,False,None,Playing,True,True,True,0,15,56.260582,0,-10,8.7,False,False,False,-4,0.92,0.00366910431
Frame,652,3.01660538,1.76559627,7.2833333,True,False,None,Playing,True,True,True,0,15,56.2128448,0,-10,8.7,False,False,False,-4,0.92,0.003978196
Frame,653,3.01998329,1.76896667,7.2833333,True,False,None,Playing,True,True,True,0,15,56.1724,0,-10,8.7,False,False,False,-4,0.92,0.003370401
Frame,654,3.023119,1.772157,7.2833333,True,False,None,Playing,True,True,True,0,15,56.1341171,0,-10,8.7,False,False,False,-4,0.92,0.003190299
Frame,655,3.02615356,1.77517366,7.2833333,True,False,None,Playing,True,True,True,0,15,56.0979156,0,-10,8.7,False,False,False,-4,0.92,0.00301670213
Frame,656,3.02885628,1.77797735,7.2833333,True,False,None,Playing,True,True,True,0,15,56.06427,0,-10,8.7,False,False,False,-4,0.92,0.00280369888
Frame,657,3.03273582,1.78163087,7.2833333,True,False,None,Playing,True,True,True,0,15,56.0204277,0,-10,8.7,False,False,False,-4,0.92,0.00365350046
Sequence_011,657,3.06611252,1.78163087,7.2833333,True,False,None,Playing,True,True,True,0,15,56.0204277,0,-10,8.7,False,False,False,-4,0.92,0.00365350046
Frame,658,3.07544136,1.82376122,7.2833333,True,False,None,Playing,True,True,True,0,15,55.5148659,0,-10,8.7,False,False,False,-4,0.92,0.0421304
Frame,659,3.08397484,1.83284175,7.2833333,True,False,None,Playing,True,True,True,0,15,55.4059,0,-10,8.7,False,False,False,-4,0.92,0.00908049848
Frame,660,3.09295654,1.84150732,7.2833333,True,False,None,Playing,True,True,True,0,15,55.30191,0,-10,8.7,False,False,False,-4,0.92,0.008665604
Frame,661,3.09672165,1.84571719,7.2833333,True,False,None,Playing,True,True,True,0,15,55.2513962,0,-10,8.7,False,False,False,-4,0.92,0.00420989934
Frame,662,3.10032272,1.84930372,7.2833333,True,False,None,Playing,True,True,True,0,15,55.2083549,0,-10,8.7,False,False,False,-4,0.92,0.00358650088
Frame,663,3.103506,1.852492,7.2833333,True,False,None,Playing,True,True,True,0,15,55.1700974,0,-10,8.7,False,False,False,-4,0.92,0.00318829366
Frame,664,3.10705,1.85595453,7.2833333,True,False,None,Playing,True,True,True,0,15,55.1285439,0,-10,8.7,False,False,False,-4,0.92,0.00346260634
Frame,665,3.11035919,1.8591398,7.2833333,True,False,None,Playing,True,True,True,0,15,55.09032,0,-10,8.7,False,False,False,-4,0.92,0.0031852962
Frame,666,3.11434555,1.86338735,7.2833333,True,False,None,Playing,True,True,True,0,15,55.0393524,0,-10,8.7,False,False,False,-4,0.92,0.004247598
Frame,667,3.11757088,1.86656237,7.2833333,True,False,None,Playing,True,True,True,0,15,55.00125,0,-10,8.7,False,False,False,-4,0.92,0.003175
Frame,668,3.12120628,1.86995518,7.2833333,True,False,None,Playing,True,True,True,0,15,54.960537,0,-10,8.7,False,False,False,-4,0.92,0.00339280046
Frame,669,3.124836,1.87390828,7.2833333,True,False,None,Playing,True,True,True,0,15,54.9131,0,-10,8.7,False,False,False,-4,0.92,0.003953104
Frame,670,3.1281662,1.87729168,7.2833333,True,False,None,Playing,True,True,True,0,15,54.8725,0,-10,8.7,False,False,False,-4,0.92,0.00338339712
Frame,671,3.13220215,1.88097012,7.2833333,True,False,None,Playing,True,True,True,0,15,54.8283577,0,-10,8.7,False,False,False,-4,0.92,0.00367840147
Frame,672,3.13575172,1.88483727,7.2833333,True,False,None,Playing,True,True,True,0,15,54.78195,0,-10,8.7,False,False,False,-4,0.92,0.00386709883
Frame,673,3.1390934,1.88811064,7.2833333,True,False,None,Playing,True,True,True,0,15,54.742672,0,-10,8.7,False,False,False,-4,0.92,0.00327339862
Frame,674,3.142212,1.89114976,7.2833333,True,False,None,Playing,True,True,True,0,15,54.7062035,0,-10,8.7,False,False,False,-4,0.92,0.00303910137
Frame,675,3.14518166,1.89423418,7.2833333,True,False,None,Playing,True,True,True,0,15,54.66919,0,-10,8.7,False,False,False,-4,0.92,0.00308440323
Frame,676,3.14869118,1.89769042,7.2833333,True,False,None,Playing,True,True,True,0,15,54.6277161,0,-10,8.7,False,False,False,-4,0.92,0.00345620047
Frame,677,3.15159416,1.90070629,7.2833333,True,False,None,Playing,True,True,True,0,15,54.591526,0,-10,8.7,False,False,False,-4,0.92,0.00301590143
Frame,678,3.15488815,1.90397656,7.2833333,True,False,None,Playing,True,True,True,0,15,54.55228,0,-10,8.7,False,False,False,-4,0.92,0.00327029475
Frame,679,3.15790749,1.90702057,7.2833333,True,False,None,Playing,True,True,True,0,15,54.5157547,0,-10,8.7,False,False,False,-4,0.92,0.003044005
Frame,680,3.16093063,1.90996611,7.2833333,True,False,None,Playing,True,True,True,0,15,54.4804077,0,-10,8.7,False,False,False,-4,0.92,0.00294549321
Frame,681,3.164072,1.91292489,7.2833333,True,False,None,Playing,True,True,True,0,15,54.4449,0,-10,8.7,False,False,False,-4,0.92,0.002958801
Frame,682,3.16726112,1.91622353,7.2833333,True,False,None,Playing,True,True,True,0,15,54.40532,0,-10,8.7,False,False,False,-4,0.92,0.003298604
Frame,683,3.170351,1.91936529,7.2833333,True,False,None,Playing,True,True,True,0,15,54.3676147,0,-10,8.7,False,False,False,-4,0.92,0.00314180134
Frame,684,3.17331123,1.9223628,7.2833333,True,False,None,Playing,True,True,True,0,15,54.331646,0,-10,8.7,False,False,False,-4,0.92,0.00299749849
Frame,685,3.17676735,1.92588711,7.2833333,True,False,None,Playing,True,True,True,0,15,54.2893562,0,-10,8.7,False,False,False,-4,0.92,0.00352429855
Frame,686,3.17999649,1.92894793,7.2833333,True,False,None,Playing,True,True,True,0,15,54.2526245,0,-10,8.7,False,False,False,-4,0.92,0.00306079932
Frame,687,3.18328476,1.93225789,7.2833333,True,False,None,Playing,True,True,True,0,15,54.2129059,0,-10,8.7,False,False,False,-4,0.92,0.00330999866
Frame,688,3.18642044,1.93552268,7.2833333,True,False,None,Playing,True,True,True,0,15,54.17373,0,-10,8.7,False,False,False,-4,0.92,0.003264803
Frame,689,3.19173241,1.94063854,7.2833333,True,False,None,Playing,True,True,True,0,15,54.11234,0,-10,8.7,False,False,False,-4,0.92,0.00511590159
Frame,690,3.194933,1.94393218,7.2833333,True,False,None,Playing,True,True,True,0,15,54.0728149,0,-10,8.7,False,False,False,-4,0.92,0.003293601
Frame,691,3.19800186,1.94702911,7.2833333,True,False,None,Playing,True,True,True,0,15,54.0356522,0,-10,8.7,False,False,False,-4,0.92,0.00309699541
Frame,692,3.20138168,1.95030367,7.2833333,True,False,None,Playing,True,True,True,0,15,53.996357,0,-10,8.7,False,False,False,-4,0.92,0.00327460328
Frame,693,3.20457649,1.95356917,7.2833333,True,False,None,Playing,True,True,True,0,15,53.9571724,0,-10,8.7,False,False,False,-4,0.92,0.00326549751
Frame,694,3.20775223,1.95681393,7.2833333,True,False,None,Playing,True,True,True,0,15,53.918232,0,-10,8.7,False,False,False,-4,0.92,0.00324479886
Frame,695,3.21108818,1.96006012,7.2833333,True,False,None,Playing,True,True,True,0,15,53.87928,0,-10,8.7,False,False,False,-4,0.92,0.003246202
Frame,696,3.21460152,1.963343,7.2833333,True,False,None,Playing,True,True,True,0,15,53.83988,0,-10,8.7,False,False,False,-4,0.92,0.00328290113
Frame,697,3.2186203,1.96749377,7.2833333,True,False,None,Playing,True,True,True,0,15,53.7900772,0,-10,8.7,False,False,False,-4,0.92,0.004150801
Frame,698,3.22232437,1.97108662,7.2833333,True,False,None,Playing,True,True,True,0,15,53.74696,0,-10,8.7,False,False,False,-4,0.92,0.00359289977
Frame,699,3.22615433,1.97500718,7.2833333,True,False,None,Playing,True,True,True,0,15,53.699913,0,-10,8.7,False,False,False,-4,0.92,0.00392059935
Frame,700,3.22982216,1.97853827,7.2833333,True,False,None,Playing,True,True,True,0,15,53.6575432,0,-10,8.7,False,False,False,-4,0.92,0.00353110116
Frame,701,3.23346329,1.9824729,7.2833333,True,False,None,Playing,True,True,True,0,15,53.6103249,0,-10,8.7,False,False,False,-4,0.92,0.003934595
Sequence_012,701,3.27067375,1.9824729,7.2833333,True,False,None,Playing,True,True,True,0,15,53.6103249,0,-10,8.7,False,False,False,-4,0.92,0.003934595
Frame,702,3.27735329,2.0262022,7.2833333,True,False,None,Playing,True,True,True,0,15,53.0855751,0,-10,8.7,False,False,False,-4,0.92,0.0437294021
Frame,703,3.28543854,2.03121471,7.2833333,True,False,None,Playing,True,True,True,0,15,53.025425,0,-10,8.7,False,False,False,-4,0.92,0.00501259929
Frame,704,3.288889,2.037758,7.2833333,True,False,None,Playing,True,True,True,0,15,52.9469032,0,-10,8.7,False,False,False,-4,0.92,0.006543502
Frame,705,3.292326,2.04133177,7.2833333,True,False,None,Playing,True,True,True,0,15,52.90402,0,-10,8.7,False,False,False,-4,0.92,0.00357370335
Frame,706,3.29554367,2.04438,7.2833333,True,False,None,Playing,True,True,True,0,15,52.8674431,0,-10,8.7,False,False,False,-4,0.92,0.003048101
Frame,707,3.29950714,2.0480926,7.2833333,True,False,None,Playing,True,True,True,0,15,52.8228874,0,-10,8.7,False,False,False,-4,0.92,0.00371259917
Frame,708,3.303276,2.05215049,7.2833333,True,False,None,Playing,True,True,True,0,15,52.7741966,0,-10,8.7,False,False,False,-4,0.92,0.004057795
Frame,709,3.30677223,2.05586243,7.2833333,True,False,None,Playing,True,True,True,0,15,52.7296524,0,-10,8.7,False,False,False,-4,0.92,0.003712004
Frame,710,3.311016,2.05985045,7.2833333,True,False,None,Playing,True,True,True,0,15,52.681797,0,-10,8.7,False,False,False,-4,0.92,0.003987996
Frame,711,3.3147583,2.06353378,7.2833333,True,False,None,Playing,True,True,True,0,15,52.6375961,0,-10,8.7,False,False,False,-4,0.92,0.00368330488
Frame,712,3.3181572,2.06709981,7.2833333,True,False,None,Playing,True,True,True,0,15,52.5948029,0,-10,8.7,False,False,False,-4,0.92,0.0035660998
Frame,713,3.32117081,2.07017827,7.2833333,True,False,None,Playing,True,True,True,0,15,52.55786,0,-10,8.7,False,False,False,-4,0.92,0.00307840132
Frame,714,3.32409859,2.07308483,7.2833333,True,False,None,Playing,True,True,True,0,15,52.5229836,0,-10,8.7,False,False,False,-4,0.92,0.002906498
Frame,715,3.327032,2.076068,7.2833333,True,False,None,Playing,True,True,True,0,15,52.4871864,0,-10,8.7,False,False,False,-4,0.92,0.00298319873
Frame,716,3.33025169,2.07931256,7.2833333,True,False,None,Playing,True,True,True,0,15,52.44825,0,-10,8.7,False,False,False,-4,0.92,0.00324460026
Frame,717,3.33394051,2.08285165,7.2833333,True,False,None,Playing,True,True,True,0,15,52.40578,0,-10,8.7,False,False,False,-4,0.92,0.00353910145
Frame,718,3.337267,2.08634543,7.2833333,True,False,None,Playing,True,True,True,0,15,52.3638573,0,-10,8.7,False,False,False,-4,0.92,0.00349370041
Frame,719,3.34005165,2.08913064,7.2833333,True,False,None,Playing,True,True,True,0,15,52.3304329,0,-10,8.7,False,False,False,-4,0.92,0.00278509781
Frame,720,3.34309769,2.09196424,7.2833333,True,False,None,Playing,True,True,True,0,15,52.29643,0,-10,8.7,False,False,False,-4,0.92,0.00283360272
Frame,721,3.346035,2.095005,7.2833333,True,False,None,Playing,True,True,True,0,15,52.25994,0,-10,8.7,False,False,False,-4,0.92,0.003040795
Frame,722,3.34893417,2.09807587,7.2833333,True,False,None,Playing,True,True,True,0,15,52.22309,0,-10,8.7,False,False,False,-4,0.92,0.003070805
Frame,723,3.35459137,2.10092545,7.2833333,True,False,None,Playing,True,True,True,0,15,52.1888962,0,-10,8.7,False,False,False,-4,0.92,0.002849497
Frame,724,3.357872,2.106831,7.2833333,True,False,None,Playing,True,True,True,0,15,52.1180267,0,-10,8.7,False,False,False,-4,0.92,0.005905598
Frame,725,3.36099625,2.11000943,7.2833333,True,False,None,Playing,True,True,True,0,15,52.0798874,0,-10,8.7,False,False,False,-4,0.92,0.0031783022
Frame,726,3.364233,2.113195,7.2833333,True,False,None,Playing,True,True,True,0,15,52.04166,0,-10,8.7,False,False,False,-4,0.92,0.0031854026
Frame,727,3.36767578,2.116748,7.2833333,True,False,None,Playing,True,True,True,0,15,51.9990234,0,-10,8.7,False,False,False,-4,0.92,0.00355309667
Frame,728,3.37095261,2.12005234,7.2833333,True,False,None,Playing,True,True,True,0,15,51.9593735,0,-10,8.7,False,False,False,-4,0.92,0.0033043013
Frame,729,3.37454033,2.123348,7.2833333,True,False,None,Playing,True,True,True,0,15,51.9198227,0,-10,8.7,False,False,False,-4,0.92,0.00329559948
Frame,730,3.37857437,2.12732267,7.2833333,True,False,None,Playing,True,True,True,0,15,51.8721275,0,-10,8.7,False,False,False,-4,0.92,0.003974603
Frame,731,3.38294983,2.13165379,7.2833333,True,False,None,Playing,True,True,True,0,15,51.8201561,0,-10,8.7,False,False,False,-4,0.92,0.00433120038
Frame,732,3.38653183,2.135229,7.2833333,True,False,None,Playing,True,True,True,0,15,51.7772522,0,-10,8.7,False,False,False,-4,0.92,0.00357539672
Frame,733,3.39143753,2.14049721,7.2833333,True,False,None,Playing,True,True,True,0,15,51.714035,0,-10,8.7,False,False,False,-4,0.92,0.00526799867
Frame,734,3.39450836,2.1435523,7.2833333,True,False,None,Playing,True,True,True,0,15,51.677372,0,-10,8.7,False,False,False,-4,0.92,0.00305520114
Frame,735,3.39821243,2.14691138,7.2833333,True,False,None,Playing,True,True,True,0,15,51.6370621,0,-10,8.7,False,False,False,-4,0.92,0.00335919787
Frame,736,3.401659,2.15062737,7.2833333,True,False,None,Playing,True,True,True,0,15,51.5924721,0,-10,8.7,False,False,False,-4,0.92,0.00371600059
Frame,737,3.40485573,2.15375733,7.2833333,True,False,None,Playing,True,True,True,0,15,51.5549126,0,-10,8.7,False,False,False,-4,0.92,0.00313000288
Frame,738,3.40826035,2.157303,7.2833333,True,False,None,Playing,True,True,True,0,15,51.5123634,0,-10,8.7,False,False,False,-4,0.92,0.00354569871
Frame,739,3.41157913,2.1606853,7.2833333,True,False,None,Playing,True,True,True,0,15,51.47178,0,-10,8.7,False,False,False,-4,0.92,0.00338229886
Frame,740,3.415554,2.16426682,7.2833333,True,False,None,Playing,True,True,True,0,15,51.4288,0,-10,8.7,False,False,False,-4,0.92,0.003581498
Frame,741,3.41893387,2.167912,7.2833333,True,False,None,Playing,True,True,True,0,15,51.3850555,0,-10,8.7,False,False,False,-4,0.92,0.00364510342
Frame,742,3.42186928,2.17096758,7.2833333,True,False,None,Playing,True,True,True,0,15,51.34839,0,-10,8.7,False,False,False,-4,0.92,0.003055499
Frame,743,3.42495728,2.17388821,7.2833333,True,False,None,Playing,True,True,True,0,15,51.313343,0,-10,8.7,False,False,False,-4,0.92,0.00292059942
Frame,744,3.42799377,2.17705774,7.2833333,True,False,None,Playing,True,True,True,0,15,51.2753067,0,-10,8.7,False,False,False,-4,0.92,0.00316960039
Frame,745,3.431137,2.18003273,7.2833333,True,False,None,Playing,True,True,True,0,15,51.23961,0,-10,8.7,False,False,False,-4,0.92,0.00297509925
Frame,746,3.43423271,2.18326664,7.2833333,True,False,None,Playing,True,True,True,0,15,51.2008,0,-10,8.7,False,False,False,-4,0.92,0.003233801
Sequence_013,746,3.46380043,2.18326664,7.2833333,True,False,None,Playing,True,True,True,0,15,51.2008,0,-10,8.7,False,False,False,-4,0.92,0.003233801
Frame,747,3.4703064,2.21914864,7.2833333,True,False,None,Playing,True,True,True,0,15,50.7702179,0,-10,8.7,False,False,False,-4,0.92,0.035881903
Frame,748,3.47478676,2.22363,7.2833333,True,False,None,Playing,True,True,True,0,15,50.7164421,0,-10,8.7,False,False,False,-4,0.92,0.004481399
Frame,749,3.478363,2.22715735,7.2833333,True,False,None,Playing,True,True,True,0,15,50.6741142,0,-10,8.7,False,False,False,-4,0.92,0.00352750137
Frame,750,3.48269653,2.231728,7.2833333,True,False,None,Playing,True,True,True,0,15,50.6192627,0,-10,8.7,False,False,False,-4,0.92,0.004570699
Frame,751,3.48660851,2.23525572,7.2833333,True,False,None,Playing,True,True,True,0,15,50.57693,0,-10,8.7,False,False,False,-4,0.92,0.00352769974
Frame,752,3.49033165,2.23922944,7.2833333,True,False,None,Playing,True,True,True,0,15,50.5292473,0,-10,8.7,False,False,False,-4,0.92,0.00397370337
Frame,753,3.493538,2.24270415,7.2833333,True,False,None,Playing,True,True,True,0,15,50.48755,0,-10,8.7,False,False,False,-4,0.92,0.00347479456
Frame,754,3.49684143,2.24591374,7.2833333,True,False,None,Playing,True,True,True,0,15,50.4490356,0,-10,8.7,False,False,False,-4,0.92,0.00320960185
Frame,755,3.5010128,2.25005317,7.2833333,True,False,None,Playing,True,True,True,0,15,50.3993645,0,-10,8.7,False,False,False,-4,0.92,0.004139399
Frame,756,3.50531387,2.25400829,7.2833333,True,False,None,Playing,True,True,True,0,15,50.351902,0,-10,8.7,False,False,False,-4,0.92,0.003955102
Frame,757,3.50829887,2.25739646,7.2833333,True,False,None,Playing,True,True,True,0,15,50.311245,0,-10,8.7,False,False,False,-4,0.92,0.0033881024
Frame,758,3.5119133,2.26075649,7.2833333,True,False,None,Playing,True,True,True,0,15,50.2709236,0,-10,8.7,False,False,False,-4,0.92,0.00335999858
Frame,759,3.51604652,2.26507068,7.2833333,True,False,None,Playing,True,True,True,0,15,50.2191544,0,-10,8.7,False,False,False,-4,0.92,0.0043141013
Frame,760,3.519476,2.26857376,7.2833333,True,False,None,Playing,True,True,True,0,15,50.1771164,0,-10,8.7,False,False,False,-4,0.92,0.00350299734
Frame,761,3.522335,2.271389,7.2833333,True,False,None,Playing,True,True,True,0,15,50.1433334,0,-10,8.7,False,False,False,-4,0.92,0.002815299
Frame,762,3.525032,2.27411771,7.2833333,True,False,None,Playing,True,True,True,0,15,50.1105881,0,-10,8.7,False,False,False,-4,0.92,0.00272859982
Frame,763,3.52791786,2.27698,7.2833333,True,False,None,Playing,True,True,True,0,15,50.07624,0,-10,8.7,False,False,False,-4,0.92,0.00286210328
Frame,764,3.53089714,2.279827,7.2833333,True,False,None,Playing,True,True,True,0,15,50.0420761,0,-10,8.7,False,False,False,-4,0.92,0.002847201
Frame,765,3.53411484,2.28287172,7.2833333,True,False,None,Playing,True,True,True,0,15,50.00554,0,-10,8.7,False,False,False,-4,0.92,0.00304460037
Frame,766,3.537922,2.28673482,7.2833333,True,False,None,Playing,True,True,True,0,15,49.9591827,0,-10,8.7,False,False,False,-4,0.92,0.00386299612
Frame,767,3.54118729,2.29033041,7.2833333,True,False,None,Playing,True,True,True,0,15,49.9160347,0,-10,8.7,False,False,False,-4,0.92,0.00359550025
Frame,768,3.54427528,2.29328465,7.2833333,True,False,None,Playing,True,True,True,0,15,49.8805847,0,-10,8.7,False,False,False,-4,0.92,0.002954202
Frame,769,3.54802132,2.2967267,7.2833333,True,False,None,Playing,True,True,True,0,15,49.83928,0,-10,8.7,False,False,False,-4,0.92,0.00344209885
Frame,770,3.55141449,2.30049229,7.2833333,True,False,None,Playing,True,True,True,0,15,49.7940941,0,-10,8.7,False,False,False,-4,0.92,0.00376549736
Frame,771,3.55425262,2.30340672,7.2833333,True,False,None,Playing,True,True,True,0,15,49.75912,0,-10,8.7,False,False,False,-4,0.92,0.00291450531
Frame,772,3.56389046,2.3127284,7.2833333,True,False,None,Playing,True,True,True,0,15,49.64726,0,-10,8.7,False,False,False,-4,0.92,0.009321598
Frame,773,3.57048225,2.31945562,7.2833333,True,False,None,Playing,True,True,True,0,15,49.5665321,0,-10,8.7,False,False,False,-4,0.92,0.00672719674
Frame,774,3.57652473,2.3254745,7.2833333,True,False,None,Playing,True,True,True,0,15,49.4943047,0,-10,8.7,False,False,False,-4,0.92,0.006018899
Frame,775,3.579687,2.32867718,7.2833333,True,False,None,Playing,True,True,True,0,15,49.4558754,0,-10,8.7,False,False,False,-4,0.92,0.00320269982
Frame,776,3.58370781,2.33230352,7.2833333,True,False,None,Playing,True,True,True,0,15,49.4123573,0,-10,8.7,False,False,False,-4,0.92,0.00362630375
Frame,777,3.58714676,2.33624268,7.2833333,True,False,None,Playing,True,True,True,0,15,49.36509,0,-10,8.7,False,False,False,-4,0.92,0.00393920066
Frame,778,3.591711,2.340748,7.2833333,True,False,None,Playing,True,True,True,0,15,49.3110237,0,-10,8.7,False,False,False,-4,0.92,0.00450530043
Frame,779,3.594572,2.34365535,7.2833333,True,False,None,Playing,True,True,True,0,15,49.27614,0,-10,8.7,False,False,False,-4,0.92,0.00290729874
Frame,780,3.5980072,2.347061,7.2833333,True,False,None,Playing,True,True,True,0,15,49.23527,0,-10,8.7,False,False,False,-4,0.92,0.003405598
Frame,781,3.60148621,2.35020018,7.2833333,True,False,None,Playing,True,True,True,0,15,49.1975975,0,-10,8.7,False,False,False,-4,0.92,0.00313920062
Frame,782,3.60531235,2.35416532,7.2833333,True,False,None,Playing,True,True,True,0,15,49.1500168,0,-10,8.7,False,False,False,-4,0.92,0.0039652
Frame,783,3.60865784,2.35760713,7.2833333,True,False,None,Playing,True,True,True,0,15,49.1087151,0,-10,8.7,False,False,False,-4,0.92,0.00344180129
Frame,784,3.61180878,2.36075044,7.2833333,True,False,None,Playing,True,True,True,0,15,49.0709953,0,-10,8.7,False,False,False,-4,0.92,0.00314329658
Frame,785,3.615509,2.364228,7.2833333,True,False,None,Playing,True,True,True,0,15,49.0292664,0,-10,8.7,False,False,False,-4,0.92,0.00347750145
Frame,786,3.61974335,2.3682735,7.2833333,True,False,None,Playing,True,True,True,0,15,48.98072,0,-10,8.7,False,False,False,-4,0.92,0.00404540123
Frame,787,3.62492943,2.37345338,7.2833333,True,False,None,Playing,True,True,True,0,15,48.91856,0,-10,8.7,False,False,False,-4,0.92,0.00517989649
Frame,788,3.63077545,2.378358,7.2833333,True,False,None,Playing,True,True,True,0,15,48.8597069,0,-10,8.7,False,False,False,-4,0.92,0.00490440056
Frame,789,3.63618279,2.38448453,7.2833333,True,False,None,Playing,True,True,True,0,15,48.7861862,0,-10,8.7,False,False,False,-4,0.92,0.00612660125
Sequence_014,789,3.68502235,2.38448453,7.2833333,True,False,None,Playing,True,True,True,0,15,48.7861862,0,-10,8.7,False,False,False,-4,0.92,0.00612660125
Frame,790,3.69144058,2.44027519,7.2833333,True,False,None,Playing,True,True,True,0,15,48.1167,0,-10,8.7,False,False,False,-4,0.92,0.0557907037
Frame,791,3.69614029,2.44513631,7.2833333,True,False,None,Playing,True,True,True,0,15,48.0583649,0,-10,8.7,False,False,False,-4,0.92,0.004861196
Frame,792,3.69954872,2.44858742,7.2833333,True,False,None,Playing,True,True,True,0,15,48.0169525,0,-10,8.7,False,False,False,-4,0.92,0.003450999
Frame,793,3.70249939,2.45164776,7.2833333,True,False,None,Playing,True,True,True,0,15,47.98023,0,-10,8.7,False,False,False,-4,0.92,0.00306040258
Frame,794,3.7056675,2.45466518,7.2833333,True,False,None,Playing,True,True,True,0,15,47.94402,0,-10,8.7,False,False,False,-4,0.92,0.00301740365
Frame,795,3.70853043,2.45761538,7.2833333,True,False,None,Playing,True,True,True,0,15,47.9086151,0,-10,8.7,False,False,False,-4,0.92,0.00295019848
Frame,796,3.71173286,2.46053028,7.2833333,True,False,None,Playing,True,True,True,0,15,47.87364,0,-10,8.7,False,False,False,-4,0.92,0.00291500147
Frame,797,3.71563721,2.464356,7.2833333,True,False,None,Playing,True,True,True,0,15,47.82773,0,-10,8.7,False,False,False,-4,0.92,0.00382569456
Frame,798,3.719574,2.46857142,7.2833333,True,False,None,Playing,True,True,True,0,15,47.7771454,0,-10,8.7,False,False,False,-4,0.92,0.00421550451
Frame,799,3.723135,2.472194,7.2833333,True,False,None,Playing,True,True,True,0,15,47.7336731,0,-10,8.7,False,False,False,-4,0.92,0.00362259778
Frame,800,3.72621918,2.47531343,7.2833333,True,False,None,Playing,True,True,True,0,15,47.69624,0,-10,8.7,False,False,False,-4,0.92,0.00311940187
Frame,801,3.729189,2.47832012,7.2833333,True,False,None,Playing,True,True,True,0,15,47.66016,0,-10,8.7,False,False,False,-4,0.92,0.00300659728
Frame,802,3.73242,2.48144674,7.2833333,True,False,None,Playing,True,True,True,0,15,47.62264,0,-10,8.7,False,False,False,-4,0.92,0.00312650227
Frame,803,3.73531532,2.4844172,7.2833333,True,False,None,Playing,True,True,True,0,15,47.5869942,0,-10,8.7,False,False,False,-4,0.92,0.002970401
Frame,804,3.73858452,2.48741341,7.2833333,True,False,None,Playing,True,True,True,0,15,47.55104,0,-10,8.7,False,False,False,-4,0.92,0.00299619464
Frame,805,3.741579,2.49065447,7.2833333,True,False,None,Playing,True,True,True,0,15,47.512146,0,-10,8.7,False,False,False,-4,0.92,0.00324100046
Frame,806,3.74433327,2.49343944,7.2833333,True,False,None,Playing,True,True,True,0,15,47.47873,0,-10,8.7,False,False,False,-4,0.92,0.00278500561
Frame,807,3.74760818,2.49648285,7.2833333,True,False,None,Playing,True,True,True,0,15,47.4422073,0,-10,8.7,False,False,False,-4,0.92,0.0030433957
Frame,808,3.753481,2.50234461,7.2833333,True,False,None,Playing,True,True,True,0,15,47.3718643,0,-10,8.7,False,False,False,-4,0.92,0.005861699
Frame,809,3.756689,2.50577545,7.2833333,True,False,None,Playing,True,True,True,0,15,47.3306961,0,-10,8.7,False,False,False,-4,0.92,0.00343090273
Frame,810,3.75976944,2.5087924,7.2833333,True,False,None,Playing,True,True,True,0,15,47.29449,0,-10,8.7,False,False,False,-4,0.92,0.0030169005
Frame,811,3.76278877,2.51173854,7.2833333,True,False,None,Playing,True,True,True,0,15,47.25914,0,-10,8.7,False,False,False,-4,0.92,0.00294620171
Frame,812,3.76671028,2.51566672,7.2833333,True,False,None,Playing,True,True,True,0,15,47.212,0,-10,8.7,False,False,False,-4,0.92,0.0039280965
Frame,813,3.769825,2.518705,7.2833333,True,False,None,Playing,True,True,True,0,15,47.17554,0,-10,8.7,False,False,False,-4,0.92,0.0030381023
Frame,814,3.772686,2.5217936,7.2833333,True,False,None,Playing,True,True,True,0,15,47.1384773,0,-10,8.7,False,False,False,-4,0.92,0.00308859837
Frame,815,3.77603531,2.52487254,7.2833333,True,False,None,Playing,True,True,True,0,15,47.101532,0,-10,8.7,False,False,False,-4,0.92,0.00307889748
Frame,816,3.77974129,2.52853417,7.2833333,True,False,None,Playing,True,True,True,0,15,47.05759,0,-10,8.7,False,False,False,-4,0.92,0.0036616
Frame,817,3.78362465,2.53226447,7.2833333,True,False,None,Playing,True,True,True,0,15,47.01283,0,-10,8.7,False,False,False,-4,0.92,0.00373030035
Frame,818,3.7870388,2.53612518,7.2833333,True,False,None,Playing,True,True,True,0,15,46.9665,0,-10,8.7,False,False,False,-4,0.92,0.003860601
Frame,819,3.7902298,2.53926039,7.2833333,True,False,None,Playing,True,True,True,0,15,46.928875,0,-10,8.7,False,False,False,-4,0.92,0.00313530327
Frame,820,3.79317856,2.54230666,7.2833333,True,False,None,Playing,True,True,True,0,15,46.8923225,0,-10,8.7,False,False,False,-4,0.92,0.003046294
Frame,821,3.79788971,2.5468204,7.2833333,True,False,None,Playing,True,True,True,0,15,46.8381577,0,-10,8.7,False,False,False,-4,0.92,0.004513804
Frame,822,3.80112839,2.5500524,7.2833333,True,False,None,Playing,True,True,True,0,15,46.7993736,0,-10,8.7,False,False,False,-4,0.92,0.00323210028
Frame,823,3.80449486,2.55348182,7.2833333,True,False,None,Playing,True,True,True,0,15,46.75822,0,-10,8.7,False,False,False,-4,0.92,0.00342949969
Frame,824,3.8075428,2.55658174,7.2833333,True,False,None,Playing,True,True,True,0,15,46.72102,0,-10,8.7,False,False,False,-4,0.92,0.003099901
Frame,825,3.81036377,2.559449,7.2833333,True,False,None,Playing,True,True,True,0,15,46.686615,0,-10,8.7,False,False,False,-4,0.92,0.00286729727
Frame,826,3.813982,2.56283784,7.2833333,True,False,None,Playing,True,True,True,0,15,46.6459465,0,-10,8.7,False,False,False,-4,0.92,0.003388804
Frame,827,3.81760979,2.56643081,7.2833333,True,False,None,Playing,True,True,True,0,15,46.6028328,0,-10,8.7,False,False,False,-4,0.92,0.00359289977
Frame,828,3.82092476,2.56999,7.2833333,True,False,None,Playing,True,True,True,0,15,46.5601234,0,-10,8.7,False,False,False,-4,0.92,0.00355909858
Frame,829,3.82438087,2.57331657,7.2833333,True,False,None,Playing,True,True,True,0,15,46.5202026,0,-10,8.7,False,False,False,-4,0.92,0.00332670077
Frame,830,3.827652,2.57673144,7.2833333,True,False,None,Playing,True,True,True,0,15,46.4792252,0,-10,8.7,False,False,False,-4,0.92,0.00341490214
Frame,831,3.83047867,2.57950878,7.2833333,True,False,None,Playing,True,True,True,0,15,46.4458961,0,-10,8.7,False,False,False,-4,0.92,0.002777395
Frame,832,3.83369064,2.58267331,7.2833333,True,False,None,Playing,True,True,True,0,15,46.40792,0,-10,8.7,False,False,False,-4,0.92,0.00316449837
Frame,833,3.836708,2.58578229,7.2833333,True,False,None,Playing,True,True,True,0,15,46.3706131,0,-10,8.7,False,False,False,-4,0.92,0.00310890027
Frame,834,3.839571,2.58861041,7.2833333,True,False,None,Playing,True,True,True,0,15,46.3366776,0,-10,8.7,False,False,False,-4,0.92,0.002828203
Frame,835,3.84242249,2.59155917,7.2833333,True,False,None,Playing,True,True,True,0,15,46.3012924,0,-10,8.7,False,False,False,-4,0.92,0.00294880243
Frame,836,3.84609032,2.59492731,7.2833333,True,False,None,Playing,True,True,True,0,15,46.26087,0,-10,8.7,False,False,False,-4,0.92,0.003368098
Frame,837,3.85080528,2.599399,7.2833333,True,False,None,Playing,True,True,True,0,15,46.20721,0,-10,8.7,False,False,False,-4,0.92,0.004471797
Frame,838,3.85437775,2.60343933,7.2833333,True,False,None,Playing,True,True,True,0,15,46.15873,0,-10,8.7,False,False,False,-4,0.92,0.0040402
Frame,839,3.857563,2.606675,7.2833333,True,False,None,Playing,True,True,True,0,15,46.1199,0,-10,8.7,False,False,False,-4,0.92,0.0032355017
Sequence_015,839,3.88844872,2.606675,7.2833333,True,False,None,Playing,True,True,True,0,15,46.1199,0,-10,8.7,False,False,False,-4,0.92,0.0032355017
Frame,840,3.89761162,2.646111,7.2833333,True,False,None,Playing,True,True,True,0,15,45.6466675,0,-10,8.7,False,False,False,-4,0.92,0.0394359976
Frame,841,3.90635872,2.654959,7.2833333,True,False,None,Playing,True,True,True,0,15,45.540493,0,-10,8.7,False,False,False,-4,0.92,0.00884790253
Frame,842,3.91281319,2.66162157,7.2833333,True,False,None,Playing,True,True,True,0,15,45.4605446,0,-10,8.7,False,False,False,-4,0.92,0.0066625
Frame,843,3.91726112,2.66585374,7.2833333,True,False,None,Playing,True,True,True,0,15,45.4097557,0,-10,8.7,False,False,False,-4,0.92,0.0042321994
Frame,844,3.92084885,2.66983938,7.2833333,True,False,None,Playing,True,True,True,0,15,45.36193,0,-10,8.7,False,False,False,-4,0.92,0.003985601
Frame,845,3.92401123,2.67304039,7.2833333,True,False,None,Playing,True,True,True,0,15,45.3235168,0,-10,8.7,False,False,False,-4,0.92,0.00320099923
Frame,846,3.927227,2.67626429,7.2833333,True,False,None,Playing,True,True,True,0,15,45.284832,0,-10,8.7,False,False,False,-4,0.92,0.0032240008
Frame,847,3.93087769,2.67942834,7.2833333,True,False,None,Playing,True,True,True,0,15,45.24686,0,-10,8.7,False,False,False,-4,0.92,0.00316410139
Frame,848,3.93535233,2.68402863,7.2833333,True,False,None,Playing,True,True,True,0,15,45.191658,0,-10,8.7,False,False,False,-4,0.92,0.00460029766
Frame,849,3.93856621,2.687682,7.2833333,True,False,None,Playing,True,True,True,0,15,45.14782,0,-10,8.7,False,False,False,-4,0.92,0.00365340128
Frame,850,3.94156647,2.69064,7.2833333,True,False,None,Playing,True,True,True,0,15,45.11232,0,-10,8.7,False,False,False,-4,0.92,0.00295809959
Frame,851,3.94446945,2.693563,7.2833333,True,False,None,Playing,True,True,True,0,15,45.0772438,0,-10,8.7,False,False,False,-4,0.92,0.00292300177
Frame,852,3.94777679,2.69676447,7.2833333,True,False,None,Playing,True,True,True,0,15,45.03883,0,-10,8.7,False,False,False,-4,0.92,0.003201396
Frame,853,3.95060349,2.69967961,7.2833333,True,False,None,Playing,True,True,True,0,15,45.0038452,0,-10,8.7,False,False,False,-4,0.92,0.00291510066
Frame,854,3.95384216,2.70279217,7.2833333,True,False,None,Playing,True,True,True,0,15,44.9664955,0,-10,8.7,False,False,False,-4,0.92,0.00311259925
Frame,855,3.9572773,2.706435,7.2833333,True,False,None,Playing,True,True,True,0,15,44.92278,0,-10,8.7,False,False,False,-4,0.92,0.00364270131
Frame,856,3.96031,2.709484,7.2833333,True,False,None,Playing,True,True,True,0,15,44.8861923,0,-10,8.7,False,False,False,-4,0.92,0.00304919924
Frame,857,3.96334076,2.71223855,7.2833333,True,False,None,Playing,True,True,True,0,15,44.853138,0,-10,8.7,False,False,False,-4,0.92,0.00275440048
Frame,858,3.96691132,2.71589422,7.2833333,True,False,None,Playing,True,True,True,0,15,44.8092728,0,-10,8.7,False,False,False,-4,0.92,0.00365570444
Frame,859,3.97014046,2.71922,7.2833333,True,False,None,Playing,True,True,True,0,15,44.7693634,0,-10,8.7,False,False,False,-4,0.92,0.00332580064
Frame,860,3.973978,2.72237659,7.2833333,True,False,None,Playing,True,True,True,0,15,44.73148,0,-10,8.7,False,False,False,-4,0.92,0.00315669645
Frame,861,3.97713661,2.72625375,7.2833333,True,False,None,Playing,True,True,True,0,15,44.6849556,0,-10,8.7,False,False,False,-4,0.92,0.00387709751
Frame,862,3.98037338,2.72925377,7.2833333,True,False,None,Playing,True,True,True,0,15,44.6489563,0,-10,8.7,False,False,False,-4,0.92,0.003
Frame,863,3.98406982,2.73308325,7.2833333,True,False,None,Playing,True,True,True,0,15,44.603,0,-10,8.7,False,False,False,-4,0.92,0.00382940052
Frame,864,3.987835,2.73667526,7.2833333,True,False,None,Playing,True,True,True,0,15,44.5599,0,-10,8.7,False,False,False,-4,0.92,0.00359190046
Frame,865,3.99150467,2.740609,7.2833333,True,False,None,Playing,True,True,True,0,15,44.5126953,0,-10,8.7,False,False,False,-4,0.92,0.00393370166
Frame,866,3.99477,2.74378967,7.2833333,True,False,None,Playing,True,True,True,0,15,44.4745255,0,-10,8.7,False,False,False,-4,0.92,0.00318069733
Frame,867,3.99879074,2.74755073,7.2833333,True,False,None,Playing,True,True,True,0,15,44.4293938,0,-10,8.7,False,False,False,-4,0.92,0.003761104
Frame,868,4.00239754,2.75116038,7.2833333,True,False,None,Playing,True,True,True,0,15,44.3860779,0,-10,8.7,False,False,False,-4,0.92,0.003609701
Frame,869,4.0059967,2.75488639,7.2833333,True,False,None,Playing,True,True,True,0,15,44.3413658,0,-10,8.7,False,False,False,-4,0.92,0.00372589985
Frame,870,4.009077,2.7581625,7.2833333,True,False,None,Playing,True,True,True,0,15,44.30205,0,-10,8.7,False,False,False,-4,0.92,0.00327609829
Frame,871,4.014656,2.76345468,7.2833333,True,False,None,Playing,True,True,True,0,15,44.2385445,0,-10,8.7,False,False,False,-4,0.92,0.005292198
Frame,872,4.01860046,2.76737,7.2833333,True,False,None,Playing,True,True,True,0,15,44.19156,0,-10,8.7,False,False,False,-4,0.92,0.0039152
Frame,873,4.022043,2.7710712,7.2833333,True,False,None,Playing,True,True,True,0,15,44.14715,0,-10,8.7,False,False,False,-4,0.92,0.00370120467
Frame,874,4.025797,2.77443838,7.2833333,True,False,None,Playing,True,True,True,0,15,44.10674,0,-10,8.7,False,False,False,-4,0.92,0.00336729735
Frame,875,4.02892876,2.77804542,7.2833333,True,False,None,Playing,True,True,True,0,15,44.0634575,0,-10,8.7,False,False,False,-4,0.92,0.00360710034
Frame,876,4.032015,2.78107142,7.2833333,True,False,None,Playing,True,True,True,0,15,44.0271454,0,-10,8.7,False,False,False,-4,0.92,0.00302589987
Frame,877,4.03533,2.78426242,7.2833333,True,False,None,Playing,True,True,True,0,15,43.9888535,0,-10,8.7,False,False,False,-4,0.92,0.00319100055
Frame,878,4.038292,2.78739071,7.2833333,True,False,None,Playing,True,True,True,0,15,43.951313,0,-10,8.7,False,False,False,-4,0.92,0.003128295
Frame,879,4.041376,2.79044914,7.2833333,True,False,None,Playing,True,True,True,0,15,43.91461,0,-10,8.7,False,False,False,-4,0.92,0.00305850338
Frame,880,4.04421234,2.79330468,7.2833333,True,False,None,Playing,True,True,True,0,15,43.8803444,0,-10,8.7,False,False,False,-4,0.92,0.00285549881
Frame,881,4.047632,2.796598,7.2833333,True,False,None,Playing,True,True,True,0,15,43.8408279,0,-10,8.7,False,False,False,-4,0.92,0.00329320435
Frame,882,4.05114937,2.80009246,7.2833333,True,False,None,Playing,True,True,True,0,15,43.79889,0,-10,8.7,False,False,False,-4,0.92,0.003494395
Frame,883,4.05413437,2.80326152,7.2833333,True,False,None,Playing,True,True,True,0,15,43.7608643,0,-10,8.7,False,False,False,-4,0.92,0.003169005
Frame,884,4.05772,2.8067112,7.2833333,True,False,None,Playing,True,True,True,0,15,43.7194672,0,-10,8.7,False,False,False,-4,0.92,0.0034497946
Sequence_016,884,4.087101,2.8067112,7.2833333,True,False,None,Playing,True,True,True,0,15,43.7194672,0,-10,8.7,False,False,False,-4,0.92,0.0034497946
Frame,885,4.093027,2.84188581,7.2833333,True,False,None,Playing,True,True,True,0,15,43.29737,0,-10,8.7,False,False,False,-4,0.92,0.0351746045
Frame,886,4.09837151,2.846628,7.2833333,True,False,None,Playing,True,True,True,0,15,43.2404671,0,-10,8.7,False,False,False,-4,0.92,0.004742099
Frame,887,4.10234451,2.8513217,7.2833333,True,False,None,Playing,True,True,True,0,15,43.1841431,0,-10,8.7,False,False,False,-4,0.92,0.00469370047
Frame,888,4.105894,2.85448,7.2833333,True,False,None,Playing,True,True,True,0,15,43.14624,0,-10,8.7,False,False,False,-4,0.92,0.00315829786
Frame,889,4.10893631,2.85801673,7.2833333,True,False,None,Playing,True,True,True,0,15,43.1038,0,-10,8.7,False,False,False,-4,0.92,0.00353679853
Frame,890,4.1118927,2.86098266,7.2833333,True,False,None,Playing,True,True,True,0,15,43.06821,0,-10,8.7,False,False,False,-4,0.92,0.00296600047
Frame,891,4.11553955,2.86426234,7.2833333,True,False,None,Playing,True,True,True,0,15,43.0288544,0,-10,8.7,False,False,False,-4,0.92,0.003279606
Frame,892,4.119707,2.868345,7.2833333,True,False,None,Playing,True,True,True,0,15,42.9798622,0,-10,8.7,False,False,False,-4,0.92,0.00408269558
Frame,893,4.12399864,2.87282729,7.2833333,True,False,None,Playing,True,True,True,0,15,42.92607,0,-10,8.7,False,False,False,-4,0.92,0.00448229862
Frame,894,4.1277523,2.87680817,7.2833333,True,False,None,Playing,True,True,True,0,15,42.8783035,0,-10,8.7,False,False,False,-4,0.92,0.003980804
Frame,895,4.13119125,2.879947,7.2833333,True,False,None,Playing,True,True,True,0,15,42.8406372,0,-10,8.7,False,False,False,-4,0.92,0.003138896
Frame,896,4.134674,2.883692,7.2833333,True,False,None,Playing,True,True,True,0,15,42.7956963,0,-10,8.7,False,False,False,-4,0.92,0.0037450043
Frame,897,4.138548,2.887438,7.2833333,True,False,None,Playing,True,True,True,0,15,42.7507439,0,-10,8.7,False,False,False,-4,0.92,0.00374609558
Frame,898,4.14191055,2.8909483,7.2833333,True,False,None,Playing,True,True,True,0,15,42.708622,0,-10,8.7,False,False,False,-4,0.92,0.00351020414
Frame,899,4.145088,2.893867,7.2833333,True,False,None,Playing,True,True,True,0,15,42.6735954,0,-10,8.7,False,False,False,-4,0.92,0.00291870045
Frame,900,4.14903069,2.89784837,7.2833333,True,False,None,Playing,True,True,True,0,15,42.62582,0,-10,8.7,False,False,False,-4,0.92,0.0039812997
Frame,901,4.15215874,2.90120029,7.2833333,True,False,None,Playing,True,True,True,0,15,42.585598,0,-10,8.7,False,False,False,-4,0.92,0.003351899
Frame,902,4.155241,2.90425062,7.2833333,True,False,None,Playing,True,True,True,0,15,42.5489922,0,-10,8.7,False,False,False,-4,0.92,0.003050397
Frame,903,4.158495,2.9073987,7.2833333,True,False,None,Playing,True,True,True,0,15,42.5112152,0,-10,8.7,False,False,False,-4,0.92,0.0031481008
Frame,904,4.16136932,2.91054487,7.2833333,True,False,None,Playing,True,True,True,0,15,42.47346,0,-10,8.7,False,False,False,-4,0.92,0.00314610265
Frame,905,4.16436768,2.91337276,7.2833333,True,False,None,Playing,True,True,True,0,15,42.4395256,0,-10,8.7,False,False,False,-4,0.92,0.00282789813
Frame,906,4.170948,2.91732979,7.2833333,True,False,None,Playing,True,True,True,0,15,42.3920441,0,-10,8.7,False,False,False,-4,0.92,0.003957001
Frame,907,4.174036,2.92311144,7.2833333,True,False,None,Playing,True,True,True,0,15,42.3226624,0,-10,8.7,False,False,False,-4,0.92,0.00578170363
Frame,908,4.17728424,2.9264,7.2833333,True,False,None,Playing,True,True,True,0,15,42.2832031,0,-10,8.7,False,False,False,-4,0.92,0.003288499
Frame,909,4.180443,2.92932963,7.2833333,True,False,None,Playing,True,True,True,0,15,42.2480469,0,-10,8.7,False,False,False,-4,0.92,0.0029297974
Frame,910,4.18371964,2.93281078,7.2833333,True,False,None,Playing,True,True,True,0,15,42.2062721,0,-10,8.7,False,False,False,-4,0.92,0.00348120043
Frame,911,4.18654251,2.935679,7.2833333,True,False,None,Playing,True,True,True,0,15,42.1718559,0,-10,8.7,False,False,False,-4,0.92,0.002868098
Frame,912,4.18923759,2.93841982,7.2833333,True,False,None,Playing,True,True,True,0,15,42.1389656,0,-10,8.7,False,False,False,-4,0.92,0.00274080224
Frame,913,4.19239235,2.94125652,7.2833333,True,False,None,Playing,True,True,True,0,15,42.1049232,0,-10,8.7,False,False,False,-4,0.92,0.0028366
Frame,914,4.19555473,2.94461465,7.2833333,True,False,None,Playing,True,True,True,0,15,42.0646248,0,-10,8.7,False,False,False,-4,0.92,0.00335809938
Frame,915,4.19985,2.94867873,7.2833333,True,False,None,Playing,True,True,True,0,15,42.0158539,0,-10,8.7,False,False,False,-4,0.92,0.004064201
Frame,916,4.20466042,2.95372581,7.2833333,True,False,None,Playing,True,True,True,0,15,41.95529,0,-10,8.7,False,False,False,-4,0.92,0.00504700234
Frame,917,4.20830345,2.95711184,7.2833333,True,False,None,Playing,True,True,True,0,15,41.9146576,0,-10,8.7,False,False,False,-4,0.92,0.003386097
Frame,918,4.21163368,2.960751,7.2833333,True,False,None,Playing,True,True,True,0,15,41.87099,0,-10,8.7,False,False,False,-4,0.92,0.0036392007
Frame,919,4.215418,2.96439552,7.2833333,True,False,None,Playing,True,True,True,0,15,41.8272552,0,-10,8.7,False,False,False,-4,0.92,0.003644501
Frame,920,4.218626,2.96759152,7.2833333,True,False,None,Playing,True,True,True,0,15,41.7889023,0,-10,8.7,False,False,False,-4,0.92,0.00319609558
Frame,921,4.221596,2.97071552,7.2833333,True,False,None,Playing,True,True,True,0,15,41.7514153,0,-10,8.7,False,False,False,-4,0.92,0.00312390155
Frame,922,4.22460938,2.97354555,7.2833333,True,False,None,Playing,True,True,True,0,15,41.717453,0,-10,8.7,False,False,False,-4,0.92,0.002830102
Frame,923,4.22749329,2.97663164,7.2833333,True,False,None,Playing,True,True,True,0,15,41.68042,0,-10,8.7,False,False,False,-4,0.92,0.00308609684
Frame,924,4.230385,2.97937083,7.2833333,True,False,None,Playing,True,True,True,0,15,41.64755,0,-10,8.7,False,False,False,-4,0.92,0.00273929979
Frame,925,4.234024,2.98273349,7.2833333,True,False,None,Playing,True,True,True,0,15,41.6072,0,-10,8.7,False,False,False,-4,0.92,0.00336270547
Frame,926,4.23770332,2.98675942,7.2833333,True,False,None,Playing,True,True,True,0,15,41.5588875,0,-10,8.7,False,False,False,-4,0.92,0.004025999
Frame,927,4.24155426,2.99016261,7.2833333,True,False,None,Playing,True,True,True,0,15,41.51805,0,-10,8.7,False,False,False,-4,0.92,0.00340309669
Frame,928,4.24597359,2.99447131,7.2833333,True,False,None,Playing,True,True,True,0,15,41.4663429,0,-10,8.7,False,False,False,-4,0.92,0.004308603
Frame,929,4.25097275,2.9995997,7.2833333,True,False,None,Playing,True,True,True,0,15,41.4048042,0,-10,8.7,False,False,False,-4,0.92,0.005128295
Frame,930,4.254507,3.00349426,7.2833333,True,False,None,Playing,True,True,True,0,15,41.35807,0,-10,8.7,False,False,False,-4,0.92,0.00389460032
Frame,931,4.257948,3.00691247,7.2833333,True,False,None,Playing,True,True,True,0,15,41.31705,0,-10,8.7,False,False,False,-4,0.92,0.00341820437
Sequence_017,931,4.288414,3.00691247,7.2833333,True,False,None,Playing,True,True,True,0,15,41.31705,0,-10,8.7,False,False,False,-4,0.92,0.00341820437
Frame,932,4.294388,3.043326,7.2833333,True,False,None,Playing,True,True,True,0,15,40.8800926,0,-10,8.7,False,False,False,-4,0.92,0.0364135
Frame,933,4.299864,3.0486424,7.2833333,True,False,None,Playing,True,True,True,0,15,40.81629,0,-10,8.7,False,False,False,-4,0.92,0.005316596
Frame,934,4.30390549,3.05255818,7.2833333,True,False,None,Playing,True,True,True,0,15,40.7693024,0,-10,8.7,False,False,False,-4,0.92,0.003915703
Frame,935,4.307514,3.05661631,7.2833333,True,False,None,Playing,True,True,True,0,15,40.7206078,0,-10,8.7,False,False,False,-4,0.92,0.00405809935
Frame,936,4.31137276,3.06020379,7.2833333,True,False,None,Playing,True,True,True,0,15,40.6775551,0,-10,8.7,False,False,False,-4,0.92,0.00358759915
Frame,937,4.316128,3.0640223,7.2833333,True,False,None,Playing,True,True,True,0,15,40.6317329,0,-10,8.7,False,False,False,-4,0.92,0.00381840277
Frame,938,4.32317734,3.07141852,7.2833333,True,False,None,Playing,True,True,True,0,15,40.54298,0,-10,8.7,False,False,False,-4,0.92,0.007396301
Frame,939,4.33522034,3.083433,7.2833333,True,False,None,Playing,True,True,True,0,15,40.3988075,0,-10,8.7,False,False,False,-4,0.92,0.0120143993
Frame,940,4.340206,3.08884883,7.2833333,True,False,None,Playing,True,True,True,0,15,40.3338165,0,-10,8.7,False,False,False,-4,0.92,0.00541590154
Frame,941,4.34392738,3.09290481,7.2833333,True,False,None,Playing,True,True,True,0,15,40.2851448,0,-10,8.7,False,False,False,-4,0.92,0.004056094
Frame,942,4.34719658,3.096162,7.2833333,True,False,None,Playing,True,True,True,0,15,40.2460556,0,-10,8.7,False,False,False,-4,0.92,0.00325720664
Frame,943,4.35042572,3.099466,7.2833333,True,False,None,Playing,True,True,True,0,15,40.20641,0,-10,8.7,False,False,False,-4,0.92,0.00330409571
Frame,944,4.354723,3.10340738,7.2833333,True,False,None,Playing,True,True,True,0,15,40.15911,0,-10,8.7,False,False,False,-4,0.92,0.00394140463
Frame,945,4.35829926,3.107404,7.2833333,True,False,None,Playing,True,True,True,0,15,40.1111526,0,-10,8.7,False,False,False,-4,0.92,0.00399659853
Frame,946,4.36155128,3.11063576,7.2833333,True,False,None,Playing,True,True,True,0,15,40.0723724,0,-10,8.7,False,False,False,-4,0.92,0.00323169632
Frame,947,4.3664093,3.11500072,7.2833333,True,False,None,Playing,True,True,True,0,15,40.0199928,0,-10,8.7,False,False,False,-4,0.92,0.00436500134
Frame,948,4.37052155,3.119542,7.2833333,True,False,None,Playing,True,True,True,0,15,39.9655,0,-10,8.7,False,False,False,-4,0.92,0.0045411
Frame,949,4.373888,3.122711,7.2833333,True,False,None,Playing,True,True,True,0,15,39.9274673,0,-10,8.7,False,False,False,-4,0.92,0.003168998
Frame,950,4.377733,3.12686253,7.2833333,True,False,None,Playing,True,True,True,0,15,39.87765,0,-10,8.7,False,False,False,-4,0.92,0.00415170053
Frame,951,4.3821125,3.13099527,7.2833333,True,False,None,Playing,True,True,True,0,15,39.82806,0,-10,8.7,False,False,False,-4,0.92,0.00413280167
Frame,952,4.385544,3.13452482,7.2833333,True,False,None,Playing,True,True,True,0,15,39.7857,0,-10,8.7,False,False,False,-4,0.92,0.003529599
Frame,953,4.388771,3.137895,7.2833333,True,False,None,Playing,True,True,True,0,15,39.74526,0,-10,8.7,False,False,False,-4,0.92,0.00337020261
Frame,954,4.392147,3.14124036,7.2833333,True,False,None,Playing,True,True,True,0,15,39.7051163,0,-10,8.7,False,False,False,-4,0.92,0.00334519567
Frame,955,4.39596176,3.14474773,7.2833333,True,False,None,Playing,True,True,True,0,15,39.66303,0,-10,8.7,False,False,False,-4,0.92,0.00350730587
Frame,956,4.40058327,3.14901662,7.2833333,True,False,None,Playing,True,True,True,0,15,39.6118,0,-10,8.7,False,False,False,-4,0.92,0.00426879944
Frame,957,4.410864,3.15969086,7.2833333,True,False,None,Playing,True,True,True,0,15,39.48371,0,-10,8.7,False,False,False,-4,0.92,0.0106741991
Frame,958,4.41840363,3.16729164,7.2833333,True,False,None,Playing,True,True,True,0,15,39.3925,0,-10,8.7,False,False,False,-4,0.92,0.0076008006
Frame,959,4.421932,3.170897,7.2833333,True,False,None,Playing,True,True,True,0,15,39.3492355,0,-10,8.7,False,False,False,-4,0.92,0.00360530056
Frame,960,4.4255867,3.17422056,7.2833333,True,False,None,Playing,True,True,True,0,15,39.3093567,0,-10,8.7,False,False,False,-4,0.92,0.00332349772
Frame,961,4.42905426,3.17795,7.2833333,True,False,None,Playing,True,True,True,0,15,39.2646027,0,-10,8.7,False,False,False,-4,0.92,0.00372940046
Frame,962,4.432947,3.1817162,7.2833333,True,False,None,Playing,True,True,True,0,15,39.2194061,0,-10,8.7,False,False,False,-4,0.92,0.00376639748
Frame,963,4.438528,3.18711114,7.2833333,True,False,None,Playing,True,True,True,0,15,39.1546669,0,-10,8.7,False,False,False,-4,0.92,0.005394898
Frame,964,4.44337463,3.19187045,7.2833333,True,False,None,Playing,True,True,True,0,15,39.0975571,0,-10,8.7,False,False,False,-4,0.92,0.004759304
Frame,965,4.44786835,3.19671965,7.2833333,True,False,None,Playing,True,True,True,0,15,39.0393677,0,-10,8.7,False,False,False,-4,0.92,0.004849199
Frame,966,4.4518013,3.200782,7.2833333,True,False,None,Playing,True,True,True,0,15,38.9906158,0,-10,8.7,False,False,False,-4,0.92,0.00406230148
Frame,967,4.45534325,3.20415926,7.2833333,True,False,None,Playing,True,True,True,0,15,38.95009,0,-10,8.7,False,False,False,-4,0.92,0.003377296
Frame,968,4.45895767,3.20770454,7.2833333,True,False,None,Playing,True,True,True,0,15,38.907547,0,-10,8.7,False,False,False,-4,0.92,0.003545302
Sequence_018,968,4.489443,3.20770454,7.2833333,True,False,None,Playing,True,True,True,0,15,38.907547,0,-10,8.7,False,False,False,-4,0.92,0.003545302
Frame,969,4.49480247,3.24359965,7.2833333,True,False,None,Playing,True,True,True,0,15,38.4768066,0,-10,8.7,False,False,False,-4,0.92,0.0358952023
Frame,970,4.50021172,3.24905276,7.2833333,True,False,None,Playing,True,True,True,0,15,38.41137,0,-10,8.7,False,False,False,-4,0.92,0.005453196
Frame,971,4.50408,3.25267386,7.2833333,True,False,None,Playing,True,True,True,0,15,38.3679161,0,-10,8.7,False,False,False,-4,0.92,0.00362110254
Frame,972,4.507633,3.25672865,7.2833333,True,False,None,Playing,True,True,True,0,15,38.31926,0,-10,8.7,False,False,False,-4,0.92,0.00405489653
Frame,973,4.510788,3.259941,7.2833333,True,False,None,Playing,True,True,True,0,15,38.28071,0,-10,8.7,False,False,False,-4,0.92,0.0032125
Frame,974,4.51443672,3.263432,7.2833333,True,False,None,Playing,True,True,True,0,15,38.2388153,0,-10,8.7,False,False,False,-4,0.92,0.00349090132
Frame,975,4.517746,3.266815,7.2833333,True,False,None,Playing,True,True,True,0,15,38.1982231,0,-10,8.7,False,False,False,-4,0.92,0.003382901
Frame,976,4.52142525,3.27037954,7.2833333,True,False,None,Playing,True,True,True,0,15,38.1554451,0,-10,8.7,False,False,False,-4,0.92,0.00356459757
Frame,977,4.52609062,3.274662,7.2833333,True,False,None,Playing,True,True,True,0,15,38.1040573,0,-10,8.7,False,False,False,-4,0.92,0.00428250432
Frame,978,4.52995872,3.27870464,7.2833333,True,False,None,Playing,True,True,True,0,15,38.0555458,0,-10,8.7,False,False,False,-4,0.92,0.004042595
Frame,979,4.534107,3.2829535,7.2833333,True,False,None,Playing,True,True,True,0,15,38.00456,0,-10,8.7,False,False,False,-4,0.92,0.00424890174
Frame,980,4.537304,3.28630781,7.2833333,True,False,None,Playing,True,True,True,0,15,37.9643059,0,-10,8.7,False,False,False,-4,0.92,0.00335430121
Frame,981,4.540556,3.2895596,7.2833333,True,False,None,Playing,True,True,True,0,15,37.9252853,0,-10,8.7,False,False,False,-4,0.92,0.00325179985
Frame,982,4.543497,3.29252887,7.2833333,True,False,None,Playing,True,True,True,0,15,37.8896561,0,-10,8.7,False,False,False,-4,0.92,0.0029693027
Frame,983,4.54667854,3.29563856,7.2833333,True,False,None,Playing,True,True,True,0,15,37.85234,0,-10,8.7,False,False,False,-4,0.92,0.00310980016
Frame,984,4.54960632,3.29872227,7.2833333,True,False,None,Playing,True,True,True,0,15,37.8153343,0,-10,8.7,False,False,False,-4,0.92,0.00308369473
Frame,985,4.55235672,3.30151749,7.2833333,True,False,None,Playing,True,True,True,0,15,37.78179,0,-10,8.7,False,False,False,-4,0.92,0.00279520266
Frame,986,4.555792,3.30464959,7.2833333,True,False,None,Playing,True,True,True,0,15,37.7442055,0,-10,8.7,False,False,False,-4,0.92,0.00313210045
Frame,987,4.56176949,3.30797553,7.2833333,True,False,None,Playing,True,True,True,0,15,37.7042961,0,-10,8.7,False,False,False,-4,0.92,0.00332589983
Frame,988,4.56555748,3.31423259,7.2833333,True,False,None,Playing,True,True,True,0,15,37.6292076,0,-10,8.7,False,False,False,-4,0.92,0.0062571005
Frame,989,4.569149,3.31789851,7.2833333,True,False,None,Playing,True,True,True,0,15,37.58522,0,-10,8.7,False,False,False,-4,0.92,0.00366590125
Frame,990,4.57212639,3.321154,7.2833333,True,False,None,Playing,True,True,True,0,15,37.546154,0,-10,8.7,False,False,False,-4,0.92,0.00325549883
Frame,991,4.57492065,3.323994,7.2833333,True,False,None,Playing,True,True,True,0,15,37.5120735,0,-10,8.7,False,False,False,-4,0.92,0.002839803
Frame,992,4.57799339,3.32685113,7.2833333,True,False,None,Playing,True,True,True,0,15,37.477787,0,-10,8.7,False,False,False,-4,0.92,0.00285729882
Frame,993,4.58152,3.33034754,7.2833333,True,False,None,Playing,True,True,True,0,15,37.435833,0,-10,8.7,False,False,False,-4,0.92,0.0034964995
Frame,994,4.58474541,3.33365774,7.2833333,True,False,None,Playing,True,True,True,0,15,37.3961067,0,-10,8.7,False,False,False,-4,0.92,0.003310197
Frame,995,4.587784,3.33661246,7.2833333,True,False,None,Playing,True,True,True,0,15,37.3606529,0,-10,8.7,False,False,False,-4,0.92,0.00295480434
Frame,996,4.59100151,3.34017229,7.2833333,True,False,None,Playing,True,True,True,0,15,37.3179321,0,-10,8.7,False,False,False,-4,0.92,0.00355989928
Frame,997,4.59405327,3.34295678,7.2833333,True,False,None,Playing,True,True,True,0,15,37.28452,0,-10,8.7,False,False,False,-4,0.92,0.00278449547
Frame,998,4.597149,3.346224,7.2833333,True,False,None,Playing,True,True,True,0,15,37.24531,0,-10,8.7,False,False,False,-4,0.92,0.00326720532
Frame,999,4.60142136,3.3499856,7.2833333,True,False,None,Playing,True,True,True,0,15,37.2001762,0,-10,8.7,False,False,False,-4,0.92,0.00376149383
Frame,1000,4.60638428,3.35525584,7.2833333,True,False,None,Playing,True,True,True,0,15,37.1369324,0,-10,8.7,False,False,False,-4,0.92,0.00527020264
Frame,1001,4.609432,3.3585155,7.2833333,True,False,None,Playing,True,True,True,0,15,37.0978165,0,-10,8.7,False,False,False,-4,0.92,0.00325960177
Frame,1002,4.61235428,3.3613534,7.2833333,True,False,None,Playing,True,True,True,0,15,37.06376,0,-10,8.7,False,False,False,-4,0.92,0.00283779763
Frame,1003,4.6157074,3.3646152,7.2833333,True,False,None,Playing,True,True,True,0,15,37.02462,0,-10,8.7,False,False,False,-4,0.92,0.00326169934
Frame,1004,4.6185894,3.36766839,7.2833333,True,False,None,Playing,True,True,True,0,15,36.98798,0,-10,8.7,False,False,False,-4,0.92,0.00305330218
Frame,1005,4.62188148,3.37092,7.2833333,True,False,None,Playing,True,True,True,0,15,36.9489632,0,-10,8.7,False,False,False,-4,0.92,0.00325150229
Frame,1006,4.62515831,3.3740387,7.2833333,True,False,None,Playing,True,True,True,0,15,36.9115372,0,-10,8.7,False,False,False,-4,0.92,0.00311870035
Frame,1007,4.62838745,3.37737083,7.2833333,True,False,None,Playing,True,True,True,0,15,36.87155,0,-10,8.7,False,False,False,-4,0.92,0.00333210034
Frame,1008,4.632309,3.38121963,7.2833333,True,False,None,Playing,True,True,True,0,15,36.825367,0,-10,8.7,False,False,False,-4,0.92,0.0038488945
Frame,1009,4.63569832,3.38465643,7.2833333,True,False,None,Playing,True,True,True,0,15,36.7841263,0,-10,8.7,False,False,False,-4,0.92,0.00343690487
Frame,1010,4.638872,3.38787961,7.2833333,True,False,None,Playing,True,True,True,0,15,36.7454453,0,-10,8.7,False,False,False,-4,0.92,0.00322329928
Frame,1011,4.64191246,3.39104152,7.2833333,True,False,None,Playing,True,True,True,0,15,36.7075043,0,-10,8.7,False,False,False,-4,0.92,0.00316189765
Frame,1012,4.64528656,3.39421248,7.2833333,True,False,None,Playing,True,True,True,0,15,36.6694527,0,-10,8.7,False,False,False,-4,0.92,0.003170897
Frame,1013,4.648794,3.39779329,7.2833333,True,False,None,Playing,True,True,True,0,15,36.6264839,0,-10,8.7,False,False,False,-4,0.92,0.00358080352
Frame,1014,4.652397,3.40123844,7.2833333,True,False,None,Playing,True,True,True,0,15,36.58514,0,-10,8.7,False,False,False,-4,0.92,0.00344520272
Frame,1015,4.65607262,3.40487528,7.2833333,True,False,None,Playing,True,True,True,0,15,36.5415,0,-10,8.7,False,False,False,-4,0.92,0.00363689777
Frame,1016,4.659874,3.40882063,7.2833333,True,False,None,Playing,True,True,True,0,15,36.4941521,0,-10,8.7,False,False,False,-4,0.92,0.00394530175
Sequence_019,1016,4.68819237,3.40882063,7.2833333,True,False,None,Playing,True,True,True,0,15,36.4941521,0,-10,8.7,False,False,False,-4,0.92,0.00394530175
Frame,1017,4.6942215,3.44305062,7.2833333,True,False,None,Playing,True,True,True,0,15,36.0833931,0,-10,8.7,False,False,False,-4,0.92,0.0342300944
Frame,1018,4.69911766,3.44794226,7.2833333,True,False,None,Playing,True,True,True,0,15,36.0246964,0,-10,8.7,False,False,False,-4,0.92,0.004891702
Frame,1019,4.70208931,3.45107245,7.2833333,True,False,None,Playing,True,True,True,0,15,35.987133,0,-10,8.7,False,False,False,-4,0.92,0.003130102
Frame,1020,4.70493126,3.45406127,7.2833333,True,False,None,Playing,True,True,True,0,15,35.9512672,0,-10,8.7,False,False,False,-4,0.92,0.00298879668
Frame,1021,4.707836,3.45688987,7.2833333,True,False,None,Playing,True,True,True,0,15,35.9173241,0,-10,8.7,False,False,False,-4,0.92,0.0028286
Frame,1022,4.71099854,3.46000028,7.2833333,True,False,None,Playing,True,True,True,0,15,35.8799973,0,-10,8.7,False,False,False,-4,0.92,0.00311030331
Frame,1023,4.71413231,3.463194,7.2833333,True,False,None,Playing,True,True,True,0,15,35.8416748,0,-10,8.7,False,False,False,-4,0.92,0.00319360127
Frame,1024,4.71731758,3.46635985,7.2833333,True,False,None,Playing,True,True,True,0,15,35.8036842,0,-10,8.7,False,False,False,-4,0.92,0.00316600059
Frame,1025,4.72110748,3.47024465,7.2833333,True,False,None,Playing,True,True,True,0,15,35.7570648,0,-10,8.7,False,False,False,-4,0.92,0.00388480024
Frame,1026,4.723974,3.4730916,7.2833333,True,False,None,Playing,True,True,True,0,15,35.7229042,0,-10,8.7,False,False,False,-4,0.92,0.00284699537
Frame,1027,4.72682571,3.4759717,7.2833333,True,False,None,Playing,True,True,True,0,15,35.68834,0,-10,8.7,False,False,False,-4,0.92,0.00288000284
Frame,1028,4.72987175,3.478723,7.2833333,True,False,None,Playing,True,True,True,0,15,35.655323,0,-10,8.7,False,False,False,-4,0.92,0.00275129685
Frame,1029,4.733309,3.48242,7.2833333,True,False,None,Playing,True,True,True,0,15,35.6109619,0,-10,8.7,False,False,False,-4,0.92,0.00369700254
Frame,1030,4.736311,3.485376,7.2833333,True,False,None,Playing,True,True,True,0,15,35.57549,0,-10,8.7,False,False,False,-4,0.92,0.00295579643
Frame,1031,4.739176,3.48818,7.2833333,True,False,None,Playing,True,True,True,0,15,35.5418434,0,-10,8.7,False,False,False,-4,0.92,0.00280400366
Frame,1032,4.742071,3.49094272,7.2833333,True,False,None,Playing,True,True,True,0,15,35.50869,0,-10,8.7,False,False,False,-4,0.92,0.002762897
Frame,1033,4.745119,3.49421167,7.2833333,True,False,None,Playing,True,True,True,0,15,35.46946,0,-10,8.7,False,False,False,-4,0.92,0.0032688987
Frame,1034,4.748392,3.49750137,7.2833333,True,False,None,Playing,True,True,True,0,15,35.429985,0,-10,8.7,False,False,False,-4,0.92,0.003289803
Frame,1035,4.751795,3.50076246,7.2833333,True,False,None,Playing,True,True,True,0,15,35.3908539,0,-10,8.7,False,False,False,-4,0.92,0.00326099782
Frame,1036,4.755039,3.50417018,7.2833333,True,False,None,Playing,True,True,True,0,15,35.34996,0,-10,8.7,False,False,False,-4,0.92,0.00340760336
Frame,1037,4.758669,3.50768828,7.2833333,True,False,None,Playing,True,True,True,0,15,35.3077431,0,-10,8.7,False,False,False,-4,0.92,0.00351799885
Frame,1038,4.765703,3.51110244,7.2833333,True,False,None,Playing,True,True,True,0,15,35.2667732,0,-10,8.7,False,False,False,-4,0.92,0.00341420062
Frame,1039,4.77193069,3.52089643,7.2833333,True,False,None,Playing,True,True,True,0,15,35.1492462,0,-10,8.7,False,False,False,-4,0.92,0.009793998
Frame,1040,4.77819443,3.527273,7.2833333,True,False,None,Playing,True,True,True,0,15,35.0727234,0,-10,8.7,False,False,False,-4,0.92,0.00637660129
Frame,1041,4.78430939,3.533238,7.2833333,True,False,None,Playing,True,True,True,0,15,35.0011444,0,-10,8.7,False,False,False,-4,0.92,0.0059651006
Frame,1042,4.787714,3.53651333,7.2833333,True,False,None,Playing,True,True,True,0,15,34.96184,0,-10,8.7,False,False,False,-4,0.92,0.003275496
Frame,1043,4.791191,3.54021239,7.2833333,True,False,None,Playing,True,True,True,0,15,34.9174538,0,-10,8.7,False,False,False,-4,0.92,0.003699001
Frame,1044,4.79426,3.54313636,7.2833333,True,False,None,Playing,True,True,True,0,15,34.8823662,0,-10,8.7,False,False,False,-4,0.92,0.00292390166
Frame,1045,4.797516,3.54659724,7.2833333,True,False,None,Playing,True,True,True,0,15,34.8408356,0,-10,8.7,False,False,False,-4,0.92,0.00346089853
Frame,1046,4.801098,3.550047,7.2833333,True,False,None,Playing,True,True,True,0,15,34.79944,0,-10,8.7,False,False,False,-4,0.92,0.00344960322
Frame,1047,4.80429268,3.55324316,7.2833333,True,False,None,Playing,True,True,True,0,15,34.7610855,0,-10,8.7,False,False,False,-4,0.92,0.00319620175
Frame,1048,4.8083725,3.55750418,7.2833333,True,False,None,Playing,True,True,True,0,15,34.70995,0,-10,8.7,False,False,False,-4,0.92,0.004261097
Frame,1049,4.81140327,3.56053877,7.2833333,True,False,None,Playing,True,True,True,0,15,34.6735344,0,-10,8.7,False,False,False,-4,0.92,0.0030345025
Frame,1050,4.814785,3.563786,7.2833333,True,False,None,Playing,True,True,True,0,15,34.6345673,0,-10,8.7,False,False,False,-4,0.92,0.00324730016
Frame,1051,4.81767845,3.566792,7.2833333,True,False,None,Playing,True,True,True,0,15,34.5985,0,-10,8.7,False,False,False,-4,0.92,0.00300609414
Frame,1052,4.82094,3.56997347,7.2833333,True,False,None,Playing,True,True,True,0,15,34.560318,0,-10,8.7,False,False,False,-4,0.92,0.00318140583
Frame,1053,4.823824,3.57291937,7.2833333,True,False,None,Playing,True,True,True,0,15,34.52497,0,-10,8.7,False,False,False,-4,0.92,0.002945798
Frame,1054,4.826935,3.5759666,7.2833333,True,False,None,Playing,True,True,True,0,15,34.4884033,0,-10,8.7,False,False,False,-4,0.92,0.00304730027
Frame,1055,4.830307,3.579199,7.2833333,True,False,None,Playing,True,True,True,0,15,34.44961,0,-10,8.7,False,False,False,-4,0.92,0.00323259644
Frame,1056,4.833212,3.5823245,7.2833333,True,False,None,Playing,True,True,True,0,15,34.4121056,0,-10,8.7,False,False,False,-4,0.92,0.00312550319
Frame,1057,4.836046,3.58519077,7.2833333,True,False,None,Playing,True,True,True,0,15,34.3777122,0,-10,8.7,False,False,False,-4,0.92,0.00286629819
Frame,1058,4.838705,3.58789635,7.2833333,True,False,None,Playing,True,True,True,0,15,34.3452454,0,-10,8.7,False,False,False,-4,0.92,0.00270549883
Frame,1059,4.841299,3.590509,7.2833333,True,False,None,Playing,True,True,True,0,15,34.3138924,0,-10,8.7,False,False,False,-4,0.92,0.00261260639
Frame,1060,4.84431648,3.59338427,7.2833333,True,False,None,Playing,True,True,True,0,15,34.27939,0,-10,8.7,False,False,False,-4,0.92,0.00287529756
Frame,1061,4.847357,3.59639168,7.2833333,True,False,None,Playing,True,True,True,0,15,34.2433,0,-10,8.7,False,False,False,-4,0.92,0.0030072988
Frame,1062,4.850069,3.59921336,7.2833333,True,False,None,Playing,True,True,True,0,15,34.2094421,0,-10,8.7,False,False,False,-4,0.92,0.002821797
Frame,1063,4.85269928,3.60186172,7.2833333,True,False,None,Playing,True,True,True,0,15,34.17766,0,-10,8.7,False,False,False,-4,0.92,0.0026484055
Frame,1064,4.855381,3.60452938,7.2833333,True,False,None,Playing,True,True,True,0,15,34.14565,0,-10,8.7,False,False,False,-4,0.92,0.00266769412
Frame,1065,4.85816,3.60728812,7.2833333,True,False,None,Playing,True,True,True,0,15,34.112545,0,-10,8.7,False,False,False,-4,0.92,0.0027587018
Frame,1066,4.861006,3.61017013,7.2833333,True,False,None,Playing,True,True,True,0,15,34.07796,0,-10,8.7,False,False,False,-4,0.92,0.00288210041
Sequence_020,1066,4.88721275,3.61017013,7.2833333,True,False,None,Playing,True,True,True,0,15,34.07796,0,-10,8.7,False,False,False,-4,0.92,0.00288210041
Frame,1067,4.892828,3.64170074,7.2833333,True,False,None,Playing,True,True,True,0,15,33.6995926,0,-10,8.7,False,False,False,-4,0.92,0.0315305963
C_IntroMiddle,1067,4.894373,3.64170074,7.2833333,True,False,None,Playing,True,True,True,0,15,33.6995926,0,-10,8.7,False,False,False,-4,0.92,0.0315305963
Frame,1068,4.965847,3.71453166,7.2833333,True,False,None,Playing,True,True,True,0,15,32.8256226,0,-10,8.7,False,False,False,-4,0.92,0.0728308
Frame,1069,4.973526,3.722428,7.2833333,True,False,None,Playing,True,True,True,0,15,32.7308655,0,-10,8.7,False,False,False,-4,0.92,0.0078964
Frame,1070,4.9806385,3.72918367,7.2833333,True,False,None,Playing,True,True,True,0,15,32.6498,0,-10,8.7,False,False,False,-4,0.92,0.0067554987
Frame,1071,4.98413849,3.73300028,7.2833333,True,False,None,Playing,True,True,True,0,15,32.604,0,-10,8.7,False,False,False,-4,0.92,0.003816603
Frame,1072,4.987055,3.73615384,7.2833333,True,False,None,Playing,True,True,True,0,15,32.5661545,0,-10,8.7,False,False,False,-4,0.92,0.0031535998
Frame,1073,4.989868,3.73897839,7.2833333,True,False,None,Playing,True,True,True,0,15,32.53226,0,-10,8.7,False,False,False,-4,0.92,0.002824497
Frame,1074,4.99266052,3.741741,7.2833333,True,False,None,Playing,True,True,True,0,15,32.49911,0,-10,8.7,False,False,False,-4,0.92,0.0027625
Frame,1075,4.99704933,3.745489,7.2833333,True,False,None,Playing,True,True,True,0,15,32.4541359,0,-10,8.7,False,False,False,-4,0.92,0.00374790258
Frame,1076,5.00229073,3.751183,7.2833333,True,False,None,Playing,True,True,True,0,15,32.3858032,0,-10,8.7,False,False,False,-4,0.92,0.00569409737
Frame,1077,5.00577927,3.75464773,7.2833333,True,False,None,Playing,True,True,True,0,15,32.3442268,0,-10,8.7,False,False,False,-4,0.92,0.003464803
Frame,1078,5.009035,3.75802422,7.2833333,True,False,None,Playing,True,True,True,0,15,32.30371,0,-10,8.7,False,False,False,-4,0.92,0.003376396
Frame,1079,5.01226425,3.76130223,7.2833333,True,False,None,Playing,True,True,True,0,15,32.2643738,0,-10,8.7,False,False,False,-4,0.92,0.00327810366
Frame,1080,5.01559448,3.76462984,7.2833333,True,False,None,Playing,True,True,True,0,15,32.22444,0,-10,8.7,False,False,False,-4,0.92,0.00332769984
Frame,1081,5.01895332,3.76799536,7.2833333,True,False,None,Playing,True,True,True,0,15,32.1840553,0,-10,8.7,False,False,False,-4,0.92,0.00336559676
Frame,1082,5.02236176,3.77123427,7.2833333,True,False,None,Playing,True,True,True,0,15,32.14519,0,-10,8.7,False,False,False,-4,0.92,0.00323900231
Frame,1083,5.025938,3.77497387,7.2833333,True,False,None,Playing,True,True,True,0,15,32.1003151,0,-10,8.7,False,False,False,-4,0.92,0.00373949832
Frame,1084,5.029007,3.77811146,7.2833333,True,False,None,Playing,True,True,True,0,15,32.062664,0,-10,8.7,False,False,False,-4,0.92,0.0031375
Frame,1085,5.032284,3.78133821,7.2833333,True,False,None,Playing,True,True,True,0,15,32.0239449,0,-10,8.7,False,False,False,-4,0.92,0.0032268
Frame,1086,5.035906,3.784892,7.2833333,True,False,None,Playing,True,True,True,0,15,31.9812965,0,-10,8.7,False,False,False,-4,0.92,0.00355390459
Frame,1087,5.038948,3.78805327,7.2833333,True,False,None,Playing,True,True,True,0,15,31.9433613,0,-10,8.7,False,False,False,-4,0.92,0.003161097
Frame,1088,5.04206848,3.791076,7.2833333,True,False,None,Playing,True,True,True,0,15,31.9070911,0,-10,8.7,False,False,False,-4,0.92,0.00302259787
Frame,1089,5.04533,3.7941134,7.2833333,True,False,None,Playing,True,True,True,0,15,31.87064,0,-10,8.7,False,False,False,-4,0.92,0.00303740078
Frame,1090,5.04865456,3.7976613,7.2833333,True,False,None,Playing,True,True,True,0,15,31.8280659,0,-10,8.7,False,False,False,-4,0.92,0.00354780327
Frame,1091,5.05195427,3.80074859,7.2833333,True,False,None,Playing,True,True,True,0,15,31.7910175,0,-10,8.7,False,False,False,-4,0.92,0.00308719533
Frame,1092,5.05551147,3.804469,7.2833333,True,False,None,Playing,True,True,True,0,15,31.7463722,0,-10,8.7,False,False,False,-4,0.92,0.00372050027
Frame,1093,5.058424,3.807499,7.2833333,True,False,None,Playing,True,True,True,0,15,31.7100143,0,-10,8.7,False,False,False,-4,0.92,0.00302970526
Frame,1094,5.061348,3.81043363,7.2833333,True,False,None,Playing,True,True,True,0,15,31.674799,0,-10,8.7,False,False,False,-4,0.92,0.00293459464
Sequence_021,1094,5.09421349,3.81043363,7.2833333,True,False,None,Playing,True,True,True,0,15,31.674799,0,-10,8.7,False,False,False,-4,0.92,0.00293459464
Frame,1095,5.09910774,3.84796214,7.2833333,True,False,None,Playing,True,True,True,0,15,31.2244568,0,-10,8.7,False,False,False,-4,0.92,0.0375284031
Frame,1096,5.102442,3.85144,7.2833333,True,False,None,Playing,True,True,True,0,15,31.1827221,0,-10,8.7,False,False,False,-4,0.92,0.003477799
Frame,1097,5.105608,3.854478,7.2833333,True,False,None,Playing,True,True,True,0,15,31.1462669,0,-10,8.7,False,False,False,-4,0.92,0.003038003
Frame,1098,5.108778,3.85791683,7.2833333,True,False,None,Playing,True,True,True,0,15,31.105,0,-10,8.7,False,False,False,-4,0.92,0.0034390022
Frame,1099,5.11285,3.86157632,7.2833333,True,False,None,Playing,True,True,True,0,15,31.0610847,0,-10,8.7,False,False,False,-4,0.92,0.00365949539
Frame,1100,5.11598969,3.865088,7.2833333,True,False,None,Playing,True,True,True,0,15,31.0189457,0,-10,8.7,False,False,False,-4,0.92,0.0035116
Frame,1101,5.1197834,3.868522,7.2833333,True,False,None,Playing,True,True,True,0,15,30.97774,0,-10,8.7,False,False,False,-4,0.92,0.00343399937
Frame,1102,5.1235733,3.87257147,7.2833333,True,False,None,Playing,True,True,True,0,15,30.9291439,0,-10,8.7,False,False,False,-4,0.92,0.00404960336
Frame,1103,5.127924,3.87656951,7.2833333,True,False,None,Playing,True,True,True,0,15,30.8811684,0,-10,8.7,False,False,False,-4,0.92,0.00399810076
Frame,1104,5.131632,3.880281,7.2833333,True,False,None,Playing,True,True,True,0,15,30.83663,0,-10,8.7,False,False,False,-4,0.92,0.003711501
Frame,1105,5.13482475,3.88393,7.2833333,True,False,None,Playing,True,True,True,0,15,30.792841,0,-10,8.7,False,False,False,-4,0.92,0.00364889461
Frame,1106,5.13847542,3.88739657,7.2833333,True,False,None,Playing,True,True,True,0,15,30.7512436,0,-10,8.7,False,False,False,-4,0.92,0.003466702
Frame,1107,5.14223671,3.89122677,7.2833333,True,False,None,Playing,True,True,True,0,15,30.70528,0,-10,8.7,False,False,False,-4,0.92,0.003830102
Frame,1108,5.14644051,3.894762,7.2833333,True,False,None,Playing,True,True,True,0,15,30.6628571,0,-10,8.7,False,False,False,-4,0.92,0.003535197
Frame,1109,5.14989662,3.89871788,7.2833333,True,False,None,Playing,True,True,True,0,15,30.615387,0,-10,8.7,False,False,False,-4,0.92,0.00395580335
Frame,1110,5.15286064,3.90186048,7.2833333,True,False,None,Playing,True,True,True,0,15,30.5776749,0,-10,8.7,False,False,False,-4,0.92,0.003142595
Frame,1111,5.15595245,3.9050138,7.2833333,True,False,None,Playing,True,True,True,0,15,30.5398369,0,-10,8.7,False,False,False,-4,0.92,0.00315330224
Frame,1112,5.15875435,3.90780163,7.2833333,True,False,None,Playing,True,True,True,0,15,30.506382,0,-10,8.7,False,False,False,-4,0.92,0.00278790388
Frame,1113,5.161997,3.91094375,7.2833333,True,False,None,Playing,True,True,True,0,15,30.4686756,0,-10,8.7,False,False,False,-4,0.92,0.003142198
Frame,1114,5.16540337,3.914225,7.2833333,True,False,None,Playing,True,True,True,0,15,30.4293,0,-10,8.7,False,False,False,-4,0.92,0.003281399
Frame,1115,5.168415,3.917536,7.2833333,True,False,None,Playing,True,True,True,0,15,30.3895683,0,-10,8.7,False,False,False,-4,0.92,0.00331099774
Frame,1116,5.17124176,3.92030644,7.2833333,True,False,None,Playing,True,True,True,0,15,30.3563251,0,-10,8.7,False,False,False,-4,0.92,0.00277050026
Frame,1117,5.17427635,3.92317462,7.2833333,True,False,None,Playing,True,True,True,0,15,30.321907,0,-10,8.7,False,False,False,-4,0.92,0.00286820438
Frame,1118,5.17786026,3.927019,7.2833333,True,False,None,Playing,True,True,True,0,15,30.2757759,0,-10,8.7,False,False,False,-4,0.92,0.00384429563
Frame,1119,5.180956,3.93007183,7.2833333,True,False,None,Playing,True,True,True,0,15,30.23914,0,-10,8.7,False,False,False,-4,0.92,0.00305300462
Frame,1120,5.18370628,3.93283,7.2833333,True,False,None,Playing,True,True,True,0,15,30.2060413,0,-10,8.7,False,False,False,-4,0.92,0.00275829784
Frame,1121,5.18633842,3.93549132,7.2833333,True,False,None,Playing,True,True,True,0,15,30.1741047,0,-10,8.7,False,False,False,-4,0.92,0.002661196
Frame,1122,5.18926239,3.93836379,7.2833333,True,False,None,Playing,True,True,True,0,15,30.139637,0,-10,8.7,False,False,False,-4,0.92,0.00287250569
Frame,1123,5.192625,3.94145823,7.2833333,True,False,None,Playing,True,True,True,0,15,30.1025028,0,-10,8.7,False,False,False,-4,0.92,0.003094501
Frame,1124,5.19606972,3.94500637,7.2833333,True,False,None,Playing,True,True,True,0,15,30.0599251,0,-10,8.7,False,False,False,-4,0.92,0.00354809384
Frame,1125,5.1993103,3.94820166,7.2833333,True,False,None,Playing,True,True,True,0,15,30.0215816,0,-10,8.7,False,False,False,-4,0.92,0.003195401
Frame,1126,5.2044487,3.95350575,7.2833333,True,False,None,Playing,True,True,True,0,15,29.9579315,0,-10,8.7,False,False,False,-4,0.92,0.005304103
Frame,1127,5.20772934,3.95668221,7.2833333,True,False,None,Playing,True,True,True,0,15,29.9198151,0,-10,8.7,False,False,False,-4,0.92,0.003176396
Frame,1128,5.211958,3.96082139,7.2833333,True,False,None,Playing,True,True,True,0,15,29.8701439,0,-10,8.7,False,False,False,-4,0.92,0.0041393
Frame,1129,5.217804,3.96691,7.2833333,True,False,None,Playing,True,True,True,0,15,29.7970829,0,-10,8.7,False,False,False,-4,0.92,0.0060884
Frame,1130,5.220682,3.96983337,7.2833333,True,False,None,Playing,True,True,True,0,15,29.762001,0,-10,8.7,False,False,False,-4,0.92,0.002923604
Frame,1131,5.224041,3.973145,7.2833333,True,False,None,Playing,True,True,True,0,15,29.7222614,0,-10,8.7,False,False,False,-4,0.92,0.0033116
Frame,1132,5.22723,3.9763484,7.2833333,True,False,None,Playing,True,True,True,0,15,29.68382,0,-10,8.7,False,False,False,-4,0.92,0.00320330216
Frame,1133,5.230335,3.97938538,7.2833333,True,False,None,Playing,True,True,True,0,15,29.647377,0,-10,8.7,False,False,False,-4,0.92,0.00303699682
Frame,1134,5.23331642,3.9823122,7.2833333,True,False,None,Playing,True,True,True,0,15,29.6122551,0,-10,8.7,False,False,False,-4,0.92,0.0029268
Frame,1135,5.23688126,3.985552,7.2833333,True,False,None,Playing,True,True,True,0,15,29.5733776,0,-10,8.7,False,False,False,-4,0.92,0.0032399022
Frame,1136,5.240299,3.98929644,7.2833333,True,False,None,Playing,True,True,True,0,15,29.5284443,0,-10,8.7,False,False,False,-4,0.92,0.00374439475
Frame,1137,5.24403954,3.99240637,7.2833333,True,False,None,Playing,True,True,True,0,15,29.491127,0,-10,8.7,False,False,False,-4,0.92,0.00310990657
Frame,1138,5.248348,3.997281,7.2833333,True,False,None,Playing,True,True,True,0,15,29.4326286,0,-10,8.7,False,False,False,-4,0.92,0.004874695
Frame,1139,5.25247955,4.00093174,7.2833333,True,False,None,Playing,True,True,True,0,15,29.38882,0,-10,8.7,False,False,False,-4,0.92,0.00365080079
Frame,1140,5.25628662,4.00539351,7.2833333,True,False,None,Playing,True,True,True,0,15,29.33528,0,-10,8.7,False,False,False,-4,0.92,0.0044616
Frame,1141,5.259674,4.008786,7.2833333,True,False,None,Playing,True,True,True,0,15,29.2945652,0,-10,8.7,False,False,False,-4,0.92,0.00339289964
Frame,1142,5.263071,4.012026,7.2833333,True,False,None,Playing,True,True,True,0,15,29.2556934,0,-10,8.7,False,False,False,-4,0.92,0.00323959743
Sequence_022,1142,5.29052925,4.012026,7.2833333,True,False,None,Playing,True,True,True,0,15,29.2556934,0,-10,8.7,False,False,False,-4,0.92,0.00323959743
Frame,1143,5.29636765,4.04487944,7.2833333,True,False,None,Playing,True,True,True,0,15,28.86145,0,-10,8.7,False,False,False,-4,0.92,0.0328538045
Frame,1144,5.300894,4.04993248,7.2833333,True,False,None,Playing,True,True,True,0,15,28.8008118,0,-10,8.7,False,False,False,-4,0.92,0.005052898
Frame,1145,5.30396652,4.053032,7.2833333,True,False,None,Playing,True,True,True,0,15,28.7636166,0,-10,8.7,False,False,False,-4,0.92,0.003099603
Frame,1146,5.306879,4.055919,7.2833333,True,False,None,Playing,True,True,True,0,15,28.7289734,0,-10,8.7,False,False,False,-4,0.92,0.00288719521
Frame,1147,5.309746,4.058747,7.2833333,True,False,None,Playing,True,True,True,0,15,28.69504,0,-10,8.7,False,False,False,-4,0.92,0.00282760058
Frame,1148,5.312504,4.061559,7.2833333,True,False,None,Playing,True,True,True,0,15,28.6612911,0,-10,8.7,False,False,False,-4,0.92,0.00281240069
Frame,1149,5.31589127,4.064717,7.2833333,True,False,None,Playing,True,True,True,0,15,28.6234,0,-10,8.7,False,False,False,-4,0.92,0.00315770274
Frame,1150,5.319729,4.06840324,7.2833333,True,False,None,Playing,True,True,True,0,15,28.5791645,0,-10,8.7,False,False,False,-4,0.92,0.00368629536
Frame,1151,5.32370949,4.07281542,7.2833333,True,False,None,Playing,True,True,True,0,15,28.5262184,0,-10,8.7,False,False,False,-4,0.92,0.004412401
Frame,1152,5.32679939,4.07593,7.2833333,True,False,None,Playing,True,True,True,0,15,28.4888382,0,-10,8.7,False,False,False,-4,0.92,0.00311459741
Frame,1153,5.32998276,4.07897472,7.2833333,True,False,None,Playing,True,True,True,0,15,28.4523067,0,-10,8.7,False,False,False,-4,0.92,0.003044402
Frame,1154,5.33334351,4.08214235,7.2833333,True,False,None,Playing,True,True,True,0,15,28.4142914,0,-10,8.7,False,False,False,-4,0.92,0.00316780037
Frame,1155,5.33677673,4.085877,7.2833333,True,False,None,Playing,True,True,True,0,15,28.3694763,0,-10,8.7,False,False,False,-4,0.92,0.00373450248
Frame,1156,5.339857,4.088792,7.2833333,True,False,None,Playing,True,True,True,0,15,28.3344975,0,-10,8.7,False,False,False,-4,0.92,0.00291510066
Frame,1157,5.3427906,4.091838,7.2833333,True,False,None,Playing,True,True,True,0,15,28.297945,0,-10,8.7,False,False,False,-4,0.92,0.0030460956
Frame,1158,5.346283,4.094902,7.2833333,True,False,None,Playing,True,True,True,0,15,28.2611771,0,-10,8.7,False,False,False,-4,0.92,0.00306410156
Frame,1159,5.349743,4.09871674,7.2833333,True,False,None,Playing,True,True,True,0,15,28.2153988,0,-10,8.7,False,False,False,-4,0.92,0.00381490216
Frame,1160,5.35310936,4.10194159,7.2833333,True,False,None,Playing,True,True,True,0,15,28.1767025,0,-10,8.7,False,False,False,-4,0.92,0.00322490069
Frame,1161,5.356701,4.10557365,7.2833333,True,False,None,Playing,True,True,True,0,15,28.1331177,0,-10,8.7,False,False,False,-4,0.92,0.00363219948
Frame,1162,5.359873,4.10896826,7.2833333,True,False,None,Playing,True,True,True,0,15,28.0923824,0,-10,8.7,False,False,False,-4,0.92,0.003394501
Frame,1163,5.36314964,4.111951,7.2833333,True,False,None,Playing,True,True,True,0,15,28.05659,0,-10,8.7,False,False,False,-4,0.92,0.002982398
Frame,1164,5.36686134,4.11554956,7.2833333,True,False,None,Playing,True,True,True,0,15,28.0134068,0,-10,8.7,False,False,False,-4,0.92,0.00359880249
Frame,1165,5.370289,4.11922359,7.2833333,True,False,None,Playing,True,True,True,0,15,27.9693184,0,-10,8.7,False,False,False,-4,0.92,0.00367389456
Frame,1166,5.37311935,4.122246,7.2833333,True,False,None,Playing,True,True,True,0,15,27.933054,0,-10,8.7,False,False,False,-4,0.92,0.003022201
Frame,1167,5.3764534,4.12553072,7.2833333,True,False,None,Playing,True,True,True,0,15,27.8936348,0,-10,8.7,False,False,False,-4,0.92,0.00328489929
Frame,1168,5.38028145,4.129072,7.2833333,True,False,None,Playing,True,True,True,0,15,27.8511353,0,-10,8.7,False,False,False,-4,0.92,0.0035415038
Frame,1169,5.383499,4.13244438,7.2833333,True,False,None,Playing,True,True,True,0,15,27.8106689,0,-10,8.7,False,False,False,-4,0.92,0.00337199541
Frame,1170,5.38670158,4.135359,7.2833333,True,False,None,Playing,True,True,True,0,15,27.7756977,0,-10,8.7,False,False,False,-4,0.92,0.00291420077
Frame,1171,5.390459,4.1394043,7.2833333,True,False,None,Playing,True,True,True,0,15,27.7271481,0,-10,8.7,False,False,False,-4,0.92,0.004045302
Frame,1172,5.39376259,4.14281034,7.2833333,True,False,None,Playing,True,True,True,0,15,27.68628,0,-10,8.7,False,False,False,-4,0.92,0.00340590277
Frame,1173,5.39709663,4.146194,7.2833333,True,False,None,Playing,True,True,True,0,15,27.6456738,0,-10,8.7,False,False,False,-4,0.92,0.00338349631
Frame,1174,5.40138435,4.150472,7.2833333,True,False,None,Playing,True,True,True,0,15,27.5943356,0,-10,8.7,False,False,False,-4,0.92,0.00427840138
Frame,1175,5.404661,4.15362,7.2833333,True,False,None,Playing,True,True,True,0,15,27.5565662,0,-10,8.7,False,False,False,-4,0.92,0.003147598
Frame,1176,5.40763474,4.156787,7.2833333,True,False,None,Playing,True,True,True,0,15,27.51856,0,-10,8.7,False,False,False,-4,0.92,0.00316720526
Frame,1177,5.410591,4.15969944,7.2833333,True,False,None,Playing,True,True,True,0,15,27.4836082,0,-10,8.7,False,False,False,-4,0.92,0.0029125
Frame,1178,5.4133625,4.16252375,7.2833333,True,False,None,Playing,True,True,True,0,15,27.4497147,0,-10,8.7,False,False,False,-4,0.92,0.00282429857
Frame,1179,5.416191,4.165278,7.2833333,True,False,None,Playing,True,True,True,0,15,27.4166641,0,-10,8.7,False,False,False,-4,0.92,0.00275399652
Frame,1180,5.41890335,4.168097,7.2833333,True,False,None,Playing,True,True,True,0,15,27.3828354,0,-10,8.7,False,False,False,-4,0.92,0.00281889876
Frame,1181,5.42222,4.171348,7.2833333,True,False,None,Playing,True,True,True,0,15,27.3438225,0,-10,8.7,False,False,False,-4,0.92,0.00325110555
Frame,1182,5.42569542,4.17464,7.2833333,True,False,None,Playing,True,True,True,0,15,27.30432,0,-10,8.7,False,False,False,-4,0.92,0.0032919005
Frame,1183,5.42867851,4.17780828,7.2833333,True,False,None,Playing,True,True,True,0,15,27.2663021,0,-10,8.7,False,False,False,-4,0.92,0.003167999
Frame,1184,5.43264,4.18145847,7.2833333,True,False,None,Playing,True,True,True,0,15,27.2225,0,-10,8.7,False,False,False,-4,0.92,0.00365019846
Frame,1185,5.435665,4.18480158,7.2833333,True,False,None,Playing,True,True,True,0,15,27.1823826,0,-10,8.7,False,False,False,-4,0.92,0.00334289973
Frame,1186,5.438675,4.18776846,7.2833333,True,False,None,Playing,True,True,True,0,15,27.14678,0,-10,8.7,False,False,False,-4,0.92,0.0029668014
Frame,1187,5.44140625,4.19055462,7.2833333,True,False,None,Playing,True,True,True,0,15,27.1133461,0,-10,8.7,False,False,False,-4,0.92,0.002786196
Frame,1188,5.444294,4.19332933,7.2833333,True,False,None,Playing,True,True,True,0,15,27.0800476,0,-10,8.7,False,False,False,-4,0.92,0.00277490076
Frame,1189,5.448042,4.196994,7.2833333,True,False,None,Playing,True,True,True,0,15,27.0360756,0,-10,8.7,False,False,False,-4,0.92,0.003664399
Frame,1190,5.451626,4.200454,7.2833333,True,False,None,Playing,True,True,True,0,15,26.99455,0,-10,8.7,False,False,False,-4,0.92,0.003460204
Frame,1191,5.454767,4.20377731,7.2833333,True,False,None,Playing,True,True,True,0,15,26.9546757,0,-10,8.7,False,False,False,-4,0.92,0.00332320016
Frame,1192,5.458681,4.20751,7.2833333,True,False,None,Playing,True,True,True,0,15,26.90988,0,-10,8.7,False,False,False,-4,0.92,0.00373259629
Frame,1193,5.462532,4.211589,7.2833333,True,False,None,Playing,True,True,True,0,15,26.8609352,0,-10,8.7,False,False,False,-4,0.92,0.00407880545
Frame,1194,5.46608353,4.215018,7.2833333,True,False,None,Playing,True,True,True,0,15,26.8197861,0,-10,8.7,False,False,False,-4,0.92,0.00342879817
Sequence_023,1194,5.496813,4.215018,7.2833333,True,False,None,Playing,True,True,True,0,15,26.8197861,0,-10,8.7,False,False,False,-4,0.92,0.00342879817
Frame,1195,5.506338,4.255102,7.2833333,True,False,None,Playing,True,True,True,0,15,26.3387756,0,-10,8.7,False,False,False,-4,0.92,0.0400844961
Frame,1196,5.514164,4.26304626,7.2833333,True,False,None,Playing,True,True,True,0,15,26.2434483,0,-10,8.7,False,False,False,-4,0.92,0.007944204
Frame,1197,5.51998329,4.26875067,7.2833333,True,False,None,Playing,True,True,True,0,15,26.1749954,0,-10,8.7,False,False,False,-4,0.92,0.005704202
Frame,1198,5.523157,4.27211666,7.2833333,True,False,None,Playing,True,True,True,0,15,26.1346,0,-10,8.7,False,False,False,-4,0.92,0.00336579513
Frame,1199,5.52650642,4.275196,7.2833333,True,False,None,Playing,True,True,True,0,15,26.0976486,0,-10,8.7,False,False,False,-4,0.92,0.00307949982
Frame,1200,5.53074837,4.279448,7.2833333,True,False,None,Playing,True,True,True,0,15,26.046627,0,-10,8.7,False,False,False,-4,0.92,0.00425200537
Frame,1201,5.53487,4.28367758,7.2833333,True,False,None,Playing,True,True,True,0,15,25.9958687,0,-10,8.7,False,False,False,-4,0.92,0.00422940031
Frame,1202,5.53829,4.287273,7.2833333,True,False,None,Playing,True,True,True,0,15,25.9527283,0,-10,8.7,False,False,False,-4,0.92,0.003595394
Frame,1203,5.541855,4.291004,7.2833333,True,False,None,Playing,True,True,True,0,15,25.9079533,0,-10,8.7,False,False,False,-4,0.92,0.00373120047
Frame,1204,5.545082,4.29401255,7.2833333,True,False,None,Playing,True,True,True,0,15,25.871851,0,-10,8.7,False,False,False,-4,0.92,0.003008305
Frame,1205,5.54813957,4.297259,7.2833333,True,False,None,Playing,True,True,True,0,15,25.8328953,0,-10,8.7,False,False,False,-4,0.92,0.00324619468
Frame,1206,5.55112648,4.300167,7.2833333,True,False,None,Playing,True,True,True,0,15,25.7979946,0,-10,8.7,False,False,False,-4,0.92,0.00290840422
Frame,1207,5.553976,4.3030653,7.2833333,True,False,None,Playing,True,True,True,0,15,25.76322,0,-10,8.7,False,False,False,-4,0.92,0.002898101
Frame,1208,5.556946,4.30606365,7.2833333,True,False,None,Playing,True,True,True,0,15,25.7272377,0,-10,8.7,False,False,False,-4,0.92,0.00299829943
Frame,1209,5.55999947,4.309106,7.2833333,True,False,None,Playing,True,True,True,0,15,25.69073,0,-10,8.7,False,False,False,-4,0.92,0.00304239662
Frame,1210,5.563532,4.31262445,7.2833333,True,False,None,Playing,True,True,True,0,15,25.64851,0,-10,8.7,False,False,False,-4,0.92,0.00351860118
Frame,1211,5.5673275,4.31644249,7.2833333,True,False,None,Playing,True,True,True,0,15,25.6026917,0,-10,8.7,False,False,False,-4,0.92,0.00381789962
Frame,1212,5.570341,4.31947327,7.2833333,True,False,None,Playing,True,True,True,0,15,25.5663242,0,-10,8.7,False,False,False,-4,0.92,0.00303059816
Frame,1213,5.57346535,4.322542,7.2833333,True,False,None,Playing,True,True,True,0,15,25.5294952,0,-10,8.7,False,False,False,-4,0.92,0.00306890579
Frame,1214,5.576374,4.32550764,7.2833333,True,False,None,Playing,True,True,True,0,15,25.49391,0,-10,8.7,False,False,False,-4,0.92,0.00296559674
Frame,1215,5.57934952,4.32851934,7.2833333,True,False,None,Playing,True,True,True,0,15,25.4577675,0,-10,8.7,False,False,False,-4,0.92,0.0030116
Frame,1216,5.58260727,4.331405,7.2833333,True,False,None,Playing,True,True,True,0,15,25.42314,0,-10,8.7,False,False,False,-4,0.92,0.002885601
Frame,1217,5.58599854,4.335006,7.2833333,True,False,None,Playing,True,True,True,0,15,25.3799267,0,-10,8.7,False,False,False,-4,0.92,0.00360089983
Frame,1218,5.588785,4.337936,7.2833333,True,False,None,Playing,True,True,True,0,15,25.3447723,0,-10,8.7,False,False,False,-4,0.92,0.002929599
Frame,1219,5.591625,4.3407383,7.2833333,True,False,None,Playing,True,True,True,0,15,25.311142,0,-10,8.7,False,False,False,-4,0.92,0.00280220388
Frame,1220,5.59482956,4.343812,7.2833333,True,False,None,Playing,True,True,True,0,15,25.2742577,0,-10,8.7,False,False,False,-4,0.92,0.00307379547
Frame,1221,5.599783,4.34829855,7.2833333,True,False,None,Playing,True,True,True,0,15,25.220417,0,-10,8.7,False,False,False,-4,0.92,0.00448650075
Frame,1222,5.60329437,4.352295,7.2833333,True,False,None,Playing,True,True,True,0,15,25.1724644,0,-10,8.7,False,False,False,-4,0.92,0.003996301
Frame,1223,5.60652161,4.35562134,7.2833333,True,False,None,Playing,True,True,True,0,15,25.1325436,0,-10,8.7,False,False,False,-4,0.92,0.00332619762
Frame,1224,5.60979843,4.35855532,7.2833333,True,False,None,Playing,True,True,True,0,15,25.0973377,0,-10,8.7,False,False,False,-4,0.92,0.00293390034
Frame,1225,5.61385727,4.362465,7.2833333,True,False,None,Playing,True,True,True,0,15,25.0504227,0,-10,8.7,False,False,False,-4,0.92,0.0039098
Frame,1226,5.618845,4.36789,7.2833333,True,False,None,Playing,True,True,True,0,15,24.985323,0,-10,8.7,False,False,False,-4,0.92,0.00542509928
Frame,1227,5.621998,4.37099171,7.2833333,True,False,None,Playing,True,True,True,0,15,24.948101,0,-10,8.7,False,False,False,-4,0.92,0.00310200546
Frame,1228,5.625412,4.37412834,7.2833333,True,False,None,Playing,True,True,True,0,15,24.9104614,0,-10,8.7,False,False,False,-4,0.92,0.00313679851
Frame,1229,5.63445854,4.38307142,7.2833333,True,False,None,Playing,True,True,True,0,15,24.8031445,0,-10,8.7,False,False,False,-4,0.92,0.008943098
Frame,1230,5.640133,4.38870764,7.2833333,True,False,None,Playing,True,True,True,0,15,24.73551,0,-10,8.7,False,False,False,-4,0.92,0.00563599775
Frame,1231,5.644329,4.39313745,7.2833333,True,False,None,Playing,True,True,True,0,15,24.6823521,0,-10,8.7,False,False,False,-4,0.92,0.004429606
Frame,1232,5.64812469,4.39709949,7.2833333,True,False,None,Playing,True,True,True,0,15,24.63481,0,-10,8.7,False,False,False,-4,0.92,0.00396209629
Frame,1233,5.65115738,4.400185,7.2833333,True,False,None,Playing,True,True,True,0,15,24.5977821,0,-10,8.7,False,False,False,-4,0.92,0.00308579928
Frame,1234,5.65390968,4.403037,7.2833333,True,False,None,Playing,True,True,True,0,15,24.5635567,0,-10,8.7,False,False,False,-4,0.92,0.0028521046
Frame,1235,5.65665627,4.40577126,7.2833333,True,False,None,Playing,True,True,True,0,15,24.5307465,0,-10,8.7,False,False,False,-4,0.92,0.00273439637
Frame,1236,5.659481,4.408566,7.2833333,True,False,None,Playing,True,True,True,0,15,24.49721,0,-10,8.7,False,False,False,-4,0.92,0.00279489788
Frame,1237,5.662262,4.41137743,7.2833333,True,False,None,Playing,True,True,True,0,15,24.4634724,0,-10,8.7,False,False,False,-4,0.92,0.0028116
Frame,1238,5.66591072,4.41457462,7.2833333,True,False,None,Playing,True,True,True,0,15,24.425106,0,-10,8.7,False,False,False,-4,0.92,0.00319730025
Frame,1239,5.66926765,4.418245,7.2833333,True,False,None,Playing,True,True,True,0,15,24.3810654,0,-10,8.7,False,False,False,-4,0.92,0.00367040117
Sequence_024,1239,5.69713,4.418245,7.2833333,True,False,None,Playing,True,True,True,0,15,24.3810654,0,-10,8.7,False,False,False,-4,0.92,0.00367040117
Frame,1240,5.70278168,4.451698,7.2833333,True,False,None,Playing,True,True,True,0,15,23.97963,0,-10,8.7,False,False,False,-4,0.92,0.0334532037
Frame,1241,5.70831871,4.4568696,7.2833333,True,False,None,Playing,True,True,True,0,15,23.9175663,0,-10,8.7,False,False,False,-4,0.92,0.005171698
Frame,1242,5.711931,4.460966,7.2833333,True,False,None,Playing,True,True,True,0,15,23.8684063,0,-10,8.7,False,False,False,-4,0.92,0.00409640046
Frame,1243,5.715626,4.464397,7.2833333,True,False,None,Playing,True,True,True,0,15,23.8272381,0,-10,8.7,False,False,False,-4,0.92,0.00343069737
Frame,1244,5.718498,4.46763,7.2833333,True,False,None,Playing,True,True,True,0,15,23.7884445,0,-10,8.7,False,False,False,-4,0.92,0.00323309959
Frame,1245,5.72125626,4.47039175,7.2833333,True,False,None,Playing,True,True,True,0,15,23.7553024,0,-10,8.7,False,False,False,-4,0.92,0.002762004
Frame,1246,5.724684,4.473574,7.2833333,True,False,None,Playing,True,True,True,0,15,23.7171116,0,-10,8.7,False,False,False,-4,0.92,0.00318229874
Frame,1247,5.728157,4.477022,7.2833333,True,False,None,Playing,True,True,True,0,15,23.6757355,0,-10,8.7,False,False,False,-4,0.92,0.003448101
Frame,1248,5.73238,4.481368,7.2833333,True,False,None,Playing,True,True,True,0,15,23.6235847,0,-10,8.7,False,False,False,-4,0.92,0.004345798
Frame,1249,5.73553658,4.484431,7.2833333,True,False,None,Playing,True,True,True,0,15,23.586832,0,-10,8.7,False,False,False,-4,0.92,0.00306290388
Frame,1250,5.73868752,4.48773766,7.2833333,True,False,None,Playing,True,True,True,0,15,23.5471478,0,-10,8.7,False,False,False,-4,0.92,0.00330679561
Frame,1251,5.74150467,4.490645,7.2833333,True,False,None,Playing,True,True,True,0,15,23.51226,0,-10,8.7,False,False,False,-4,0.92,0.00290740514
Frame,1252,5.745014,4.49362326,7.2833333,True,False,None,Playing,True,True,True,0,15,23.4765224,0,-10,8.7,False,False,False,-4,0.92,0.00297850068
Frame,1253,5.74879074,4.49782753,7.2833333,True,False,None,Playing,True,True,True,0,15,23.4260731,0,-10,8.7,False,False,False,-4,0.92,0.00420449954
Frame,1254,5.752615,4.501118,7.2833333,True,False,None,Playing,True,True,True,0,15,23.3865852,0,-10,8.7,False,False,False,-4,0.92,0.00329059665
Frame,1255,5.75676727,4.505619,7.2833333,True,False,None,Playing,True,True,True,0,15,23.3325729,0,-10,8.7,False,False,False,-4,0.92,0.0045010983
Frame,1256,5.76047134,4.50910568,7.2833333,True,False,None,Playing,True,True,True,0,15,23.2907333,0,-10,8.7,False,False,False,-4,0.92,0.00348679838
Frame,1257,5.76453,4.51320457,7.2833333,True,False,None,Playing,True,True,True,0,15,23.2415447,0,-10,8.7,False,False,False,-4,0.92,0.00409880234
Frame,1258,5.76798439,4.51706839,7.2833333,True,False,None,Playing,True,True,True,0,15,23.19518,0,-10,8.7,False,False,False,-4,0.92,0.00386400218
Frame,1259,5.77125549,4.520308,7.2833333,True,False,None,Playing,True,True,True,0,15,23.1563072,0,-10,8.7,False,False,False,-4,0.92,0.00323949824
Frame,1260,5.775036,4.52415562,7.2833333,True,False,None,Playing,True,True,True,0,15,23.1101341,0,-10,8.7,False,False,False,-4,0.92,0.00384780322
Frame,1261,5.7804184,4.52699757,7.2833333,True,False,None,Playing,True,True,True,0,15,23.07603,0,-10,8.7,False,False,False,-4,0.92,0.00284179416
Frame,1262,5.784006,4.53298759,7.2833333,True,False,None,Playing,True,True,True,0,15,23.00415,0,-10,8.7,False,False,False,-4,0.92,0.00599000137
Frame,1263,5.786825,4.535939,7.2833333,True,False,None,Playing,True,True,True,0,15,22.9687328,0,-10,8.7,False,False,False,-4,0.92,0.00295160152
Frame,1264,5.78980064,4.5388937,7.2833333,True,False,None,Playing,True,True,True,0,15,22.9332771,0,-10,8.7,False,False,False,-4,0.92,0.00295469817
Frame,1265,5.792761,4.541884,7.2833333,True,False,None,Playing,True,True,True,0,15,22.8973961,0,-10,8.7,False,False,False,-4,0.92,0.00299029914
Frame,1266,5.79575539,4.544868,7.2833333,True,False,None,Playing,True,True,True,0,15,22.8615856,0,-10,8.7,False,False,False,-4,0.92,0.002984205
Frame,1267,5.798828,4.54784536,7.2833333,True,False,None,Playing,True,True,True,0,15,22.8258572,0,-10,8.7,False,False,False,-4,0.92,0.002977296
Frame,1268,5.801752,4.550836,7.2833333,True,False,None,Playing,True,True,True,0,15,22.7899666,0,-10,8.7,False,False,False,-4,0.92,0.00299090147
Frame,1269,5.804611,4.553595,7.2833333,True,False,None,Playing,True,True,True,0,15,22.75686,0,-10,8.7,False,False,False,-4,0.92,0.00275909854
Frame,1270,5.80742264,4.55646658,7.2833333,True,False,None,Playing,True,True,True,0,15,22.7224045,0,-10,8.7,False,False,False,-4,0.92,0.002871301
Frame,1271,5.812277,4.56114626,7.2833333,True,False,None,Playing,True,True,True,0,15,22.6662483,0,-10,8.7,False,False,False,-4,0.92,0.004679599
Frame,1272,5.81669044,4.565572,7.2833333,True,False,None,Playing,True,True,True,0,15,22.613142,0,-10,8.7,False,False,False,-4,0.92,0.0044256025
Frame,1273,5.81998444,4.569011,7.2833333,True,False,None,Playing,True,True,True,0,15,22.5718689,0,-10,8.7,False,False,False,-4,0.92,0.00343949837
Frame,1274,5.82274628,4.571842,7.2833333,True,False,None,Playing,True,True,True,0,15,22.5378971,0,-10,8.7,False,False,False,-4,0.92,0.002831002
Frame,1275,5.825983,4.57476234,7.2833333,True,False,None,Playing,True,True,True,0,15,22.5028534,0,-10,8.7,False,False,False,-4,0.92,0.00292009627
Frame,1276,5.828808,4.577926,7.2833333,True,False,None,Playing,True,True,True,0,15,22.4648876,0,-10,8.7,False,False,False,-4,0.92,0.00316380383
Frame,1277,5.83203125,4.581121,7.2833333,True,False,None,Playing,True,True,True,0,15,22.42655,0,-10,8.7,False,False,False,-4,0.92,0.003194997
Frame,1278,5.83497238,4.584033,7.2833333,True,False,None,Playing,True,True,True,0,15,22.3916054,0,-10,8.7,False,False,False,-4,0.92,0.002912004
Frame,1279,5.837963,4.58703375,7.2833333,True,False,None,Playing,True,True,True,0,15,22.3555965,0,-10,8.7,False,False,False,-4,0.92,0.0030009
Frame,1280,5.84107,4.589903,7.2833333,True,False,None,Playing,True,True,True,0,15,22.3211689,0,-10,8.7,False,False,False,-4,0.92,0.00286909728
Frame,1281,5.844429,4.593283,7.2833333,True,False,None,Playing,True,True,True,0,15,22.2806015,0,-10,8.7,False,False,False,-4,0.92,0.00338030048
Frame,1282,5.848013,4.597053,7.2833333,True,False,None,Playing,True,True,True,0,15,22.235363,0,-10,8.7,False,False,False,-4,0.92,0.00377010345
Frame,1283,5.85160065,4.600616,7.2833333,True,False,None,Playing,True,True,True,0,15,22.19261,0,-10,8.7,False,False,False,-4,0.92,0.00356309535
Frame,1284,5.85471344,4.603689,7.2833333,True,False,None,Playing,True,True,True,0,15,22.1557331,0,-10,8.7,False,False,False,-4,0.92,0.00307300175
Frame,1285,5.857916,4.60686,7.2833333,True,False,None,Playing,True,True,True,0,15,22.11768,0,-10,8.7,False,False,False,-4,0.92,0.00317079783
Frame,1286,5.86099052,4.609959,7.2833333,True,False,None,Playing,True,True,True,0,15,22.080492,0,-10,8.7,False,False,False,-4,0.92,0.00309880241
Frame,1287,5.864258,4.613157,7.2833333,True,False,None,Playing,True,True,True,0,15,22.0421219,0,-10,8.7,False,False,False,-4,0.92,0.00319749862
Frame,1288,5.86720848,4.61626673,7.2833333,True,False,None,Playing,True,True,True,0,15,22.0048027,0,-10,8.7,False,False,False,-4,0.92,0.00311009772
Frame,1289,5.87003326,4.61914635,7.2833333,True,False,None,Playing,True,True,True,0,15,21.9702473,0,-10,8.7,False,False,False,-4,0.92,0.00287970528
Sequence_025,1289,5.897991,4.61914635,7.2833333,True,False,None,Playing,True,True,True,0,15,21.9702473,0,-10,8.7,False,False,False,-4,0.92,0.00287970528
Frame,1290,5.90364838,4.652557,7.2833333,True,False,None,Playing,True,True,True,0,15,21.5693188,0,-10,8.7,False,False,False,-4,0.92,0.0334107019
Frame,1291,5.907696,4.65664,7.2833333,True,False,None,Playing,True,True,True,0,15,21.52032,0,-10,8.7,False,False,False,-4,0.92,0.00408309931
Frame,1292,5.910635,4.659721,7.2833333,True,False,None,Playing,True,True,True,0,15,21.4833488,0,-10,8.7,False,False,False,-4,0.92,0.00308079645
Frame,1293,5.913656,4.66274071,7.2833333,True,False,None,Playing,True,True,True,0,15,21.447113,0,-10,8.7,False,False,False,-4,0.92,0.00301969959
Frame,1294,5.916666,4.66573954,7.2833333,True,False,None,Playing,True,True,True,0,15,21.4111271,0,-10,8.7,False,False,False,-4,0.92,0.002998604
Frame,1295,5.92013,4.669171,7.2833333,True,False,None,Playing,True,True,True,0,15,21.36995,0,-10,8.7,False,False,False,-4,0.92,0.003431399
Frame,1296,5.92376328,4.672804,7.2833333,True,False,None,Playing,True,True,True,0,15,21.3263569,0,-10,8.7,False,False,False,-4,0.92,0.00363309938
Frame,1297,5.9272213,4.67618942,7.2833333,True,False,None,Playing,True,True,True,0,15,21.2857265,0,-10,8.7,False,False,False,-4,0.92,0.00338550168
Frame,1298,5.93166351,4.68059969,7.2833333,True,False,None,Playing,True,True,True,0,15,21.2328053,0,-10,8.7,False,False,False,-4,0.92,0.004410296
Frame,1299,5.93487549,4.68397,7.2833333,True,False,None,Playing,True,True,True,0,15,21.1923618,0,-10,8.7,False,False,False,-4,0.92,0.00337050017
Frame,1300,5.93785667,4.68688869,7.2833333,True,False,None,Playing,True,True,True,0,15,21.1573353,0,-10,8.7,False,False,False,-4,0.92,0.00291889883
Frame,1301,5.94080544,4.689871,7.2833333,True,False,None,Playing,True,True,True,0,15,21.1215534,0,-10,8.7,False,False,False,-4,0.92,0.00298220664
Frame,1302,5.943697,4.69272327,7.2833333,True,False,None,Playing,True,True,True,0,15,21.08732,0,-10,8.7,False,False,False,-4,0.92,0.00285259355
Frame,1303,5.947546,4.696459,7.2833333,True,False,None,Playing,True,True,True,0,15,21.0424938,0,-10,8.7,False,False,False,-4,0.92,0.003735601
Frame,1304,5.9507885,4.69958639,7.2833333,True,False,None,Playing,True,True,True,0,15,21.0049667,0,-10,8.7,False,False,False,-4,0.92,0.00312740216
Frame,1305,5.95357132,4.702727,7.2833333,True,False,None,Playing,True,True,True,0,15,20.9672756,0,-10,8.7,False,False,False,-4,0.92,0.003140299
Frame,1306,5.95752144,4.706319,7.2833333,True,False,None,Playing,True,True,True,0,15,20.9241753,0,-10,8.7,False,False,False,-4,0.92,0.00359199964
Frame,1307,5.96066475,4.709787,7.2833333,True,False,None,Playing,True,True,True,0,15,20.8825588,0,-10,8.7,False,False,False,-4,0.92,0.00346780056
Frame,1308,5.964594,4.71322632,7.2833333,True,False,None,Playing,True,True,True,0,15,20.8412857,0,-10,8.7,False,False,False,-4,0.92,0.0034393
Frame,1309,5.96859741,4.717289,7.2833333,True,False,None,Playing,True,True,True,0,15,20.792532,0,-10,8.7,False,False,False,-4,0.92,0.004062698
Frame,1310,5.971792,4.72085857,7.2833333,True,False,None,Playing,True,True,True,0,15,20.7496986,0,-10,8.7,False,False,False,-4,0.92,0.00356960041
Frame,1311,5.97489929,4.723895,7.2833333,True,False,None,Playing,True,True,True,0,15,20.7132568,0,-10,8.7,False,False,False,-4,0.92,0.00303630251
Frame,1312,5.97806549,4.726931,7.2833333,True,False,None,Playing,True,True,True,0,15,20.6768246,0,-10,8.7,False,False,False,-4,0.92,0.00303620333
Frame,1313,5.98095131,4.730091,7.2833333,True,False,None,Playing,True,True,True,0,15,20.6389065,0,-10,8.7,False,False,False,-4,0.92,0.00315989926
Frame,1314,5.983803,4.732857,7.2833333,True,False,None,Playing,True,True,True,0,15,20.605711,0,-10,8.7,False,False,False,-4,0.92,0.00276589417
Frame,1315,5.99344444,4.74242973,7.2833333,True,False,None,Playing,True,True,True,0,15,20.4908428,0,-10,8.7,False,False,False,-4,0.92,0.009572506
Frame,1316,6.000057,4.7490263,7.2833333,True,False,None,Playing,True,True,True,0,15,20.4116821,0,-10,8.7,False,False,False,-4,0.92,0.006596599
Frame,1317,6.00593758,4.754729,7.2833333,True,False,None,Playing,True,True,True,0,15,20.3432541,0,-10,8.7,False,False,False,-4,0.92,0.0057027
Frame,1318,6.00889,4.75802946,7.2833333,True,False,None,Playing,True,True,True,0,15,20.3036461,0,-10,8.7,False,False,False,-4,0.92,0.0033007015
Frame,1319,6.012022,4.761155,7.2833333,True,False,None,Playing,True,True,True,0,15,20.2661362,0,-10,8.7,False,False,False,-4,0.92,0.00312579377
Frame,1320,6.01495171,4.7640667,7.2833333,True,False,None,Playing,True,True,True,0,15,20.2312012,0,-10,8.7,False,False,False,-4,0.92,0.00291170646
Frame,1321,6.01901436,4.768159,7.2833333,True,False,None,Playing,True,True,True,0,15,20.1820927,0,-10,8.7,False,False,False,-4,0.92,0.0040923967
Frame,1322,6.02189636,4.771033,7.2833333,True,False,None,Playing,True,True,True,0,15,20.147604,0,-10,8.7,False,False,False,-4,0.92,0.00287370314
Frame,1323,6.02503967,4.77399445,7.2833333,True,False,None,Playing,True,True,True,0,15,20.1120663,0,-10,8.7,False,False,False,-4,0.92,0.00296179857
Frame,1324,6.029007,4.777405,7.2833333,True,False,None,Playing,True,True,True,0,15,20.07114,0,-10,8.7,False,False,False,-4,0.92,0.003410197
Frame,1325,6.033106,4.78177357,7.2833333,True,False,None,Playing,True,True,True,0,15,20.0187168,0,-10,8.7,False,False,False,-4,0.92,0.00436870055
Frame,1326,6.03632545,4.78541374,7.2833333,True,False,None,Playing,True,True,True,0,15,19.9750328,0,-10,8.7,False,False,False,-4,0.92,0.00364010059
Frame,1327,6.03910828,4.78828,7.2833333,True,False,None,Playing,True,True,True,0,15,19.94064,0,-10,8.7,False,False,False,-4,0.92,0.00286629819
Frame,1328,6.04200172,4.79107428,7.2833333,True,False,None,Playing,True,True,True,0,15,19.9071064,0,-10,8.7,False,False,False,-4,0.92,0.00279430277
Frame,1329,6.04500771,4.793865,7.2833333,True,False,None,Playing,True,True,True,0,15,19.8736172,0,-10,8.7,False,False,False,-4,0.92,0.00279080216
Frame,1330,6.048193,4.797156,7.2833333,True,False,None,Playing,True,True,True,0,15,19.83413,0,-10,8.7,False,False,False,-4,0.92,0.003290795
Frame,1331,6.05117035,4.80020475,7.2833333,True,False,None,Playing,True,True,True,0,15,19.79754,0,-10,8.7,False,False,False,-4,0.92,0.00304880249
Frame,1332,6.053894,4.803058,7.2833333,True,False,None,Playing,True,True,True,0,15,19.7633,0,-10,8.7,False,False,False,-4,0.92,0.00285320287
Frame,1333,6.05663872,4.805749,7.2833333,True,False,None,Playing,True,True,True,0,15,19.7310123,0,-10,8.7,False,False,False,-4,0.92,0.0026908943
Frame,1334,6.05958557,4.80865955,7.2833333,True,False,None,Playing,True,True,True,0,15,19.696085,0,-10,8.7,False,False,False,-4,0.92,0.0029104026
Frame,1335,6.06259727,4.81164837,7.2833333,True,False,None,Playing,True,True,True,0,15,19.66022,0,-10,8.7,False,False,False,-4,0.92,0.00298900227
Frame,1336,6.06599236,4.81483173,7.2833333,True,False,None,Playing,True,True,True,0,15,19.6220188,0,-10,8.7,False,False,False,-4,0.92,0.00318349642
Frame,1337,6.068878,4.8179245,7.2833333,True,False,None,Playing,True,True,True,0,15,19.5849056,0,-10,8.7,False,False,False,-4,0.92,0.00309289969
Frame,1338,6.07181168,4.820848,7.2833333,True,False,None,Playing,True,True,True,0,15,19.5498238,0,-10,8.7,False,False,False,-4,0.92,0.00292329933
Sequence_026,1338,6.099638,4.820848,7.2833333,True,False,None,Playing,True,True,True,0,15,19.5498238,0,-10,8.7,False,False,False,-4,0.92,0.00292329933
Frame,1339,6.113804,4.862656,7.2833333,True,False,None,Playing,True,True,True,0,15,19.0481262,0,-10,8.7,False,False,False,-4,0.92,0.0418082066
Frame,1340,6.11903572,4.86794949,7.2833333,True,False,None,Playing,True,True,True,0,15,18.9846058,0,-10,8.7,False,False,False,-4,0.92,0.005293594
Frame,1341,6.12197876,4.871067,7.2833333,True,False,None,Playing,True,True,True,0,15,18.9471951,0,-10,8.7,False,False,False,-4,0.92,0.00311740371
Frame,1342,6.12510872,4.87390852,7.2833333,True,False,None,Playing,True,True,True,0,15,18.9130974,0,-10,8.7,False,False,False,-4,0.92,0.00284160278
Frame,1343,6.128351,4.877112,7.2833333,True,False,None,Playing,True,True,True,0,15,18.8746567,0,-10,8.7,False,False,False,-4,0.92,0.00320349354
Frame,1344,6.13158035,4.88049746,7.2833333,True,False,None,Playing,True,True,True,0,15,18.83403,0,-10,8.7,False,False,False,-4,0.92,0.0033857
Frame,1345,6.134384,4.883461,7.2833333,True,False,None,Playing,True,True,True,0,15,18.7984676,0,-10,8.7,False,False,False,-4,0.92,0.00296370476
Frame,1346,6.13771439,4.886543,7.2833333,True,False,None,Playing,True,True,True,0,15,18.7614841,0,-10,8.7,False,False,False,-4,0.92,0.003082001
Frame,1347,6.14168167,4.890512,7.2833333,True,False,None,Playing,True,True,True,0,15,18.7138538,0,-10,8.7,False,False,False,-4,0.92,0.003968998
Frame,1348,6.14571571,4.89443731,7.2833333,True,False,None,Playing,True,True,True,0,15,18.66675,0,-10,8.7,False,False,False,-4,0.92,0.003925198
Frame,1349,6.14901924,4.8980937,7.2833333,True,False,None,Playing,True,True,True,0,15,18.6228733,0,-10,8.7,False,False,False,-4,0.92,0.00365660433
Frame,1350,6.152132,4.90123463,7.2833333,True,False,None,Playing,True,True,True,0,15,18.5851822,0,-10,8.7,False,False,False,-4,0.92,0.00314069586
Frame,1351,6.154957,4.904124,7.2833333,True,False,None,Playing,True,True,True,0,15,18.5505142,0,-10,8.7,False,False,False,-4,0.92,0.00288910139
Frame,1352,6.157839,4.906949,7.2833333,True,False,None,Playing,True,True,True,0,15,18.5166111,0,-10,8.7,False,False,False,-4,0.92,0.00282519846
Frame,1353,6.160593,4.909769,7.2833333,True,False,None,Playing,True,True,True,0,15,18.482769,0,-10,8.7,False,False,False,-4,0.92,0.00282020262
Frame,1354,6.16354,4.91257524,7.2833333,True,False,None,Playing,True,True,True,0,15,18.4490967,0,-10,8.7,False,False,False,-4,0.92,0.00280610123
Frame,1355,6.16689873,4.91594362,7.2833333,True,False,None,Playing,True,True,True,0,15,18.4086742,0,-10,8.7,False,False,False,-4,0.92,0.0033684948
Frame,1356,6.16970062,4.91881847,7.2833333,True,False,None,Playing,True,True,True,0,15,18.3741779,0,-10,8.7,False,False,False,-4,0.92,0.00287480163
Frame,1357,6.175625,4.92463541,7.2833333,True,False,None,Playing,True,True,True,0,15,18.3043747,0,-10,8.7,False,False,False,-4,0.92,0.00581690064
Frame,1358,6.17890739,4.927807,7.2833333,True,False,None,Playing,True,True,True,0,15,18.2663174,0,-10,8.7,False,False,False,-4,0.92,0.003171301
Frame,1359,6.182173,4.93116331,7.2833333,True,False,None,Playing,True,True,True,0,15,18.226038,0,-10,8.7,False,False,False,-4,0.92,0.00335639878
Frame,1360,6.185299,4.934112,7.2833333,True,False,None,Playing,True,True,True,0,15,18.1906567,0,-10,8.7,False,False,False,-4,0.92,0.00294859684
Frame,1361,6.18869,4.93773556,7.2833333,True,False,None,Playing,True,True,True,0,15,18.147171,0,-10,8.7,False,False,False,-4,0.92,0.00362370326
Frame,1362,6.191818,4.940945,7.2833333,True,False,None,Playing,True,True,True,0,15,18.1086578,0,-10,8.7,False,False,False,-4,0.92,0.00320980023
Frame,1363,6.194828,4.94384336,7.2833333,True,False,None,Playing,True,True,True,0,15,18.0738773,0,-10,8.7,False,False,False,-4,0.92,0.00289800181
Frame,1364,6.198269,4.947229,7.2833333,True,False,None,Playing,True,True,True,0,15,18.03325,0,-10,8.7,False,False,False,-4,0.92,0.00338539551
Frame,1365,6.20148468,4.95046,7.2833333,True,False,None,Playing,True,True,True,0,15,17.9944782,0,-10,8.7,False,False,False,-4,0.92,0.003231002
Frame,1366,6.2049675,4.953554,7.2833333,True,False,None,Playing,True,True,True,0,15,17.9573517,0,-10,8.7,False,False,False,-4,0.92,0.003093998
Frame,1367,6.2086525,4.95768929,7.2833333,True,False,None,Playing,True,True,True,0,15,17.9077282,0,-10,8.7,False,False,False,-4,0.92,0.004135303
Frame,1368,6.21169853,4.96074772,7.2833333,True,False,None,Playing,True,True,True,0,15,17.871027,0,-10,8.7,False,False,False,-4,0.92,0.00305819861
Frame,1369,6.214733,4.96380663,7.2833333,True,False,None,Playing,True,True,True,0,15,17.8343182,0,-10,8.7,False,False,False,-4,0.92,0.003058801
Frame,1370,6.219515,4.96837044,7.2833333,True,False,None,Playing,True,True,True,0,15,17.7795525,0,-10,8.7,False,False,False,-4,0.92,0.004564002
Frame,1371,6.223074,4.972079,7.2833333,True,False,None,Playing,True,True,True,0,15,17.7350521,0,-10,8.7,False,False,False,-4,0.92,0.00370819867
Frame,1372,6.22643661,4.975459,7.2833333,True,False,None,Playing,True,True,True,0,15,17.69449,0,-10,8.7,False,False,False,-4,0.92,0.00338039966
Frame,1373,6.22966766,4.97870636,7.2833333,True,False,None,Playing,True,True,True,0,15,17.6555214,0,-10,8.7,False,False,False,-4,0.92,0.00324710179
Frame,1374,6.23268127,4.98174763,7.2833333,True,False,None,Playing,True,True,True,0,15,17.6190281,0,-10,8.7,False,False,False,-4,0.92,0.00304109976
Frame,1375,6.23592567,4.98479366,7.2833333,True,False,None,Playing,True,True,True,0,15,17.5824757,0,-10,8.7,False,False,False,-4,0.92,0.00304599642
Frame,1376,6.23955727,4.98841858,7.2833333,True,False,None,Playing,True,True,True,0,15,17.5389748,0,-10,8.7,False,False,False,-4,0.92,0.00362490071
Frame,1377,6.24383354,4.992088,7.2833333,True,False,None,Playing,True,True,True,0,15,17.4949455,0,-10,8.7,False,False,False,-4,0.92,0.00366940186
Frame,1378,6.24870872,4.99724674,7.2833333,True,False,None,Playing,True,True,True,0,15,17.4330387,0,-10,8.7,False,False,False,-4,0.92,0.00515890028
Frame,1379,6.25230026,5.00115,7.2833333,True,False,None,Playing,True,True,True,0,15,17.386198,0,-10,8.7,False,False,False,-4,0.92,0.0039035005
Frame,1380,6.25575447,5.004583,7.2833333,True,False,None,Playing,True,True,True,0,15,17.345005,0,-10,8.7,False,False,False,-4,0.92,0.00343259634
Frame,1381,6.258816,5.00786066,7.2833333,True,False,None,Playing,True,True,True,0,15,17.30567,0,-10,8.7,False,False,False,-4,0.92,0.00327800447
Frame,1382,6.26198959,5.01103354,7.2833333,True,False,None,Playing,True,True,True,0,15,17.2675953,0,-10,8.7,False,False,False,-4,0.92,0.00317299459
Frame,1383,6.265707,5.014628,7.2833333,True,False,None,Playing,True,True,True,0,15,17.2244663,0,-10,8.7,False,False,False,-4,0.92,0.00359420362
Frame,1384,6.26892471,5.017921,7.2833333,True,False,None,Playing,True,True,True,0,15,17.1849461,0,-10,8.7,False,False,False,-4,0.92,0.00329289958
Frame,1385,6.271986,5.02112675,7.2833333,True,False,None,Playing,True,True,True,0,15,17.1464767,0,-10,8.7,False,False,False,-4,0.92,0.00320589566
Sequence_027,1385,6.301531,5.02112675,7.2833333,True,False,None,Playing,True,True,True,0,15,17.1464767,0,-10,8.7,False,False,False,-4,0.92,0.00320589566
Frame,1386,6.318289,5.066532,7.2833333,True,False,None,Playing,True,True,True,0,15,16.601614,0,-10,8.7,False,False,False,-4,0.92,0.0454055071
Frame,1387,6.33223534,5.08060932,7.2833333,True,False,None,Playing,True,True,True,0,15,16.4326878,0,-10,8.7,False,False,False,-4,0.92,0.0140769985
Frame,1388,6.338772,5.087728,7.2833333,True,False,None,Playing,True,True,True,0,15,16.3472633,0,-10,8.7,False,False,False,-4,0.92,0.00711879972
Frame,1389,6.34195137,5.09087563,7.2833333,True,False,None,Playing,True,True,True,0,15,16.3094921,0,-10,8.7,False,False,False,-4,0.92,0.003147697
Frame,1390,6.34518242,5.093934,7.2833333,True,False,None,Playing,True,True,True,0,15,16.2727928,0,-10,8.7,False,False,False,-4,0.92,0.00305850338
Frame,1391,6.34820557,5.09715462,7.2833333,True,False,None,Playing,True,True,True,0,15,16.2341423,0,-10,8.7,False,False,False,-4,0.92,0.003220401
Frame,1392,6.3510685,5.10014534,7.2833333,True,False,None,Playing,True,True,True,0,15,16.1982536,0,-10,8.7,False,False,False,-4,0.92,0.00299059669
Frame,1393,6.354006,5.102973,7.2833333,True,False,None,Playing,True,True,True,0,15,16.1643238,0,-10,8.7,False,False,False,-4,0.92,0.00282760058
Frame,1394,6.357836,5.106876,7.2833333,True,False,None,Playing,True,True,True,0,15,16.1174889,0,-10,8.7,False,False,False,-4,0.92,0.00390299736
Frame,1395,6.36100769,5.10983038,7.2833333,True,False,None,Playing,True,True,True,0,15,16.0820332,0,-10,8.7,False,False,False,-4,0.92,0.00295470515
Frame,1396,6.364649,5.11343527,7.2833333,True,False,None,Playing,True,True,True,0,15,16.0387764,0,-10,8.7,False,False,False,-4,0.92,0.003605095
Frame,1397,6.36803436,5.1170764,7.2833333,True,False,None,Playing,True,True,True,0,15,15.9950829,0,-10,8.7,False,False,False,-4,0.92,0.00364130526
Frame,1398,6.371443,5.12030029,7.2833333,True,False,None,Playing,True,True,True,0,15,15.9563942,0,-10,8.7,False,False,False,-4,0.92,0.0032241
Frame,1399,6.37479973,5.123717,7.2833333,True,False,None,Playing,True,True,True,0,15,15.9153967,0,-10,8.7,False,False,False,-4,0.92,0.00341659575
Frame,1400,6.37795258,5.12702847,7.2833333,True,False,None,Playing,True,True,True,0,15,15.8756571,0,-10,8.7,False,False,False,-4,0.92,0.0033114017
Frame,1401,6.381094,5.13022232,7.2833333,True,False,None,Playing,True,True,True,0,15,15.8373318,0,-10,8.7,False,False,False,-4,0.92,0.00319370045
Frame,1402,6.384062,5.13307858,7.2833333,True,False,None,Playing,True,True,True,0,15,15.8030548,0,-10,8.7,False,False,False,-4,0.92,0.00285610114
Frame,1403,6.38702965,5.136065,7.2833333,True,False,None,Playing,True,True,True,0,15,15.7672176,0,-10,8.7,False,False,False,-4,0.92,0.0029861962
Frame,1404,6.38980865,5.13887835,7.2833333,True,False,None,Playing,True,True,True,0,15,15.73346,0,-10,8.7,False,False,False,-4,0.92,0.00281310221
Frame,1405,6.39256859,5.14161062,7.2833333,True,False,None,Playing,True,True,True,0,15,15.7006693,0,-10,8.7,False,False,False,-4,0.92,0.00273219962
Frame,1406,6.39532852,5.144385,7.2833333,True,False,None,Playing,True,True,True,0,15,15.6673794,0,-10,8.7,False,False,False,-4,0.92,0.00277400087
Frame,1407,6.39882469,5.147895,7.2833333,True,False,None,Playing,True,True,True,0,15,15.62526,0,-10,8.7,False,False,False,-4,0.92,0.00350980018
Frame,1408,6.40159035,5.15075445,7.2833333,True,False,None,Playing,True,True,True,0,15,15.5909443,0,-10,8.7,False,False,False,-4,0.92,0.00285980012
Frame,1409,6.40438843,5.153493,7.2833333,True,False,None,Playing,True,True,True,0,15,15.5580854,0,-10,8.7,False,False,False,-4,0.92,0.00273859827
Frame,1410,6.407215,5.156293,7.2833333,True,False,None,Playing,True,True,True,0,15,15.5244837,0,-10,8.7,False,False,False,-4,0.92,0.00280009932
Frame,1411,6.410223,5.15926552,7.2833333,True,False,None,Playing,True,True,True,0,15,15.4888134,0,-10,8.7,False,False,False,-4,0.92,0.00297270413
Frame,1412,6.41385651,5.16280031,7.2833333,True,False,None,Playing,True,True,True,0,15,15.4463949,0,-10,8.7,False,False,False,-4,0.92,0.00353499851
Frame,1413,6.417019,5.165972,7.2833333,True,False,None,Playing,True,True,True,0,15,15.4083328,0,-10,8.7,False,False,False,-4,0.92,0.003171698
Frame,1414,6.42015457,5.169181,7.2833333,True,False,None,Playing,True,True,True,0,15,15.3698273,0,-10,8.7,False,False,False,-4,0.92,0.00320840417
Frame,1415,6.42341042,5.172225,7.2833333,True,False,None,Playing,True,True,True,0,15,15.3332987,0,-10,8.7,False,False,False,-4,0.92,0.0030441964
Frame,1416,6.42651,5.175616,7.2833333,True,False,None,Playing,True,True,True,0,15,15.2926083,0,-10,8.7,False,False,False,-4,0.92,0.00339100068
Frame,1417,6.432003,5.18099928,7.2833333,True,False,None,Playing,True,True,True,0,15,15.2280092,0,-10,8.7,False,False,False,-4,0.92,0.005383702
Frame,1418,6.43532,5.18441248,7.2833333,True,False,None,Playing,True,True,True,0,15,15.187048,0,-10,8.7,False,False,False,-4,0.92,0.00341309514
Frame,1419,6.438389,5.187474,7.2833333,True,False,None,Playing,True,True,True,0,15,15.1503115,0,-10,8.7,False,False,False,-4,0.92,0.00306120329
Frame,1420,6.441292,5.19039059,7.2833333,True,False,None,Playing,True,True,True,0,15,15.1153126,0,-10,8.7,False,False,False,-4,0.92,0.00291660288
Frame,1421,6.44471169,5.19369459,7.2833333,True,False,None,Playing,True,True,True,0,15,15.0756655,0,-10,8.7,False,False,False,-4,0.92,0.00330379815
Frame,1422,6.44819832,5.19729042,7.2833333,True,False,None,Playing,True,True,True,0,15,15.0325155,0,-10,8.7,False,False,False,-4,0.92,0.00359569862
Frame,1423,6.451351,5.2003727,7.2833333,True,False,None,Playing,True,True,True,0,15,14.9955273,0,-10,8.7,False,False,False,-4,0.92,0.0030821003
Frame,1424,6.454792,5.203581,7.2833333,True,False,None,Playing,True,True,True,0,15,14.95703,0,-10,8.7,False,False,False,-4,0.92,0.003208298
Frame,1425,6.458645,5.207622,7.2833333,True,False,None,Playing,True,True,True,0,15,14.9085331,0,-10,8.7,False,False,False,-4,0.92,0.00404140446
Frame,1426,6.46196556,5.210739,7.2833333,True,False,None,Playing,True,True,True,0,15,14.87113,0,-10,8.7,False,False,False,-4,0.92,0.00311699975
Frame,1427,6.465309,5.214158,7.2833333,True,False,None,Playing,True,True,True,0,15,14.8301039,0,-10,8.7,False,False,False,-4,0.92,0.00341879949
Frame,1428,6.468151,5.21724033,7.2833333,True,False,None,Playing,True,True,True,0,15,14.7931166,0,-10,8.7,False,False,False,-4,0.92,0.0030821003
Frame,1429,6.47115135,5.22009563,7.2833333,True,False,None,Playing,True,True,True,0,15,14.758852,0,-10,8.7,False,False,False,-4,0.92,0.00285509485
Frame,1430,6.4738884,5.22303772,7.2833333,True,False,None,Playing,True,True,True,0,15,14.7235451,0,-10,8.7,False,False,False,-4,0.92,0.002942106
Sequence_028,1430,6.50079155,5.22303772,7.2833333,True,False,None,Playing,True,True,True,0,15,14.7235451,0,-10,8.7,False,False,False,-4,0.92,0.002942106
Frame,1431,6.506443,5.255347,7.2833333,True,False,None,Playing,True,True,True,0,15,14.3358393,0,-10,8.7,False,False,False,-4,0.92,0.032309
Frame,1432,6.51098633,5.25988245,7.2833333,True,False,None,Playing,True,True,True,0,15,14.2814074,0,-10,8.7,False,False,False,-4,0.92,0.0045357
Frame,1433,6.51450348,5.26322174,7.2833333,True,False,None,Playing,True,True,True,0,15,14.2413368,0,-10,8.7,False,False,False,-4,0.92,0.0033394983
Frame,1434,6.51787758,5.26691055,7.2833333,True,False,None,Playing,True,True,True,0,15,14.197073,0,-10,8.7,False,False,False,-4,0.92,0.00368869747
Frame,1435,6.52096176,5.26998949,7.2833333,True,False,None,Playing,True,True,True,0,15,14.1601248,0,-10,8.7,False,False,False,-4,0.92,0.00307900365
Frame,1436,6.52389336,5.27292538,7.2833333,True,False,None,Playing,True,True,True,0,15,14.1248941,0,-10,8.7,False,False,False,-4,0.92,0.00293609686
Frame,1437,6.52695465,5.276065,7.2833333,True,False,None,Playing,True,True,True,0,15,14.0872192,0,-10,8.7,False,False,False,-4,0.92,0.0031395976
Frame,1438,6.53010941,5.27904654,7.2833333,True,False,None,Playing,True,True,True,0,15,14.0514412,0,-10,8.7,False,False,False,-4,0.92,0.0029817035
Frame,1439,6.53375435,5.28287363,7.2833333,True,False,None,Playing,True,True,True,0,15,14.0055161,0,-10,8.7,False,False,False,-4,0.92,0.00382709759
Frame,1440,6.53667259,5.285796,7.2833333,True,False,None,Playing,True,True,True,0,15,13.9704447,0,-10,8.7,False,False,False,-4,0.92,0.00292239944
Frame,1441,6.53951836,5.28860569,7.2833333,True,False,None,Playing,True,True,True,0,15,13.9367313,0,-10,8.7,False,False,False,-4,0.92,0.00280940323
Frame,1442,6.542639,5.29144764,7.2833333,True,False,None,Playing,True,True,True,0,15,13.902627,0,-10,8.7,False,False,False,-4,0.92,0.00284190057
Frame,1443,6.54563332,5.29468346,7.2833333,True,False,None,Playing,True,True,True,0,15,13.8637981,0,-10,8.7,False,False,False,-4,0.92,0.0032357
Frame,1444,6.54859924,5.29768848,7.2833333,True,False,None,Playing,True,True,True,0,15,13.8277369,0,-10,8.7,False,False,False,-4,0.92,0.003005102
Frame,1445,6.5518856,5.300861,7.2833333,True,False,None,Playing,True,True,True,0,15,13.7896671,0,-10,8.7,False,False,False,-4,0.92,0.00317259785
Frame,1446,6.555002,5.30410433,7.2833333,True,False,None,Playing,True,True,True,0,15,13.7507458,0,-10,8.7,False,False,False,-4,0.92,0.00324339559
Frame,1447,6.557846,5.30689764,7.2833333,True,False,None,Playing,True,True,True,0,15,13.7172279,0,-10,8.7,False,False,False,-4,0.92,0.002793105
Frame,1448,6.560581,5.309708,7.2833333,True,False,None,Playing,True,True,True,0,15,13.6835032,0,-10,8.7,False,False,False,-4,0.92,0.0028107
Frame,1449,6.56405067,5.31296968,7.2833333,True,False,None,Playing,True,True,True,0,15,13.6443624,0,-10,8.7,False,False,False,-4,0.92,0.00326160016
Frame,1450,6.56718063,5.31626225,7.2833333,True,False,None,Playing,True,True,True,0,15,13.6048508,0,-10,8.7,False,False,False,-4,0.92,0.00329270121
Frame,1451,6.57016563,5.319231,7.2833333,True,False,None,Playing,True,True,True,0,15,13.5692253,0,-10,8.7,False,False,False,-4,0.92,0.002968998
Frame,1452,6.575554,5.32209635,7.2833333,True,False,None,Playing,True,True,True,0,15,13.5348444,0,-10,8.7,False,False,False,-4,0.92,0.00286529912
Frame,1453,6.57850075,5.327514,7.2833333,True,False,None,Playing,True,True,True,0,15,13.4698305,0,-10,8.7,False,False,False,-4,0.92,0.00541789969
Frame,1454,6.58141327,5.330467,7.2833333,True,False,None,Playing,True,True,True,0,15,13.434392,0,-10,8.7,False,False,False,-4,0.92,0.00295299734
Frame,1455,6.58431053,5.33341837,7.2833333,True,False,None,Playing,True,True,True,0,15,13.3989773,0,-10,8.7,False,False,False,-4,0.92,0.00295120454
Frame,1456,6.587286,5.33629465,7.2833333,True,False,None,Playing,True,True,True,0,15,13.3644619,0,-10,8.7,False,False,False,-4,0.92,0.00287619745
Frame,1457,6.59058,5.33937454,7.2833333,True,False,None,Playing,True,True,True,0,15,13.3275061,0,-10,8.7,False,False,False,-4,0.92,0.00307990354
Frame,1458,6.594,5.343017,7.2833333,True,False,None,Playing,True,True,True,0,15,13.2837925,0,-10,8.7,False,False,False,-4,0.92,0.00364279328
Frame,1459,6.59734726,5.3462677,7.2833333,True,False,None,Playing,True,True,True,0,15,13.2447882,0,-10,8.7,False,False,False,-4,0.92,0.00325080077
Frame,1460,6.600281,5.34942,7.2833333,True,False,None,Playing,True,True,True,0,15,13.2069578,0,-10,8.7,False,False,False,-4,0.92,0.003152303
Frame,1461,6.603281,5.35237932,7.2833333,True,False,None,Playing,True,True,True,0,15,13.1714468,0,-10,8.7,False,False,False,-4,0.92,0.00295939622
Frame,1462,6.60786438,5.35683,7.2833333,True,False,None,Playing,True,True,True,0,15,13.1180382,0,-10,8.7,False,False,False,-4,0.92,0.004451006
Frame,1463,6.61148643,5.360194,7.2833333,True,False,None,Playing,True,True,True,0,15,13.0776672,0,-10,8.7,False,False,False,-4,0.92,0.0033642007
Frame,1464,6.6149025,5.36395264,7.2833333,True,False,None,Playing,True,True,True,0,15,13.0325689,0,-10,8.7,False,False,False,-4,0.92,0.00375859556
Frame,1465,6.617943,5.367082,7.2833333,True,False,None,Playing,True,True,True,0,15,12.9950142,0,-10,8.7,False,False,False,-4,0.92,0.00312949973
Frame,1466,6.620941,5.370047,7.2833333,True,False,None,Playing,True,True,True,0,15,12.9594355,0,-10,8.7,False,False,False,-4,0.92,0.002964803
Frame,1467,6.623764,5.372801,7.2833333,True,False,None,Playing,True,True,True,0,15,12.92639,0,-10,8.7,False,False,False,-4,0.92,0.00275350059
Frame,1468,6.62651634,5.375559,7.2833333,True,False,None,Playing,True,True,True,0,15,12.8932915,0,-10,8.7,False,False,False,-4,0.92,0.00275800028
Frame,1469,6.629486,5.37834358,7.2833333,True,False,None,Playing,True,True,True,0,15,12.8598776,0,-10,8.7,False,False,False,-4,0.92,0.00278459466
Frame,1470,6.63236237,5.38141632,7.2833333,True,False,None,Playing,True,True,True,0,15,12.8230019,0,-10,8.7,False,False,False,-4,0.92,0.00307290256
Frame,1471,6.63503456,5.3841114,7.2833333,True,False,None,Playing,True,True,True,0,15,12.7906618,0,-10,8.7,False,False,False,-4,0.92,0.002694898
Frame,1472,6.637743,5.386918,7.2833333,True,False,None,Playing,True,True,True,0,15,12.7569809,0,-10,8.7,False,False,False,-4,0.92,0.00280660437
Frame,1473,6.640442,5.38961744,7.2833333,True,False,None,Playing,True,True,True,0,15,12.7245893,0,-10,8.7,False,False,False,-4,0.92,0.00269919937
Frame,1474,6.643135,5.39224052,7.2833333,True,False,None,Playing,True,True,True,0,15,12.6931124,0,-10,8.7,False,False,False,-4,0.92,0.00262289541
Frame,1475,6.645979,5.39497948,7.2833333,True,False,None,Playing,True,True,True,0,15,12.6602459,0,-10,8.7,False,False,False,-4,0.92,0.00273900223
Frame,1476,6.648712,5.397891,7.2833333,True,False,None,Playing,True,True,True,0,15,12.6253071,0,-10,8.7,False,False,False,-4,0.92,0.00291169924
Frame,1477,6.6518364,5.400884,7.2833333,True,False,None,Playing,True,True,True,0,15,12.5893888,0,-10,8.7,False,False,False,-4,0.92,0.00299330358
Frame,1478,6.65480042,5.40392971,7.2833333,True,False,None,Playing,True,True,True,0,15,12.552844,0,-10,8.7,False,False,False,-4,0.92,0.00304559944
Frame,1479,6.657732,5.40681744,7.2833333,True,False,None,Playing,True,True,True,0,15,12.5181885,0,-10,8.7,False,False,False,-4,0.92,0.00288769836
Frame,1480,6.66060448,5.40970564,7.2833333,True,False,None,Playing,True,True,True,0,15,12.4835329,0,-10,8.7,False,False,False,-4,0.92,0.0028882015
Frame,1481,6.66412163,5.41294336,7.2833333,True,False,None,Playing,True,True,True,0,15,12.44468,0,-10,8.7,False,False,False,-4,0.92,0.0032375
Frame,1482,6.66713333,5.416236,7.2833333,True,False,None,Playing,True,True,True,0,15,12.4051685,0,-10,8.7,False,False,False,-4,0.92,0.003292602
Frame,1483,6.670168,5.41923571,7.2833333,True,False,None,Playing,True,True,True,0,15,12.3691711,0,-10,8.7,False,False,False,-4,0.92,0.002999596
Frame,1484,6.67352867,5.422367,7.2833333,True,False,None,Playing,True,True,True,0,15,12.3315954,0,-10,8.7,False,False,False,-4,0.92,0.0031315973
Frame,1485,6.676914,5.42600346,7.2833333,True,False,None,Playing,True,True,True,0,15,12.2879591,0,-10,8.7,False,False,False,-4,0.92,0.0036365008
Sequence_029,1485,6.72892952,5.42600346,7.2833333,True,False,None,Playing,True,True,True,0,15,12.2879591,0,-10,8.7,False,False,False,-4,0.92,0.0036365008
Frame,1486,6.735056,5.483735,7.2833333,True,False,None,Playing,True,True,True,0,15,11.5951767,0,-10,8.7,False,False,False,-4,0.92,0.0577318035
Frame,1487,6.73996735,5.488993,7.2833333,True,False,None,Playing,True,True,True,0,15,11.5320826,0,-10,8.7,False,False,False,-4,0.92,0.00525800046
Frame,1488,6.743368,5.492102,7.2833333,True,False,None,Playing,True,True,True,0,15,11.494772,0,-10,8.7,False,False,False,-4,0.92,0.003108801
Frame,1489,6.74665451,5.49568033,7.2833333,True,False,None,Playing,True,True,True,0,15,11.4518337,0,-10,8.7,False,False,False,-4,0.92,0.00357819581
Frame,1490,6.750288,5.499285,7.2833333,True,False,None,Playing,True,True,True,0,15,11.408576,0,-10,8.7,False,False,False,-4,0.92,0.003605102
Frame,1491,6.753666,5.502696,7.2833333,True,False,None,Playing,True,True,True,0,15,11.3676462,0,-10,8.7,False,False,False,-4,0.92,0.00341089861
Frame,1492,6.75662041,5.505684,7.2833333,True,False,None,Playing,True,True,True,0,15,11.3317928,0,-10,8.7,False,False,False,-4,0.92,0.00298800319
Frame,1493,6.759781,5.508714,7.2833333,True,False,None,Playing,True,True,True,0,15,11.2954273,0,-10,8.7,False,False,False,-4,0.92,0.00303039956
Frame,1494,6.764021,5.51282167,7.2833333,True,False,None,Playing,True,True,True,0,15,11.24614,0,-10,8.7,False,False,False,-4,0.92,0.00410770252
Frame,1495,6.767292,5.516274,7.2833333,True,False,None,Playing,True,True,True,0,15,11.204711,0,-10,8.7,False,False,False,-4,0.92,0.003452296
Frame,1496,6.7702446,5.51928663,7.2833333,True,False,None,Playing,True,True,True,0,15,11.1685619,0,-10,8.7,False,False,False,-4,0.92,0.00301259919
Frame,1497,6.7731,5.52214575,7.2833333,True,False,None,Playing,True,True,True,0,15,11.13425,0,-10,8.7,False,False,False,-4,0.92,0.0028590986
Frame,1498,6.775978,5.52501869,7.2833333,True,False,None,Playing,True,True,True,0,15,11.0997734,0,-10,8.7,False,False,False,-4,0.92,0.00287300162
Frame,1499,6.77889824,5.52792931,7.2833333,True,False,None,Playing,True,True,True,0,15,11.064846,0,-10,8.7,False,False,False,-4,0.92,0.002910601
Frame,1500,6.78253555,5.53129053,7.2833333,True,False,None,Playing,True,True,True,0,15,11.0245113,0,-10,8.7,False,False,False,-4,0.92,0.00336130243
Frame,1501,6.786337,5.535345,7.2833333,True,False,None,Playing,True,True,True,0,15,10.9758587,0,-10,8.7,False,False,False,-4,0.92,0.0040544006
Frame,1502,6.789339,5.538391,7.2833333,True,False,None,Playing,True,True,True,0,15,10.9393063,0,-10,8.7,False,False,False,-4,0.92,0.0030460956
Frame,1503,6.79241753,5.541413,7.2833333,True,False,None,Playing,True,True,True,0,15,10.9030447,0,-10,8.7,False,False,False,-4,0.92,0.00302159856
Frame,1504,6.795433,5.544418,7.2833333,True,False,None,Playing,True,True,True,0,15,10.8669834,0,-10,8.7,False,False,False,-4,0.92,0.00300520123
Frame,1505,6.79873276,5.547765,7.2833333,True,False,None,Playing,True,True,True,0,15,10.82682,0,-10,8.7,False,False,False,-4,0.92,0.00334710185
Frame,1506,6.801588,5.550699,7.2833333,True,False,None,Playing,True,True,True,0,15,10.79161,0,-10,8.7,False,False,False,-4,0.92,0.002934297
Frame,1507,6.805168,5.553804,7.2833333,True,False,None,Playing,True,True,True,0,15,10.7543507,0,-10,8.7,False,False,False,-4,0.92,0.003104606
Frame,1508,6.80814,5.55724144,7.2833333,True,False,None,Playing,True,True,True,0,15,10.7131014,0,-10,8.7,False,False,False,-4,0.92,0.0034375
Frame,1509,6.81115341,5.56010628,7.2833333,True,False,None,Playing,True,True,True,0,15,10.6787252,0,-10,8.7,False,False,False,-4,0.92,0.002864796
Frame,1510,6.81501,5.564071,7.2833333,True,False,None,Playing,True,True,True,0,15,10.6311464,0,-10,8.7,False,False,False,-4,0.92,0.00396500155
Frame,1511,6.82484055,5.57376242,7.2833333,True,False,None,Playing,True,True,True,0,15,10.5148516,0,-10,8.7,False,False,False,-4,0.92,0.009691298
Frame,1512,6.83136749,5.580286,7.2833333,True,False,None,Playing,True,True,True,0,15,10.4365673,0,-10,8.7,False,False,False,-4,0.92,0.00652339868
Frame,1513,6.838125,5.586988,7.2833333,True,False,None,Playing,True,True,True,0,15,10.356142,0,-10,8.7,False,False,False,-4,0.92,0.0067020054
Frame,1514,6.84166336,5.59065151,7.2833333,True,False,None,Playing,True,True,True,0,15,10.3121815,0,-10,8.7,False,False,False,-4,0.92,0.00366349914
Frame,1515,6.844845,5.59360361,7.2833333,True,False,None,Playing,True,True,True,0,15,10.2767544,0,-10,8.7,False,False,False,-4,0.92,0.00295209745
Frame,1516,6.8484,5.597328,7.2833333,True,False,None,Playing,True,True,True,0,15,10.2320595,0,-10,8.7,False,False,False,-4,0.92,0.0037247024
Frame,1517,6.854557,5.6035285,7.2833333,True,False,None,Playing,True,True,True,0,15,10.1576557,0,-10,8.7,False,False,False,-4,0.92,0.00620019855
Frame,1518,6.85796928,5.606932,7.2833333,True,False,None,Playing,True,True,True,0,15,10.1168146,0,-10,8.7,False,False,False,-4,0.92,0.00340379821
Frame,1519,6.861084,5.61012363,7.2833333,True,False,None,Playing,True,True,True,0,15,10.078517,0,-10,8.7,False,False,False,-4,0.92,0.00319160288
Frame,1520,6.864584,5.613512,7.2833333,True,False,None,Playing,True,True,True,0,15,10.0378551,0,-10,8.7,False,False,False,-4,0.92,0.00338849914
Frame,1521,6.86791039,5.61696053,7.2833333,True,False,None,Playing,True,True,True,0,15,9.996474,0,-10,8.7,False,False,False,-4,0.92,0.00344829937
Frame,1522,6.871578,5.62017632,7.2833333,True,False,None,Playing,True,True,True,0,15,9.957885,0,-10,8.7,False,False,False,-4,0.92,0.003215703
Frame,1523,6.874853,5.62392,7.2833333,True,False,None,Playing,True,True,True,0,15,9.912958,0,-10,8.7,False,False,False,-4,0.92,0.00374370045
Frame,1524,6.877714,5.626737,7.2833333,True,False,None,Playing,True,True,True,0,15,9.879152,0,-10,8.7,False,False,False,-4,0.92,0.002817099
Frame,1525,6.88064766,5.62965965,7.2833333,True,False,None,Playing,True,True,True,0,15,9.844082,0,-10,8.7,False,False,False,-4,0.92,0.00292249862
Frame,1526,6.88359833,5.632657,7.2833333,True,False,None,Playing,True,True,True,0,15,9.808116,0,-10,8.7,False,False,False,-4,0.92,0.00299730012
Frame,1527,6.88660049,5.635742,7.2833333,True,False,None,Playing,True,True,True,0,15,9.771092,0,-10,8.7,False,False,False,-4,0.92,0.00308499858
Frame,1528,6.88962555,5.638734,7.2833333,True,False,None,Playing,True,True,True,0,15,9.735194,0,-10,8.7,False,False,False,-4,0.92,0.002991603
Frame,1529,6.89254,5.64167261,7.2833333,True,False,None,Playing,True,True,True,0,15,9.699928,0,-10,8.7,False,False,False,-4,0.92,0.002938896
Frame,1530,6.8957634,5.644564,7.2833333,True,False,None,Playing,True,True,True,0,15,9.665228,0,-10,8.7,False,False,False,-4,0.92,0.00289130537
Frame,1531,6.898897,5.64801741,7.2833333,True,False,None,Playing,True,True,True,0,15,9.623792,0,-10,8.7,False,False,False,-4,0.92,0.00345339417
Sequence_030,1531,6.927452,5.64801741,7.2833333,True,False,None,Playing,True,True,True,0,15,9.623792,0,-10,8.7,False,False,False,-4,0.92,0.00345339417
Frame,1532,6.93366432,5.68226576,7.2833333,True,False,None,Playing,True,True,True,0,15,9.212811,0,-10,8.7,False,False,False,-4,0.92,0.0342485048
Frame,1533,6.938698,5.687497,7.2833333,True,False,None,Playing,True,True,True,0,15,9.150033,0,-10,8.7,False,False,False,-4,0.92,0.005231498
Frame,1534,6.94218445,5.69121742,7.2833333,True,False,None,Playing,True,True,True,0,15,9.10539,0,-10,8.7,False,False,False,-4,0.92,0.00372020272
Frame,1535,6.945425,5.694234,7.2833333,True,False,None,Playing,True,True,True,0,15,9.069193,0,-10,8.7,False,False,False,-4,0.92,0.00301659573
Frame,1536,6.948509,5.697516,7.2833333,True,False,None,Playing,True,True,True,0,15,9.029809,0,-10,8.7,False,False,False,-4,0.92,0.00328210043
Frame,1537,6.951458,5.700465,7.2833333,True,False,None,Playing,True,True,True,0,15,8.994418,0,-10,8.7,False,False,False,-4,0.92,0.00294939778
Frame,1538,6.954651,5.703823,7.2833333,True,False,None,Playing,True,True,True,0,15,8.9541235,0,-10,8.7,False,False,False,-4,0.92,0.003357901
Frame,1539,6.95772552,5.70678,7.2833333,True,False,None,Playing,True,True,True,0,15,8.918641,0,-10,8.7,False,False,False,-4,0.92,0.002956902
Frame,1540,6.96147728,5.710461,7.2833333,True,False,None,Playing,True,True,True,0,15,8.874465,0,-10,8.7,False,False,False,-4,0.92,0.00368120032
Frame,1541,6.965687,5.714504,7.2833333,True,False,None,Playing,True,True,True,0,15,8.825956,0,-10,8.7,False,False,False,-4,0.92,0.00404270133
Frame,1542,6.96902657,5.717961,7.2833333,True,False,None,Playing,True,True,True,0,15,8.784468,0,-10,8.7,False,False,False,-4,0.92,0.00345700118
Frame,1543,6.97262573,5.721597,7.2833333,True,False,None,Playing,True,True,True,0,15,8.740834,0,-10,8.7,False,False,False,-4,0.92,0.00363629544
Frame,1544,6.97563934,5.72464,7.2833333,True,False,None,Playing,True,True,True,0,15,8.704322,0,-10,8.7,False,False,False,-4,0.92,0.00304250279
Frame,1545,6.981617,5.73048735,7.2833333,True,False,None,Playing,True,True,True,0,15,8.634151,0,-10,8.7,False,False,False,-4,0.92,0.0058473004
Frame,1546,6.98485565,5.733869,7.2833333,True,False,None,Playing,True,True,True,0,15,8.59357,0,-10,8.7,False,False,False,-4,0.92,0.003381902
Frame,1547,6.98802,5.73713,7.2833333,True,False,None,Playing,True,True,True,0,15,8.554437,0,-10,8.7,False,False,False,-4,0.92,0.00326119619
Frame,1548,6.99136353,5.74035358,7.2833333,True,False,None,Playing,True,True,True,0,15,8.515756,0,-10,8.7,False,False,False,-4,0.92,0.0032232
Frame,1549,6.994272,5.74336147,7.2833333,True,False,None,Playing,True,True,True,0,15,8.479663,0,-10,8.7,False,False,False,-4,0.92,0.00300770276
Frame,1550,7.00032043,5.74677467,7.2833333,True,False,None,Playing,True,True,True,0,15,8.438705,0,-10,8.7,False,False,False,-4,0.92,0.00341330073
Frame,1551,7.00340462,5.75237942,7.2833333,True,False,None,Playing,True,True,True,0,15,8.371447,0,-10,8.7,False,False,False,-4,0.92,0.005604599
Frame,1552,7.00635147,5.75544453,7.2833333,True,False,None,Playing,True,True,True,0,15,8.334666,0,-10,8.7,False,False,False,-4,0.92,0.00306519982
Frame,1553,7.009081,5.758254,7.2833333,True,False,None,Playing,True,True,True,0,15,8.300949,0,-10,8.7,False,False,False,-4,0.92,0.002809701
Frame,1554,7.01203346,5.761033,7.2833333,True,False,None,Playing,True,True,True,0,15,8.267603,0,-10,8.7,False,False,False,-4,0.92,0.00277889729
Frame,1555,7.01510429,5.76411533,7.2833333,True,False,None,Playing,True,True,True,0,15,8.230616,0,-10,8.7,False,False,False,-4,0.92,0.00308229867
Frame,1556,7.018173,5.76706553,7.2833333,True,False,None,Playing,True,True,True,0,15,8.195212,0,-10,8.7,False,False,False,-4,0.92,0.00295040384
Frame,1557,7.021902,5.77065039,7.2833333,True,False,None,Playing,True,True,True,0,15,8.152195,0,-10,8.7,False,False,False,-4,0.92,0.00358489947
Frame,1558,7.02522469,5.774269,7.2833333,True,False,None,Playing,True,True,True,0,15,8.108769,0,-10,8.7,False,False,False,-4,0.92,0.00361860124
Frame,1559,7.028515,5.777518,7.2833333,True,False,None,Playing,True,True,True,0,15,8.069784,0,-10,8.7,False,False,False,-4,0.92,0.0032487954
Frame,1560,7.0320034,5.78111029,7.2833333,True,False,None,Playing,True,True,True,0,15,8.026674,0,-10,8.7,False,False,False,-4,0.92,0.003592602
Frame,1561,7.03533363,5.784461,7.2833333,True,False,None,Playing,True,True,True,0,15,7.986468,0,-10,8.7,False,False,False,-4,0.92,0.00335070142
Frame,1562,7.0384655,5.787589,7.2833333,True,False,None,Playing,True,True,True,0,15,7.948929,0,-10,8.7,False,False,False,-4,0.92,0.00312809669
Frame,1563,7.043522,5.792324,7.2833333,True,False,None,Playing,True,True,True,0,15,7.89210939,0,-10,8.7,False,False,False,-4,0.92,0.00473489938
Frame,1564,7.047001,5.796025,7.2833333,True,False,None,Playing,True,True,True,0,15,7.84770155,0,-10,8.7,False,False,False,-4,0.92,0.00370080071
Frame,1565,7.05034828,5.799243,7.2833333,True,False,None,Playing,True,True,True,0,15,7.809084,0,-10,8.7,False,False,False,-4,0.92,0.003217999
Frame,1566,7.053425,5.802417,7.2833333,True,False,None,Playing,True,True,True,0,15,7.770998,0,-10,8.7,False,False,False,-4,0.92,0.0031739017
Frame,1567,7.056259,5.80534649,7.2833333,True,False,None,Playing,True,True,True,0,15,7.735843,0,-10,8.7,False,False,False,-4,0.92,0.00292949961
Frame,1568,7.05944443,5.808516,7.2833333,True,False,None,Playing,True,True,True,0,15,7.697805,0,-10,8.7,False,False,False,-4,0.92,0.00316930283
Frame,1569,7.06339455,5.812018,7.2833333,True,False,None,Playing,True,True,True,0,15,7.655785,0,-10,8.7,False,False,False,-4,0.92,0.003501899
Frame,1570,7.06703949,5.81591225,7.2833333,True,False,None,Playing,True,True,True,0,15,7.609053,0,-10,8.7,False,False,False,-4,0.92,0.00389430276
Frame,1571,7.07012,5.81921673,7.2833333,True,False,None,Playing,True,True,True,0,15,7.56939745,0,-10,8.7,False,False,False,-4,0.92,0.00330449967
Frame,1572,7.07329559,5.82237053,7.2833333,True,False,None,Playing,True,True,True,0,15,7.53155136,0,-10,8.7,False,False,False,-4,0.92,0.003153699
Frame,1573,7.076723,5.825713,7.2833333,True,False,None,Playing,True,True,True,0,15,7.4914403,0,-10,8.7,False,False,False,-4,0.92,0.003342595
Frame,1574,7.08073235,5.829462,7.2833333,True,False,None,Playing,True,True,True,0,15,7.44645357,0,-10,8.7,False,False,False,-4,0.92,0.00374870328
Frame,1575,7.08383369,5.832908,7.2833333,True,False,None,Playing,True,True,True,0,15,7.405101,0,-10,8.7,False,False,False,-4,0.92,0.00344610261
Frame,1576,7.08711624,5.836213,7.2833333,True,False,None,Playing,True,True,True,0,15,7.365441,0,-10,8.7,False,False,False,-4,0.92,0.00330499583
Frame,1577,7.091009,5.839696,7.2833333,True,False,None,Playing,True,True,True,0,15,7.323649,0,-10,8.7,False,False,False,-4,0.92,0.003482901
Frame,1578,7.09396744,5.84306955,7.2833333,True,False,None,Playing,True,True,True,0,15,7.28316259,0,-10,8.7,False,False,False,-4,0.92,0.00337339845
Frame,1579,7.098007,5.84672451,7.2833333,True,False,None,Playing,True,True,True,0,15,7.239306,0,-10,8.7,False,False,False,-4,0.92,0.003655102
Frame,1580,7.101879,5.85068655,7.2833333,True,False,None,Playing,True,True,True,0,15,7.191759,0,-10,8.7,False,False,False,-4,0.92,0.00396210328
Sequence_031,1580,7.130213,5.85068655,7.2833333,True,False,None,Playing,True,True,True,0,15,7.191759,0,-10,8.7,False,False,False,-4,0.92,0.00396210328
Frame,1581,7.136442,5.88499,7.2833333,True,False,None,Playing,True,True,True,0,15,6.780116,0,-10,8.7,False,False,False,-4,0.92,0.0343037
Frame,1582,7.141117,5.889825,7.2833333,True,False,None,Playing,True,True,True,0,15,6.722102,0,-10,8.7,False,False,False,-4,0.92,0.004834701
Frame,1583,7.14439,5.893344,7.2833333,True,False,None,Playing,True,True,True,0,15,6.679871,0,-10,8.7,False,False,False,-4,0.92,0.003518998
Frame,1584,7.14843,5.897239,7.2833333,True,False,None,Playing,True,True,True,0,15,6.63312674,0,-10,8.7,False,False,False,-4,0.92,0.00389530184
Frame,1585,7.15166855,5.9007597,7.2833333,True,False,None,Playing,True,True,True,0,15,6.59088373,0,-10,8.7,False,False,False,-4,0.92,0.003520394
Frame,1586,7.1550827,5.90398359,7.2833333,True,False,None,Playing,True,True,True,0,15,6.5521946,0,-10,8.7,False,False,False,-4,0.92,0.0032240008
Frame,1587,7.1586,5.90765,7.2833333,True,False,None,Playing,True,True,True,0,15,6.508198,0,-10,8.7,False,False,False,-4,0.92,0.0036664044
Frame,1588,7.162668,5.911512,7.2833333,True,False,None,Playing,True,True,True,0,15,6.46185732,0,-10,8.7,False,False,False,-4,0.92,0.003862096
Frame,1589,7.1679287,5.91628838,7.2833333,True,False,None,Playing,True,True,True,0,15,6.404538,0,-10,8.7,False,False,False,-4,0.92,0.004776403
Frame,1590,7.17219734,5.92125273,7.2833333,True,False,None,Playing,True,True,True,0,15,6.344967,0,-10,8.7,False,False,False,-4,0.92,0.00496449834
Frame,1591,7.17581367,5.92465,7.2833333,True,False,None,Playing,True,True,True,0,15,6.30419731,0,-10,8.7,False,False,False,-4,0.92,0.003397697
Frame,1592,7.17937851,5.92815,7.2833333,True,False,None,Playing,True,True,True,0,15,6.26219749,0,-10,8.7,False,False,False,-4,0.92,0.00350010628
Frame,1593,7.18252563,5.93160439,7.2833333,True,False,None,Playing,True,True,True,0,15,6.220745,0,-10,8.7,False,False,False,-4,0.92,0.0034539965
Frame,1594,7.18550873,5.93458,7.2833333,True,False,None,Playing,True,True,True,0,15,6.185043,0,-10,8.7,False,False,False,-4,0.92,0.00297529763
Frame,1595,7.188936,5.93784571,7.2833333,True,False,None,Playing,True,True,True,0,15,6.14585066,0,-10,8.7,False,False,False,-4,0.92,0.00326570286
Frame,1596,7.19210052,5.940947,7.2833333,True,False,None,Playing,True,True,True,0,15,6.108635,0,-10,8.7,False,False,False,-4,0.92,0.00310150231
Frame,1597,7.195942,5.94443226,7.2833333,True,False,None,Playing,True,True,True,0,15,6.066811,0,-10,8.7,False,False,False,-4,0.92,0.00348539534
Frame,1598,7.20004463,5.94869757,7.2833333,True,False,None,Playing,True,True,True,0,15,6.01563025,0,-10,8.7,False,False,False,-4,0.92,0.0042651007
Frame,1599,7.20325851,5.952192,7.2833333,True,False,None,Playing,True,True,True,0,15,5.97369862,0,-10,8.7,False,False,False,-4,0.92,0.00349410437
Frame,1600,7.20669365,5.95570326,7.2833333,True,False,None,Playing,True,True,True,0,15,5.93155861,0,-10,8.7,False,False,False,-4,0.92,0.00351129542
Frame,1601,7.209854,5.958792,7.2833333,True,False,None,Playing,True,True,True,0,15,5.894491,0,-10,8.7,False,False,False,-4,0.92,0.00308890315
Frame,1602,7.216879,5.96208143,7.2833333,True,False,None,Playing,True,True,True,0,15,5.85502338,0,-10,8.7,False,False,False,-4,0.92,0.00328900223
Frame,1603,7.2230587,5.97193766,7.2833333,True,False,None,Playing,True,True,True,0,15,5.73674726,0,-10,8.7,False,False,False,-4,0.92,0.009856094
Frame,1604,7.22982025,5.97839975,7.2833333,True,False,None,Playing,True,True,True,0,15,5.65920162,0,-10,8.7,False,False,False,-4,0.92,0.006461905
Frame,1605,7.23792839,5.986328,7.2833333,True,False,None,Playing,True,True,True,0,15,5.56406,0,-10,8.7,False,False,False,-4,0.92,0.0079286
Frame,1606,7.24208641,5.991135,7.2833333,True,False,None,Playing,True,True,True,0,15,5.5063777,0,-10,8.7,False,False,False,-4,0.92,0.004807001
Frame,1607,7.24634743,5.99500751,7.2833333,True,False,None,Playing,True,True,True,0,15,5.45990944,0,-10,8.7,False,False,False,-4,0.92,0.00387230027
Frame,1608,7.249626,5.998598,7.2833333,True,False,None,Playing,True,True,True,0,15,5.41682339,0,-10,8.7,False,False,False,-4,0.92,0.00359039824
Frame,1609,7.25280762,6.00189257,7.2833333,True,False,None,Playing,True,True,True,0,15,5.37728739,0,-10,8.7,False,False,False,-4,0.92,0.00329460041
Frame,1610,7.256138,6.00523949,7.2833333,True,False,None,Playing,True,True,True,0,15,5.337125,0,-10,8.7,False,False,False,-4,0.92,0.003346698
Frame,1611,7.259365,6.008296,7.2833333,True,False,None,Playing,True,True,True,0,15,5.30044842,0,-10,8.7,False,False,False,-4,0.92,0.00305639883
Frame,1612,7.26524925,6.01399469,7.2833333,True,False,None,Playing,True,True,True,0,15,5.23206329,0,-10,8.7,False,False,False,-4,0.92,0.005698505
Frame,1613,7.26881027,6.01770353,7.2833333,True,False,None,Playing,True,True,True,0,15,5.187556,0,-10,8.7,False,False,False,-4,0.92,0.003708794
Frame,1614,7.27191544,6.02100229,7.2833333,True,False,None,Playing,True,True,True,0,15,5.147972,0,-10,8.7,False,False,False,-4,0.92,0.00329880253
Frame,1615,7.27506256,6.024142,7.2833333,True,False,None,Playing,True,True,True,0,15,5.110297,0,-10,8.7,False,False,False,-4,0.92,0.00313929981
Frame,1616,7.27924728,6.027646,7.2833333,True,False,None,Playing,True,True,True,0,15,5.06824541,0,-10,8.7,False,False,False,-4,0.92,0.00350440061
Frame,1617,7.282957,6.03195238,7.2833333,True,False,None,Playing,True,True,True,0,15,5.01656961,0,-10,8.7,False,False,False,-4,0.92,0.00430620043
Frame,1618,7.28603363,6.03488255,7.2833333,True,False,None,Playing,True,True,True,0,15,4.9814105,0,-10,8.7,False,False,False,-4,0.92,0.00293020136
Frame,1619,7.289137,6.03805971,7.2833333,True,False,None,Playing,True,True,True,0,15,4.94328451,0,-10,8.7,False,False,False,-4,0.92,0.00317719672
Frame,1620,7.29312325,6.041714,7.2833333,True,False,None,Playing,True,True,True,0,15,4.899428,0,-10,8.7,False,False,False,-4,0.92,0.00365440059
Frame,1621,7.296932,6.04577732,7.2833333,True,False,None,Playing,True,True,True,0,15,4.85067129,0,-10,8.7,False,False,False,-4,0.92,0.0040632016
Frame,1622,7.300043,6.048965,7.2833333,True,False,None,Playing,True,True,True,0,15,4.81242132,0,-10,8.7,False,False,False,-4,0.92,0.00318759913
Frame,1623,7.303589,6.052545,7.2833333,True,False,None,Playing,True,True,True,0,15,4.76945925,0,-10,8.7,False,False,False,-4,0.92,0.00357990363
Sequence_032,1623,7.33237648,6.052545,7.2833333,True,False,None,Playing,True,True,True,0,15,4.76945925,0,-10,8.7,False,False,False,-4,0.92,0.00357990363
Frame,1624,7.338148,6.08690929,7.2833333,True,False,None,Playing,True,True,True,0,15,4.357089,0,-10,8.7,False,False,False,-4,0.92,0.0343640931
Frame,1625,7.34277725,6.091771,7.2833333,True,False,None,Playing,True,True,True,0,15,4.29874372,0,-10,8.7,False,False,False,-4,0.92,0.004861905
Frame,1626,7.345886,6.09485531,7.2833333,True,False,None,Playing,True,True,True,0,15,4.261736,0,-10,8.7,False,False,False,-4,0.92,0.00308439624
Frame,1627,7.34891129,6.09789848,7.2833333,True,False,None,Playing,True,True,True,0,15,4.22521925,0,-10,8.7,False,False,False,-4,0.92,0.00304320431
Frame,1628,7.352045,6.101159,7.2833333,True,False,None,Playing,True,True,True,0,15,4.186091,0,-10,8.7,False,False,False,-4,0.92,0.00326049468
Frame,1629,7.355215,6.10423136,7.2833333,True,False,None,Playing,True,True,True,0,15,4.149223,0,-10,8.7,False,False,False,-4,0.92,0.00307239941
Frame,1630,7.35889244,6.10761166,7.2833333,True,False,None,Playing,True,True,True,0,15,4.1086607,0,-10,8.7,False,False,False,-4,0.92,0.003380102
Frame,1631,7.363163,6.111855,7.2833333,True,False,None,Playing,True,True,True,0,15,4.05773926,0,-10,8.7,False,False,False,-4,0.92,0.004243502
Frame,1632,7.36724663,6.1161623,7.2833333,True,False,None,Playing,True,True,True,0,15,4.00605154,0,-10,8.7,False,False,False,-4,0.92,0.004307299
Frame,1633,7.37064934,6.11976051,7.2833333,True,False,None,Playing,True,True,True,0,15,3.9628737,0,-10,8.7,False,False,False,-4,0.92,0.00359839853
Frame,1634,7.37400627,6.12298441,7.2833333,True,False,None,Playing,True,True,True,0,15,3.92418456,0,-10,8.7,False,False,False,-4,0.92,0.0032240008
Frame,1635,7.37768936,6.126736,7.2833333,True,False,None,Playing,True,True,True,0,15,3.87916565,0,-10,8.7,False,False,False,-4,0.92,0.00375160156
Frame,1636,7.38157463,6.13034058,7.2833333,True,False,None,Playing,True,True,True,0,15,3.835912,0,-10,8.7,False,False,False,-4,0.92,0.003604202
Frame,1637,7.38497353,6.133912,7.2833333,True,False,None,Playing,True,True,True,0,15,3.79305363,0,-10,8.7,False,False,False,-4,0.92,0.00357169774
Frame,1638,7.388443,6.13728046,7.2833333,True,False,None,Playing,True,True,True,0,15,3.75263524,0,-10,8.7,False,False,False,-4,0.92,0.00336829643
Frame,1639,7.3916893,6.140705,7.2833333,True,False,None,Playing,True,True,True,0,15,3.711538,0,-10,8.7,False,False,False,-4,0.92,0.00342480163
Frame,1640,7.394821,6.143911,7.2833333,True,False,None,Playing,True,True,True,0,15,3.67306852,0,-10,8.7,False,False,False,-4,0.92,0.003205598
Frame,1641,7.398184,6.147308,7.2833333,True,False,None,Playing,True,True,True,0,15,3.63230681,0,-10,8.7,False,False,False,-4,0.92,0.00339700258
Frame,1642,7.40418053,6.15319729,7.2833333,True,False,None,Playing,True,True,True,0,15,3.56163359,0,-10,8.7,False,False,False,-4,0.92,0.005889498
Frame,1643,7.40727425,6.156377,7.2833333,True,False,None,Playing,True,True,True,0,15,3.52347565,0,-10,8.7,False,False,False,-4,0.92,0.00317959883
Frame,1644,7.4102,6.15925,7.2833333,True,False,None,Playing,True,True,True,0,15,3.48900366,0,-10,8.7,False,False,False,-4,0.92,0.00287280325
Frame,1645,7.413063,6.16216469,7.2833333,True,False,None,Playing,True,True,True,0,15,3.45402431,0,-10,8.7,False,False,False,-4,0.92,0.00291500147
Frame,1646,7.4159565,6.165011,7.2833333,True,False,None,Playing,True,True,True,0,15,3.419868,0,-10,8.7,False,False,False,-4,0.92,0.00284609548
Frame,1647,7.419445,6.16832,7.2833333,True,False,None,Playing,True,True,True,0,15,3.38015652,0,-10,8.7,False,False,False,-4,0.92,0.00330940331
Frame,1648,7.42256737,6.171625,7.2833333,True,False,None,Playing,True,True,True,0,15,3.340497,0,-10,8.7,False,False,False,-4,0.92,0.00330489664
Frame,1649,7.425867,6.17466259,7.2833333,True,False,None,Playing,True,True,True,0,15,3.304048,0,-10,8.7,False,False,False,-4,0.92,0.00303760637
Frame,1650,7.42943764,6.178505,7.2833333,True,False,None,Playing,True,True,True,0,15,3.257939,0,-10,8.7,False,False,False,-4,0.92,0.00384239643
Frame,1651,7.432787,6.181874,7.2833333,True,False,None,Playing,True,True,True,0,15,3.21751261,0,-10,8.7,False,False,False,-4,0.92,0.00336889876
Frame,1652,7.43580627,6.184849,7.2833333,True,False,None,Playing,True,True,True,0,15,3.18181467,0,-10,8.7,False,False,False,-4,0.92,0.0029748017
Frame,1653,7.43890572,6.187937,7.2833333,True,False,None,Playing,True,True,True,0,15,3.144759,0,-10,8.7,False,False,False,-4,0.92,0.00308789685
Frame,1654,7.4419117,6.19101048,7.2833333,True,False,None,Playing,True,True,True,0,15,3.10787487,0,-10,8.7,False,False,False,-4,0.92,0.00307370326
Frame,1655,7.446745,6.195677,7.2833333,True,False,None,Playing,True,True,True,0,15,3.051878,0,-10,8.7,False,False,False,-4,0.92,0.004666199
Frame,1656,7.449795,6.19885826,7.2833333,True,False,None,Playing,True,True,True,0,15,3.0137,0,-10,8.7,False,False,False,-4,0.92,0.003181498
Frame,1657,7.45284271,6.20189953,7.2833333,True,False,None,Playing,True,True,True,0,15,2.97720313,0,-10,8.7,False,False,False,-4,0.92,0.00304140453
Frame,1658,7.456663,6.20543432,7.2833333,True,False,None,Playing,True,True,True,0,15,2.93478823,0,-10,8.7,False,False,False,-4,0.92,0.00353489933
Frame,1659,7.460367,6.20942354,7.2833333,True,False,None,Playing,True,True,True,0,15,2.88691783,0,-10,8.7,False,False,False,-4,0.92,0.00398910139
Frame,1660,7.464157,6.21298742,7.2833333,True,False,None,Playing,True,True,True,0,15,2.8441515,0,-10,8.7,False,False,False,-4,0.92,0.00356409443
Frame,1661,7.467474,6.21643257,7.2833333,True,False,None,Playing,True,True,True,0,15,2.80281067,0,-10,8.7,False,False,False,-4,0.92,0.00344500435
Frame,1662,7.4706,6.21964,7.2833333,True,False,None,Playing,True,True,True,0,15,2.764321,0,-10,8.7,False,False,False,-4,0.92,0.00320710032
Frame,1663,7.473772,6.22280455,7.2833333,True,False,None,Playing,True,True,True,0,15,2.72634673,0,-10,8.7,False,False,False,-4,0.92,0.00316500152
Frame,1664,7.47654343,6.225703,7.2833333,True,False,None,Playing,True,True,True,0,15,2.69156742,0,-10,8.7,False,False,False,-4,0.92,0.00289820018
Frame,1665,7.47969055,6.22870827,7.2833333,True,False,None,Playing,True,True,True,0,15,2.65550184,0,-10,8.7,False,False,False,-4,0.92,0.003005598
Frame,1666,7.48250771,6.23166656,7.2833333,True,False,None,Playing,True,True,True,0,15,2.61999965,0,-10,8.7,False,False,False,-4,0.92,0.00295819878
Frame,1667,7.485487,6.234417,7.2833333,True,False,None,Playing,True,True,True,0,15,2.58699727,0,-10,8.7,False,False,False,-4,0.92,0.00275060232
Frame,1668,7.488497,6.23748159,7.2833333,True,False,None,Playing,True,True,True,0,15,2.550221,0,-10,8.7,False,False,False,-4,0.92,0.00306439912
Frame,1669,7.49161148,6.24068451,7.2833333,True,False,None,Playing,True,True,True,0,15,2.51178336,0,-10,8.7,False,False,False,-4,0.92,0.003202799
Frame,1670,7.494898,6.24388838,7.2833333,True,False,None,Playing,True,True,True,0,15,2.473338,0,-10,8.7,False,False,False,-4,0.92,0.003203699
Frame,1671,7.49835968,6.2473073,7.2833333,True,False,None,Playing,True,True,True,0,15,2.43231249,0,-10,8.7,False,False,False,-4,0.92,0.00341910427
Frame,1672,7.50169,6.250809,7.2833333,True,False,None,Playing,True,True,True,0,15,2.39028883,0,-10,8.7,False,False,False,-4,0.92,0.003501899
Frame,1673,7.504591,6.25365639,7.2833333,True,False,None,Playing,True,True,True,0,15,2.3561244,0,-10,8.7,False,False,False,-4,0.92,0.00284699537
Sequence_033,1673,7.53251648,6.25365639,7.2833333,True,False,None,Playing,True,True,True,0,15,2.3561244,0,-10,8.7,False,False,False,-4,0.92,0.00284699537
Frame,1674,7.54167938,6.29041958,7.2833333,True,False,None,Playing,True,True,True,0,15,1.91496921,0,-10,8.7,False,False,False,-4,0.92,0.0367632024
Frame,1675,7.54976845,6.29825068,7.2833333,True,False,None,Playing,True,True,True,0,15,1.82102585,0,-10,8.7,False,False,False,-4,0.92,0.007831002
Frame,1676,7.55610275,6.30490875,7.2833333,True,False,None,Playing,True,True,True,0,15,1.74119544,0,-10,8.7,False,False,False,-4,0.92,0.006658199
Frame,1677,7.56082535,6.309561,7.2833333,True,False,None,Playing,True,True,True,0,15,1.68545008,0,-10,8.7,False,False,False,-4,0.92,0.00465209736
Frame,1678,7.564411,6.313332,7.2833333,True,False,None,Playing,True,True,True,0,15,1.64027953,0,-10,8.7,False,False,False,-4,0.92,0.00377120171
Frame,1679,7.56835938,6.31711864,7.2833333,True,False,None,Playing,True,True,True,0,15,1.59495711,0,-10,8.7,False,False,False,-4,0.92,0.00378650078
Frame,1680,7.57170868,6.320775,7.2833333,True,False,None,Playing,True,True,True,0,15,1.55121613,0,-10,8.7,False,False,False,-4,0.92,0.003656597
Frame,1681,7.57467651,6.323773,7.2833333,True,False,None,Playing,True,True,True,0,15,1.51537848,0,-10,8.7,False,False,False,-4,0.92,0.002997704
Frame,1682,7.578333,6.32734251,7.2833333,True,False,None,Playing,True,True,True,0,15,1.47273171,0,-10,8.7,False,False,False,-4,0.92,0.00356979878
Frame,1683,7.58152771,6.33051252,7.2833333,True,False,None,Playing,True,True,True,0,15,1.43488526,0,-10,8.7,False,False,False,-4,0.92,0.00316979876
Frame,1684,7.58461,6.333648,7.2833333,True,False,None,Playing,True,True,True,0,15,1.397478,0,-10,8.7,False,False,False,-4,0.92,0.00313589862
Frame,1685,7.587551,6.33671236,7.2833333,True,False,None,Playing,True,True,True,0,15,1.36094928,0,-10,8.7,False,False,False,-4,0.92,0.00306420075
Frame,1686,7.59038734,6.33954334,7.2833333,True,False,None,Playing,True,True,True,0,15,1.32722807,0,-10,8.7,False,False,False,-4,0.92,0.00283090281
Frame,1687,7.5933075,6.34246826,7.2833333,True,False,None,Playing,True,True,True,0,15,1.29241669,0,-10,8.7,False,False,False,-4,0.92,0.00292490073
Frame,1688,7.59693336,6.34582043,7.2833333,True,False,None,Playing,True,True,True,0,15,1.25255752,0,-10,8.7,False,False,False,-4,0.92,0.003352395
Frame,1689,7.600363,6.34922075,7.2833333,True,False,None,Playing,True,True,True,0,15,1.212167,0,-10,8.7,False,False,False,-4,0.92,0.003400404
Frame,1690,7.603634,6.35249329,7.2833333,True,False,None,Playing,True,True,True,0,15,1.17333817,0,-10,8.7,False,False,False,-4,0.92,0.00327249849
Frame,1691,7.60746,6.35614157,7.2833333,True,False,None,Playing,True,True,True,0,15,1.13010049,0,-10,8.7,False,False,False,-4,0.92,0.00364849763
Frame,1692,7.61115074,6.359997,7.2833333,True,False,None,Playing,True,True,True,0,15,1.08447051,0,-10,8.7,False,False,False,-4,0.92,0.00385520118
Frame,1693,7.61454964,6.36349154,7.2833333,True,False,None,Playing,True,True,True,0,15,1.04316974,0,-10,8.7,False,False,False,-4,0.92,0.00349489786
Frame,1694,7.61817932,6.367153,7.2833333,True,False,None,Playing,True,True,True,0,15,0.9999519,0,-10,8.7,False,False,False,-4,0.92,0.00366170635
Frame,1695,7.621929,6.3706975,7.2833333,True,False,None,Playing,True,True,True,0,15,0.958187759,0,-10,8.7,False,False,False,-4,0.92,0.0035440973
Frame,1696,7.625887,6.37461233,7.2833333,True,False,None,Playing,True,True,True,0,15,0.9121266,0,-10,8.7,False,False,False,-4,0.92,0.003914902
Frame,1697,7.62978554,6.37838125,7.2833333,True,False,None,Playing,True,True,True,0,15,0.8678625,0,-10,8.7,False,False,False,-4,0.92,0.00376879959
Frame,1698,7.633623,6.38224363,7.2833333,True,False,None,Playing,True,True,True,0,15,0.8225801,0,-10,8.7,False,False,False,-4,0.92,0.0038625
Frame,1699,7.637306,6.386312,7.2833333,True,False,None,Playing,True,True,True,0,15,0.774977446,0,-10,8.7,False,False,False,-4,0.92,0.004068495
Frame,1700,7.640236,6.389381,7.2833333,True,False,None,Playing,True,True,True,0,15,0.7391357,0,-10,8.7,False,False,False,-4,0.92,0.00306910439
Frame,1701,7.64333344,6.39223,7.2833333,True,False,None,Playing,True,True,True,0,15,0.705909669,0,-10,8.7,False,False,False,-4,0.92,0.00284929853
Frame,1702,7.647009,6.395989,7.2833333,True,False,None,Playing,True,True,True,0,15,0.662156761,0,-10,8.7,False,False,False,-4,0.92,0.00375899952
Frame,1703,7.650461,6.39944458,7.2833333,True,False,None,Playing,True,True,True,0,15,0.62201,0,-10,8.7,False,False,False,-4,0.92,0.00345570431
Frame,1704,7.65352058,6.40253639,7.2833333,True,False,None,Playing,True,True,True,0,15,0.586164236,0,-10,8.7,False,False,False,-4,0.92,0.0030919998
Frame,1705,7.659399,6.408382,7.2833333,True,False,None,Playing,True,True,True,0,15,0.5185661,0,-10,8.7,False,False,False,-4,0.92,0.005845394
Frame,1706,7.66272354,6.41146469,7.2833333,True,False,None,Playing,True,True,True,0,15,0.483015835,0,-10,8.7,False,False,False,-4,0.92,0.003082901
Frame,1707,7.6668663,6.41569757,7.2833333,True,False,None,Playing,True,True,True,0,15,0.43431896,0,-10,8.7,False,False,False,-4,0.92,0.004232901
Frame,1708,7.670351,6.41935539,7.2833333,True,False,None,Playing,True,True,True,0,15,0.392347157,0,-10,8.7,False,False,False,-4,0.92,0.003657901
Frame,1709,7.673628,6.42262936,7.2833333,True,False,None,Playing,True,True,True,0,15,0.354868054,0,-10,8.7,False,False,False,-4,0.92,0.00327410013
Frame,1710,7.677128,6.425999,7.2833333,True,False,None,Playing,True,True,True,0,15,0.3163826,0,-10,8.7,False,False,False,-4,0.92,0.00336999726
Frame,1711,7.68079758,6.42967653,7.2833333,True,False,None,Playing,True,True,True,0,15,0.274486661,0,-10,8.7,False,False,False,-4,0.92,0.00367720379
Frame,1712,7.68396,6.43293858,7.2833333,True,False,None,Playing,True,True,True,0,15,0.237422884,0,-10,8.7,False,False,False,-4,0.92,0.00326189771
Frame,1713,7.68701744,6.43613625,7.2833333,True,False,None,Playing,True,True,True,0,15,0.201173782,0,-10,8.7,False,False,False,-4,0.92,0.00319759781
Frame,1714,7.68975258,6.4389143,7.2833333,True,False,None,Playing,True,True,True,0,15,0.169752836,0,-10,8.7,False,False,False,-4,0.92,0.00277810381
Frame,1715,7.69245529,6.44160652,7.2833333,True,False,None,Playing,True,True,True,0,15,0.1393702,0,-10,8.7,False,False,False,-4,0.92,0.002692099
Frame,1716,7.695671,6.444496,7.2833333,True,False,None,Playing,True,True,True,0,15,0.106835067,0,-10,8.7,False,False,False,-4,0.92,0.00288959756
Frame,1717,7.6995697,6.448542,7.2833333,True,False,None,Playing,True,True,True,0,15,0.06140089,0,-10,8.7,False,False,False,-4,0.92,0.004045904
Frame,1718,7.70356,6.452403,7.2833333,True,False,None,Playing,True,True,True,0,15,0.0181911,0,-10,8.7,False,False,False,-4,0.92,0.00386089855
Frame,1719,7.70694351,6.455952,7.2833333,True,False,None,Playing,True,True,True,0,15,-0.02140057,0,-10,8.7,False,False,False,-4,0.92,0.00354910013
Sequence_034,1719,7.73525238,6.455952,7.2833333,True,False,None,Playing,True,True,True,0,15,-0.02140057,0,-10,8.7,False,False,False,-4,0.92,0.00354910013
Frame,1720,7.742197,6.490691,7.2833333,True,False,None,Playing,True,True,True,0,15,-0.402145922,0,-10,8.7,False,False,False,-4,0.92,0.0347392
Frame,1721,7.749235,6.49802732,7.2833333,True,False,None,Playing,True,True,True,0,15,-0.480858028,0,-10,8.7,False,False,False,-4,0.92,0.00733599765
Frame,1722,7.75338,6.50214863,7.2833333,True,False,None,Playing,True,True,True,0,15,-0.524798632,0,-10,8.7,False,False,False,-4,0.92,0.0041214996
Frame,1723,7.756731,6.505572,7.2833333,True,False,None,Playing,True,True,True,0,15,-0.5611396,0,-10,8.7,False,False,False,-4,0.92,0.00342320022
Frame,1724,7.759798,6.508715,7.2833333,True,False,None,Playing,True,True,True,0,15,-0.594385564,0,-10,8.7,False,False,False,-4,0.92,0.00314330356
Frame,1725,7.763792,6.51220846,7.2833333,True,False,None,Playing,True,True,True,0,15,-0.631193757,0,-10,8.7,False,False,False,-4,0.92,0.00349339563
Frame,1726,7.767294,6.516264,7.2833333,True,False,None,Playing,True,True,True,0,15,-0.673732638,0,-10,8.7,False,False,False,-4,0.92,0.00405539945
Frame,1727,7.77057076,6.51941824,7.2833333,True,False,None,Playing,True,True,True,0,15,-0.7066751,0,-10,8.7,False,False,False,-4,0.92,0.003154507
Frame,1728,7.774481,6.52360344,7.2833333,True,False,None,Playing,True,True,True,0,15,-0.7501924,0,-10,8.7,False,False,False,-4,0.92,0.00418539532
Frame,1729,7.77819443,6.52696562,7.2833333,True,False,None,Playing,True,True,True,0,15,-0.7849839,0,-10,8.7,False,False,False,-4,0.92,0.00336220232
Frame,1730,7.78202057,6.531087,7.2833333,True,False,None,Playing,True,True,True,0,15,-0.8274309,0,-10,8.7,False,False,False,-4,0.92,0.0041214996
Frame,1731,7.78552437,6.534321,7.2833333,True,False,None,Playing,True,True,True,0,15,-0.86058104,0,-10,8.7,False,False,False,-4,0.92,0.003233702
Frame,1732,7.78875351,6.537596,7.2833333,True,False,None,Playing,True,True,True,0,15,-0.8940147,0,-10,8.7,False,False,False,-4,0.92,0.0032751984
Frame,1733,7.79213333,6.54118538,7.2833333,True,False,None,Playing,True,True,True,0,15,-0.930487454,0,-10,8.7,False,False,False,-4,0.92,0.00358910137
Frame,1734,7.796257,6.54487276,7.2833333,True,False,None,Playing,True,True,True,0,15,-0.9677709,0,-10,8.7,False,False,False,-4,0.92,0.00368729443
Frame,1735,7.8005867,6.54928732,7.2833333,True,False,None,Playing,True,True,True,0,15,-1.01216269,0,-10,8.7,False,False,False,-4,0.92,0.0044147037
Frame,1736,7.80442238,6.55352354,7.2833333,True,False,None,Playing,True,True,True,0,15,-1.054502,0,-10,8.7,False,False,False,-4,0.92,0.004236097
Frame,1737,7.8078537,6.55697441,7.2833333,True,False,None,Playing,True,True,True,0,15,-1.08880615,0,-10,8.7,False,False,False,-4,0.92,0.00345080066
Frame,1738,7.811554,6.560285,7.2833333,True,False,None,Playing,True,True,True,0,15,-1.121557,0,-10,8.7,False,False,False,-4,0.92,0.00331079937
Frame,1739,7.8155117,6.56418657,7.2833333,True,False,None,Playing,True,True,True,0,15,-1.15995061,0,-10,8.7,False,False,False,-4,0.92,0.00390150235
Frame,1740,7.81890869,6.567797,7.2833333,True,False,None,Playing,True,True,True,0,15,-1.19528127,0,-10,8.7,False,False,False,-4,0.92,0.00361040258
Frame,1741,7.824463,6.57091045,7.2833333,True,False,None,Playing,True,True,True,0,15,-1.225596,0,-10,8.7,False,False,False,-4,0.92,0.00311309518
Frame,1742,7.8285923,6.57718134,7.2833333,True,False,None,Playing,True,True,True,0,15,-1.2862134,0,-10,8.7,False,False,False,-4,0.92,0.00627110247
Frame,1743,7.83260155,6.58121061,7.2833333,True,False,None,Playing,True,True,True,0,15,-1.32485068,0,-10,8.7,False,False,False,-4,0.92,0.0040295
Frame,1744,7.83579636,6.584862,7.2833333,True,False,None,Playing,True,True,True,0,15,-1.35965812,0,-10,8.7,False,False,False,-4,0.92,0.00365140312
Frame,1745,7.83858871,6.587668,7.2833333,True,False,None,Playing,True,True,True,0,15,-1.38625884,0,-10,8.7,False,False,False,-4,0.92,0.00280579645
Frame,1746,7.8414917,6.590475,7.2833333,True,False,None,Playing,True,True,True,0,15,-1.41275585,0,-10,8.7,False,False,False,-4,0.92,0.00280729868
Frame,1747,7.84495735,6.59395361,7.2833333,True,False,None,Playing,True,True,True,0,15,-1.44541883,0,-10,8.7,False,False,False,-4,0.92,0.00347840134
Frame,1748,7.84832954,6.5973773,7.2833333,True,False,None,Playing,True,True,True,0,15,-1.4773829,0,-10,8.7,False,False,False,-4,0.92,0.003423597
Frame,1749,7.851797,6.60087,7.2833333,True,False,None,Playing,True,True,True,0,15,-1.5098021,0,-10,8.7,False,False,False,-4,0.92,0.00349280052
Frame,1750,7.85491371,6.603967,7.2833333,True,False,None,Playing,True,True,True,0,15,-1.53838372,0,-10,8.7,False,False,False,-4,0.92,0.00309690344
Frame,1751,7.86214638,6.611025,7.2833333,True,False,None,Playing,True,True,True,0,15,-1.60295081,0,-10,8.7,False,False,False,-4,0.92,0.00705770263
Frame,1752,7.866085,6.61480236,7.2833333,True,False,None,Playing,True,True,True,0,15,-1.63717914,0,-10,8.7,False,False,False,-4,0.92,0.00377759361
Frame,1753,7.86979866,6.61852264,7.2833333,True,False,None,Playing,True,True,True,0,15,-1.67066073,0,-10,8.7,False,False,False,-4,0.92,0.00372010353
Frame,1754,7.873083,6.622115,7.2833333,True,False,None,Playing,True,True,True,0,15,-1.7027806,0,-10,8.7,False,False,False,-4,0.92,0.00359229743
Frame,1755,7.87628174,6.62522125,7.2833333,True,False,None,Playing,True,True,True,0,15,-1.73037577,0,-10,8.7,False,False,False,-4,0.92,0.00310620037
Frame,1756,7.881426,6.63033342,7.2833333,True,False,None,Playing,True,True,True,0,15,-1.77545047,0,-10,8.7,False,False,False,-4,0.92,0.00511240074
Frame,1757,7.884695,6.633595,7.2833333,True,False,None,Playing,True,True,True,0,15,-1.80398011,0,-10,8.7,False,False,False,-4,0.92,0.00326140155
Frame,1758,7.887802,6.636849,7.2833333,True,False,None,Playing,True,True,True,0,15,-1.83226228,0,-10,8.7,False,False,False,-4,0.92,0.003253699
Frame,1759,7.89080429,6.63988066,7.2833333,True,False,None,Playing,True,True,True,0,15,-1.85845566,0,-10,8.7,False,False,False,-4,0.92,0.00303180283
Frame,1760,7.89369965,6.64279366,7.2833333,True,False,None,Playing,True,True,True,0,15,-1.88347507,0,-10,8.7,False,False,False,-4,0.92,0.00291279773
Frame,1761,7.897257,6.646227,7.2833333,True,False,None,Playing,True,True,True,0,15,-1.9127754,0,-10,8.7,False,False,False,-4,0.92,0.00343319867
Frame,1762,7.90045166,6.64949036,7.2833333,True,False,None,Playing,True,True,True,0,15,-1.94043851,0,-10,8.7,False,False,False,-4,0.92,0.00326349912
Frame,1763,7.903469,6.65253639,7.2833333,True,False,None,Playing,True,True,True,0,15,-1.96609676,0,-10,8.7,False,False,False,-4,0.92,0.00304590422
Frame,1764,7.90642548,6.65554237,7.2833333,True,False,None,Playing,True,True,True,0,15,-1.99125981,0,-10,8.7,False,False,False,-4,0.92,0.00300620031
Frame,1765,7.909609,6.658598,7.2833333,True,False,None,Playing,True,True,True,0,15,-2.01667452,0,-10,8.7,False,False,False,-4,0.92,0.00305559812
Sequence_035,1765,7.94001961,6.658598,7.2833333,True,False,None,Playing,True,True,True,0,15,-2.01667452,0,-10,8.7,False,False,False,-4,0.92,0.00305559812
Frame,1766,7.94633675,6.69494772,7.2833333,True,False,None,Playing,True,True,True,0,15,-2.30639172,0,-10,8.7,False,False,False,-4,0.92,0.0363497026
Frame,1767,7.951889,6.70047426,7.2833333,True,False,None,Playing,True,True,True,0,15,-2.34836364,0,-10,8.7,False,False,False,-4,0.92,0.00552659435
Frame,1768,7.955776,6.704534,7.2833333,True,False,None,Playing,True,True,True,0,15,-2.378842,0,-10,8.7,False,False,False,-4,0.92,0.00405990658
Frame,1769,7.959177,6.708194,7.2833333,True,False,None,Playing,True,True,True,0,15,-2.40605783,0,-10,8.7,False,False,False,-4,0.92,0.00365980016
Frame,1770,7.96304131,6.71199465,7.2833333,True,False,None,Playing,True,True,True,0,15,-2.43406439,0,-10,8.7,False,False,False,-4,0.92,0.00380079355
Frame,1771,7.9676075,6.71633673,7.2833333,True,False,None,Playing,True,True,True,0,15,-2.465733,0,-10,8.7,False,False,False,-4,0.92,0.00434220536
Frame,1772,7.97123146,6.720038,7.2833333,True,False,None,Playing,True,True,True,0,15,-2.49245358,0,-10,8.7,False,False,False,-4,0.92,0.00370129687
Frame,1773,7.974598,6.72346926,7.2833333,True,False,None,Playing,True,True,True,0,15,-2.51699758,0,-10,8.7,False,False,False,-4,0.92,0.003431101
Frame,1774,7.979023,6.72761,7.2833333,True,False,None,Playing,True,True,True,0,15,-2.54633,0,-10,8.7,False,False,False,-4,0.92,0.004140802
Frame,1775,7.982765,6.73145056,7.2833333,True,False,None,Playing,True,True,True,0,15,-2.57325029,0,-10,8.7,False,False,False,-4,0.92,0.00384039828
Frame,1776,7.986227,6.735232,7.2833333,True,False,None,Playing,True,True,True,0,15,-2.59948754,0,-10,8.7,False,False,False,-4,0.92,0.00378129957
Frame,1777,7.989031,6.738151,7.2833333,True,False,None,Playing,True,True,True,0,15,-2.619559,0,-10,8.7,False,False,False,-4,0.92,0.002919402
Frame,1778,7.991846,6.74095631,7.2833333,True,False,None,Playing,True,True,True,0,15,-2.638696,0,-10,8.7,False,False,False,-4,0.92,0.00280539971
Frame,1779,7.995695,6.74436,7.2833333,True,False,None,Playing,True,True,True,0,15,-2.66172242,0,-10,8.7,False,False,False,-4,0.92,0.00340350065
Frame,1780,7.99971962,6.74828768,7.2833333,True,False,None,Playing,True,True,True,0,15,-2.68802381,0,-10,8.7,False,False,False,-4,0.92,0.003927799
Frame,1781,8.003269,6.75227,7.2833333,True,False,None,Playing,True,True,True,0,15,-2.714393,0,-10,8.7,False,False,False,-4,0.92,0.00398259657
Frame,1782,8.006292,6.755404,7.2833333,True,False,None,Playing,True,True,True,0,15,-2.73493552,0,-10,8.7,False,False,False,-4,0.92,0.00313360267
Frame,1783,8.009264,6.75830555,7.2833333,True,False,None,Playing,True,True,True,0,15,-2.75379276,0,-10,8.7,False,False,False,-4,0.92,0.002901396
Frame,1784,8.012239,6.761201,7.2833333,True,False,None,Playing,True,True,True,0,15,-2.77245045,0,-10,8.7,False,False,False,-4,0.92,0.002895302
Frame,1785,8.015213,6.764207,7.2833333,True,False,None,Playing,True,True,True,0,15,-2.7916553,0,-10,8.7,False,False,False,-4,0.92,0.00300590275
Frame,1786,8.01829,6.76713228,7.2833333,True,False,None,Playing,True,True,True,0,15,-2.81018114,0,-10,8.7,False,False,False,-4,0.92,0.002925397
Frame,1787,8.021269,6.77036667,7.2833333,True,False,None,Playing,True,True,True,0,15,-2.83047628,0,-10,8.7,False,False,False,-4,0.92,0.00323460181
Frame,1788,8.024355,6.77320433,7.2833333,True,False,None,Playing,True,True,True,0,15,-2.84811974,0,-10,8.7,False,False,False,-4,0.92,0.00283769844
Frame,1789,8.027878,6.776947,7.2833333,True,False,None,Playing,True,True,True,0,15,-2.87115812,0,-10,8.7,False,False,False,-4,0.92,0.00374280056
Frame,1790,8.031492,6.78054857,7.2833333,True,False,None,Playing,True,True,True,0,15,-2.89307857,0,-10,8.7,False,False,False,-4,0.92,0.003601403
Frame,1791,8.041237,6.79015636,7.2833333,True,False,None,Playing,True,True,True,0,15,-2.95035744,0,-10,8.7,False,False,False,-4,0.92,0.009607596
Frame,1792,8.047987,6.79665,7.2833333,True,False,None,Playing,True,True,True,0,15,-2.98808813,0,-10,8.7,False,False,False,-4,0.92,0.0064937
Frame,1793,8.054403,6.80329037,7.2833333,True,False,None,Playing,True,True,True,0,15,-3.02585077,0,-10,8.7,False,False,False,-4,0.92,0.00664050458
Frame,1794,8.057632,6.80666447,7.2833333,True,False,None,Playing,True,True,True,0,15,-3.04472017,0,-10,8.7,False,False,False,-4,0.92,0.0033741
Frame,1795,8.061808,6.81032276,7.2833333,True,False,None,Playing,True,True,True,0,15,-3.06493521,0,-10,8.7,False,False,False,-4,0.92,0.003658298
Frame,1796,8.104309,6.852639,7.2833333,True,False,None,Playing,True,True,True,0,15,-3.28060484,0,-10,8.7,False,False,False,-4,0.92,0.042316597
Frame,1797,8.110096,6.859156,7.2833333,True,False,None,Playing,True,True,True,0,15,-3.31086779,0,-10,8.7,False,False,False,-4,0.92,0.006517007
Sequence_036,1797,8.161972,6.859156,7.2833333,True,False,None,Playing,True,True,True,0,15,-3.31086779,0,-10,8.7,False,False,False,-4,0.92,0.006517007
Frame,1798,8.170919,6.9192276,7.2833333,True,False,None,Playing,True,True,True,0,15,-3.553801,0,-10,8.7,False,False,False,-4,0.92,0.0600715
Frame,1799,8.190012,6.93839264,7.2833333,True,False,None,Playing,True,True,True,0,15,-3.61805654,0,-10,8.7,False,False,False,-4,0.92,0.0191649944
Frame,1800,8.19426,6.94278574,7.2833333,True,False,None,Playing,True,True,True,0,15,-3.631918,0,-10,8.7,False,False,False,-4,0.92,0.00439300574
Frame,1801,8.198273,6.946941,7.2833333,True,False,None,Playing,True,True,True,0,15,-3.64473319,0,-10,8.7,False,False,False,-4,0.92,0.00415519439
Frame,1802,8.202414,6.95108843,7.2833333,True,False,None,Playing,True,True,True,0,15,-3.65724087,0,-10,8.7,False,False,False,-4,0.92,0.0041473
Frame,1803,8.206503,6.95510769,7.2833333,True,False,None,Playing,True,True,True,0,15,-3.66909766,0,-10,8.7,False,False,False,-4,0.92,0.004019402
Frame,1804,8.210348,6.95911026,7.2833333,True,False,None,Playing,True,True,True,0,15,-3.68064284,0,-10,8.7,False,False,False,-4,0.92,0.00400269963
Frame,1805,8.214588,6.96310854,7.2833333,True,False,None,Playing,True,True,True,0,15,-3.69192052,0,-10,8.7,False,False,False,-4,0.92,0.0039982
Frame,1806,8.220963,6.96951246,7.2833333,True,False,None,Playing,True,True,True,0,15,-3.709456,0,-10,8.7,False,False,False,-4,0.92,0.006403699
Frame,1807,8.224722,6.97335,7.2833333,True,False,None,Playing,True,True,True,0,15,-3.71965146,0,-10,8.7,False,False,False,-4,0.92,0.00383780478
Frame,1808,8.228226,6.97698975,7.2833333,True,False,None,Playing,True,True,True,0,15,-3.72911215,0,-10,8.7,False,False,False,-4,0.92,0.00363989524
Frame,1809,8.232008,6.98103237,7.2833333,True,False,None,Playing,True,True,True,0,15,-3.73937559,0,-10,8.7,False,False,False,-4,0.92,0.004042503
Frame,1810,8.235617,6.98436975,7.2833333,True,False,None,Playing,True,True,True,0,15,-3.747662,0,-10,8.7,False,False,False,-4,0.92,0.00333730155
Frame,1811,8.238977,6.98802137,7.2833333,True,False,None,Playing,True,True,True,0,15,-3.75653553,0,-10,8.7,False,False,False,-4,0.92,0.003651396
Frame,1812,8.241852,6.99094248,7.2833333,True,False,None,Playing,True,True,True,0,15,-3.76348829,0,-10,8.7,False,False,False,-4,0.92,0.00292120175
Frame,1813,8.2456665,6.994226,7.2833333,True,False,None,Playing,True,True,True,0,15,-3.77115178,0,-10,8.7,False,False,False,-4,0.92,0.00328360265
Frame,1814,8.249619,6.99855471,7.2833333,True,False,None,Playing,True,True,True,0,15,-3.78100777,0,-10,8.7,False,False,False,-4,0.92,0.00432849349
Frame,1815,8.253586,7.00238943,7.2833333,True,False,None,Playing,True,True,True,0,15,-3.78951,0,-10,8.7,False,False,False,-4,0.92,0.0038349065
Frame,1816,8.259573,7.00597668,7.2833333,True,False,None,Playing,True,True,True,0,15,-3.7972734,0,-10,8.7,False,False,False,-4,0.92,0.00358719518
Frame,1817,8.263298,7.011942,7.2833333,True,False,None,Playing,True,True,True,0,15,-3.809765,0,-10,8.7,False,False,False,-4,0.92,0.00596500142
Frame,1818,8.2666,7.015597,7.2833333,True,False,None,Playing,True,True,True,0,15,-3.81716919,0,-10,8.7,False,False,False,-4,0.92,0.003655003
Frame,1819,8.269392,7.01852942,7.2833333,True,False,None,Playing,True,True,True,0,15,-3.82297564,0,-10,8.7,False,False,False,-4,0.92,0.00293239788
Frame,1820,8.27207,7.02119732,7.2833333,True,False,None,Playing,True,True,True,0,15,-3.82815528,0,-10,8.7,False,False,False,-4,0.92,0.00266780052
Frame,1821,8.274788,7.02396345,7.2833333,True,False,None,Playing,True,True,True,0,15,-3.83341861,0,-10,8.7,False,False,False,-4,0.92,0.00276590139
Frame,1822,8.277727,7.02672338,7.2833333,True,False,None,Playing,True,True,True,0,15,-3.8385663,0,-10,8.7,False,False,False,-4,0.92,0.00275989948
Frame,1823,8.28125,7.030258,7.2833333,True,False,None,Playing,True,True,True,0,15,-3.845008,0,-10,8.7,False,False,False,-4,0.92,0.00353460177
Frame,1824,8.28421,7.03325558,7.2833333,True,False,None,Playing,True,True,True,0,15,-3.85033917,0,-10,8.7,False,False,False,-4,0.92,0.00299759768
Frame,1825,8.287256,7.036296,7.2833333,True,False,None,Playing,True,True,True,0,15,-3.85562253,0,-10,8.7,False,False,False,-4,0.92,0.00304049742
Frame,1826,8.290754,7.039479,7.2833333,True,False,None,Playing,True,True,True,0,15,-3.86102581,0,-10,8.7,False,False,False,-4,0.92,0.00318300026
Frame,1827,8.295736,7.04379225,7.2833333,True,False,None,Playing,True,True,True,0,15,-3.86813426,0,-10,8.7,False,False,False,-4,0.92,0.004313301
Frame,1828,8.299458,7.04835653,7.2833333,True,False,None,Playing,True,True,True,0,15,-3.87539434,0,-10,8.7,False,False,False,-4,0.92,0.004564498
Frame,1829,8.304638,7.053548,7.2833333,True,False,None,Playing,True,True,True,0,15,-3.88333368,0,-10,8.7,False,False,False,-4,0.92,0.00519150356
Frame,1830,8.307602,7.056713,7.2833333,True,False,None,Playing,True,True,True,0,15,-3.88801,0,-10,8.7,False,False,False,-4,0.92,0.0031652
Frame,1831,8.311342,7.060122,7.2833333,True,False,None,Playing,True,True,True,0,15,-3.892906,0,-10,8.7,False,False,False,-4,0.92,0.00340870186
Sequence_037,1831,8.340633,7.060122,7.2833333,True,False,None,Playing,True,True,True,0,15,-3.892906,0,-10,8.7,False,False,False,-4,0.92,0.00340870186
Frame,1832,8.347168,7.095941,7.2833333,True,False,None,Playing,True,True,True,0,15,-3.93617177,0,-10,8.7,False,False,False,-4,0.92,0.0358191
D_IntroNearEnd,1832,8.348602,7.095941,7.2833333,True,False,None,Playing,True,True,True,0,15,-3.93617177,0,-10,8.7,False,False,False,-4,0.92,0.0358191
Frame,1833,8.418863,7.167595,7.2833333,True,False,None,Playing,True,True,True,0,15,-3.98480082,0,-10,8.7,False,False,False,-4,0.92,0.0716538
Frame,1834,8.426472,7.17527246,7.2833333,True,False,None,Playing,True,True,True,0,15,-3.987616,0,-10,8.7,False,False,False,-4,0.92,0.00767740235
Frame,1835,8.436073,7.183599,7.2833333,True,False,None,Playing,True,True,True,0,15,-3.99025583,0,-10,8.7,False,False,False,-4,0.92,0.008326297
Frame,1836,8.440645,7.189278,7.2833333,True,False,None,Playing,True,True,True,0,15,-3.99182534,0,-10,8.7,False,False,False,-4,0.92,0.00567890471
Frame,1837,8.445168,7.193307,7.2833333,True,False,None,Playing,True,True,True,0,15,-3.99282765,0,-10,8.7,False,False,False,-4,0.92,0.004028798
Frame,1838,8.449404,7.19726324,7.2833333,True,False,None,Playing,True,True,True,0,15,-3.99373,0,-10,8.7,False,False,False,-4,0.92,0.003956399
Frame,1839,8.453609,7.202609,7.2833333,True,False,None,Playing,True,True,True,0,15,-3.99482441,0,-10,8.7,False,False,False,-4,0.92,0.00534600345
Frame,1840,8.459122,7.20732546,7.2833333,True,False,None,Playing,True,True,True,0,15,-3.995679,0,-10,8.7,False,False,False,-4,0.92,0.004716199
Frame,1841,8.465694,7.21413231,7.2833333,True,False,None,Playing,True,True,True,0,15,-3.99673724,0,-10,8.7,False,False,False,-4,0.92,0.00680679549
Frame,1842,8.470266,7.21882772,7.2833333,True,False,None,Playing,True,True,True,0,15,-3.99735641,0,-10,8.7,False,False,False,-4,0.92,0.00469520269
Frame,1843,8.474638,7.223327,7.2833333,True,False,None,Playing,True,True,True,0,15,-3.9978714,0,-10,8.7,False,False,False,-4,0.92,0.00449939771
Frame,1844,8.479216,7.227411,7.2833333,True,False,None,Playing,True,True,True,0,15,-3.9982748,0,-10,8.7,False,False,False,-4,0.92,0.004083801
Frame,1845,8.483601,7.232196,7.2833333,True,False,None,Playing,True,True,True,0,15,-3.998682,0,-10,8.7,False,False,False,-4,0.92,0.0047848993
Frame,1846,8.488176,7.2367506,7.2833333,True,False,None,Playing,True,True,True,0,15,-3.9990015,0,-10,8.7,False,False,False,-4,0.92,0.004554599
Frame,1847,8.492241,7.241241,7.2833333,True,False,None,Playing,True,True,True,0,15,-3.99926519,0,-10,8.7,False,False,False,-4,0.92,0.00449060369
Frame,1848,8.496445,7.245412,7.2833333,True,False,None,Playing,True,True,True,0,15,-3.999461,0,-10,8.7,False,False,False,-4,0.92,0.00417069858
Frame,1849,8.499741,7.24874258,7.2833333,True,False,None,Playing,True,True,True,0,15,-3.99959278,0,-10,8.7,False,False,False,-4,0.92,0.003330499
Frame,1850,8.502558,7.25169563,7.2833333,True,False,None,Playing,True,True,True,0,15,-3.99968863,0,-10,8.7,False,False,False,-4,0.92,0.00295290537
Frame,1851,8.50589,7.25459957,7.2833333,True,False,None,Playing,True,True,True,0,15,-3.99976444,0,-10,8.7,False,False,False,-4,0.92,0.00290389732
Frame,1852,8.509138,7.257873,7.2833333,True,False,None,Playing,True,True,True,0,15,-3.99983621,0,-10,8.7,False,False,False,-4,0.92,0.00327339862
Frame,1853,8.512684,7.261614,7.2833333,True,False,None,Playing,True,True,True,0,15,-3.9999,0,-10,8.7,False,False,False,-4,0.92,0.003740703
Sequence_038,1853,8.540789,7.261614,7.2833333,True,False,None,Playing,True,True,True,0,15,-3.9999,0,-10,8.7,False,False,False,-4,0.92,0.003740703
Frame,1854,8.546547,7.294213,7.2833333,False,False,None,Playing,True,True,True,0,15,-4,0,-10,8.7,True,True,True,-4,0.92,0.0325988941
E_GameplayResumed,1854,8.547998,7.294213,7.2833333,False,False,None,Playing,True,True,True,0,15,-4,0,-10,8.7,True,True,True,-4,0.92,0.0325988941
Frame,1855,8.707117,7.294213,7.2833333,False,False,None,Playing,True,True,True,0,15,-4,0,-10,8.7,True,True,True,-3.90518475,0.963020742,0.0717413053
Frame,1856,8.717205,7.294213,7.2833333,False,False,None,Playing,True,True,True,0,15,-3.83121228,0,-10,8.7,True,True,True,-3.43110824,0.964787364,0.0985332
Frame,1857,8.728844,7.294213,7.2833333,False,False,None,Playing,True,True,True,0,15,-3.80267143,0,-10,8.7,True,True,True,-3.30330563,0.9648639,0.0119733987
Frame,1858,8.733843,7.294213,7.2833333,False,False,None,Playing,True,True,True,0,15,-3.78853083,0,-10,8.7,True,True,True,-3.30330563,0.9648639,0.00574749848
Frame,1859,8.738678,7.294213,7.2833333,False,False,None,Playing,True,True,True,0,15,-3.77635169,0,-10,8.7,True,True,True,-3.30330563,0.9648639,0.004896804
Frame,1860,8.74333,7.294213,7.2833333,False,False,None,Playing,True,True,True,0,15,-3.764541,0,-10,8.7,True,True,True,-3.30330563,0.9648639,0.004721797
Frame,1861,8.747709,7.294213,7.2833333,False,False,None,Playing,True,True,True,0,15,-3.75376654,0,-10,8.7,True,True,True,-3.175503,0.964912832,0.00424389867
Frame,1862,8.751778,7.294213,7.2833333,False,False,None,Playing,True,True,True,0,15,-3.74196577,0,-10,8.7,True,True,True,-3.175503,0.964912832,0.004537599
Frame,1863,8.756763,7.294213,7.2833333,False,False,None,Playing,True,True,True,0,15,-3.73044276,0,-10,8.7,True,True,True,-3.175503,0.964912832,0.00434510363
Frame,1864,8.761658,7.294213,7.2833333,False,False,None,Playing,True,True,True,0,15,-3.71678376,0,-10,8.7,True,True,True,-3.175503,0.964912832,0.005071202
Frame,1865,8.766758,7.294213,7.2833333,False,False,None,Playing,True,True,True,0,15,-3.703361,0,-10,8.7,True,True,True,-3.04770041,0.9649442,0.004859899
Frame,1866,8.771488,7.294213,7.2833333,False,False,None,Playing,True,True,True,0,15,-3.68860555,0,-10,8.7,True,True,True,-3.04770041,0.9649442,0.00517050037
Frame,1867,8.776186,7.294213,7.2833333,False,False,None,Playing,True,True,True,0,15,-3.67523551,0,-10,8.7,True,True,True,-3.04770041,0.9649442,0.0045681973
Frame,1868,8.780468,7.294213,7.2833333,False,False,None,Playing,True,True,True,0,15,-3.66185522,0,-10,8.7,True,True,True,-3.04770041,0.9649442,0.00448990241
Frame,1869,8.785007,7.294213,7.2833333,False,False,None,Playing,True,True,True,0,15,-3.65003181,0,-10,8.7,True,True,True,-2.91989779,0.9649643,0.00387940044
Frame,1870,8.789818,7.294213,7.2833333,False,False,None,Playing,True,True,True,0,15,-3.6344564,0,-10,8.7,True,True,True,-2.91989779,0.9649643,0.0049607
Frame,1871,8.79443,7.294213,7.2833333,False,False,None,Playing,True,True,True,0,15,-3.61821175,0,-10,8.7,True,True,True,-2.91989779,0.9649643,0.00503499852
Frame,1872,8.799797,7.294213,7.2833333,False,False,None,Playing,True,True,True,0,15,-3.600991,0,-10,8.7,True,True,True,-2.91989779,0.9649643,0.005224901
Frame,1873,8.804041,7.294213,7.2833333,False,False,None,Playing,True,True,True,0,15,-3.58707356,0,-10,8.7,True,True,True,-2.79209518,0.964977145,0.00412259763
Frame,1874,8.808157,7.294213,7.2833333,False,False,None,Playing,True,True,True,0,15,-3.571023,0,-10,8.7,True,True,True,-2.79209518,0.964977145,0.00462439749
Frame,1875,8.812277,7.294213,7.2833333,False,False,None,Playing,True,True,True,0,15,-3.55723548,0,-10,8.7,True,True,True,-2.79209518,0.964977145,0.00388480024
Frame,1876,8.816235,7.294213,7.2833333,False,False,None,Playing,True,True,True,0,15,-3.54277468,0,-10,8.7,True,True,True,-2.79209518,0.964977145,0.004008603
Frame,1877,8.820459,7.294213,7.2833333,False,False,None,Playing,True,True,True,0,15,-3.526854,0,-10,8.7,True,True,True,-2.79209518,0.964977145,0.004354202
Frame,1878,8.824551,7.294213,7.2833333,False,False,None,Playing,True,True,True,0,15,-3.513217,0,-10,8.7,True,True,True,-2.66429257,0.9649853,0.00366519974
Frame,1879,8.828947,7.294213,7.2833333,False,False,None,Playing,True,True,True,0,15,-3.49639225,0,-10,8.7,True,True,True,-2.66429257,0.9649853,0.0044224984
Frame,1880,8.833319,7.294213,7.2833333,False,False,None,Playing,True,True,True,0,15,-3.47838736,0,-10,8.7,True,True,True,-2.66429257,0.9649853,0.00463830074
Frame,1881,8.837574,7.294213,7.2833333,False,False,None,Playing,True,True,True,0,15,-3.46215677,0,-10,8.7,True,True,True,-2.66429257,0.9649853,0.004117602
Frame,1882,8.841751,7.294213,7.2833333,False,False,None,Playing,True,True,True,0,15,-3.44528818,0,-10,8.7,True,True,True,-2.66429257,0.9649853,0.004233397
Frame,1883,8.846609,7.294213,7.2833333,False,False,None,Playing,True,True,True,0,15,-3.42714381,0,-10,8.7,True,True,True,-2.53649,0.964990556,0.004480598
Frame,1884,8.850729,7.294213,7.2833333,False,False,None,Playing,True,True,True,0,15,-3.40832949,0,-10,8.7,True,True,True,-2.53649,0.964990556,0.004550404
Frame,1885,8.855137,7.294213,7.2833333,False,False,None,Playing,True,True,True,0,15,-3.39101982,0,-10,8.7,True,True,True,-2.53649,0.964990556,0.00412119459
Frame,1886,8.865507,7.294213,7.2833333,False,False,None,Playing,True,True,True,0,15,-3.35132957,0,-10,8.7,True,True,True,-2.40868735,0.9649939,0.0091669
Frame,1887,8.869923,7.294213,7.2833333,False,False,None,Playing,True,True,True,0,15,-3.324926,0,-10,8.7,True,True,True,-2.40868735,0.9649939,0.00589940464
Frame,1888,8.873756,7.294213,7.2833333,False,False,None,Playing,True,True,True,0,15,-3.30696774,0,-10,8.7,True,True,True,-2.40868735,0.9649939,0.003952898
Frame,1889,8.878101,7.294213,7.2833333,False,False,None,Playing,True,True,True,0,15,-3.28764,0,-10,8.7,True,True,True,-2.40868735,0.9649939,0.00421919627
Frame,1890,8.882572,7.294213,7.2833333,False,False,None,Playing,True,True,True,0,15,-3.26741171,0,-10,8.7,True,True,True,-2.40868735,0.9649939,0.00439019967
Frame,1891,8.887466,7.294213,7.2833333,False,False,None,Playing,True,True,True,0,15,-3.24583125,0,-10,8.7,True,True,True,-2.28088474,0.96499604,0.00463460153
Frame,1892,8.89175,7.294213,7.2833333,False,False,None,Playing,True,True,True,0,15,-3.224886,0,-10,8.7,True,True,True,-2.28088474,0.96499604,0.0044339993
Frame,1893,8.898933,7.294213,7.2833333,False,False,None,Playing,True,True,True,0,15,-3.19056273,0,-10,8.7,True,True,True,-2.28088474,0.96499604,0.00718090264
Frame,1894,8.903534,7.294213,7.2833333,False,False,None,Playing,True,True,True,0,15,-3.168338,0,-10,8.7,True,True,True,-2.28088474,0.96499604,0.004612599
Frame,1895,8.908205,7.294213,7.2833333,False,False,None,Playing,True,True,True,0,15,-3.14659166,0,-10,8.7,True,True,True,-2.15308213,0.9649974,0.00447290251
Frame,1896,8.912823,7.294213,7.2833333,False,False,None,Playing,True,True,True,0,15,-3.122189,0,-10,8.7,True,True,True,-2.15308213,0.9649974,0.00495440047
Frame,1897,8.917517,7.294213,7.2833333,False,False,None,Playing,True,True,True,0,15,-3.09892654,0,-10,8.7,True,True,True,-2.15308213,0.9649974,0.004678699
Frame,1898,8.922083,7.294213,7.2833333,False,False,None,Playing,True,True,True,0,15,-3.075691,0,-10,8.7,True,True,True,-2.15308213,0.9649974,0.004647697
Frame,1899,8.926674,7.294213,7.2833333,False,False,None,Playing,True,True,True,0,15,-3.054852,0,-10,8.7,True,True,True,-2.02527952,0.9649983,0.00413280167
Frame,1900,8.931286,7.294213,7.2833333,False,False,None,Playing,True,True,True,0,15,-3.02912927,0,-10,8.7,True,True,True,-2.02527952,0.9649983,0.00503859855
Frame,1901,8.935574,7.294213,7.2833333,False,False,None,Playing,True,True,True,0,15,-3.00749731,0,-10,8.7,True,True,True,-2.02527952,0.9649983,0.00419829926
Frame,1902,8.939682,7.294213,7.2833333,False,False,None,Playing,True,True,True,0,15,-2.98565245,0,-10,8.7,True,True,True,-2.02527952,0.9649983,0.00421780068
Frame,1903,8.947535,7.294213,7.2833333,False,False,None,Playing,True,True,True,0,15,-2.96332765,0,-10,8.7,True,True,True,-1.897477,0.964998841,0.004273299
Frame,1904,8.951357,7.294213,7.2833333,False,False,None,Playing,True,True,True,0,15,-2.92320013,0,-10,8.7,True,True,True,-1.897477,0.964998841,0.00757010328
Frame,1905,8.956707,7.294213,7.2833333,False,False,None,Playing,True,True,True,0,15,-2.899876,0,-10,8.7,True,True,True,-1.897477,0.964998841,0.004353798
F_AfterMovement,1905,8.958546,7.294213,7.2833333,False,False,None,Playing,True,True,True,0,15,-2.899876,0,-10,8.7,True,True,True,-1.897477,0.964998841,0.004353798
